cell_type	contrast	family_id	pval	padj	log2err	ES	NES	size	leadingEdge	family_label	cell_type_label	analysis	n_donors	comparison_FDR	global_fixed_family_FDR	technical_NES	technical_p	technical_padj	age_complete_case_NES	age_complete_case_p	age_complete_case_padj	technical_direction_stable	age_direction_stable	LOO_direction_fraction	LOO_stable_90pct	strict_external_programme_replication	SVA12_NES	SVA12_p	SVA12_global_fixed_family_FDR	SVA12_direction_stable	strict_with_SVA12	final_strict_Ruf_axis	contrast_label
Astrocytes	ALSFTD_vs_Control	axon_development	0.247376311844078	0.247437774524158	0.102821842840815	-0.20246211652636	-1.07818092895345	289	MT3;ACTB;LMO4;TUBB2B;VIM;MAP1A;PRKCA;ACTG1;NEFH;PTN;APOE;SMO;TUBB3;PLXNB1;SLC9A6;BSG;SCN1B;DAG1;CHN1;OPHN1;FYN;MAP1B;VEGFA;KREMEN1;AFG3L2;CSPG5;RUFY3;RAB3A;STK24;S100A6;MAP3K13;ROBO3;NLGN3;EFNB2;KIAA0319;C12orf57;DOCK7;METRN;SCN11A;SIN3A;KIF21A;THY1;BOC;PTK7;TSPO;MACF1;APLP2;MEGF8;PGRMC1;SLITRK2;MAPK8IP3;APBB1;GDI1;NOTCH2;PLXNB2;FZD3;KIF5A;PITPNA;FGFR2;NRCAM;OLIG1;RAC1;PAFAH1B1;CAMSAP2;OLFM1;KIFC2;YTHDF1;PRKG1;BMPR2;S100B;CNTNAP1;ANOS1;INPP5F;CDKL3;LIMK1;GAP43	Axon development	Astrocyte	primary_sex_adjusted	75	0.247437774524158	0.32818062726362	-1.059503545816	0.282608695652174	0.329710144927536	-1.27532426756426	0.0202586352437888	0.0709052233532607	TRUE	TRUE	0.52	FALSE	FALSE	-1.4131840806626	0.00492499927488796	0.0141034070144519	TRUE	FALSE	FALSE	ALS-FTD vs control
Astrocytes	ALSFTD_vs_Control	heat_response	0.110927152317881	0.155298013245033	0.170932335370056	-0.29370214374296	-1.26740967152168	65	YWHAE;EIF2B4;DNAJC7;LYN;HSP90AB1;DNAJA2;HSBP1L1;SCN11A;EIF2S1;ATXN3;SOD1;FGF1;HSBP1;STUB1;HSPB1;HDAC6;HSP90AA1;HSPA1B;CREBBP;SUMO1;DHX36;TRPV1;MAP2K7	Heat response	Astrocyte	primary_sex_adjusted	75	0.155298013245033	0.172553348050037	-1.18832559936749	0.177730192719486	0.248822269807281	-0.65552433524252	0.985875706214689	0.985875706214689	TRUE	TRUE	1	TRUE	FALSE	-1.55225121107076	0.00898413789387834	0.0231020688699729	TRUE	FALSE	FALSE	ALS-FTD vs control
Astrocytes	ALSFTD_vs_Control	mitochondrial_energy	1e-10	7e-10		-0.569327835619118	-2.68466053460035	110	ATP5ME;MT-ATP8;CYCS;UQCR10;NDUFA7;ATP5MF;TEFM;COX8A;NDUFC1;COX7C;UQCR11;UQCRQ;NDUFA1;COX6B1;NDUFA13;NDUFS6;NDUFB10;AK4;MT-CO3;NDUFA3;ATP5F1D;COX6A1;MT-ND1;MT-ND3;NDUFB2;COX5A;ATP5F1E;NUPR1;UQCRC1;CHCHD2;MT-CO1;NDUFB7;MT-ND2;MT-ND4;NDUFB3;SLC25A33;NDUFA11;NDUFA5;NDUFAF1;NDUFB11;NDUFS1;NDUFV3;COX5B;MT-CO2;GHITM;PARK7;NDUFS5;MT-ND4L;MT-ND5;NDUFS2;UQCC2;UQCRH;SLC25A51;NDUFA6;MT-ATP6;COX7B;MT-CYB;NDUFS3;NDUFA2;ATP5IF1;ATP5MG;NDUFB1;CYC1;NDUFS8;PINK1;NDUFB4;COX4I1;COX7A2;NDUFS7;NDUFB8;RHOA;ISCU;ATP5F1C;ATP5F1A;COX6C;NDUFC2;ETFRF1;NDUFB5;ATP5PD;ANTKMT;NDUFB9;COX7A2L	Mitochondrial energy	Astrocyte	primary_sex_adjusted	75	7e-10	1.575e-09	-2.87263531097143	1e-10	7e-10	-2.69618194632239	1e-10	7e-10	TRUE	TRUE	1	TRUE	TRUE	1.1826483121666	0.159453302961276	0.23636607262495	FALSE	FALSE	FALSE	ALS-FTD vs control
Astrocytes	ALSFTD_vs_Control	protein_folding	0.00784172789481374	0.0182973650878987	0.380730400722792	-0.295188862510472	-1.46340861128753	156	CLU;CALR;NAA10;PPIE;CANX;ERP29;FKBP8;CDC37;COX14;SDF2;TELO2;ANP32E;DNAJC7;PPIB;FKBP9;PPIA;MESD;P4HB;HSP90AB1;ENTPD5;DNAJA2;BAG4;CCDC47;LYRM7;CD74;VBP1;NUDCD3;ARL2;WDR83OS;PDIA3;TAPBP;PDCD5;CDC123;MPDU1;LMAN1;PFDN5;SDHAF4;PPIH;TBCB;CSNK2A1;FKBP4;UNC45A;HSPB1;KHSRP;HSP90AA1;HSPA1B;HSPA13;NFYC;HSPA5;NUDC;APLF;CCT2;HSP90B1;HSPE1;TXNDC5;PPIG;RIC3;POFUT2;SNRNP70;TUBA1A;DNAJB12;NUDCD2;QSOX2;GRN;CCT7;DNAJB1;HSPA9;LMAN2L;DNAJA1;TRAP1;CDC37L1;PPIL3	Protein folding	Astrocyte	primary_sex_adjusted	75	0.0182973650878987	0.0182973650878987	-1.45266425285697	0.00666904395056773	0.0155611025513247	-0.849060204254192	0.88125	0.985875706214689	TRUE	TRUE	1	TRUE	TRUE	-1.51589233471465	0.00238530939489139	0.00751372459390787	TRUE	TRUE	TRUE	ALS-FTD vs control
Astrocytes	ALSFTD_vs_Control	protein_stabilization	0.01307912692339	0.0228884721159325	0.380730400722792	-0.280400152221715	-1.40729524631837	175	MT3;CLU;CALR;ATP1B2;CDC37;TELO2;DVL3;ZSWIM7;PPIB;NCLN;CTNND1;PYURF;PFN1;HSP90AB1;COA8;PLPP3;GAPDH;SMAD3;PFN2;TRIM37;BAG4;GNAQ;CAMLG;PIN1;RPL23;TBL1X;CD74;SPAG1;PARK7;VBP1;MAPK8IP3;LAMP1;CHP1;USP36;RUVBL1;PARVA;PML;UFL1;HCFC1;RPAP3;IP6K2;POLR2E;FLOT2;WFS1;PINK1;PHB2;PFDN5;PRKRA;NOP53;CSNK2A1;IFT46;STUB1;HSPB1;CBL;HSP90AA1;HSPA1B;NAPG;PER3;MSX1;EFNA1;SUMO1;CCT2;EHMT1	Protein stabilization	Astrocyte	primary_sex_adjusted	75	0.0228884721159325	0.0284132757301231	-1.28516065155751	0.0477570140604648	0.0835747746058134	-0.802508826293078	0.949367088607595	0.985875706214689	TRUE	TRUE	1	TRUE	TRUE	-1.49617085027709	0.00356326262499833	0.0109505144085314	TRUE	TRUE	TRUE	ALS-FTD vs control
Astrocytes	ALSFTD_vs_Control	small_GTPase	0.247437774524158	0.247437774524158	0.101350743797099	-0.196665303183473	-1.0755691893165	358	RHOB;RHOC;SPRY2;CSNK1E;MMD2;TP53;ARHGAP19;DVL3;APOE;PLXNB1;CADM4;SWAP70;DAG1;ITSN1;SNTA1;CHN1;DOCK4;ARFGAP1;CDC42EP4;DOCK6;ERBB2;OPHN1;BRK1;GABARAP;PLEKHG1;ARL3;NISCH;PSD3;RASL10A;RAB35;ADGRG1;PLD2;LAMA1;RHOJ;CFL1;ARHGEF17;ARHGAP5;NUCB1;ARHGAP29;G3BP1;DOCK7;PPP1CB;BRAP;PSD;MICALL2;AKAP13;GBF1;PIN1;PLCE1;RUNDC3A;PRAG1;FGF2;PHACTR4;RIT1;MFN2;DIRAS2;PARK7;SPRY1;RHEB;GIPC1;RGL1;CDKN1A;GDI1;RAB18;NOTCH2;HACD3;KANK1;RAB9A;BCAR3;ABL2;CHP1;RAB4B;CGNL1;RAC1;ARHGDIA;ITGAV;ARHGAP39;ARHGAP31;PREX2;TGFB2;CSNK1A1;MAP4K4;RAPGEF3;LZTR1;PDPN;DENND4A;ARHGEF4;NKIRAS1;STMN3;KANK2;LIMK1	Small GTPase	Astrocyte	primary_sex_adjusted	75	0.247437774524158	0.32818062726362	-0.978325500459714	0.563084112149533	0.563084112149533	-1.03723523025582	0.323383084577114	0.56592039800995	TRUE	TRUE	0.88	FALSE	FALSE	-1.14697658335112	0.120805369127517	0.190268456375839	TRUE	FALSE	FALSE	ALS-FTD vs control
Astrocytes	ALSFTD_vs_Control	synapse_junction	0.000168021227019298	0.000588074294567542	0.518848077743792	0.270350779482728	1.53845021713403	334	HTR4;MPDZ;IL1RAPL2;CDH18;PLXNC1;CNTN5;PLXNA4;NEGR1;LRRTM3;SDK1;ARHGEF7;PRKCH;KIRREL3;ROCK1;CDH13;SLITRK5;CDH12;CRTAC1;ARMCX5-GPRASP2;CDH8;EPHA3;CORO1C;CNTNAP2;ADGRL2;LRFN5;PTPRO;GABRB3;ITGA2;CUX2;ASIC2;CLSTN2;ELMO1;LRRTM4;NAE1;CDH9;GABRG3;PUM2;PRICKLE1;OPCML;GABRB2;LIMCH1;GRIA1;ARHGAP6;SFRP1;STAU2;NECTIN3;FGF13;PTPRK;TLR2;LHFPL4;TBCD;EPHA7;TEK;PTPRD;MYCBP2;EPB41L3;GRID2;ADD2;PCLO;PIP5K1C;PKP4;SHANK2;CSMD2;GABRG2;ANKRD28;NRXN3;OGT;SLIT1;GABRA3;CDH7;RAPGEF2;RTN4RL1;NLGN1;DSCAM;DLG1;DOCK10;PAK2;CRIPT;NLGN4Y;SNCA;FER;PTPN1;CDH19;GREM1;IL1RAPL1;VLDLR;JAM3;ROBO2	Synapse/junction	Astrocyte	primary_sex_adjusted	75	0.000588074294567542	0.000641535594073682	1.55043520543235	0.000120918029319696	0.000423213102618937	1.05987745148397	0.320512820512821	0.56592039800995	TRUE	TRUE	1	TRUE	TRUE	-0.899649479322418	0.774957698815567	0.800366147957061	FALSE	FALSE	FALSE	ALS-FTD vs control
Astrocytes	ALS_vs_ALSFTD	axon_development	0.254237288135593	0.254237288135593	0.0928481214159878	0.218965689269632	1.08820224234235	289	MT3;ACTB;VIM;ACTG1;TUBB2B;KREMEN1;PALLD;LMO4;VEGFA;APOE;PRKCA;NEFH;BSG;TUBB3;ULK1;S100A6;RUFY3;MAPK8IP3;FYN;PAFAH1B1;PTN;YTHDF1;ROBO3;PLXNB2;MAP1A;MACF1;CNTNAP1;SMO;MAP3K13;PLXNB1;EFNA1;METRN;SEMA4B;KIFC2;TRIO;GLI2;MAP1B;CERS2;OPHN1;ANOS1;RAB3A;CTTN;SEMA3B;KIAA0319;PTPRM;LIMK1;PLXND1;RGMA;STK24;NOVA2;KLF7;CHN1;PGRMC1;BOC;SCN1B;NRCAM;B4GALT5;PPP3CB;NRP1;AFG3L2;THY1;INPP5F;S100B;PTK7;DOCK7;TAOK2;TENM4;NOTCH2;GDI1;FGFR2;CDKL3;DAG1;APLP2;TSPO;BAIAP2;C9orf72;NTNG2;SLC9A6;PITPNA;RAC1	Axon development	Astrocyte	primary_sex_adjusted	75	0.254237288135593	0.330756013745705	1.07956596495461	0.242307692307692	0.242307692307692	-1.10614343644548	0.1936	0.3388	TRUE	FALSE	0.786666666666667	FALSE	FALSE	1.72705999277635	4.19241602363696e-06	3.10732011163681e-05	TRUE	FALSE	FALSE	ALS vs ALS-FTD
Astrocytes	ALS_vs_ALSFTD	heat_response	0.106766917293233	0.124561403508772	0.165656695205483	0.320230993458926	1.28807746750392	65	DNAJC7;EIF2B4;YWHAE;BAG3;DHX36;LYN;HSBP1;HSPB1;HSBP1L1;HSP90AB1;PDCD6;DNAJB1;AKT1;DNAJA4;HSPA1B;SUMO1;DNAJA2;PRKACA;TRPV1;MAPKAPK2;HDAC6;EEF1D;HSF1;DNAJA1;HSPA1A;FGF1;HSP90AA1;MAP2K7;HSPA2;SOD1;DNAJB4;SCN11A;ATXN3;LRP11;CRYAB	Heat response	Astrocyte	primary_sex_adjusted	75	0.124561403508772	0.17027027027027	1.47064081064534	0.0309198734144186	0.043287822780186	0.557690615611654	0.997752808988764	0.997752808988764	TRUE	TRUE	1	TRUE	FALSE	1.59619537284427	0.00773247781578383	0.0202977542664326	TRUE	FALSE	FALSE	ALS vs ALS-FTD
Astrocytes	ALS_vs_ALSFTD	mitochondrial_energy	0.000687339003134921	0.00240568651097222	0.477270815362862	0.383245420847143	1.68350386424484	110	MT-ATP8;NUPR1;UQCR10;CYCS;COX8A;NDUFC1;NDUFA7;COX7C;ATP5MF;COX6A1;UQCR11;ATP5ME;AK4;ATP5F1E;UQCRQ;ISCU;NDUFA1;MT-ND4L;NDUFS1;NDUFA3;NDUFA13;CHCHD2;COX6B1;SLC25A33;NDUFB3;NDUFA5;NDUFS6;MT-ND3;COX5A;NDUFB10;NDUFB7;NDUFS2;ETFRF1;SLC25A51;RHOA;ATP5F1D;NDUFA6;GHITM;MT-CO1;UQCRB;PARK7;NDUFB2;MT-ND5;COX5B;NDUFA8;NDUFA11;UQCRH;ATP5MG;COX7B;NDUFAF1;MT-ND4;COX7A2;MT-CO3;TEFM;NDUFB1;NDUFV3;NDUFB4;NDUFA2	Mitochondrial energy	Astrocyte	primary_sex_adjusted	75	0.00240568651097222	0.00211231010719512	1.92791073779769	1.2334605377182e-05	8.6342237640274e-05	2.00227261767329	4.2255666034218e-06	2.95789662239526e-05	TRUE	TRUE	1	TRUE	TRUE	-2.34789616310754	1.74542488725556e-09	2.44359484215779e-08	FALSE	FALSE	FALSE	ALS vs ALS-FTD
Astrocytes	ALS_vs_ALSFTD	protein_folding	0.000179059754993286	0.001253418284953	0.518848077743792	0.371246911973198	1.70701789407859	156	CLU;DNAJC7;CALR;P4HB;CANX;LYRM7;ANP32E;TELO2;BAG3;CD74;SDF2;TAPBP;FKBP9;CDC37L1;POFUT2;ENTPD5;KHSRP;FKBP10;FKBP4;CDC37;RIC3;FKBP8;COX14;NAA10;ERP29;MESD;UNC45A;HSPB1;HSPA5;ERO1A;HSPD1;VBP1;CSNK2A1;HSP90AB1;DNAJB1;PPIE;DNAJA4;TTC4;HSPA1B;PDIA3;PPIB;DNAJC21;HSPE1;DNAJA2;PTGES3;PPIA;PPIL3;RANBP2;CCDC47;HSPA13;BAG4;NUDCD3;DNAJB14;PFDN5;HSPA4L;DNAJB2;WDR83OS;PPIL2;HSPA9;TSC1;NUDCD2;HSPH1;GRN	Protein folding	Astrocyte	primary_sex_adjusted	75	0.001253418284953	0.00066129036899128	1.73901875680246	5.75125601602881e-05	0.000201293960561008	0.807942171414935	0.928921568627451	0.997752808988764	TRUE	TRUE	1	TRUE	TRUE	1.82777534659642	1.05082667545883e-05	7.35578672821178e-05	TRUE	TRUE	TRUE	ALS vs ALS-FTD
Astrocytes	ALS_vs_ALSFTD	protein_stabilization	0.0115964799340134	0.0270584531793645	0.380730400722792	0.302644273117025	1.42221517877802	175	MT3;FLNA;ATP1B2;CLU;CALR;COA8;PYURF;RPL23;TELO2;FLOT2;BAG3;CD74;UBE2B;MAPK8IP3;CAMLG;TBL1X;DVL3;EFNA1;CDC37L1;SPAG1;PML;HCFC1;LAMP1;PFN1;CDC37;STK3;PRKRA;USP36;TYROBP;HSPB1;HSPD1;VBP1;CSNK2A1;CHP1;HSP90AB1;PFN2;IFT46;WFS1;ZSWIM7;PER3;HSPA1B;GAPDH;PPIB;PIN1;UFL1;SUMO1;PARVA;SEC16A;ZBED3	Protein stabilization	Astrocyte	primary_sex_adjusted	75	0.0270584531793645	0.0260920798515301	1.32544252221537	0.0198853917817009	0.0347994356179766	0.830166779486253	0.913461538461539	0.997752808988764	TRUE	TRUE	1	TRUE	TRUE	1.54840603322728	0.0015702212073236	0.00549577422563259	TRUE	TRUE	TRUE	ALS vs ALS-FTD
Astrocytes	ALS_vs_ALSFTD	small_GTPase	0.0418222191973623	0.073188883595384	0.321775918075361	0.246704979977235	1.25787520474301	358	DOCK6;PDPN;ARHGEF17;TP53;SPRY2;ADGRG1;RHOB;ERBB2;PLD2;GNA12;RHOC;ARHGAP39;ARHGEF3;ARHGAP19;NUCB1;APOE;ARHGDIA;GIPC1;FGF2;AIF1;CSNK1A1;MICALL2;GABARAP;ITSN1;MYO9A;DVL3;ARL3;RASL12;ARFGAP1;PLXNB1;PRAG1;CDC42SE1;PLCE1;CSNK1E;CDKN1A;PPP2CB;DENND4A;CADM4;TRIO;PLEKHG1;RAB4B;RAB18;PSD;LZTR1;RALGDS;PPP1CB;GBF1;LAMA1;RASL10A;PSD3;OPHN1;KANK2;CCDC125;TGFB2;ARHGEF10;MMD2;RRAS2;NISCH;FERMT2;ARHGAP8;ARHGAP29;GRB2;SPRY1;LIMK1;KRAS;RASA3;BRAP;AKAP13;MAPRE2;ARHGEF10L;BRK1;RAPGEF3;CHN1;RGL1;CHP1;CFL1;CDC42EP4;KNDC1;STMN3;RASGEF1B;NRP1;RHOQ;G3BP1;PHACTR4;RIT1;RHOH;PREX2;DAB2IP;DOCK7;PIN1;NOTCH2;GDI1;BCR;ITGA3;DAG1;ARHGAP5;CGNL1;MFN2;ITGAV;SNTA1;DNMBP;RAC1;SWAP70;RHOJ;SYNPO2;HACD3;DIRAS2;ARFGEF2	Small GTPase	Astrocyte	primary_sex_adjusted	75	0.073188883595384	0.0763710089690964	1.24198871075652	0.0188236248636255	0.0347994356179766	1.10065956875129	0.166189111747851	0.3388	TRUE	TRUE	1	TRUE	FALSE	1.09965417774996	0.231316725978648	0.30147992792367	TRUE	FALSE	FALSE	ALS vs ALS-FTD
Astrocytes	ALS_vs_ALSFTD	synapse_junction	0.0554306396310586	0.077602895483482	0.321775918075361	-0.209247066697204	-1.17325847683219	334	MPDZ;HTR4;CDH8;KIRREL3;LIMCH1;CDH13;EPHA3;ELMO1;PEAK1;IL1RAPL2;PTPRK;ROCK1;ITGA2;UGT8;IGSF11;OGT;DOCK10;DLG1;PTPRD;SYNDIG1;SNCA;RCC2;LRRTM3;PTPRJ;FLCN;CRTAC1;NAE1;GPM6B;ARHGEF7;CLSTN2;SHANK3;PUM2;NLGN1;NEGR1;IL1RAPL1;FER;CNTNAP2;GRID2;EPHB2;SDK1;NRXN3;DLC1;NECTIN3;CDH18;ARMCX5-GPRASP2;DSCAM;PRICKLE1;ADGRL2;PLXNA4;ASIC2;TJP1;NECTIN1;GRIA1;CDH9;STAU2;EPHA7;PLXNC1;OPCML;SLITRK1;CRIPT;GREM1;LRRTM4;DOCK1;LRFN5;DNM3;MYCBP2;CORO2B;GABRG2;LHFPL4;TEK;GABRG3;SMAD7;TBCD;PRKCH;CLASP2;ANKRD28;VLDLR;RAPGEF2;GABRB3;CDH6;SEMA4D;APP;PAK2;NLGN4Y;PTPRO;PKP4;PTK2;CNTN5;RAP2A;GABRB2;CDH1;CPEB3	Synapse/junction	Astrocyte	primary_sex_adjusted	75	0.077602895483482	0.0956748026508682	-1.15711429353059	0.102880658436214	0.12002743484225	-1.19649808264337	0.0671875	0.23515625	TRUE	TRUE	1	TRUE	FALSE	1.24773019311587	0.0457831325301205	0.0860996223700773	FALSE	FALSE	FALSE	ALS vs ALS-FTD
Astrocytes	ALS_vs_Control	axon_development	0.847953216374269	0.847953216374269	0.038875878582578	0.174712382834652	0.87162059200166	289	SPP1;ULK1;PLXND1;PALLD;SOS1;SIPA1L1;CNTN5;SLITRK5;CTTN;NOVA2;FGF13;GOLGA4;PLXNC1;TRIO;BAIAP2;KLF7;NTNG1;CTNNA1;KALRN;SPTBN4;PLXNA4;UNC5D;PTPRO;EFNA1;KREMEN1;SEMA4B;PTPRM;CNTN4;RAB21;NEXN;CERS2;RTN4RL1;PAFAH1B1;CNTNAP1;TENM4;SLIT1;YTHDF1;ADAM17;NTNG2;MAPK8IP3;VIM;PAK1;NELL2;PLXNB2;TENM1;TRAK2;ECE1;ACTG1;VEGFA;GLI2;TENM2;SEMA3D;RGMA;RPS6KA5;PAK3;ENAH	Axon development	Astrocyte	primary_sex_adjusted	75	0.847953216374269	0.87319305687336	0.815159445139486	0.941455696202532	0.941455696202532	-1.49926594257253	0.000318577973554484	0.00111502290744069	TRUE	FALSE	1	TRUE	FALSE	1.12426869685443	0.199243379571248	0.276923076923077	TRUE	FALSE	FALSE	ALS vs control
Astrocytes	ALS_vs_Control	heat_response	0.828231292517007	0.847953216374269	0.0468819856878333	0.20181573675896	0.808488225573932	65	BAG3;DNAJA4;DHX36;DNAJC7;LRP11;AKT1;TRPM2;HSF1;PDCD6;CRYAB	Heat response	Astrocyte	primary_sex_adjusted	75	0.847953216374269	0.86245572609209	0.720879005980346	0.935540069686411	0.941455696202532	0.763680264732775	0.866764275256223	0.866764275256223	TRUE	TRUE	0.973333333333333	TRUE	FALSE	0.923036346211535	0.626339969372129	0.676710608913999	TRUE	FALSE	FALSE	ALS vs control
Astrocytes	ALS_vs_Control	mitochondrial_energy	1e-10	7e-10		-0.651392262672512	-3.02363400069977	110	TEFM;UQCRC1;MT-ND1;ATP5ME;ATP5F1A;MT-CYB;MT-CO3;CYC1;MT-ND2;MT-ATP6;NDUFB9;UQCC2;NDUFV2;NDUFB11;MT-CO2;ATP5PB;NDUFS8;NDUFS5;NDUFB2;SDHD;ATP5PD;MT-ND4;ATP5F1D;NDUFS3;ATP5PO;NDUFB10;NDUFA11;MT-CO1;NDUFS6;NDUFAF1;NDUFA7;NDUFV3;NDUFB6;CYCS;ANTKMT;MT-ND3;NDUFA12;COX5A;NDUFB8;COX6B1;COX5B;NDUFB7;ATP5MF;DGUOK;COX7A2L;NDUFB5;UQCR10;NDUFV1;NDUFA13;ATP5IF1;NDUFA1;PARK7;GHITM;ATP5PF;COX6C;UQCRQ;NDUFS7;COX4I1;MT-ND5;UQCRH;NDUFA2;ATP5F1C;NDUFC2;NDUFA3;NDUFS4;PINK1;COX7B;ATP5F1B;SNCA;NDUFB1;NDUFB4;NDUFB3;CHCHD2;UQCRFS1;NDUFA5;NDUFAB1;COX7A2;VCP;UQCR11;ATP5MG;NDUFA6;COX8A;AK4;SIRT3;NDUFS2	Mitochondrial energy	Astrocyte	primary_sex_adjusted	75	7e-10	1.575e-09	-2.97952710806116	1e-10	7e-10	-2.76523537665723	1e-10	7e-10	TRUE	TRUE	1	TRUE	TRUE	-2.3449609370589	1.36020559552129e-09	2.14232381294603e-08	TRUE	TRUE	TRUE	ALS vs control
Astrocytes	ALS_vs_Control	protein_folding	0.25462962962963	0.445601851851852	0.102821842840815	0.235626316440112	1.09583975303865	156	ERO1A;BAG3;HSPA4L;DNAJA4;ATF6;CDC37L1;RANBP2;FKBP10;PPIL2;HSPH1;ENGASE;POFUT2;DNAJC7;PDIA5;FKBP1A;FKBP5;PTGES3;BAG2;LYRM7;DNAJC25;HSPD1;TAPBP;CRYAB;KHSRP;RIC3;PDIA4;NKTR;CD74;TTC4;DNAJB2;CHORDC1;TBCE;DNAJC21;DNAJB1;FKBP4;P4HB	Protein folding	Astrocyte	primary_sex_adjusted	75	0.445601851851852	0.330756013745705	1.00154768687363	0.456198347107438	0.638677685950413	1.13728117834735	0.208604954367666	0.441532258064516	TRUE	TRUE	0.986666666666667	TRUE	FALSE	0.995912470795433	0.475795297372061	0.547299634826062	TRUE	FALSE	FALSE	ALS vs control
Astrocytes	ALS_vs_Control	protein_stabilization	0.594202898550725	0.831884057971015	0.0899860794997137	-0.189851294231677	-0.953425609754769	175	IP6K2;PIK3R1;PRKN;EHMT1;SMAD7;CREBL2;CCT7;GNAQ;HIP1;TRIM44;HIP1R;NCLN;NAPG;CTNND1;TTI2;ZSWIM7;RUVBL1;CBL;PHB2;SMAD3;PPIB;TUBA1A;NLK;PLPP3;CDC37;BAG6;COG3;EP300;TTI1;PPP1R10;PARK7;CREB1;NOP53;RPAP3;BAG4;PINK1;C10orf90;SAXO1	Protein stabilization	Astrocyte	primary_sex_adjusted	75	0.831884057971015	0.651039697542533	-1.01497625170108	0.408268733850129	0.638677685950413	0.846731665982003	0.82133676092545	0.866764275256223	TRUE	FALSE	1	TRUE	FALSE	-0.826642170179787	0.897727272727273	0.897727272727273	TRUE	FALSE	FALSE	ALS vs control
Astrocytes	ALS_vs_Control	small_GTPase	0.160714285714286	0.375	0.12563992130984	0.21896647024832	1.1243478140718	358	PDPN;RASL12;DBNL;SOS1;SYNPO2;RASGEF1B;RALGDS;ITGA3;GNA12;SIPA1L1;ARHGEF17;ARHGAP28;AIF1;MYO9A;RAB12;DOCK6;ARHGEF3;SIAH2;CCDC125;TRIO;ARHGAP18;DENND3;ARHGAP39;RRAS2;DNMBP;DEF6;RAB15;KALRN;RAP1B;ARHGAP6;RASA3;RAPGEF4;PPP2CB;CDC42SE1;RTKN;GRB2;ARHGAP8;KRAS;ARHGAP10;CDC42EP1;ADGRG1;ARHGDIA;CSNK1A1;ARHGEF10;RAB21;ARHGAP44;GIPC1;RASA2;LRRK2;RAPGEF1;RERG;KSR2;FBXO8;RASGEF1A;ERBB2;PLD2;RASGRF2;FERMT2;ECT2;CDC42;RAP1GAP2;ARFGEF1;CHORDC1;FGF2;RHOQ;NUCB1;IQSEC3;GNA13;CTNNAL1;DENND4A;ARHGEF10L;GNB1;HACE1;RIPOR2;ARHGEF28;ARFGEF2;DOCK11;RHOH;ARHGEF7;RASSF1;CDKN2A;FXR1;KNDC1;VAV2;EPS8;GDI2;LZTR1;TP53;ABR;DHCR24;ARAP1;MAPRE2	Small GTPase	Astrocyte	primary_sex_adjusted	75	0.375	0.225	1.13949417909038	0.123287671232877	0.287671232876712	1.0829281045198	0.252304147465438	0.441532258064516	TRUE	TRUE	1	TRUE	FALSE	1.05884865766365	0.31021897810219	0.387005853870059	TRUE	FALSE	FALSE	ALS vs control
Astrocytes	ALS_vs_Control	synapse_junction	0.00492048884488653	0.0172217109571028	0.407017918923954	0.273676996695409	1.38682043479875	334	ACTN1;PLXND1;VCL;NUMBL;WDR1;TLR2;DBNL;CORO1C;CNTN5;MYO9A;SLITRK5;CTTN;SORBS1;APLNR;SETD5;DNER;FGF13;CC2D1A;LRRTM2;CD9;DLG5;PLXNC1;CUX2;CDH12;PLEC;CTNNA1;PRKCH;ITGB4;RAP1B;NLGN2;ARHGAP6;SFRP1;ACTN2;PLXNA4;SHANK2;PATJ;CDH18;PTPRO;RPS6;EPB41L3;DUSP22;CDH7;LIN7A;SLK;GABRB3;RTN4RL1;PIP5K1C;RAPGEF1;LAMA3;CNTNAP1;CSMD2;JAM3;SLIT1;GABRA3;CDH19;LRFN5;PCLO;NEGR1;SDK1;GABRB2;ADD2;FERMT2;ECT2;MARK1;SDC4;CDC42;HIPK1;PTPN1;NTNG2;NRXN2;DAPK3;PLXNB2;GNA13;CLSTN3;GABRG3;ACTG1;VEGFA;ARMCX5-GPRASP2;ADGRL2;RAB40C;TRIM47;LRRTM3;LRRTM4;SRGAP1;ARHGEF7;CLDN11;PIP5K1A;PRKACA;MACF1;SPOCK2;IL1RAPL2;SLC9A1;TBCD;FGFR1;ASIC2;CDH11;PTPRA;UBE3B;MICALL2;CDH9;IL1RAP;NRP1;LHFPL4;CNTNAP2;PKP4;PTEN;EIF4G1;FAM107A;TEK;GPHN;CRTAC1;OPCML;EEF2K;TSC1;FRMPD2;ARHGAP4;HTR4	Synapse/junction	Astrocyte	primary_sex_adjusted	75	0.0172217109571028	0.012399631889114	1.36047115846771	0.00569890652068438	0.0199461728223953	1.00374926820744	0.460093896713615	0.644131455399061	TRUE	TRUE	1	TRUE	TRUE	1.31503779638714	0.0218525245357942	0.0498865849989265	TRUE	TRUE	TRUE	ALS vs control
Exc_Neurons	ALSFTD_vs_Control	axon_development	4.2639247463906e-05	9.94915774157806e-05	0.557332238758646	-0.300654704744969	-1.58371427298529	367	TRIM46;MAPK8IP3;ARHGEF25;SEMA6B;SMN1;PTPRS;RTN4RL2;SEMA4C;CDK5R2;KIFC2;LIMK1;KIF5A;EPHA10;SCARF1;ISLR2;BRSK1;AMIGO1;MEGF8;SLIT1;APBB1;RAB3A;NPTX1;CNTNAP1;LMO4;EPHA8;LHX1;NTRK1;ACTB;TSKU;NEUROD6;SEMA3C;CSPG5;EPHB3;RTN4R;ENAH;CELSR1;UNC5B;NECTIN1;RAB8A;SEMA6C;BSG;VEGFA;BRSK2;PLXNC1;NEFH;CELSR3;PLEKHG4B;APLP1;SLITRK2;RAC3;NLGN3;NOVA2;CELSR2;APLP2;DAG1;LYPLA2;CHRNB2;EFNB3;RUFY3;GDI1;BMPR2;ATOH7;GRN;PLXNA3;ADAM17;BDNF;SLITRK1;L1CAM;EDN3;SMN2;SEMA5B;PITPNA;BAIAP2;ZPR1;MAP1A;GAP43;MARK2;SKIL;METRN;SEMA7A;MT3;NPTN;CERS2;SLITRK3;TRPV2;PTPRH;EFNA2;CNTN6;TWF2;THY1;SLC9A6;TAOK2;PAK1;WNT7A	Axon development	Excitatory neuron	primary_sex_adjusted	77	9.94915774157806e-05	0.000214901807218086	-1.54981451314586	6.78829780491917e-05	0.000237590423172171	-1.91251747690179	2.54117819173264e-10	1.77882473421285e-09	TRUE	TRUE	1	TRUE	TRUE	-1.53834588629959	3.90207105593665e-05	0.000234124263356199	TRUE	TRUE	TRUE	ALS-FTD vs control
Exc_Neurons	ALSFTD_vs_Control	heat_response	0.0570934256055363	0.0666089965397924	0.248911114434702	-0.321180006127472	-1.36820044246543	77	PRKACA;EIF2B4;HSPB6;MAP2K7;DNAJA4;PDCD6;HSPA1A;EIF2B1;DNAJC2;HSPA1B;BAG3;YWHAE;IRAK1;HSPB1;ATXN3;HSF1;DNAJA2;DNAJB1;THBS1;HTRA2;AKT1;HSP90AB1;TRPV1;HSBP1;DNAJC7;IER5;MAPT;DNAJA1;SLU7;HSBP1L1;LRP11;RBBP7;DAXX;HDAC6;HSPB2;HSP90AA1;HIKESHI	Heat response	Excitatory neuron	primary_sex_adjusted	77	0.0666089965397924	0.0972131300851024	-1.22318581399929	0.145614035087719	0.177287581699346	-1.58177063773717	0.00778928662743598	0.0109050012784104	TRUE	TRUE	1	TRUE	FALSE	-1.38845282474578	0.0230615040892546	0.0509780616709839	TRUE	FALSE	FALSE	ALS-FTD vs control
Exc_Neurons	ALSFTD_vs_Control	mitochondrial_energy	2.71196677400957e-05	9.49188370903351e-05	0.575610261071129	-0.409006665958381	-1.85740652558195	122	COX7A2L;NDUFA3;NDUFV3;ATP5ME;ATP5MF;UQCR11;NDUFA1;NDUFC1;COX7B2;COX8A;NDUFB1;UQCRQ;SHMT2;NDUFAF1;SDHD;NDUFB3;COX7C;COX7A1;ATP5F1D;NDUFA2;UQCR10;ATP5F1E;TEFM;AK4;COX6A1;DNAJC30;NDUFB2;ANTKMT;COX6B1;UQCRHL;SLC25A33;NDUFA7;COX5B;NDUFA5;PINK1;MLXIPL;SDHB;NDUFA13;ATP5IF1;NDUFS5;NDUFB10;NDUFB7;MT-ATP8;UQCRH;NDUFB6;SLC25A51;CYCS;NDUFA11;NDUFS6;NDUFS8;ISCU;NDUFS7;NDUFS1;ATP5MG;NDUFB8;PARK7;COX6C;NDUFC2;COX7A2;CHCHD2;UQCRC1;COX7B;STOML2;GHITM;NDUFS3;PPIF;COX5A	Mitochondrial energy	Excitatory neuron	primary_sex_adjusted	77	9.49188370903351e-05	0.000155321733420548	-1.57542513668917	0.00197008240407057	0.00344764420712351	-2.01164882959794	2.32019533612776e-06	5.41378911763143e-06	TRUE	TRUE	1	TRUE	TRUE	-1.40005401775708	0.0142312577475548	0.0338328014375832	TRUE	TRUE	TRUE	ALS-FTD vs control
Exc_Neurons	ALSFTD_vs_Control	protein_folding	8.63718008859058e-05	0.000151150651550335	0.538434096309916	-0.343079373639496	-1.67698928411668	194	KHSRP;RIC8A;MESD;DNAJB5;TAPBP;CALR;CDC37;PPIL2;DNAJC5;PTGES3L;HSPB6;PFDN6;UNC45A;P4HB;CANX;HSP90B1;NAA10;DNAJA4;GFER;HSPA1A;DNAJC2;HSPA1B;BAG3;PDIA3;GRN;ANP32E;TTC1;HSPB1;ZPR1;PPIH;TELO2;P3H1;FKBP9;DNAJC18;PBDC1;ERP29;DNAJA2;TBCE;PFDN1;DNLZ;DNAJB1;CLU;HSPA13;DNAJB2;HSPBP1;COX14;POFUT2;HSPA5;SDF2;SNRNP70;PPIB;PDIA2;HSPD1;HSP90AB1;DNAJB12;TBCB;SDHAF4;DNAJC7;LYRM7;ENGASE;RUVBL2;FKBP4;HSPA9;BAG4;DNAJC4;CCDC47;PPIA;TBCC;FKBP1A;SELENOF;HYPK;PPIL3;DNAJB14;GRPEL1;PDRG1;FKBP1B;QSOX1;DNAJA1;COA3;SDF2L1;NUDC;TRAP1	Protein folding	Excitatory neuron	primary_sex_adjusted	77	0.000151150651550335	0.000388673103986576	-1.52784482378972	0.00141201448895298	0.00329470047422361	-1.7122815728279	2.99423945234642e-05	5.23991904160624e-05	TRUE	TRUE	1	TRUE	TRUE	-1.65592052450735	0.000105598975690188	0.000578498736389726	TRUE	TRUE	TRUE	ALS-FTD vs control
Exc_Neurons	ALSFTD_vs_Control	protein_stabilization	0.0230953388228628	0.0323334743520079	0.352487857583619	-0.279833962632242	-1.38197747629646	209	APOA1;MAPK8IP3;WNT10B;SOX4;GLMP;CHP1;LAMP1;PRKCD;NCLN;CALR;CDC37;USP19;DVL1;UBE2B;FBXW7;PFDN6;PIM2;ZSWIM7;VHL;SYVN1;CBX4;HSPA1A;HSPA1B;SMAD3;BAG3;GRN;UFL1;WDR81;PEX6;HSPB1;PAQR4;CDK7;MT3;TELO2;P3H1;FLNA;DVL3;PFDN1;DNLZ;CLU;NAPG;COA8;HCFC1;PPP1CA;FLOT2;CAMLG;GTPBP4;PPIB;SEC16A;HSPD1;USP2;ATP1B3;HSP90AB1;PIH1D1;RPL23;POLR2E;RUVBL2;CBL;STX12;PINK1;BAG4;CFP;RTN4	Protein stabilization	Excitatory neuron	primary_sex_adjusted	77	0.0323334743520079	0.0447694260258571	-1.16730191761374	0.151960784313725	0.177287581699346	-1.30028208174847	0.0240708296336727	0.0280826345726182	TRUE	TRUE	1	TRUE	TRUE	-1.27289698352946	0.0393608663878235	0.0762995256133194	TRUE	TRUE	FALSE	ALS-FTD vs control
Exc_Neurons	ALSFTD_vs_Control	small_GTPase	0.624454148471616	0.624454148471616	0.0526973085708419	-0.177373579723175	-0.951842005710774	440	APOA1;ARHGEF25;RHEBL1;SGSM3;RND1;ARHGAP33;RAB35;RRAS;CHP1;LIMK1;ITGA3;LAT;RAPGEFL1;GIPC1;SIAH2;SPRY1;ARHGAP1;NUCB1;GIT1;NTRK1;ARFGAP1;GNB1;ARHGEF2;TSC2;PSD;RTN4R;CELSR1;SYNGAP1;CCDC88C;SH2D3C;ARHGDIA;SPRY2;SH3BP1;DVL2;ARHGDIB;PLEKHG4B;MFN2;RHOV;RAC3;RUNDC3A;CDC42SE2;RAB4B;RASL10A;SPRY4;OBSCN;RAB15;CADM4;ARHGDIG;DAG1;KIF14;DHCR24;CDC42SE1;GDI1;RASAL1;CDKN1A;MMD2;TNK2;USP8;HRAS;HACD3;RASIP1;CRK;RASA4;BCR;RAB9B;ARL3;PPP2CB;RAP1GAP;RIPOR2;MRAS;ERBB2;NKIRAS2;MADD;DVL3;IQSEC2;CYTH2;DOK3;TNFAIP1;STMN3;CDC42EP5;MICALL2;FGD1;KCTD13;PPP1CA;CFL1;RIT1;LZTR1;GRB2;RAP2B;DIRAS1;PRAG1;RASA4B;DIRAS3;GMIP;IQSEC3;F11R;ARFGEF3;RAB33B;RASGRP2;SRGAP2;PLCD4;RAB33A;ARHGAP11A;F2R;SCAI;NKIRAS1;RHOBTB2;CSNK1E;RSU1;RASGRF2;FOXM1;DEF6;RTN4;CDH13;ARHGAP8;ABR;BRK1;RAB6C;ARHGAP28;DENND4B;RASGEF1C;ARHGEF18;RHOB;RALA	Small GTPase	Excitatory neuron	primary_sex_adjusted	77	0.624454148471616	0.678286402650203	-0.995077545524214	0.468085106382979	0.468085106382979	-1.14300885508692	0.0891891891891892	0.0891891891891892	TRUE	TRUE	0.844155844155844	FALSE	FALSE	1.22216476049147	0.0358357477534762	0.0716714955069523	FALSE	FALSE	FALSE	ALS-FTD vs control
Exc_Neurons	ALSFTD_vs_Control	synapse_junction	6.45883732421571e-06	4.521186126951e-05	0.610526878385931	-0.300466494656579	-1.6066332576837	434	CLSTN3;AMIGO2;NPAS4;LZTS1;DSG3;ZDHHC8;CAMSAP3;ARHGAP33;PTPRS;RTN4RL2;SEMA4C;GRID2;CASKIN1;ST8SIA2;PLXNA1;PCDH17;MDGA1;AMIGO1;UBE2M;PRKACA;CDH9;COL16A1;SLIT1;CLSTN1;SNAI2;DSG2;NPTX1;CNTNAP1;PCDHB10;CARMIL3;ZNF703;ACTB;PCDHB9;FSCN1;S100A10;DVL1;EPHB3;RTN4R;AGRN;ICAM5;SRGAP2B;NLGN2;ACTN2;NECTIN1;CHD4;SRGAP2C;SLC9A1;LRFN1;RAB40C;SH3BP1;VEGFA;PLXNC1;DAPK3;C1QL2;LRRC4;SLITRK2;RAC3;NLGN3;C1QL3;NECTIN3;LRFN4;PPM1F;DAG1;NPHS1;GABRA3;CHRNB2;ITGB1BP1;LRRC4B;SMAD3;OCEL1;EIF4G1;FZD1;PLXNA3;PLEC;DMTN;BDNF;SLITRK1;PCDHB14;VSIG10;CRK;CRMP1;BCR;VMP1;SIGMAR1;NUMBL;SLC12A5;PCDHB16;ZDHHC12;GAP43;ACHE;SDK1;HAPLN4;PPP1R9B;ANKRD28;IQSEC2;AKAP5;SLITRK3;CLDN1;GRHL2;THBS1;VPS35;PTPRA;PCDHB2;THY1;TAOK2;MICALL2;IGLON5;ACTN1;WNT7A;PCDHB4;LRFN3;MYO1C;PLXND1;CAPZA1;SHANK2;CFL1;CTTN;SPTBN2;CBLN1	Synapse/junction	Excitatory neuron	primary_sex_adjusted	77	4.521186126951e-05	4.28322896237463e-05	-1.61305297504227	2.99482282922119e-06	2.09637598045483e-05	-1.80259886789563	9.08399328406773e-09	3.17939764942371e-08	TRUE	TRUE	1	TRUE	TRUE	-1.3699856839992	0.0011811889488054	0.00425228021569945	TRUE	TRUE	TRUE	ALS-FTD vs control
Exc_Neurons	ALS_vs_ALSFTD	axon_development	0.0511811023622047	0.0716535433070866	0.227987202850442	0.236023192669414	1.22946732699803	367	RAB8A;TRIM46;KIF5A;MAPK8IP3;ARHGEF25;RAB3A;AMIGO1;SEMA6B;LHX1;NOVA2;ACTB;RAC3;CDK5R2;MAP1A;MEGF8;CDK5R1;LMO4;SLITRK1;SMN1;PAFAH1B1;GDI1;AFG3L2;L1CAM;VANGL2;ISLR2;SEMA4C;APLP1;PGRMC1;RTN4;TAOK2;RAC1;CTTN;BSG;TSKU;NPTX1;LIMK1;SCARF1;THY1;EFNB3;ADAM17;APLP2;ULK1;KIFC2;NEFH;APBB1;PAX2;SLC9A6;ZPR1;PPP3CB;CHRNB2;PLXND1;MAP7D2;CELSR2;SLITRK2;LYPLA2;USP33;CELSR3;RTN4R;BRSK1;RUFY3;ATL1;ACTG1;NEUROD6;VIM;EDN3;CSPG5;SLITRK4;SEMA3B;MAP1B;EDN1;TWF2;BAIAP2;SLITRK3;DRD2;SLIT1;CNTNAP1;RTN4RL2;OLFM1;BRSK2;EPHA8;NTRK1;TUBB3;PLP1;RTCA;EFNA3;RAB21;NEUROD2;DRAXIN;ROBO3;FEZ2;CYFIP2;RNF6;SEMA6C;PAK1;S100B;INPP5F;SMO;ATOH7;EFNA2;CTNNA1;NECTIN1;PLEKHG4B;PLPPR4;SEMA7A;FEZ1;PITPNA;SVBP;YTHDF1;EFNA1;CHN1;MT3;UNC5B;METRN	Axon development	Excitatory neuron	primary_sex_adjusted	77	0.0716535433070866	0.0895669291338583	1.25603689260905	0.0352987263084713	0.0494182168318598	1.47585450248837	0.000474543269366113	0.000830450721390697	TRUE	TRUE	1	TRUE	FALSE	1.13928253045207	0.115384615384615	0.184031158714703	TRUE	FALSE	FALSE	ALS vs ALS-FTD
Exc_Neurons	ALS_vs_ALSFTD	heat_response	0.00161824603352784	0.00283193055867373	0.45505986738723	0.401247270206505	1.69195498883412	77	MAP2K7;DNAJC7;ATXN3;YWHAE;DNAJA2;PRKACA;HSP90AB1;PDCD6;DNAJC2;EIF2B1;SLU7;HSF1;DNAJA1;HSBP1;HSPB6;EIF2B4;TRPV1;SUMO1;TCIM;HSP90AA1;PSIP1;DNAJB6;EIF2S1;HTRA2;DNAJB4;DAXX;AKT1;DHX36;SOD1;RBBP7;DNAJA3;EIF2B2;STUB1;TPR;MAPT;EIF2B5;HDAC6;DNAJB1;LRP11;IER5;VCP;HSPA1B;DNAJA4;MICB	Heat response	Excitatory neuron	primary_sex_adjusted	77	0.00283193055867373	0.00453108889387796	1.73438500071617	0.00133664131131255	0.00311882972639596	1.58919710957331	0.0102751772340556	0.0143852481276779	TRUE	TRUE	1	TRUE	TRUE	1.80633116645056	0.000301638033970373	0.00147750194811014	TRUE	TRUE	TRUE	ALS vs ALS-FTD
Exc_Neurons	ALS_vs_ALSFTD	mitochondrial_energy	7.47042134553732e-05	0.000245198308286424	0.538434096309916	0.393032544559256	1.80205326686249	122	COX7A2L;NDUFS1;NDUFA5;UQCRHL;NDUFAF1;C2orf69;NDUFA1;MT-ATP8;NDUFC1;PPIF;ATP5MF;UQCR10;DNAJC30;COX8A;MT-ND3;CYCS;UQCRH;SHMT2;ISCU;NDUFB3;ATP5F1D;COX7C;GHITM;RHOA;COX6B1;MT-CO3;ETFRF1;STOML2;COX7B2;NDUFV3;SNCA;CHCHD2;NDUFS2;MT-CO1;NDUFA2;NDUFC2;UQCR11;PINK1;NDUFS7;COX7A1;ATP5IF1;NUPR1;NDUFA13;TEFM;PARK7;NDUFB10;CCNB1;SIRT3;MT-ND4L;MT-ND2;VCP;NDUFS5;MT-ND1;ANTKMT;COX6A1;UQCRC1;NDUFA8;MT-ND5;ATP5ME;ATP5F1B;UQCRQ;MT-ND4;SLC25A51;NDUFA3	Mitochondrial energy	Excitatory neuron	primary_sex_adjusted	77	0.000245198308286424	0.000348619662791742	1.46311163404887	0.0139337322614116	0.0243840314574704	1.86725228126095	2.15569041801912e-05	7.54491646306692e-05	TRUE	TRUE	1	TRUE	TRUE	-2.32849279177587	1.71004982740659e-10	3.59110463755384e-09	FALSE	FALSE	FALSE	ALS vs ALS-FTD
Exc_Neurons	ALS_vs_ALSFTD	protein_folding	2.7428954564959e-09	1.92002681954713e-08	0.774939030136436	0.427975330248919	2.08354003161405	194	KHSRP;MESD;ANP32E;RIC8A;DNAJC7;CANX;LYRM7;CDC37;DNAJA2;CALR;CSNK2A1;DNAJC5;HSPA13;UNC45A;PFDN6;HSP90AB1;PPIL2;P4HB;DNAJC2;CCDC47;CCT6A;PDRG1;DNAJB2;ERP29;PTGES3;DNAJA1;PFDN1;BAG4;FKBP4;HSPA9;DNAJC21;BAG5;SELENOF;GFER;PPIG;CDC123;ZPR1;PBDC1;HSP90B1;HSPB6;NUDC;TBCC;DNAJB14;TBCB;SNRNP70;PPIF;FKBP1B;DNLZ;PPID;SDF2;PPIL3;FKBP1A;CDC37L1;DNAJC18;VBP1;TTC1;GRPEL1;TOR1A;HSP90AA1;DNAJB6;PDIA3;TELO2;POFUT2;CLU;NAA10;HSPA5;PPIA;HSPA14;PTGES3L;COA3;ARL2;DNAJB4;SDF2L1;TBCE;PPIH;AHSA1;FKBP8;TAPBP;ST13;COX14;CLPX;HSPD1;CCT5;PPIE;TTC4	Protein folding	Excitatory neuron	primary_sex_adjusted	77	1.92002681954713e-08	3.45604827518484e-08	2.07260191864594	5.38098544252959e-09	3.76668980977071e-08	1.95154878045302	1.00367316911409e-07	7.0257121837986e-07	TRUE	TRUE	1	TRUE	TRUE	1.93944609540678	3.25798242830665e-07	3.42088154972198e-06	TRUE	TRUE	TRUE	ALS vs ALS-FTD
Exc_Neurons	ALS_vs_ALSFTD	protein_stabilization	0.00010508498926561	0.000245198308286424	0.538434096309916	0.339993386555646	1.67919947052589	209	VHL;UBE2B;MAPK8IP3;UFL1;CDC37;CALR;GTPBP4;CSNK2A1;PFDN6;MUL1;WNT10B;HSP90AB1;DVL3;USP27X;CAMLG;GLMP;CBX4;USP2;COA8;DVL1;LAMP1;CCT6A;PDRG1;SOX4;RTN4;PTGES3;PFDN1;APOA1;BAG4;PAQR4;CHP1;PYURF;BAG5;HCFC1;TAF9B;PIM2;ZSWIM7;TBRG1;USP33;DNLZ;SUMO1;CDC37L1;PRKCD;PFN2;VBP1;ATP1B1;HSP90AA1;POLR2E;NAPG;TELO2;FLOT2;PRKRA;SEC16A;CLU;USP19;STX12;PFN1;NCLN;PEX6;RAB21;RPL23;ZBED3;USP7;A1CF;GET1;DBR1;HSPD1;CCT5;TAF9;ATP1B2;PPIB;EFNA1;MORC3;MT3;RASSF1;DNAJA3	Protein stabilization	Excitatory neuron	primary_sex_adjusted	77	0.000245198308286424	0.00043468959663613	1.66690045678456	0.000136597774462551	0.000478092210618929	1.65348736294645	0.00016204003625214	0.00037809341792166	TRUE	TRUE	1	TRUE	TRUE	1.39953962564805	0.00410308879942337	0.0123092663982701	TRUE	TRUE	TRUE	ALS vs ALS-FTD
Exc_Neurons	ALS_vs_ALSFTD	small_GTPase	0.150259067357513	0.175302245250432	0.126253987849115	0.212889489220287	1.13110035415439	440	RAB35;RHEBL1;NUCB1;ARHGEF25;ARHGAP1;GIT1;HACD3;GRB2;ARHGDIA;RAB9B;RAC3;RAB18;RND1;ARL3;STMN3;MFN2;DVL3;ARHGAP8;GDI1;GIPC1;GNB1;CADM4;ITGA3;RUNDC3A;SIAH2;RAB4B;ARHGEF2;CFL1;DIRAS3;ARHGAP33;DVL2;RAPGEFL1;RTN4;PSD;BRK1;CYTH2;SGSM3;RAC1;SH2D3C;SPRY1;ARFGAP1;APOA1;CHP1;LIMK1;CDC42SE1;NUP62;TNFAIP1;RASIP1;F2R;DIRAS1;KBTBD7;SYNGAP1;RAB39B;RHOV;LAT;USP8;NKIRAS2;HRAS;ARHGDIG;CSNK1A1;FOXM1;RASA4B;KBTBD6;ARHGAP19;RTN4R;DIRAS2;GABARAP;RHOB;ARFIP2;PPP2CB;PLCD4;MMD2;RASL10A;DHCR24;RHOF;CDC42SE2;CRKL;CDC42EP5;F11R;CSNK1E;PLK2;RAP2B;MRAS;NKIRAS1;PPP1CB;RHOBTB2;RHOA;NTRK1;RRAS;TSC2;ARHGAP11A;RAB33B	Small GTPase	Excitatory neuron	primary_sex_adjusted	77	0.175302245250432	0.217616580310881	1.00331273260744	0.446958981612447	0.446958981612447	1.06077038640028	0.228522336769759	0.228522336769759	TRUE	TRUE	1	TRUE	FALSE	-1.09944884947258	0.2	0.276923076923077	FALSE	FALSE	FALSE	ALS vs ALS-FTD
Exc_Neurons	ALS_vs_ALSFTD	synapse_junction	0.424320827943079	0.424320827943079	0.0653834195468773	0.191034378965798	1.01207844264174	434	AMIGO1;PRKCH;DMTN;CLSTN3;AMIGO2;ACTB;CHD4;RAC3;PRKACA;LRRC4;NLGN2;EIF4G1;UBE2M;ZDHHC8;SLITRK1;FSCN1;VPS35;ZDHHC12;OCEL1;CLSTN1;SEMA4C;DVL1;CFL1;NPHS1;CAPZA1;ARHGAP33;RTN4;TAOK2;CDH17;RAC1;CTTN;CAMSAP3;SPOCK2;ICAM5;NPTX1;DAPK3;THY1;LRRTM2;C1QL2;PDZD11;NCKIPSD;ZNF703;MDGA1;AKAP5;CHRNB2;PLXND1;SLITRK2;SIGMAR1;LRRC4B;RTN4R;SKP1;CBLN1;ACTG1;SLITRK4;LRFN4;VSIG10;NRXN2;C1QL3;PPP1R9B;SNAI2;SLK;MAP1B;CD9;POLDIP2;VMP1;LRFN1;POF1B;HAPLN4;SLITRK3;CDH3;DRD2;SLIT1;NEDD8;S100A10;ACTN2;CRKL;DUSP3;CNTNAP1;RTN4RL2;LRRC24;F11R;EGFLAM;PCDHB10;FRMPD2;NUMBL;RHOA;SFRP1;FLOT1;MICALL2;CUL5;ARL2;PCDHB16;FZD1;PIP5K1A;PTPRA;CC2D1A;TESK2;ITGB1BP1;WHAMM;CYFIP2;PCDH17;CDH19;CRK;MUSK;CDH9;ACTN1;GPM6A;PPM1F;IGLON5;RAB29;RAB40C	Synapse/junction	Excitatory neuron	primary_sex_adjusted	77	0.424320827943079	0.514081003084884	1.09294035766998	0.224113475177305	0.261465721040189	1.16884744312637	0.0665529010238908	0.0776450511945393	TRUE	TRUE	0.961038961038961	TRUE	FALSE	-1.27916187905173	0.0146281661273048	0.0341323876303779	FALSE	FALSE	FALSE	ALS vs ALS-FTD
Exc_Neurons	ALS_vs_Control	axon_development	0.019729592563994	0.0345267869869895	0.352487857583619	-0.229798545837703	-1.25245601253	367	PLXNA4;STK24;EPHA10;ENAH;MAP6;NRXN3;PTPRS;NRP1;DAG1;KIAA0319;CELSR1;TNR;EPHB3;PRICKLE1;MARK2;UNC5A;SEMA3C;CDHR2;PLXNC1;SLIT3;CNTN4;SEMA4F;CNTN6;SEMA5B;PLXNB2;RTN4RL1;PRKCA;GAP43;RTN4RL2;WNT7A;AUTS2;PTK2;ADGRB1;GSK3B;TRPV2;EPHA7;SCN11A;EFNB2;PTPRH;NTRK2;RYK;ROBO1;DPYSL5;TNFRSF21;TENM4;PTPRJ;NFASC;MAP2;CYFIP1;VEGFA;PTPRO;FZD3;NEO1;ABL1;UNC5B;MAP3K13;NPR2;EPHB2;ROBO2;SMN2;NLGN3;DSCAML1;PLXNA3;GPM6B;LRRC4C;SLIT1;NECTIN1;CNTNAP1;FIGNL2;PAK3;DSCAM;GRN;SMURF1;EPHA6;EPHA8;B4GALT6;RGMA;NTRK1;WNT5A;RET;BRSK1;PTCH1;SEMA6C;NPTN;EPHA4;KIFC2	Axon development	Excitatory neuron	primary_sex_adjusted	77	0.0345267869869895	0.0400956235977942	-1.29881839435993	0.0115024853479425	0.0201293493588995	-1.80194497730776	2.76883880200298e-08	9.69093580701043e-08	TRUE	TRUE	1	TRUE	TRUE	-1.50326154799545	0.000304881354371934	0.00147750194811014	TRUE	TRUE	TRUE	ALS vs control
Exc_Neurons	ALS_vs_Control	heat_response	0.152877697841727	0.214028776978417	0.150169802128406	0.286541442069686	1.21027633506836	77	DNAJC7;PSIP1;HSP90AB1;TPR;SLU7;DNAJA2;SUMO1;DNAJA1;DNAJB6;ATXN3;YWHAE;MAP2K7;TCIM;DNAJA3;CRYAB;DHX36;LYN;ATM;HSP90AA1;CHORDC1;DNAJB4;EIF2S1;HSBP1	Heat response	Excitatory neuron	primary_sex_adjusted	77	0.214028776978417	0.21889306736429	1.27699969858442	0.0980036297640653	0.137205081669691	-0.850255727647092	0.780373831775701	0.780373831775701	TRUE	FALSE	1	TRUE	FALSE	0.982640794261011	0.477801268498943	0.547299634826062	TRUE	FALSE	FALSE	ALS vs control
Exc_Neurons	ALS_vs_Control	mitochondrial_energy	0.956063268892794	0.956063268892794	0.0418238690062304	0.163036625316463	0.746797732713585	122	ETFRF1;C2orf69;NDUFS1;MT-CO2;DGUOK;MT-CO3;SNCA;PPIF;RHOA;MT-ND3;MT-CO1;NDUFA5;MT-ND5;MT-ND2;MT-ATP6;NUPR1;MT-ND4;NDUFB5;MT-CYB;MT-ATP8;MT-ND1;UQCRHL;UQCRC2;GHITM	Mitochondrial energy	Excitatory neuron	primary_sex_adjusted	77	0.956063268892794	0.971483644197517	-0.771620401977731	0.926829268292683	0.926829268292683	-1.14820540434271	0.168316831683168	0.294554455445545	FALSE	FALSE	0.623376623376623	FALSE	FALSE	-2.98514751441321	1e-10	3.15e-09	FALSE	FALSE	FALSE	ALS vs control
Exc_Neurons	ALS_vs_Control	protein_folding	0.000183691769164244	0.000642921192074855	0.518848077743792	0.338124876963876	1.6606190425387	194	TTC4;DNAJC7;CSNK2A1;LMAN1;ANP32E;PTGES3;LYRM7;PPID;BAG5;CCT6A;FKBP10;PEX19;HSP90AB1;PPIG;VBP1;DNAJC21;HSPA13;DNAJA2;CDC123;PDRG1;DNAJA1;DNAJB6;CCDC47;DNAJA3;TOR1A;WIPF1;MESD;PPIF;CRYAB;CCT8;BAG4;FKBP4;PPIE;HSPA9;NUDC;SELENOF;NUDCD2;CANX;HSP90AA1;CHORDC1;DNAJB4;FKBP1B;DNAJB14;DNAJB2;TBCC;CRTAP;HSPA4;KHSRP;CCT5;CDC37L1;GRPEL2;PDCL3;ERO1A;ST13;ATF6;CCT3;NKTR;PPIL3;ERP29;CLPX;TCP1;ARL2;FKBP1A;GRPEL1;PFDN1;FKBP8;WDR83OS;HSPA8;AHSA1;HSPA14;TBCB	Protein folding	Excitatory neuron	primary_sex_adjusted	77	0.000642921192074855	0.00066129036899128	1.67545123546698	0.000132115833081158	0.000462405415784054	1.00787182852918	0.437201907790143	0.510068892421834	TRUE	TRUE	1	TRUE	TRUE	1.24790829651668	0.0648769574944072	0.115133755553455	TRUE	TRUE	FALSE	ALS vs control
Exc_Neurons	ALS_vs_Control	protein_stabilization	0.00076388811785405	0.00178240560832612	0.477270815362862	0.312687582332242	1.54483346811508	209	CSNK2A1;VHL;PTGES3;C10orf90;USP27X;ATP1B2;UFL1;USP33;TBL1X;BAG5;CCT6A;PRKRA;MUL1;PEX19;HPS4;ZBED3;PER3;HSP90AB1;VBP1;GTPBP4;TAF9B;CCNH;UBE2B;PTEN;SUMO1;MCM8;TBRG1;PDRG1;RTN4;DNAJA3;STK3;USP2;GET1;PYURF;CRYAB;CAMLG;RAB21;LAMP2;TAF9;CCT8;BAG4;A1CF;NAA30;DVL3;ATM;MTMR9;COA8;PFN2;PIK3R1;SEL1L;NOP53;HSP90AA1;RASSF1;IFT46;PLPP3;WFS1;CRTAP;USP7;CCT5;CDC37L1;RUVBL1;ATP1B1;PDCL3	Protein stabilization	Excitatory neuron	primary_sex_adjusted	77	0.00178240560832612	0.00229166435356215	1.57885960718355	0.000565953468779177	0.00132055809381808	1.0973030392868	0.23186119873817	0.324605678233438	TRUE	TRUE	1	TRUE	TRUE	1.10208454221292	0.206666666666667	0.28304347826087	TRUE	TRUE	FALSE	ALS vs control
Exc_Neurons	ALS_vs_Control	small_GTPase	0.396694214876033	0.462809917355372	0.0813027345384498	0.18981938010417	1.02252892027616	440	RIN2;APOE;TIAM1;PSD2;ECT2;PREX2;CGNL1;RAB18;ARHGAP24;DOCK8;KANK2;PSD3;RHOQ;DOCK1;NOTCH2;RAC1;GRB2;CSNK1A1;NUP62;SH3BP4;PPP1CB;RALBP1;RAB39B;KBTBD7;ITGAV;KBTBD6;PLD1;KANK1;NUCB1;ARHGAP8;FGF2;STAMBP;DOCK10;CHN1;ARHGAP15;RAB3GAP1;HACD3;BRK1;RAB9B;RTN4;RAB12;RDX;NET1;ARHGAP29;LAMA1;RAB35;NUCB2;RHOA;LRRK2;FXR1;ARFIP2;STMN3;RACGAP1;DIRAS2;ARHGAP19;EPS8;RAB21;PICALM;ARHGAP5;NTN1;WNT4;CHN2;TAGAP;CDC42EP4;DIRAS3;CFL1;FGF10;ARF6;KRAS;DVL3;GABARAP;SPATA13;RASSF1;ARL3;GNA13;RGL3;CHORDC1;MCF2;F2R;G3BP1;RAC3;CDC42EP1;RTKN;PREX1;RAB4A;RND2;BCAR3;CDC42;VAV3;GIT1;LPAR1;LRP4;CRKL;ARHGAP1;RHOF;RELN;CYTH2;DIRAS1;RAPGEF3;ARHGAP6;DOCK5;ARHGAP10;ARHGEF10;HEG1;PLCE1;ARHGEF9;CXCL13;SIPA1L2;RRAGC;RHOB;FOXM1;ARHGDIA;RASGRP3;PLEKHG3;GDI1;MAPRE2;IGF1;TNS3;DENND4A;CTNNAL1;ARAP1;RHEB	Small GTPase	Excitatory neuron	primary_sex_adjusted	77	0.462809917355372	0.490034030140982	1.02587784366826	0.379598662207358	0.442865105908584	-1.30452451962694	0.00717778342691946	0.0167481613294787	TRUE	FALSE	0.922077922077922	TRUE	FALSE	1.14319567975897	0.0995475113122172	0.16949981655864	TRUE	FALSE	FALSE	ALS vs control
Exc_Neurons	ALS_vs_Control	synapse_junction	4.17515436420337e-09	2.92260805494236e-08	0.761460801445585	-0.329570040531012	-1.82739942249537	434	PLXNA4;SYNDIG1;GRID2;PLXNA2;SMAD3;PCDHB11;NPAS4;NRXN3;LAMC1;PTPRS;CDH13;DSG3;LZTS1;NRP1;PLXNA1;DAG1;DSG2;PCDHB5;NECTIN3;GABRA3;SH3BP1;ST8SIA2;THBS2;SLC9A1;PTK2B;EPHB3;PRICKLE1;SRGAP2C;GABRG3;PLXNC1;NTRK3;CASKIN1;CARMIL3;STAU2;EPB41L3;PTPN1;PCDHB14;ACHE;CDH22;OCLN;ANKRD28;SHANK3;NRG3;PLXNB2;RTN4RL1;PRKCA;SHANK2;NTM;GAP43;PLEC;RTN4RL2;WNT7A;SRGAP2;COL16A1;LSR;PCDHB13;PCDH17;PTK2;OPCML;NLGN1;PTPRK;CDH9;PCDHB9;IL1RAP;ADGRL2;EPHA7;SMAD7;EFNB2;VCL;RYK;CORO1C;CDH4;CLSTN2;PKN2;RAPGEF1;HTR4;SDK1;PTPRJ;AGRN;SORBS1;CCDC141;SPTBN2;PCDHB4;VEGFA;KIRREL3;BCR;PTPRO;ADGRL3;CORO2B;SDK2;BSN;CNTNAP2;ABL1;MYO1C;CLSTN3;THBS1;EPHB2;ROBO2;NLGN3;NPHP4;MPP7;SRGAP2B;PLXNA3;GPM6B;SLIT1;CDH11;CLDN18;VSTM5;FN1;NECTIN1;ANK2;CNTNAP1;IQSEC2;LIMCH1;PHLDB2;CDH12;ZDHHC2;PCDHB10;DSCAM	Synapse/junction	Excitatory neuron	primary_sex_adjusted	77	2.92260805494236e-08	4.78244954445114e-08	-1.7895948508989	1.55072002218482e-08	1.08550401552937e-07	-2.19351329566615	1e-10	7e-10	TRUE	TRUE	1	TRUE	TRUE	-1.90022206037786	1.36672879981631e-10	3.44415657553711e-09	TRUE	TRUE	TRUE	ALS vs control
Inh_Neurons	ALSFTD_vs_Control	axon_development	0.000362520909074616	0.000507529272704463	0.49849310876659	-0.301032238695071	-1.53294782988255	330	KIF5A;CDK5R2;RAB3A;CSPG5;LIMK1;MEGF8;VEGFA;ACTB;L1CAM;LMO4;GDI1;RAC3;MAP1A;APBB1;PITPNA;CELSR2;CDK5R1;KIFC2;NLGN3;MAPK8IP3;AMIGO1;LYPLA2;SEMA6C;PAFAH1B1;SEMA4C;ARHGEF25;BRSK1;NOVA2;ZPR1;MAP1B;APLP2;TAOK2;ACTG1;MT3;BSG;NEFH;CHRNB2;EPHA10;EPHB3;THY1;NTN4;CDK5;SLITRK4;EFNA3;SKIL;BMPR2;CERS2;METRN;SEMA4A;SLC9A6;PTPRS;SEMA6B;JUP;SSNA1;C12orf57;EFNB3;VANGL2;TRIM46;PLXNA3;SMN2;ARHGEF40;S100A6;PPP3CB;PGRMC1;CNTNAP1;SMN1;SVBP;TUBB2B;TUBB3;RTN4;SLITRK3;CXCL12;DAG1;GAP43;RAC1;SLITRK1;MAP7D2;CELSR3;OLFM1	Axon development	Inhibitory neuron	primary_sex_adjusted	76	0.000507529272704463	0.00117122139854876	-1.4393406344966	0.00300507341813438	0.00420710278538812	-1.56100859928908	0.00010760037761443	0.000150640528660201	TRUE	TRUE	1	TRUE	TRUE	-1.30449656603548	0.024754592331367	0.0528657395551227	TRUE	TRUE	FALSE	ALS-FTD vs control
Inh_Neurons	ALSFTD_vs_Control	heat_response	1.94300409379393e-06	3.40025716413939e-06	0.627256739718528	-0.507478930699191	-2.09753852294479	73	YWHAE;HDAC6;PRKACA;HSP90AB1;DNAJC7;HSF1;HSPB2;HSPA1A;HSPA1B;DNAJA2;SLU7;IRAK1;ATXN3;HSPB1;DNAJB1;DNAJA1;AKT1;DAXX;EIF2B4;MAP2K7;STUB1;DNAJA4;HSP90AA1;DNAJB6;NOS1;HSBP1;BAG3;SUMO1;IER5;EIF2B5;HSBP1L1;SOD1;TRPV1;HTRA2;DNAJC2;DNAJB4;PDCD6;LRP11	Heat response	Inhibitory neuron	primary_sex_adjusted	76	3.40025716413939e-06	1.36010286565575e-05	-1.70301086312149	0.0020384839932603	0.00356734698820552	-2.10952654878079	1.17038340437399e-06	2.04817095765449e-06	TRUE	TRUE	1	TRUE	TRUE	-1.90718244659724	8.19500943115295e-05	0.000469350540147851	TRUE	TRUE	TRUE	ALS-FTD vs control
Inh_Neurons	ALSFTD_vs_Control	mitochondrial_energy	1e-10	3.5e-10		-0.542571311217533	-2.44052044385131	117	NDUFC1;COX7A1;COX7C;NDUFB1;COX8A;UQCR10;NDUFB3;NDUFA3;UQCRQ;NDUFA1;ATP5F1D;ATP5ME;ATP5MF;NDUFV3;NDUFB10;UQCRH;NDUFS8;NDUFB7;CYCS;MT-ATP8;PINK1;NDUFA2;ATP5IF1;ANTKMT;UQCC3;SLC25A33;NDUFA5;NDUFB2;MLXIPL;COX6A1;CHCHD2;NDUFS6;UQCR11;NDUFS5;MT-ND3;COX6B1;NDUFA11;ISCU;NDUFS7;NDUFA7;MT-ND6;PARK7;NDUFA13;STOML2;ATP5PF;GHITM;NDUFAF1;COX5A;ATP5F1B;DNAJC30;SDHB;AK4;NDUFS2;MT-CO3;MT-CO1;COX5B;SDHD;NDUFB8;ATP5F1E;RHOA;UQCRC1;NDUFC2;NDUFS3;COX7A2L;NDUFA8;MT-ND4L;NDUFA12;ATP5PD;NDUFB11;MT-ND1;COX7A2;MT-ND4;VCP;PPIF;MT-ND2;MT-ND5;ATP7A;NDUFA6;SLC25A51;COX4I1	Mitochondrial energy	Inhibitory neuron	primary_sex_adjusted	76	3.5e-10	1.575e-09	-1.79796886594194	0.000198132138310877	0.000693462484088069	-2.63563742303568	1e-10	7e-10	TRUE	TRUE	1	TRUE	TRUE	-1.45730418298024	0.0112219474240902	0.0282793075087073	TRUE	TRUE	TRUE	ALS-FTD vs control
Inh_Neurons	ALSFTD_vs_Control	protein_folding	1e-10	3.5e-10		-0.46869771299954	-2.26151527693096	189	KHSRP;PFDN6;CANX;NPPC;HSP90AB1;FKBP4;CALR;DNAJC7;HSP90B1;COA3;COX14;HSPA13;PFDN1;DNAJC5;HSPB2;ZPR1;ERP29;BAG4;TBCB;RIC8A;HSPA5;CCDC47;HSPA1A;HSPA1B;DNAJA2;DNAJB2;CDC37L1;NAA10;HSPB1;ANP32E;FKBP1B;FKBP8;DNAJB1;PFDN2;DNAJA1;HSPA9;PDCL2;POFUT2;MESD;TAPBP;PPIA;PPIL2;PPIL3;PPIB;PDIA3;DNAJA4;PPIE;TXNDC5;CLU;HSP90AA1;HSPD1;DNAJB6;DNAJB14;FKBP9;LYRM7;BAG1;SDF2;CCT6A;CLGN;BAG3;RUVBL2;NUDC;AHSA1;TELO2;DNAJC4;VBP1;TBCC;SELENOF;SNRNP70;HSPBP1;HSPE1;PDIA4;ARL2;P4HB;CDC37;MOGS;PBDC1;CRTAP;PFDN5;PPIG;UNC45A;CD74;HSPA14;DNAJC2;MPDU1;PTGES3;DNAJB4;HYPK;GRPEL1;SDHAF4;RIC3;CCT2;QSOX2;CHCHD4;PPIF;P3H1;PPID;ST13;LMAN2L;PPIH;ENGASE;DNAJC18;HSPH1	Protein folding	Inhibitory neuron	primary_sex_adjusted	76	3.5e-10	1.575e-09	-1.98988853744823	1.31791621036323e-07	9.22541347254264e-07	-2.06697346139301	1.5386994020587e-08	5.38544790720544e-08	TRUE	TRUE	1	TRUE	TRUE	-1.78575510193148	1.99995221321742e-05	0.000132628409929155	TRUE	TRUE	TRUE	ALS-FTD vs control
Inh_Neurons	ALSFTD_vs_Control	protein_stabilization	1.26478455293789e-06	2.95116395685508e-06	0.643551836150722	-0.390048925570372	-1.88916036697449	193	SOX4;PFDN6;ATP1B2;HSP90AB1;UBE2B;CALR;MAPK8IP3;USP27X;LAMP1;PFDN1;PPP1CA;BAG4;TAF9B;ZSWIM7;CAMLG;HSPA1A;HSPA1B;PYURF;MT3;PFN2;PIM2;CBL;PRKCD;CDC37L1;DVL1;HSPB1;BAG6;WFS1;CHP1;PFDN2;CBX4;PFN1;IP6K2;STUB1;NOP53;USP19;PINK1;PPIB;SYVN1;CLU;HSP90AA1;HSPD1;GTPBP4;USP36;DVL3;COA8;BAG1;RTN4;HIP1R;CCT6A;BAG3;RUVBL2;TELO2;WNT10B;PARK7;VBP1;SUMO1;TAF9;ATP1B1;CDC37;RPL23;VHL;HCFC1;ATP1B3;CRTAP;STX12;CTNND1;RAB21;PFDN5;POLR2E;UFL1;UXT;CD74;GAPDH;MORC3;GLMP;FLOT2;PTGES3;HYPK;NCLN;PAQR4;CCT2;PEX6	Protein stabilization	Inhibitory neuron	primary_sex_adjusted	76	2.95116395685508e-06	9.37428551001025e-06	-1.66735474592629	0.000335806172370095	0.000783547735530222	-1.91307603313533	5.27190510844471e-07	1.23011119197043e-06	TRUE	TRUE	1	TRUE	TRUE	-1.53762881127838	0.000891381276513972	0.00340345578305335	TRUE	TRUE	TRUE	ALS-FTD vs control
Inh_Neurons	ALSFTD_vs_Control	small_GTPase	0.0851318944844125	0.0993205435651479	0.165656695205483	-0.228915980116483	-1.18944005680658	401	NUCB1;LIMK1;GNB1;GDI1;RAC3;NISCH;SGSM3;RHEBL1;LZTR1;HRAS;SPRY1;DVL2;CADM4;GIPC1;ARHGAP1;HACD3;RUNDC3A;ARHGEF25;SPRY2;TNFAIP1;PPP2CB;ARHGDIA;DIRAS3;MFN2;PPP1CA;DIRAS1;ITGA3;ARL3;RND3;CRK;ARHGDIG;GIT1;ARFGAP1;CFL1;RND2;KCTD13;RAPGEFL1;RHOB;RAB4B;GRB2;MMD2;BRK1;ARHGAP33;MADD;LAT;CDC42EP4;STMN3;RASGRP2;DHCR24;CHP1;OBSCN;RIT1;SIAH2;CSNK1E;ADGRG1;ARHGEF4;RAB35;GABARAP;PLD2;NKIRAS1;RASA4;RALA;ARHGEF40;SIPA1L3;GMIP;ARHGEF28;SH2D3C;PRAG1;DEF6;DVL3;TNK2;ARHGEF18;RTN4;EPS8L2;KBTBD7;DAG1;DENND4B;RAB33B;RAC1;KBTBD6;KRAS;PARK7	Small GTPase	Inhibitory neuron	primary_sex_adjusted	76	0.0993205435651479	0.137520752628666	-1.17749911346353	0.0966587112171838	0.0966587112171838	-1.2512620389137	0.0309104003974817	0.036062133797062	TRUE	TRUE	1	TRUE	FALSE	-1.11743578278355	0.180537772087068	0.264508828871751	TRUE	FALSE	FALSE	ALS-FTD vs control
Inh_Neurons	ALSFTD_vs_Control	synapse_junction	0.141317365269461	0.141317365269461	0.125033367555272	-0.220943362984796	-1.14399728442924	389	UBE2M;PCDHB10;CLSTN3;SPOCK2;VEGFA;CASKIN1;ACTB;VPS35;RAC3;PRKACA;HAPLN4;CLSTN1;EIF4G1;CAMSAP3;NLGN3;NCKIPSD;OCEL1;AMIGO1;SEMA4C;PPP1R9B;NEDD8;PCDHB14;FSCN1;SLC12A5;MAP1B;LRRC4;CRK;CFL1;PCDHB16;TAOK2;LRRC4B;ACTG1;LRFN4;ACHE;CHD4;SFRP1;CHRNB2;DVL1;PCDH17;ZDHHC8;ARHGAP33;EPHB3;GPM6A;THY1;CDK5;PDZD11;SLITRK4;SEMA4A;FLOT1;PTPRS;JUP;CDH3;VSIG10;SKP1;PLXNA3;POLDIP2;LIN7B;IL1RAPL2;DMTN;CBLN4;ZNF703;LGI2;PIP5K1A;CNTNAP1;SIGMAR1;PCDHB9;RTN4;SLITRK3;IGLON5;DAG1;GAP43;RAC1;SLITRK1;DUSP3;PDLIM5;PTPRA;RAB40C;PLXNC1;ARL2;CBLN1;MYO1C;NLGN2;PCDHB3;ASIC1;ICAM5;ARF6;RELN;LRFN1;PPM1F;GABRA1;LRFN3;RHOA;SRGAP2B;DAPK3;RNF7;SLC9A1;NUMBL;ITGB1BP1	Synapse/junction	Inhibitory neuron	primary_sex_adjusted	76	0.141317365269461	0.207046372371536	-1.2415014265421	0.0419664268585132	0.0489608313349321	-1.22333090162776	0.0474254742547426	0.0474254742547426	TRUE	TRUE	1	TRUE	FALSE	-1.01911972603553	0.421855146124524	0.499774989272744	TRUE	FALSE	FALSE	ALS-FTD vs control
Inh_Neurons	ALS_vs_ALSFTD	axon_development	0.263414634146342	0.307317073170732	0.0870515867946735	0.220044389729446	1.0868957664502	330	KIF5A;MEGF8;RAB3A;CDK5R1;AMIGO1;MAP1A;L1CAM;PAFAH1B1;CELSR2;CSPG5;PGRMC1;RAC3;GDI1;CDK5R2;SLITRK4;APLP2;LIMK1;RTN4;EFNB3;SLC9A6;PITPNA;NOVA2;TUBB2B;NEFH;RAC1;PPP3CB;ARHGEF25;ACTG1;EFNA3;SLITRK3;MAP1B;LMO4;LYPLA2;THY1;MAPK8IP3;ARHGEF40;ACTB;APBB1;ZPR1;EPHB6;BSG;SLITRK2;PTN;SLITRK1;MAP7D2;SEMA4C;CHRNB2;FEZ1;BRSK1;SEMA6B;KIFC2;SEMA4A;APOE;CELSR3;METRN;SSNA1;TAOK2;ULK1;USP33;BRSK2;TUBB3;RUFY3;TRIM46;RAB8A;APLP1;SEMA6C;RTCA;RTN4R;SEMA4G;SCN1B;SVBP;INPP5F;RET;OLIG1;S100B;CERS2;PRKCQ;MT3	Axon development	Inhibitory neuron	primary_sex_adjusted	76	0.307317073170732	0.338675958188153	1.17311600396186	0.12079701120797	0.169115815691158	1.1988560542746	0.0894308943089431	0.12520325203252	TRUE	TRUE	0.986842105263158	TRUE	FALSE	1.11510500284991	0.199430199430199	0.276923076923077	TRUE	FALSE	FALSE	ALS vs ALS-FTD
Inh_Neurons	ALS_vs_ALSFTD	heat_response	0.00084352069987263	0.0014761612247771	0.477270815362862	0.428543628245253	1.71381961398649	73	HSP90AB1;YWHAE;DNAJA2;MAP2K7;HDAC6;PRKACA;DNAJC7;SLU7;HSF1;DNAJA1;ATXN3;HSBP1;AKT1;HSPB2;STUB1;PDCD6;HTRA2;HSP90AA1;SUMO1;EIF2B4;EIF2B5;PSIP1;DNAJA3;TRPV1;EIF2S1;NOS1;DHX36;EIF2B1;DNAJB6;VCP;DNAJB4;EIF2B2;IRAK1;TPR	Heat response	Inhibitory neuron	primary_sex_adjusted	76	0.0014761612247771	0.00247171181823143	1.72601184420123	0.00105242693306683	0.00245566284382261	1.51092610734283	0.0136536080220079	0.0238938140385138	TRUE	TRUE	1	TRUE	TRUE	1.36002562457846	0.0436974789915966	0.0834224598930481	TRUE	TRUE	FALSE	ALS vs ALS-FTD
Inh_Neurons	ALS_vs_ALSFTD	mitochondrial_energy	0.018013333430397	0.0252186668025558	0.352487857583619	0.325951146098272	1.40851512715342	117	NDUFC1;NDUFA5;CYCS;RHOA;NDUFS1;MT-ATP8;COX7C;PPIF;ISCU;UQCRH;ATP5F1D;GHITM;MT-CO1;UQCR10;UQCC3;NDUFA1;MT-ND6;MLXIPL;MT-CO3;NDUFS2;NDUFV3;MT-ND3;PINK1;COX7A2L;MT-ND4L;COX8A;SLC25A51;MT-ND5;AK4;DNAJC30;ETFRF1;COX7A1;VCP;MT-ND4;NDUFB1;ATP5MF;NDUFA7;NDUFB10;MT-CO2;ATP5PF;NDUFA8;MT-ND2;ANTKMT;STOML2;TEFM;NDUFAF1;MT-ND1;SDHC;NDUFB3;SNCA;CHCHD2;NDUFC2;SDHA;C2orf69;DGUOK;UQCRC1;SLC25A33;NDUFS8;ATP5F1B;NDUFS6;MT-ATP6;ATP7A	Mitochondrial energy	Inhibitory neuron	primary_sex_adjusted	76	0.0252186668025558	0.0378280002038337	0.894988533094287	0.692957746478873	0.701946472019465	1.70880265082448	0.000576680693266258	0.00134558828428793	TRUE	TRUE	1	TRUE	TRUE	-2.02768470941996	1.36315253974076e-06	1.19744266868312e-05	FALSE	FALSE	FALSE	ALS vs ALS-FTD
Inh_Neurons	ALS_vs_ALSFTD	protein_folding	2.39880014381252e-10	1.67916010066876e-09	0.814035837847908	0.462395048497988	2.15320638292248	189	KHSRP;CANX;HSPA13;HSP90AB1;NPPC;ANP32E;CALR;DNAJA2;DNAJB2;FKBP4;FKBP1B;PFDN6;MESD;DNAJC7;BAG4;ERP29;HSPA9;DNAJB14;LYRM7;DNAJC5;TAPBP;CCDC47;DNAJA1;HSP90B1;SDF2;VBP1;CHCHD4;CDC37L1;CCT6A;PPIL2;PFDN1;BAG5;FKBP8;ZPR1;PPIG;PPIL3;POFUT2;HSPB2;DNAJC18;PTGES3;HSPA5;CLPX;GRPEL1;COA3;PPIF;UNC45A;HSP90AA1;TELO2;NUDC;RIC8A;SDF2L1;P3H1;TXNDC5;P4HB;TBCC;TOR1A;PDIA3;TBCB;BAG1;DNAJA3;MOGS;PPIB;PDIA4;PPID;DNAJC21;DNAJC4;PPIH;PFDN2;PBDC1;PEX19;PDRG1;SELENOF;CLU;SNRNP70;DNAJB6;CDC123;HSPA14;ST13;TRAP1;PPIE;CDC37;DNAJB4;CRTAP	Protein folding	Inhibitory neuron	primary_sex_adjusted	76	1.67916010066876e-09	3.35832020133752e-09	2.11449482404579	1.98426895664663e-09	1.38898826965264e-08	1.93909795523603	7.00098262362318e-07	4.90068783653622e-06	TRUE	TRUE	1	TRUE	TRUE	1.55670021514161	0.00112919784891163	0.00418467438126076	TRUE	TRUE	TRUE	ALS vs ALS-FTD
Inh_Neurons	ALS_vs_ALSFTD	protein_stabilization	0.000137214419306742	0.000480250467573597	0.518848077743792	0.361597817091606	1.6835652199666	193	ATP1B2;SOX4;HSP90AB1;UBE2B;CALR;PFDN6;USP27X;GTPBP4;CAMLG;PYURF;WFS1;BAG4;RTN4;UFL1;COA8;TAF9;MAPK8IP3;PFN2;ATP1B1;CBX4;VBP1;DVL1;TAF9B;STX12;CDC37L1;NOP53;CCT6A;PFDN1;BAG5;PPP1CA;VHL;PTGES3;STUB1;PIM2;HSP90AA1;TBRG1;TELO2;USP36;GET1;SUMO1;PHB2;P3H1;DVL3;POLR2E;LAMP1;USP33;BAG1;DNAJA3;PPIB;DNAAF2;BAG6;RPL23;PFDN2;PRKCD;MT3;PINK1;HCFC1;PEX19;NAPG;CREBL2;RAB21;PDRG1;IP6K2;CLU	Protein stabilization	Inhibitory neuron	primary_sex_adjusted	76	0.000480250467573597	0.000540281776020296	1.71881713105358	5.38129227289037e-05	0.000188345229551163	1.77477787545019	2.58386417096012e-05	9.04352459836042e-05	TRUE	TRUE	1	TRUE	TRUE	1.21846805162677	0.0959752321981424	0.16565588023241	TRUE	TRUE	FALSE	ALS vs ALS-FTD
Inh_Neurons	ALS_vs_ALSFTD	small_GTPase	0.655875299760192	0.655875299760192	0.0415717899246479	0.185471810687691	0.931207946766233	401	NUCB1;DIRAS3;SPRY1;HACD3;ARL3;GIT1;DIRAS1;STMN3;HRAS;RAC3;TNFAIP1;GDI1;CADM4;LIMK1;GIPC1;RTN4;NISCH;MFN2;EPS8L2;RND2;RAC1;ARHGEF25;BRK1;RAB35;RAB18;GRB2;ARHGEF40;RUNDC3A;NKIRAS1;ARHGDIA;RHOA;ARFGAP1;SGSM3;GNB1;RHEBL1;KBTBD6;RAB39B;GABARAP;CFL1;ARHGAP33;ARHGAP19;KRAS;PPP1CA;RAPGEFL1;ARHGDIG;RHOBTB2;KBTBD7;SH2D3C;RND3;DVL2;ITGA3;PPP2CB;DHCR24;ARHGAP8;RHOB;CSNK1E	Small GTPase	Inhibitory neuron	primary_sex_adjusted	76	0.655875299760192	0.700341421777832	0.919098931962447	0.701946472019465	0.701946472019465	0.939873019937747	0.644385026737968	0.644385026737968	TRUE	TRUE	0.81578947368421	FALSE	FALSE	-1.11817217261022	0.143884892086331	0.216049382716049	FALSE	FALSE	FALSE	ALS vs ALS-FTD
Inh_Neurons	ALS_vs_ALSFTD	synapse_junction	0.000661910859156033	0.0014761612247771	0.477270815362862	-0.245529557981287	-1.40754292485231	389	SDC2;CDH13;IL1RAP;EFNA5;PRKCA;PUM2;IGSF11;CDH18;LIMCH1;CSMD2;IL1RAPL1;AFDN;OPHN1;PLXNA4;DRD2;EPHB2;LRRTM3;HTR4;PEAK1;RAB17;SYNDIG1;NEGR1;BCR;SRGAP3;FGF13;ARHGAP32;RAPGEF1;LSAMP;ROCK1;STAU2;NTRK3;RTN4RL1;ABL1;NLGN4X;MPDZ;NRG3;OCLN;RYK;LIN7A;OGT;PLXNA2;PTK2;DRD1;DST;SDK1;NTM;ARHGEF7;EPB41L3;RAPGEF2;SHANK3;SMAD3;SMAD7;NRCAM;LAMC1;DNER;EPHA3;GABRG3;FER;OPCML;NRXN3;DLC1;DSCAM;TJP1;GABRA5;PTPRJ;KIRREL3;NLGN1;CDH22;GABRB2;SHANK2;CCDC141;TSPAN11;IKBKB;PKP4;MACF1;ROCK2;ADGRL3;TBCD;RAP1A;PTPRD;ANK2;GPHN;ERBB4;NECTIN3;ARMCX5-GPRASP2;FLCN;GABRB3;SRC;GNA13;CLSTN2;VLDLR;CLASP1;CDHR3;MYCBP2;DOCK4;EPHA7;CDH2;ADNP;GABRA4;ECT2;VCL;ASIC2;GABRA3;CNTNAP2;VSTM5;STRN;PKN2;PCLO;CDH11;LRFN5;CDH7;MPP7;RCC2;CPEB3;IQSEC2;TLN2;THBS2;ELMO1;PKP2;LSR;ST8SIA2;PLXNA1;PARD3;NTNG2;CTNNB1	Synapse/junction	Inhibitory neuron	primary_sex_adjusted	76	0.0014761612247771	0.00208501920634151	-1.2765159414222	0.00589208793222767	0.0103111538813984	-1.09296070219254	0.164658634538153	0.192101740294511	TRUE	TRUE	1	TRUE	TRUE	-1.35422399626826	0.00200852306508133	0.00665983963684863	TRUE	TRUE	TRUE	ALS vs ALS-FTD
Inh_Neurons	ALS_vs_Control	axon_development	2.94970428763362e-05	6.88264333781178e-05	0.575610261071129	-0.301033658841409	-1.63376285628688	330	PRKCA;MAP6;GLI2;PTPRM;TNR;PLXNC1;VEGFA;DAG1;EPHB2;EPHA3;STK24;DSCAML1;ABL1;UNC5D;DNM2;EPHB3;GSK3B;PTPRS;PTK7;NLGN3;RYK;AUTS2;EVL;SEMA5B;FGF13;EFNB2;NTRK2;MARK2;SCN11A;NFIB;BMPR2;RTN4RL1;NTNG1;MAP3K13;MAP2;NTN1;KLF7;PLXNA4;NRP2;SLIT1;TENM3;SMURF1;PTCH1;UNC5C;CRTAC1;DPYSL5;SEMA6C;CDHR2;EPHA5;WNT5A;MACF1;TWF2;CDK5;CTNNA2;PTPRJ;SEMA6D;DCC;CYFIP1;EPHA6;NTN4;DRD2;PAK3;SKIL;EPHA10;LRRC4C;JUP;SCARF1;ROBO1;C12orf57;ECE1;PLXNA3;APP;UNC5A;EFNA5;TRIO;KIFC2;DCLK1;PALLD;MT3;ACTB;OPHN1;PRKG1;NRCAM;ROBO2;SMN1;EPHA4;TENM4;S100A6;ADGRB1;MYCBP2;DSCAM;PARD3;DCHS2;CDK5R2;JAK2;TNFRSF21;TRPV2;SLIT3;MAP1S;NTNG2;TIAM2;PAK1;SPTBN4;TRPC5;VASP;PUM2;RGMA;RELN;NPTN	Axon development	Inhibitory neuron	primary_sex_adjusted	76	6.88264333781178e-05	0.00016159249575732	-1.68831587527365	3.02854253112514e-06	7.066599239292e-06	-1.69673991243812	3.24911976426851e-06	5.68595958746989e-06	TRUE	TRUE	1	TRUE	TRUE	-1.3714852364986	0.00640028796310299	0.0175312235511082	TRUE	TRUE	TRUE	ALS vs control
Inh_Neurons	ALS_vs_Control	heat_response	0.125550660792952	0.175770925110132	0.186432558434075	-0.291912573310749	-1.23798434652311	73	HSPA1A;HSPA1B;ANO1;BAG3;GSK3B;HSPB1;CREBBP;DNAJA4;MAPKAPK2;SCN11A;DAXX;CLPB;TRPM2;DNAJB1;IRAK1;SOD1	Heat response	Inhibitory neuron	primary_sex_adjusted	76	0.175770925110132	0.190594979035083	-0.970157583408245	0.50219298245614	0.50219298245614	-1.53785406662458	0.00525012543235375	0.00735017560529525	TRUE	TRUE	0.986842105263158	TRUE	FALSE	-1.48578396292761	0.0240624029218192	0.0522734960025728	TRUE	FALSE	FALSE	ALS vs control
Inh_Neurons	ALS_vs_Control	mitochondrial_energy	1e-10	7e-10		-0.539015608485314	-2.51890579217429	117	ATP5ME;NDUFA3;COX6C;NDUFB2;ATP5PD;UQCRQ;NDUFV2;COX5B;COX7B;NDUFA11;ATP5F1E;UQCR11;COX7A1;NDUFB3;ATP5IF1;NDUFB9;COX7A2;COX5A;NDUFS5;PARK7;NDUFS3;NDUFB4;NDUFB7;NDUFAB1;NDUFB1;COX6A1;NDUFS8;NDUFA2;NDUFB6;COX8A;ATP5PO;SDHB;ATP5MG;COX4I1;COX6B1;SLC25A33;NDUFS7;UQCC2;NDUFS4;NDUFS6;NDUFB8;NDUFA12;NDUFA13;ATP5MF;NDUFB10;CHCHD2;UQCRFS1;UQCR10;ANTKMT;NDUFB11;NDUFA1;NDUFA6;SDHD;ATP5F1B	Mitochondrial energy	Inhibitory neuron	primary_sex_adjusted	76	7e-10	1.575e-09	-2.38928177020675	1.47699839162595e-10	1.03389887413817e-09	-2.53472646026397	1e-10	7e-10	TRUE	TRUE	1	TRUE	TRUE	-3.21176763803904	1e-10	3.15e-09	TRUE	TRUE	TRUE	ALS vs control
Inh_Neurons	ALS_vs_Control	protein_folding	0.175313059033989	0.204531902206321	0.13880510939114	0.228830531449634	1.1383072642904	189	APLF;HSPA13;DNAJA3;ANP32E;BAG5;LMAN1;TOR1A;CHCHD4;MESD;DNAJA2;ATF6;DNAJB2;CLPX;DNAJC18;DNAJB14;FKBP1B;PEX19;TRAP1;HSP90AB1;SDF2L1;PPIG;LYRM7;HSPA9;PTGES3;PPIF;VBP1;SDF2;GRPEL1;CANX;PDRG1;GRPEL2;P3H1;NUDCD2;TAPBP;CCT6A;UNC45A;CALR;RANBP2;DNAJC21;TSC1;DNAJC10;GFER;NKTR;PFDN4;DNAJA1;ERO1B;PDCD5;CRYAB	Protein folding	Inhibitory neuron	primary_sex_adjusted	76	0.204531902206321	0.242741158662447	1.28372583716559	0.0483005366726297	0.0676207513416816	-1.00466284389011	0.435955056179775	0.435955056179775	TRUE	FALSE	1	TRUE	FALSE	-1.27280471888599	0.0621669626998224	0.11190053285968	FALSE	FALSE	FALSE	ALS vs control
Inh_Neurons	ALS_vs_Control	protein_stabilization	0.231597845601436	0.231597845601436	0.118815039412263	0.220805366420776	1.10058935050927	193	GET1;UFL1;DNAJA3;CEP63;GTPBP4;BAG5;TBRG1;STK3;RTN4;PIK3R1;USP33;ATP1B2;C10orf90;PEX19;ATP1B1;LAMP2;TAF9;STX12;COA8;DNAAF2;SEL1L;PRKRA;HSP90AB1;HPS4;PTGES3;TAF1;PHB2;USP2;VBP1;ZBED3;OTUD3;SAV1;WFS1;UBE2B;PDRG1;ATM;P3H1;CCT6A;CALR;VHL;PYURF;CREBL2;CAMLG;MDM4;TSC1	Protein stabilization	Inhibitory neuron	primary_sex_adjusted	76	0.231597845601436	0.31377772629872	1.10743562595476	0.224778761061947	0.262241887905605	-1.0319312572976	0.375275938189845	0.435955056179775	TRUE	FALSE	1	TRUE	FALSE	-1.51769878399767	0.00190792135365198	0.00649724569081485	FALSE	FALSE	FALSE	ALS vs control
Inh_Neurons	ALS_vs_Control	small_GTPase	0.000353897569194573	0.000619320746090503	0.49849310876659	-0.269470523885782	-1.48527517856224	401	CCNA2;RASGRF1;DAG1;EPHB2;ARHGAP27;CYTH2;ABL1;ARHGAP22;RALA;LZTR1;TNK2;PARK7;FARP1;GNA12;AUTS2;MCF2L;SRGAP3;KSR1;RAB15;CRK;DOK3;ARRB1;NTN1;SYNPO2;RALGPS1;STARD13;SIPA1L3;KCTD13;BCR;DENND1A;RND1;CYTH3;VAV2;CDKN2A;DEF6;FGD1;NF1;SPRY4;CHP1;NGF;MMD2;HEG1;LAT;ARHGAP1;RAB39A;DBNL;IQSEC1;WNT5A;TEK;ARHGAP25;RASGEF1C;DOK7;CYFIP1;DOCK3;KCTD10;MAPKAP1;TGFB2;SRC;DENND4B;ARHGAP6;RAPGEF4;SOS2;SCAI;ARHGEF4;ARHGAP31;ROBO1;TAX1BP3;RASGRF2;DNMBP;RRAS2;DLC1;NGEF;TRIO;BRAP;SRGAP2;OBSCN;RABIF;RIPOR1;SYNGAP1;RASA4;TSC2;F2R;LARGE1;GNB1;OPHN1;CUL3;DOCK8;RAPGEF1;KSR2;RAB9A;CDC42SE2;RGL1;ARHGEF10L;WNK1;RASGRP2;DVL2;ABCA1;IQSEC2;VAV3;IGF1;SPRY2;RAP1GAP;SGSM3;TIAM2;RAF1;RHEBL1;GIT2;SWAP70;RELN;RAP1A;PLD2;ARHGAP20;FLCN;DAB2IP;RAB4B;GDI2;ARHGEF28;RALGAPA1;ARHGAP35	Small GTPase	Inhibitory neuron	primary_sex_adjusted	76	0.000619320746090503	0.00117122139854876	-1.58985933145282	1.08322939099486e-05	1.89565143424101e-05	-1.70589208479333	1.10438035752929e-06	2.57688750090168e-06	TRUE	TRUE	1	TRUE	TRUE	-1.33655253383239	0.00748137059847637	0.0200564403278303	TRUE	TRUE	TRUE	ALS vs control
Inh_Neurons	ALS_vs_Control	synapse_junction	2.42292145532268e-08	8.48022509362937e-08	0.73376198835648	-0.330846953879375	-1.81963152417454	389	PRKCA;ST8SIA2;PLXNC1;VEGFA;DAG1;PLXNA2;SHANK2;EPHB2;SMAD7;EPHA3;PLXNA1;ABL1;IL1RAPL1;GABRG3;CORO2B;IGSF11;EPHB3;IL1RAPL2;OCLN;ASIC2;ERBB4;STAU2;CLSTN2;PTPRS;FARP1;NLGN3;SDK1;RYK;SRGAP3;FGF13;CRK;EFNB2;IKBKB;DRD1;LRFN3;RTN4RL1;SHANK3;ADGRL2;NTN1;CNTNAP2;PLXNA4;BCR;PCLO;LRFN5;SLIT1;LSR;VSTM5;DNER;FN1;SRGAP2C;MDGA1;SYNDIG1;CRTAC1;CTNNB1;SLC9A1;OPCML;VCL;VLDLR;RCC2;LAMC1;DBNL;PEAK1;PCDHB14;WNT5A;MACF1;LRRTM4;LSAMP;SLK;TEK;CDK5;GABRA5;PTPRJ;LRRTM3;NECTIN3;EPB41L3;DRD2;SDK2;SRC;TSPAN11;CDH4;ARHGAP6;PKN2;ADGRL3;JUP;ARL2;GPM6A;PATJ;IL1RAP;PLXNA3;KIRREL3;APP;PKP2;GRIA1;GABRB3;EFNA5;MARK1;NTM;BSN;DLC1;ANK2;SRGAP2;ACTB;CDH11;COL16A1;CCDC141;GABRA3;OPHN1;RAPGEF1;NRCAM;ROBO2;NTRK3;MPDZ;PDLIM5;AGRN;MYCBP2;DSCAM;PARD3	Synapse/junction	Inhibitory neuron	primary_sex_adjusted	76	8.48022509362937e-08	2.18062930979041e-07	-1.88089877408087	1.43955870311125e-09	5.03845546088937e-09	-1.9136205847847	1.32161283639014e-09	4.62564492736548e-09	TRUE	TRUE	1	TRUE	TRUE	-1.47720240167457	0.000486669882028031	0.00203734040825289	TRUE	TRUE	TRUE	ALS vs control
Microglia	ALSFTD_vs_Control	axon_development	0.0195438539397109	0.037747900746557	0.352487857583619	-0.312990106208715	-1.43163298925494	137	ACTB;ARHGAP35;MAP1B;NRP2;LMO4;GRN;APLP2;STXBP1;GAP43;PITPNA;CXCL12;KIF21A;ULK2;DNM2;APP;CHN1;ACTG1;SCN1B;SEMA6D;PAFAH1B1;THY1;USP33;PTK2;RTN4;ARHGAP4;ABL1;MAP3K13;KIF5C;SLIT2;RAC1;CNTN5;INPP5F;ARHGEF40;CSF1R;CAMSAP2;PTPRM;EVL;KIF5B;DCLK1;NRCAM;RAB10	Axon development	Microglia	primary_sex_adjusted	36	0.037747900746557	0.0400956235977942	-1.58188464149688	0.00100339911487853	0.00175594845103743	-2.04318063072391	1.61020292509398e-07	1.12714204756579e-06	TRUE	TRUE	1	TRUE	TRUE	-1.21925410818682	0.108148148148148	0.180742334588488	TRUE	TRUE	FALSE	ALS-FTD vs control
Microglia	ALSFTD_vs_Control	heat_response	0.584120982986768	0.681474480151229	0.0683110858318647	-0.256929740677511	-0.925677840889623	35	HSP90AB1;HIKESHI;SOD1	Heat response	Microglia	primary_sex_adjusted	36	0.681474480151229	0.651039697542533	-1.24853686786482	0.143333333333333	0.167222222222222	0.937086120129355	0.563674321503132	0.789144050104384	TRUE	FALSE	0.888888888888889	FALSE	FALSE	-1.18860130149781	0.223985890652557	0.297137956908565	TRUE	FALSE	FALSE	ALS-FTD vs control
Microglia	ALSFTD_vs_Control	mitochondrial_energy	0.0331668222861025	0.0464335512005436	0.321775918075361	-0.426204019391856	-1.56204289000566	38	NDUFC2;NDUFB8;COX4I1;ATP5F1D;NDUFV1;NDUFA13;ATP5F1B;COX5B;ATP5F1A;ATP5F1E;CHCHD2;UQCRH;SDHB;ATP5IF1;MT-CO3;NDUFV3;NDUFS4;MLXIPL;UQCRC2	Mitochondrial energy	Microglia	primary_sex_adjusted	36	0.0464335512005436	0.0623734269858048	-2.03802543578591	1.49316248623322e-05	0.000104521374036325	-1.21036370975336	0.15678776290631	0.274378585086042	TRUE	TRUE	1	TRUE	FALSE	-1.4283719404629	0.051056338028169	0.0946043910521955	TRUE	FALSE	FALSE	ALS-FTD vs control
Microglia	ALSFTD_vs_Control	protein_folding	0.00456264810189267	0.0159692683566243	0.407017918923954	-0.401394254434984	-1.67016522363811	73	CD74;PPIB;HSP90AB1;CALR;GRN;HSP90B1;CLU;MESD;HSPA9;LMAN1;PPIA;PDIA3;TUBA1A;PDIA6;HSPA8;TAPBP;CANX	Protein folding	Microglia	primary_sex_adjusted	36	0.0159692683566243	0.0117325236905812	-1.7886994049735	0.000251481476435532	0.000586790111682909	0.76800389260334	0.920600858369099	0.920600858369099	TRUE	FALSE	1	TRUE	FALSE	-1.66899849758439	0.00233368860783199	0.00751372459390787	TRUE	FALSE	FALSE	ALS-FTD vs control
Microglia	ALSFTD_vs_Control	protein_stabilization	0.0012580520887282	0.0088063646210974	0.45505986738723	-0.392577901669366	-1.69666437938346	90	CD74;PPIB;HSP90AB1;TYROBP;CALR;LAMP1;GRN;ATP1B1;PER3;URI1;CLU;PFN1;CTNND1;GAPDH;TUBA1A;AAK1;UFL1;USP33;RTN4;PPP1R10;CCNH;RASSF1;IP6K2;TMC6;TBRG1;MORC3;UBE2B;MDM4;CCT4;ANK2;HSP90AA1;HSPD1;CREB1	Protein stabilization	Microglia	primary_sex_adjusted	36	0.0088063646210974	0.00360260370863076	-1.80058290600455	9.18615170797779e-05	0.000321515309779223	-0.879797493758989	0.722433460076046	0.842839036755387	TRUE	TRUE	1	TRUE	TRUE	-1.41913256797137	0.0291720561112835	0.0604681854215715	TRUE	TRUE	FALSE	ALS-FTD vs control
Microglia	ALSFTD_vs_Control	small_GTPase	0.0215702289980326	0.037747900746557	0.352487857583619	0.256301428040511	1.28519068439158	209	PLEKHG1;ARFGEF1;FARP1;PREX1;ABCA1;ITGAV;ROCK1;CYTH1;RASGRP3;RALA;DOCK7;RALGAPA2;ITSN1;PIK3CG;RAB12;PLD1;LRRK2;FGD4;SHTN1;RAB21;ROBO1;PSD3;RAF1;DOCK11;MYO6;SIPA1L2;DOCK3;DENND4C;TRIO;EPS8;STARD13;SWAP70;DOCK2;DOCK10;ELMO1;FARP2;MAPKAP1;ARAP1;CYTH3;MYO9B;CUL3;ABR;ARHGAP6;ARHGEF11;MYO9A;SHOC2;DENND3;AUTS2;CDH13	Small GTPase	Microglia	primary_sex_adjusted	36	0.037747900746557	0.0431404579960652	1.25452251690512	0.0158302958907899	0.0221624142471059	1.23552051309585	0.0602678571428571	0.140625	TRUE	TRUE	1	TRUE	TRUE	1.04420863143023	0.336309523809524	0.415441176470588	TRUE	TRUE	FALSE	ALS-FTD vs control
Microglia	ALSFTD_vs_Control	synapse_junction	0.698795180722892	0.698795180722892	0.0714786287425507	0.189068897588671	0.90164593060276	158	AFDN;SDK1;FARP1;PRKCH;ROCK1;DSCAM;PTEN;CTNNA1;HIPK1;CLASP1;PTPRA;TBCD;CTNNB1;TLR2;STRN;SORBS1;PDLIM5;ANKRD28;DNM3;DOCK10;ELMO1;TLN2;ROBO2;RCC2;PTK2B;ARHGAP6;MYO9A;IL1RAPL1;GRID2;CDH13;MACF1;APC;PLXNC1	Synapse/junction	Microglia	primary_sex_adjusted	36	0.698795180722892	0.739900779588944	1.07403632881037	0.25830258302583	0.25830258302583	-1.52515377807751	0.00289148395143456	0.010120193830021	TRUE	FALSE	0.888888888888889	FALSE	FALSE	1.05547185413845	0.288819875776398	0.363913043478261	TRUE	FALSE	FALSE	ALS-FTD vs control
Microglia	ALS_vs_ALSFTD	axon_development	0.554012345679012	0.554012345679012	0.0610363728309177	0.215906062489487	0.959028199038673	137	ACTB;APLP2;LMO4;GRN;NRP2;ACTG1;GAP43;ARHGEF40;APP;MAP1B;PITPNA;KIF5B;CHN1;DNM2;STXBP1;ULK2;USP33;GOLGA4;KIF21A;PTK2;THY1;RAC1;ADNP;EVL;SIPA1L1;APOE;ABL1;PAFAH1B1;ARHGAP4;CCK;INPP5F;PUM2;SLIT2;MAP3K13;SCN1B;RYK;MAPK8IP3;PPP3CB;SEMA4D;RTN4;SEMA6D;KIF5C;CXCL12	Axon development	Microglia	primary_sex_adjusted	36	0.554012345679012	0.623263888888889	1.19176646743003	0.131934032983508	0.177966101694915	1.17799209980394	0.142857142857143	0.25	TRUE	TRUE	0.916666666666667	TRUE	FALSE	1.20227502812136	0.113564668769716	0.183450618781849	TRUE	FALSE	FALSE	ALS vs ALS-FTD
Microglia	ALS_vs_ALSFTD	heat_response	0.325358851674641	0.379585326953748	0.115240003147781	-0.300572625814986	-1.09876129197531	35	CREBBP;DNAJB6;MTOR;GSK3B;CLPB;ATM;CHORDC1;TRPM2;HDAC2;HSPA1B;HSPA1A	Heat response	Microglia	primary_sex_adjusted	36	0.379585326953748	0.409952153110048	0.947763179152598	0.523890784982935	0.523890784982935	-1.36481573550054	0.0812641083521445	0.18961625282167	FALSE	TRUE	0.972222222222222	TRUE	FALSE	0.919775847968265	0.569642857142857	0.635176991150443	FALSE	FALSE	FALSE	ALS vs ALS-FTD
Microglia	ALS_vs_ALSFTD	mitochondrial_energy	0.0129527901623821	0.0453347655683372	0.380730400722792	0.445057482148301	1.60689711686938	38	NDUFC2;ATP5F1D;NDUFS4;SDHB;COX4I1;NDUFA13;ATP5F1E;NDUFB8;CHCHD2;MT-CO3;SDHC;NDUFV3;VCP;NDUFV1;COX5B;ATP5IF1;MT-CO1;UQCRH	Mitochondrial energy	Microglia	primary_sex_adjusted	36	0.0453347655683372	0.0284132757301231	2.14866943408782	3.29377499343648e-06	2.30564249540554e-05	1.67287789193899	0.00362092445555963	0.0213659968749858	TRUE	TRUE	1	TRUE	TRUE	1.12474996099708	0.280762564991335	0.357334173625335	TRUE	TRUE	FALSE	ALS vs ALS-FTD
Microglia	ALS_vs_ALSFTD	protein_folding	0.0442401575287968	0.0774202756753945	0.321775918075361	0.344401968401347	1.39383447555278	73	CD74;PPIB;MESD;GRN;CANX;HSP90AB1;HSP90B1;CALR;PPIA;ATF6;TAPBP;CLU;TUBA1A;DNAJC7;DNAJC10;CWC27;SACS;PDIA3;LMAN1;ERO1A;SELENOF;CDC123;PFDN1;HSPA8;ERO1B;HSPA9;ST13;CCT4;PDIA6;HSPA5;RANBP2;FKBP1A	Protein folding	Microglia	primary_sex_adjusted	36	0.0774202756753945	0.0796322835518343	1.59977398193346	0.00399231708915609	0.0093154065413642	0.921007114031674	0.60392798690671	0.704582651391162	TRUE	TRUE	1	TRUE	FALSE	1.33623211503982	0.053156146179402	0.0970677451971688	TRUE	FALSE	FALSE	ALS vs ALS-FTD
Microglia	ALS_vs_ALSFTD	protein_stabilization	2.64348096801647e-05	0.000185043667761153	0.575610261071129	0.456597492711525	1.91762944441716	90	CD74;TYROBP;LAMP1;TMC6;PPIB;PER3;GRN;AAK1;RASSF1;HSP90AB1;USP36;URI1;UFL1;TBRG1;CALR;CTNND1;RPL23;GAPDH;IP6K2;ATP1B1;PFN1;CEP63;PPP1R10;CCNH;USP33;NAPG;CLU;CBLB;CREB1;TMC8;TUBA1A	Protein stabilization	Microglia	primary_sex_adjusted	36	0.000185043667761153	0.000155321733420548	1.89188228155072	2.04902154264799e-05	7.17157539926797e-05	1.51147308184217	0.00610457053571022	0.0213659968749858	TRUE	TRUE	1	TRUE	TRUE	1.499481210914	0.0221718155550784	0.0498865849989265	TRUE	TRUE	TRUE	ALS vs ALS-FTD
Microglia	ALS_vs_ALSFTD	small_GTPase	0.063820736971712	0.0893490317603969	0.287805130535564	-0.23628184951319	-1.21021033730214	209	SHTN1;PREX1;ROCK1;EPS8;DOCK10;RAP1GAP2;DOCK2;PLEKHG1;CDH13;FGD4;ARFGEF1;ITGAV;CYTH3;MYO6;RASGRP3;CYTH1;RALA;FARP1;HACE1;ELMO1;GARNL3;EPHB2;PIK3CG;DOCK7;ABR;FAM13B;ARHGAP21;OPHN1;RAB21;ARHGDIB;DOCK3;ABCA1;RALGAPA2;CHORDC1;CCDC88A;GDI2;CYFIP1;RDX;STARD13;SOS2;FXR1;ARHGAP32;PSD3;ARHGAP6;DENND4A;ROBO1;GIT2;ARHGEF11;RHEB;ARHGAP22;ROCK2;RIN2;LRRK2;RASA3	Small GTPase	Microglia	primary_sex_adjusted	36	0.0893490317603969	0.107218838112476	-1.12301478607298	0.152542372881356	0.177966101694915	-1.02587944789262	0.33974358974359	0.475641025641026	TRUE	TRUE	1	TRUE	FALSE	-1.10540230962643	0.232091690544413	0.30147992792367	TRUE	FALSE	FALSE	ALS vs ALS-FTD
Microglia	ALS_vs_ALSFTD	synapse_junction	0.0372632272860004	0.0774202756753945	0.321775918075361	-0.255657191654173	-1.26087517003335	158	ROCK1;AFDN;LIMCH1;DOCK10;DNM3;MACF1;SDK1;IL1RAPL1;DLG1;CDH13;DSCAM;CLASP1;ANKRD28;FARP1;PRKCH;ELMO1;PLXNB2;CTNNA1;CHD4;SORBS1;RCC2;EPHB2;LSAMP;OPHN1;PDLIM5;NTM;PTPRA;NLGN1;TBCD;CLASP2;STRN;SYNDIG1;PTK2B;STAU2;ARMCX5-GPRASP2;ARHGAP32;MYCBP2;ARHGAP6;HIPK1;ADGRL3;ROCK2;FER;ERBB4;APC;PTEN;DST;SETD5;PTPRJ;CNTNAP2;SMAD7;SLK;ZDHHC2	Synapse/junction	Microglia	primary_sex_adjusted	36	0.0774202756753945	0.0690465682064125	-1.27981267607015	0.017579772963102	0.0307646026854285	-0.86706137513843	0.864197530864198	0.864197530864198	TRUE	TRUE	1	TRUE	FALSE	-1.15177438833834	0.194594594594595	0.276923076923077	TRUE	FALSE	FALSE	ALS vs ALS-FTD
Microglia	ALS_vs_Control	axon_development	0.108108108108108	0.268542199488491	0.213927855492356	-0.255446930925207	-1.22375592224554	137	ARHGAP35;DIP2B;CNTN4;LRRC4C;SHTN1;CTNNA2;PLXNB2;MACF1;OPHN1;CXCL12;JAK2;EPHB2;PTPRM;TIAM1;CNTN5;EMB;CAMSAP2;SOS1;PAK1;MYCBP2;ANK3;SEMA6D;NEO1;TENM2;SCN1B;NTRK2;ZDHHC17;CSF1R;STXBP1;SMURF1;NRCAM;GPM6B;RTN4;NPTN;PRKCA;TENM4;UNC5C;RAB10;B4GALT5;ALCAM;KIF5C;KIF21A;MAP1B;ADAM17;PAFAH1B1;DCLK1;CLASP2	Axon development	Microglia	primary_sex_adjusted	36	0.268542199488491	0.17027027027027	-1.56872077809018	0.00137848702694627	0.00964940918862392	-1.90430873533364	1.17911135016478e-06	4.12688972557673e-06	TRUE	TRUE	1	TRUE	FALSE	-1.01980289887322	0.400383141762452	0.480459770114943	TRUE	FALSE	FALSE	ALS vs control
Microglia	ALS_vs_Control	heat_response	0.0715835140997831	0.268542199488491	0.248911114434702	-0.372639279801727	-1.39070457541999	35	HSPA1A;CREBBP;HSPA1B;ATM;PSIP1;HIKESHI;HSPB1	Heat response	Microglia	primary_sex_adjusted	36	0.268542199488491	0.117136659436009	-1.5198912904673	0.0246599395081132	0.0863097882783963	-0.888718295880608	0.656521739130435	0.742173112338858	TRUE	TRUE	1	TRUE	FALSE	-1.33894604894387	0.110453648915187	0.180742334588488	TRUE	FALSE	FALSE	ALS vs control
Microglia	ALS_vs_Control	mitochondrial_energy	0.991055456171735	0.991055456171735	0.0409883873374721	0.159165849283137	0.586259034695352	38	NDUFS4;SDHC;MT-CO1;VCP;SDHB;MT-ND5;MT-ND4;MT-ND3;ATP5F1D;ATP5F1C	Mitochondrial energy	Microglia	primary_sex_adjusted	36	0.991055456171735	0.991055456171735	-1.01831976985645	0.430379746835443	0.60253164556962	0.856762876458051	0.742173112338858	0.742173112338858	FALSE	TRUE	0.472222222222222	FALSE	FALSE	-0.918692690108085	0.590361445783133	0.652504755865568	FALSE	FALSE	FALSE	ALS vs control
Microglia	ALS_vs_Control	protein_folding	0.42093023255814	0.609225413402959	0.0972150808846466	-0.238931041229051	-1.01355174428996	73	HSPA1A;HSPA1B;HSPA9;HSPB1;HSPH1;PPIB;PDIA6;CHORDC1;DNAJC24;COX19;METTL21A;LMAN1;HSP90AB1;HSPA8;CLU;ST13;RIC8B;PDIA3;NFYC;CALR;PPIG;HSPD1;CMC1;HSP90AA1	Protein folding	Microglia	primary_sex_adjusted	36	0.609225413402959	0.514081003084884	-1.28389454154082	0.0994854202401372	0.17409948542024	0.879198443804024	0.713780918727915	0.742173112338858	TRUE	FALSE	0.972222222222222	TRUE	FALSE	-1.42285401091465	0.0292742802437767	0.0604681854215715	TRUE	FALSE	FALSE	ALS vs control
Microglia	ALS_vs_Control	protein_stabilization	0.445217391304348	0.609225413402959	0.0778840111977068	0.236110250185981	1.00765892356407	90	TMC6;USP36;STK3;RASSF1;ATP1B3;RPL23;CBLB;CEP63;CSNK2A1;PTEN;AAK1;EP300;TBRG1;TMC8;USP9X;PFDN5;LAMP1;ZNF207;FBXW7;TBL1X;RPAP3;TYROBP;FLOT2;IP6K2;NAPG;PIK3R1;UFL1;GNAQ;PER3;NAA15;RASSF2	Protein stabilization	Microglia	primary_sex_adjusted	36	0.609225413402959	0.529220672682527	-0.836103236607473	0.824877250409165	0.824877250409165	1.21218124310991	0.101818181818182	0.237575757575758	FALSE	TRUE	0.888888888888889	FALSE	FALSE	-0.921149980852068	0.632380952380952	0.676710608913999	FALSE	FALSE	FALSE	ALS vs control
Microglia	ALS_vs_Control	small_GTPase	0.522193211488251	0.609225413402959	0.0913924325943768	-0.189724762291653	-0.9697805274943	209	ARHGAP35;CCDC88A;ARHGAP22;RAP1GAP2;RAPGEF5;SHTN1;DENND4A;RASA3;ARHGAP5;OPHN1;EPS8;ARHGAP20;EPHB2;TIAM1;SIPA1L3;FGD2;DOCK10;KRIT1;RHOH;CDH13;RHOBTB1;ARHGAP15;CHORDC1;ARHGAP17;SRGAP3;ARRB1;LARGE1;FXR1;SOS1;DENND4B;HACE1;RHEB;HACD3;ARHGEF2;TNK2;SOS2;DOCK2;USP8;KSR1;G3BP1;IGF1;RASGRF2	Small GTPase	Microglia	primary_sex_adjusted	36	0.609225413402959	0.598148587704724	-0.919359160970144	0.664596273291926	0.77536231884058	1.02534068684482	0.367622259696459	0.643338954468803	TRUE	FALSE	0.666666666666667	FALSE	FALSE	-0.931095339116644	0.655642023346304	0.694209201190204	TRUE	FALSE	FALSE	ALS vs control
Microglia	ALS_vs_Control	synapse_junction	0.115089514066496	0.268542199488491	0.211400189384923	-0.243263419395624	-1.19210880982808	158	LIMCH1;ERBB4;CNTNAP2;NLGN1;PEAK1;DLG1;PLXNB2;MACF1;OPHN1;PIP5K1A;CPEB3;KIRREL3;EPHB2;PTPRK;LSAMP;NEGR1;ADGRL3;IL1RAPL1;CNTN5;DNM3;SYNDIG1;FER;SRGAP2B;DOCK10;CDH13;GABRA1	Synapse/junction	Microglia	primary_sex_adjusted	36	0.268542199488491	0.176844863077787	-1.22878744853764	0.0837359098228663	0.17409948542024	-1.95020360335327	1.49655664954114e-07	1.0475896546788e-06	TRUE	TRUE	0.944444444444444	TRUE	FALSE	-0.857067726349561	0.831439393939394	0.844849706744868	TRUE	FALSE	FALSE	ALS vs control
OPC	ALSFTD_vs_Control	axon_development	0.00248425394133452	0.00869488879467082	0.431707695803346	-0.296042639466527	-1.46783388375974	240	APOD;PTPRS;NLGN3;ACTB;BRSK2;SLITRK2;MT3;APOE;CSPG5;CELSR2;PTN;EPHA5;VEGFA;DAG1;ACTG1;PITPNA;MAP1A;PGRMC1;TUBB2B;YTHDF1;BSG;METRN;THY1;AFG3L2;MAP1B;BMPR2;MAP7D2;SPAST;PAFAH1B1;BRSK1;OLIG1;PPP3CB;PAK1;RUFY3;NTNG1;WNT5A;LMO4;ITGA4;FEZ1;ARHGEF40;NECTIN1;GAP43;APP;B4GALT5;USP9X;KIF5A;NTN1;SEMA5A;SIN3A;SLC9A6;PLPPR4;APLP2;KIF5B;TNFRSF21;GDI1;MARK2;ENAH;CHN1	Axon development	OPC	primary_sex_adjusted	71	0.00869488879467082	0.00665991482144999	-1.29559684690721	0.0431654676258993	0.10031847133758	-1.60908907279529	5.96531661056788e-05	0.000208786081369876	TRUE	TRUE	1	TRUE	TRUE	-1.55495986758088	0.000323200265903868	0.00150826790755139	TRUE	TRUE	TRUE	ALS-FTD vs control
OPC	ALSFTD_vs_Control	heat_response	0.534671532846715	0.534671532846715	0.0709609456938284	-0.244366843097658	-0.946788660847804	50	PRKACA;NOS1;HSBP1;YWHAE;HSP90AB1;MAP2K7;DNAJC7;MAPKAPK2;HSPB1;HSPA1A;DNAJB1;EIF2B3;SLU7;DNAJA2;HDAC2	Heat response	OPC	primary_sex_adjusted	71	0.534671532846715	0.606924442690866	-1.17398998857519	0.207578253706755	0.242174629324547	-0.884362749281573	0.685057471264368	0.920711974110032	TRUE	TRUE	1	TRUE	FALSE	-1.17643863866123	0.209255533199195	0.283507496592458	TRUE	FALSE	FALSE	ALS-FTD vs control
OPC	ALSFTD_vs_Control	mitochondrial_energy	1e-10	7e-10		-0.557989101490734	-2.45202245860849	96	NDUFB7;NDUFS1;COX8A;MT-ND3;MT-CO3;MT-ND2;NDUFS7;MT-ND1;NDUFB10;ATP5F1D;MT-ND4;MT-ND5;MT-ND4L;UQCR10;NDUFV3;NDUFB2;NDUFA13;NDUFB11;MT-CO1;CYCS;UQCRH;MT-CO2;UQCRC1;NDUFC2;ATP5ME;UQCR11;NDUFB1;NDUFA5;PARK7;COX6A1;SLC25A51;COX7C;CHCHD2;RHOA;NDUFA1;MT-CYB;SDHB;MT-ATP6;SDHA;NDUFS5;COX6B1;GHITM;NDUFS4;SDHD;NDUFS3;CYC1;NDUFS6;AK4;NDUFA11	Mitochondrial energy	OPC	primary_sex_adjusted	71	7e-10	1.575e-09	-2.56365930688053	1e-10	7e-10	-2.16461190030522	1.61342624713918e-07	1.12939837299742e-06	TRUE	TRUE	1	TRUE	TRUE	1.69212446920452	0.00042512536364645	0.00184709640756734	FALSE	FALSE	FALSE	ALS-FTD vs control
OPC	ALSFTD_vs_Control	protein_folding	0.0223740009961787	0.0522060023244169	0.352487857583619	-0.313845247763318	-1.44530203699295	130	CALR;PPIB;CANX;LMAN1;CLU;WDR83OS;SDF2;HSPA5;PDIA3;PPIL2;DNAJB14;HSP90B1;KHSRP;PPIE;HSPA13;HSP90AB1;CDC123;LYRM7;PPIL3;PPIA;PDIA6;DNAJC7;DNAJC5;HSPB1;HSPA1A;MESD;DNAJC25;DNAJC24;TBCA;CDC37;FKBP9;TBCB;DNAJB1;CCT2;HSPE1;PPIG;PFDN1;DNAJA2;RIC8B;HSPD1;PFDN2;TTC4;DNAJC18;PPID;CCDC47;TTC1	Protein folding	OPC	primary_sex_adjusted	71	0.0522060023244169	0.0440488144612267	-2.15454463794554	6.49657565634738e-09	2.27380147972158e-08	0.78553929845372	0.920711974110032	0.920711974110032	TRUE	FALSE	1	TRUE	FALSE	-1.18429224528663	0.1440329218107	0.216049382716049	TRUE	FALSE	FALSE	ALS-FTD vs control
OPC	ALSFTD_vs_Control	protein_stabilization	0.283387622149837	0.396742671009772	0.0995791200495904	-0.233069409159469	-1.07508759949606	131	CALR;PPIB;LAMP1;MT3;CTNND1;CLU;ATP1B2;SOX4;CBL;ATP1B3;CHP1;HSP90AB1;TAF1;CDK7;PARK7;USP9X;PFN1;DVL3;PARVA;HSPB1;HSPA1A;SEC16A;CDC37;GAPDH;RPL23;PHB2;CCT2;PIN1;PPARGC1A;PFDN1;NAA15;HSPD1;PLPP3;ZBED3;PFDN2;UFL1;MFSD1;IP6K2;AAK1	Protein stabilization	OPC	primary_sex_adjusted	71	0.396742671009772	0.360675155463429	-1.27800041008672	0.0573248407643312	0.10031847133758	-0.803524437497354	0.912928759894459	0.920711974110032	TRUE	TRUE	1	TRUE	FALSE	-0.980530978651239	0.494929006085193	0.561811304204813	TRUE	FALSE	FALSE	ALS-FTD vs control
OPC	ALSFTD_vs_Control	small_GTPase	0.130105900151286	0.22768532526475	0.149207542435322	-0.22806762441992	-1.16228040516005	291	NUCB1;USP8;CADM4;SPRY2;APOE;STMN3;PHACTR4;RHOB;NISCH;DAG1;RHOC;MYO9B;SYNGAP1;MMD2;SCAI;PSD3;RAB30;GRB2;RAB18;PPP2CB;ARHGEF18;ADGRG1;GABARAP;CD2AP;ARFGAP1;GDI2;FARP2;CHP1;WNT5A;ARHGAP28;DENND4B;ARHGEF40;FGD1;SIAH2;PARK7;CSNK1E;PDPN;TGFB2;CDC42;PIK3CB;DVL3;RAB9A;NF1;RHOA;NTN1;GIPC1;HACD3;KSR1;KRIT1;FARP1;GNB1;CFL1;ARHGEF3;GBF1;CCDC125;VAV3;PRAG1;TEK;SIPA1L2;ARHGEF1;ARHGAP1;KBTBD6;GDI1;ARL3;CHN1;RHOJ;RAP1GAP	Small GTPase	OPC	primary_sex_adjusted	71	0.22768532526475	0.194933696021761	1.05201743121644	0.267123287671233	0.267123287671233	-1.0185699468402	0.408450704225352	0.714788732394366	FALSE	TRUE	1	TRUE	FALSE	-1.16217047280289	0.110441767068273	0.180742334588488	TRUE	FALSE	FALSE	ALS-FTD vs control
OPC	ALSFTD_vs_Control	synapse_junction	0.392424242424242	0.457828282828283	0.077274697304471	-0.201290297263708	-1.02288637064472	275	APOD;PTPRS;PTPRA;NLGN3;ACTB;SLITRK2;PRKACA;CLSTN1;LRRC4;SPOCK2;VEGFA;DAG1;RHOC;ACTG1;CD9;PCDH17;PCDHB4;CLSTN2;TLN1;THY1;FSCN1;CDH7;MAP1B;LRRC4B;RCC2;LIN7A;THBS2;FN1;WNT5A;GPM6A;LGI2;CAPZA1;RPS6;SDK2;NECTIN1;GAP43;FGFR1;LRRTM4;APP;C1QL2;CDC42;CUL5;RHOA;NTN1;LRFN5;FARP1;CFL1;LHFPL4;IL1RAP;SETD5;TEK;ACTN2;CTNNB1;PLXNA2	Synapse/junction	OPC	primary_sex_adjusted	71	0.457828282828283	0.48955895589559	1.11926452743048	0.134948096885813	0.188927335640138	-1.14566866621115	0.101408450704225	0.236619718309859	FALSE	TRUE	1	TRUE	FALSE	-0.95666876215405	0.602	0.659582608695652	TRUE	FALSE	FALSE	ALS-FTD vs control
OPC	ALS_vs_ALSFTD	axon_development	0.000106947440442223	0.000748632083095558	0.538434096309916	0.344756739589444	1.6565015383439	240	MT3;VEGFA;PAFAH1B1;PTN;TUBB2B;GAP43;APOE;NRXN3;ACTB;EPHA5;PAK1;SPAST;LMO4;PTPRS;NOVA2;APOD;ACTG1;PGRMC1;CTTN;METRN;APP;INPP5F;APLP2;KALRN;BSG;RAB21;TENM3;TRIO;ADAM17;BRSK2;YTHDF1;RAC1;KIF5C;PITPNA;TIAM1;MAP1A;SLITRK3;CELSR2;BMPR2;MACF1;SEMA5A;SLITRK2;BAIAP2;PAK2;AFG3L2;CYFIP1;TIAM2;ULK1;SOS1;RUFY3;CTNNA1;GOLGA4;TENM2;B4GALT5;SEMA4B;SLC9A6;DAG1;SPTBN4;CSPG5;BCL11A;ARHGEF40;ABL1;MAP7D2;MAP1B;NLGN3;ITGA4;BRSK1;ENAH;DOCK7;SEMA5B;MAPK8IP3;ROBO2;BOC;PRKG1;PPP3CB;ROBO1;OLIG1;KIF5B;CASP3;PLXNB1;SEMA3E;SZT2;MEGF8;FZD3;FGF13;NECTIN1;PTK2;RGMA;CDH2;MARK2;SPG11;SIN3A;THY1;ADNP;EVL;MAG;KIF5A;APBB1	Axon development	OPC	primary_sex_adjusted	71	0.000748632083095558	0.00043468959663613	1.39441478926465	0.0100165623786431	0.0175289841626254	1.3996761586254	0.00454527102583336	0.0159084485904168	TRUE	TRUE	1	TRUE	TRUE	1.67453369793661	3.21208193328148e-05	0.000202361161796733	TRUE	TRUE	TRUE	ALS vs ALS-FTD
OPC	ALS_vs_ALSFTD	heat_response	0.0462962962962963	0.0540123456790123	0.261663521711573	0.379701475480399	1.42924317747926	50	HSBP1;YWHAE;HSPB1;DNAJC7;EIF2B3;MAP2K7;HSP90AB1;HSF1;EIF2S1;NOS1;TPR;PSIP1;MAPKAPK2;CRYAB;PDCD6;DNAJB1;PRKACA;SLU7;EEF1D;SUMO1	Heat response	OPC	primary_sex_adjusted	71	0.0540123456790123	0.0821596244131455	1.28165020582711	0.126543209876543	0.17716049382716	0.83501043060514	0.776632302405498	0.776632302405498	TRUE	TRUE	1	TRUE	FALSE	0.793048153725202	0.830508474576271	0.844849706744868	TRUE	FALSE	FALSE	ALS vs ALS-FTD
OPC	ALS_vs_ALSFTD	mitochondrial_energy	0.0296475632080485	0.0415065884912679	0.352487857583619	0.339878142575312	1.44546992134358	96	NDUFS1;MT-CO3;COX8A;NDUFV3;COX7C;MT-CO1;MT-ND3;MT-ND1;MT-ND2;RHOA;MT-ND5;UQCR11;MT-CO2;MT-ND4;AK4;UQCR10;NDUFS7;NDUFC2;NDUFB10;ATP5ME;CHCHD2;MT-ND4L;SLC25A33;ATP5F1D;NDUFA5;SDHA;NDUFB7;CYCS;MT-ATP6;NDUFB11;NDUFB2;SDHC;CYC1;SLC25A51;NDUFA13;ANTKMT;NDUFA1;UQCRH;NDUFB1	Mitochondrial energy	OPC	primary_sex_adjusted	71	0.0415065884912679	0.0565998933971835	1.83142099386448	9.32198126752608e-05	0.000326269344363413	1.68833726497789	0.000663938773513488	0.00464757141459442	TRUE	TRUE	1	TRUE	FALSE	-2.22619597120526	3.66451197170982e-08	4.61728508435437e-07	FALSE	FALSE	FALSE	ALS vs ALS-FTD
OPC	ALS_vs_ALSFTD	protein_folding	0.000308795557351625	0.00108078445073069	0.49849310876659	0.381607404076021	1.70315400906038	130	CALR;LMAN1;PPIB;CANX;PPIG;HSP90B1;PPIL2;PDIA6;PDIA3;FKBP10;KHSRP;QSOX1;HSPB1;CLU;ERO1A;MESD;LYRM7;DNAJC7;CDC37;CDC37L1;CDC123;HSPA5;HSP90AB1;SDF2;TTC4;ATPAF2;PTGES3;HSPA13;P4HB;PFDN4;DNAJB2;BAG4;DNAJC25;CRTAP;PFDN5;TBCD;TAPBP;DNAJC18;CSNK2A1;CCDC47;CRYAB;DNAJB1;PPIA;WDR83OS;RANBP2;MOGS;NGLY1;TSC1;HSPA9;DNAJC5;NKTR;HSPA4L;DNAJB14;FKBP9;NUDC;NUDCD3;DNAJC21;CCT2	Protein folding	OPC	primary_sex_adjusted	71	0.00108078445073069	0.00107663650839436	2.00977215055876	3.19645816678996e-07	2.23752071675297e-06	1.25955896413291	0.0925925925925926	0.162037037037037	TRUE	TRUE	1	TRUE	TRUE	1.10901314187774	0.238683127572016	0.306878306878307	TRUE	TRUE	FALSE	ALS vs ALS-FTD
OPC	ALS_vs_ALSFTD	protein_stabilization	0.0160878472656855	0.0281537327149496	0.352487857583619	0.326107245703676	1.4557540868023	131	CALR;MT3;LAMP1;ATP1B2;PPIB;SOX4;ATP1B3;ZBED3;CTNND1;RAB21;CDK7;RPL23;DVL3;HSPB1;UBE2B;AAK1;CLU;STK3;VHL;TAF1;SEC16A;GAPDH;CDC37;CDC37L1;HSP90AB1;TBL1X;PTGES3;PPARGC1A;USP36;CHP1;BAG4;PFN1;CRTAP;PFDN5;MAPK8IP3;CSNK2A1;COG7;CRYAB;FLOT2;SUMO1;IP6K2;RASSF2;TSC1;NAA15;PLPP3	Protein stabilization	OPC	primary_sex_adjusted	71	0.0281537327149496	0.034357097550447	1.47530887311157	0.00925230356386354	0.0175289841626254	1.31884537178734	0.0525502318392581	0.122617207624936	TRUE	TRUE	1	TRUE	TRUE	0.921793702628608	0.633744855967078	0.676710608913999	TRUE	TRUE	FALSE	ALS vs ALS-FTD
OPC	ALS_vs_ALSFTD	small_GTPase	0.00746356509425519	0.0174149852199288	0.407017918923954	0.282620995398729	1.37969281412894	291	CADM4;PPP2CB;USP8;ABR;MICALL2;APOE;SPRY2;ARHGEF3;RAB18;ADGRG1;MYO9B;PPP1CB;RALGDS;RAB12;NUCB1;VAV3;PIK3CB;CSNK1A1;RHOC;ARHGAP39;GNB1;PHACTR4;KALRN;IQSEC2;GIPC1;RAB21;RASGEF1C;GDI2;TRIO;RAC1;SYNGAP1;PDPN;SIPA1L3;DVL3;GABARAP;TIAM1;TGFB2;RAP1A;ARHGEF1;RHOA;PLEKHG1;SCAI;RASGRF2;ADCYAP1R1;HACD3;SIPA1L2;PSD3;ARHGAP24;RGL1;CYFIP1;TIAM2;CCDC88A;SOS1;RAB39A;DIRAS2;ARHGAP23;MYO6;STMN3;DAG1;GRB2;SIAH2;PREX1;ARFGAP1;MYO9A;DNMBP;ARHGEF40;ABL1;CD2AP;KBTBD6;ARHGEF10L;FERMT2;CHP1;CFL1;DOCK7;CDC42;FGF2;NCKAP1;RAB9A;ARHGEF18;SPATA13;FNTA;ROBO1;RHOB;ABI2;CCDC125;ARL3	Small GTPase	OPC	primary_sex_adjusted	71	0.0174149852199288	0.0177435698467199	1.06890727617982	0.297029702970297	0.297029702970297	1.13752974892882	0.144079885877318	0.201711840228245	TRUE	TRUE	1	TRUE	TRUE	-0.855046730727969	0.882352941176471	0.889411764705882	FALSE	FALSE	FALSE	ALS vs ALS-FTD
OPC	ALS_vs_ALSFTD	synapse_junction	0.0711610486891386	0.0711610486891386	0.186432558434075	0.252240065582636	1.22380928726296	275	PTPRA;VEGFA;CD9;MICALL2;GAP43;SORBS1;ACTN2;VCL;SDK2;NRXN3;ACTB;AGT;NUMBL;PTPRS;APOD;ACTG1;PCDHB4;RPS6;RHOC;CTTN;APP;THBS2;IQSEC2;GABRA2;CLSTN1;FSCN1;SPOCK2;RAC1;DLG5;TLN1;CC2D1A;SLITRK3;CAPZA1;RAP1A;LIN7A;MACF1;SLITRK2;GABRA1;RHOA;VLDLR;PAK2;ITGB4;PCLO;CLSTN2;THSD1;CTNNA1;PTPN13;DAG1;MYO9A;ABL1;FN1;SRGAP2B;FERMT2;RAB40C;MAP1B;RCC2;NLGN3;CFL1;LGI2;LRRC4;CDC42;LRRC4B;CLSTN3;SLC39A9;TBCD;ROBO2;DUSP22	Synapse/junction	OPC	primary_sex_adjusted	71	0.0711610486891386	0.117136659436009	1.09771442066464	0.2425	0.282916666666667	1.07472180720767	0.263233190271817	0.307105388650453	TRUE	TRUE	1	TRUE	FALSE	0.982900441707094	0.517970401691332	0.582716701902748	TRUE	FALSE	FALSE	ALS vs ALS-FTD
OPC	ALS_vs_Control	axon_development	0.00440064643586761	0.0102681750170244	0.407017918923954	0.297784521868715	1.44275241691616	240	SEMA4B;ROBO2;NRXN3;PTPRJ;CASP3;PAK2;ULK1;NOVA2;SEMA4D;RGMA;TENM2;TENM4;TIAM2;GAP43;KALRN;SEMA5B;NELL2;INPP5F;BAIAP2;KIF5C;MT3;PAFAH1B1;RAC1;PLXNB1;MAPK8IP3;VEGFA;RAB21;DOCK7;TIAM1;TRIO;KIF21A;TENM3;CTTN;TUBB2B;RELN;AUTS2;FGFR2;SEMA3E;FEZ2;MACF1;ADAM17;DIP2B;BCL11A;SEMA3C;NFASC;ZFYVE27;PRKG1;NREP;SOS1;EPHB1;CTNNA1;BOC;SLITRK3;SPTBN4;PTN;DCLK1;PICALM;APLP2;FZD3;PAK1;FGF13;CYFIP1	Axon development	OPC	primary_sex_adjusted	71	0.0102681750170244	0.0115516968941525	1.40834719145662	0.0078417041343582	0.0137229822351269	1.02686180694904	0.390151515151515	0.546212121212121	TRUE	TRUE	1	TRUE	TRUE	1.10887919188303	0.195777351247601	0.276923076923077	TRUE	TRUE	FALSE	ALS vs control
OPC	ALS_vs_Control	heat_response	0.472178060413355	0.472178060413355	0.0702812841717392	0.263427718042979	0.994013733955983	50	TPR;FGF1;EIF2B1;HSBP1;EP300;HSF1;EEF1D;PSIP1;EIF2S1;CHORDC1;PDCD6;RBBP7;HSPB1;LRP11;SUMO1;CRYAB;DNAJC2;CLPB;DNAJB6;EIF2B3;SIRT1	Heat response	OPC	primary_sex_adjusted	71	0.472178060413355	0.55087440381558	0.7103409306662	0.932618683001531	0.932618683001531	0.830134434661368	0.764525993883792	0.764525993883792	TRUE	TRUE	0.985915492957746	TRUE	FALSE	-1.29162465639218	0.13682092555332	0.210237031947784	FALSE	FALSE	FALSE	ALS vs control
OPC	ALS_vs_Control	mitochondrial_energy	2.77994535728011e-08	1.94596175009607e-07	0.73376198835648	-0.483794313726124	-2.28626717778834	96	NDUFB7;SDHB;UQCRC1;NDUFA11;ATP5MG;NDUFS4;ATP5PO;ATP5F1A;GHITM;ATP5PB;PARK7;ATP5F1D;UQCRC2;NDUFS5;NDUFB2;NDUFB6;COX6B1;NDUFA13;VCP;COX6A1;NDUFB9;UQCRH;NDUFS7;SDHD;NDUFV1;NDUFB11;MT-ND4L;ATP5IF1;NDUFB10;NDUFB4;MT-CYB;MT-ND2;NDUFC1;NDUFA8;NDUFB1;CYCS;SLC25A51;NDUFV2;UQCRFS1;ATP5PF;MT-ND3;ATP5F1B;UQCC2;MT-ND4;COX7A2;NDUFS6;ATP5F1C;COX7A2L;NDUFA1;UQCR10;NDUFB8;MT-ND5;NDUFS8;ATP5PD;ATPSCKMT;SDHAF2;NDUFS3;COX5A;NDUFA5	Mitochondrial energy	OPC	primary_sex_adjusted	71	1.94596175009607e-07	2.18920696885808e-07	-2.46678178052164	1.06384612879854e-10	7.4469229015898e-10	-1.10214219180465	0.237012987012987	0.414772727272727	TRUE	TRUE	1	TRUE	TRUE	-2.04857182350019	1.42552698652753e-06	1.19744266868312e-05	TRUE	TRUE	TRUE	ALS vs control
OPC	ALS_vs_Control	protein_folding	0.13150289017341	0.184104046242775	0.144630528034484	0.270032697052646	1.2066600870971	130	P4HB;QSOX1;ERO1A;PPIG;CDC37L1;PFDN4;TBCD;DNAJC21;ATF6;FKBP10;LMAN1;HSPA4L;CRTAP;GAK;NUDCD2;CSNK2A1;NKTR;FKBP5;HDAC4;RANBP2;PTGES3;TSC1;NUDCD3;CHORDC1;DNAJB2;PDIA6;ATPAF2;NGLY1;MOGS;HSP90B1;BAG4;HSPB1;CLPX;PFDN5;CCT3;SELENOF;NUDC;TAPBP;TTC4;MESD;CRYAB;DNAJC2;BAG2	Protein folding	OPC	primary_sex_adjusted	71	0.184104046242775	0.194933696021761	0.879740987728652	0.725179856115108	0.846043165467626	1.46853546067913	0.0137496589436817	0.0962476126057723	TRUE	TRUE	1	TRUE	FALSE	-1.04468465131615	0.35234215885947	0.431020505012556	FALSE	FALSE	FALSE	ALS vs control
OPC	ALS_vs_Control	protein_stabilization	0.159253945480631	0.185796269727403	0.129442887745046	0.262406865308272	1.173830698597	131	SEL1L;CDC37L1;STK3;ATP1B2;MT3;ZBED3;MAPK8IP3;COG7;RAB21;UBE2B;LAMP2;TBL1X;COG3;ANK2;CRTAP;USP36;VHL;CSNK2A1;AAK1;EP300;LAMP1;PTGES3;CCNH;TSC1;GET1;FBXW7;RPL23;ATP1B3;TRIM37;RPAP3;STX12;RASSF2;EHMT1;NAA30;BAG4;AKT2;HSPB1;PFDN5;USP13;GNAQ;SOX4;CCT3;SUMO1;PPP1R10;DVL3	Protein stabilization	OPC	primary_sex_adjusted	71	0.185796269727403	0.225	0.950764828007495	0.581428571428571	0.814	1.28693234627922	0.0754189944134078	0.263966480446927	TRUE	TRUE	1	TRUE	FALSE	-1.12719299639944	0.224032586558045	0.297137956908565	FALSE	FALSE	FALSE	ALS vs control
OPC	ALS_vs_Control	small_GTPase	0.00209965278723469	0.0073487847553214	0.431707695803346	0.293162277596968	1.44805205422731	291	MICALL2;RAB12;DOCK6;ABR;ARHGAP39;RASGRF2;RALGDS;IQSEC2;MYO9A;PLEKHG1;DNMBP;PPP2CB;SEMA4D;TIAM2;ARHGEF3;KALRN;ARHGAP24;DOCK4;GNA12;RASGEF1C;ARHGAP5;SPATA13;PPP1CB;FGF2;ADCYAP1R1;RAC1;PLXNB1;NCKAP1;RAB21;DOCK7;RGL1;RDX;TIAM1;ARHGEF11;TRIO;CSNK1A1;MYO6;ARHGAP44;SIPA1L3;RERG;RELN;AUTS2;RHOU;VAV3;ARHGAP15;RASGEF1B;PREX1;CHM;RAPGEF6;RAB18;RAP1B;SOS1;EPS8;ABL2;RASA3;SRGAP2;HACE1;RAB39A;CCDC88A;ADGRG1;RAP1A;GNB1;ARHGEF10;DENND4A;PIK3CB;PICALM;FXR1;RRAS2;FERMT2;CYFIP1;DIRAS2;CHORDC1;DOCK3;ARHGAP21;ARHGEF10L;ITSN1;PLD1;FNTA;CDC42SE2;CYTH3;RND2;ARHGEF7;NUCB2;GIPC1;ARHGEF12;ARHGAP32;ARFGEF1	Small GTPase	OPC	primary_sex_adjusted	71	0.0073487847553214	0.00575122285199066	1.57284473604488	0.000232481639515992	0.000813685738305973	1.15254751923323	0.131067961165049	0.305825242718447	TRUE	TRUE	1	TRUE	TRUE	-0.990338769564535	0.477459016393443	0.547299634826062	FALSE	FALSE	FALSE	ALS vs control
OPC	ALS_vs_Control	synapse_junction	0.00640407778076456	0.011207136116338	0.407017918923954	0.276450721242548	1.3601669742712	275	SORBS1;MICALL2;CDH12;CDH9;VCL;DLG5;ROBO2;NRXN3;AGT;PTPRJ;NUMBL;IQSEC2;MYO9A;PAK2;CDH19;ACTN2;SEMA4D;ITGB4;GAP43;DLG1;DOCK4;RAB40C;TBCD;CDH8;RAC1;GABRA2;PLXNB1;VEGFA;PTPN13;WDR1;KIRREL3;ADGRL2;CTTN;CRIPT;THSD1;RELN;SDK2;CLDN11;ANK2;MACF1;CD9;CORO1C;CDH26;PDCD6IP;GRIA1;CC2D1A;IGSF11;RAP1B;EPHB1;CTNNA1;SRGAP2;SYNDIG1;SLITRK3;CDH11;GABRG3;GABRB2;DUSP22;TESK2;RAP1A;TSC1;PATJ;FGF13;FERMT2;WHAMM;VMP1	Synapse/junction	OPC	primary_sex_adjusted	71	0.011207136116338	0.0157910798625599	1.35356347987255	0.00658994811213239	0.0137229822351269	0.97947726587036	0.533992583436341	0.622991347342398	TRUE	TRUE	1	TRUE	TRUE	0.912221891400743	0.762745098039216	0.794263490520175	TRUE	TRUE	FALSE	ALS vs control
Oligodendrocytes	ALSFTD_vs_Control	axon_development	0.000316155165163424	0.000553271539035992	0.49849310876659	-0.32024026429625	-1.52411211207268	285	ACTB;GDI1;MAP1A;APBB1;SVBP;ACTG1;LMO4;CERS2;NEFH;CDK5R1;BRSK1;PLXNA3;MAP7D2;RAC1;SEMA4C;C12orf57;OLIG1;PLP1;THY1;PGRMC1;S100A6;CCK;RAB3A;NOVA2;SCN1B;GAP43;APLP1;EPHB6;MAG;MAP1B;KIF5A;MT3;APLP2;SSNA1;RAB8A;NEUROD2;FEZ1;OLFM1;EFNA1;APOD;ROBO3;SKIL;GRN;OLIG2;NPTX1;BSG;TSPO;TUBB3;ARHGEF40;STXBP1;CHN1;SEMA3B;ATL1;NOTCH1;CNTN2;MAPK8IP3;MAP1S;PITPNA;SLC9A6;PTPRH;NLGN3;BAIAP2;S100B;FZD3;RTN4;ENAH;APP;LIMK1;PPP3CB;SLITRK4;CNTNAP1;CYFIP2;CSPG5;TUBB2B;METRN;B4GALT6;DAG1;PTPRS;PTN;UNC5C;PAK1;SLITRK2;BMPR2;SLIT2;STK11;DISC1;BCL11A;BRSK2;TRIM46;SPAST;NTN4;CELSR2;GPM6B;AUTS2	Axon development	Oligodendrocyte	primary_sex_adjusted	79	0.000553271539035992	0.00107663650839436	-1.38070771321988	0.00722205779241299	0.0126386011367227	-1.97533839095875	1.13021613839671e-09	3.9557564843885e-09	TRUE	TRUE	1	TRUE	TRUE	-1.75649977086702	3.06569546430454e-07	3.42088154972198e-06	TRUE	TRUE	TRUE	ALS-FTD vs control
Oligodendrocytes	ALSFTD_vs_Control	heat_response	0.011467010592963	0.0160538148301481	0.380730400722792	-0.41024065473243	-1.57663991861345	62	YWHAE;STUB1;HSBP1;DNAJA2;HSP90AB1;HSPA2;SLU7;MAP2K7;SOD1;VCP;DNAJC7;HTRA2;SUMO1;CRYAB;EIF2B4;TCIM;HSP90AA1;RBBP7;EIF2B2;HSF1	Heat response	Oligodendrocyte	primary_sex_adjusted	79	0.0160538148301481	0.0260920798515301	-1.43043897089773	0.0291231695294648	0.0407724373412507	-1.25119179181901	0.132921174652241	0.155074703760948	TRUE	TRUE	1	TRUE	TRUE	-1.78097979651448	0.000562020481522388	0.0022129556459944	TRUE	TRUE	TRUE	ALS-FTD vs control
Oligodendrocytes	ALSFTD_vs_Control	mitochondrial_energy	1e-10	7e-10		-0.760977505336564	-3.24785327964634	115	NDUFS5;NDUFA3;COX6B1;NDUFC1;NDUFA1;COX8A;NDUFB3;NDUFB7;UQCR10;COX6A1;NDUFB10;CHCHD2;ATP5F1D;COX7C;NDUFA13;NDUFB2;NDUFB11;MT-ND6;UQCR11;COX5A;NDUFA11;ATP5F1E;UQCRH;COX5B;COX4I1;COX6C;CYCS;NDUFC2;ATP5MF;NDUFS6;ATP5ME;ISCU;ATP5IF1;NDUFA2;UQCRB;UQCRQ;PARK7;MT-ND3;RHOA;UQCC3;NDUFAB1;NDUFA8;NDUFS3;MT-CO3;NDUFA5;COX7A2;NDUFB8;COX7B;ATP5F1B;PPIF;MT-ND1;ATP5PD;STOML2;NDUFB4;NDUFS7;CYC1;NDUFS8;VCP;MT-CO2;NDUFB5;ATP5PF;UQCRC1;GHITM;NDUFA12;MT-CO1;MT-ATP8;ATP5MG;PINK1;NDUFAF1;NDUFA7;MT-ATP6;NDUFS1;NDUFB6;NDUFB1;MT-ND4;MT-ND2;NDUFB9;ANTKMT	Mitochondrial energy	Oligodendrocyte	primary_sex_adjusted	79	7e-10	1.575e-09	-3.16660823000352	1e-10	7e-10	-3.06643313908867	1e-10	7e-10	TRUE	TRUE	1	TRUE	TRUE	-2.68474321109852	1e-10	3.15e-09	TRUE	TRUE	TRUE	ALS-FTD vs control
Oligodendrocytes	ALSFTD_vs_Control	protein_folding	1.96595123638103e-08	6.8808293273336e-08	0.73376198835648	-0.457549689805263	-2.07257996665225	170	COX14;PPIA;CALR;CANX;COA3;PFDN6;PFDN5;DNAJA2;NAA10;HSP90AB1;BAG1;KHSRP;HSPA2;HSPA13;ARL2;SDF2L1;VBP1;ANP32E;PPIE;TBCB;WDR83OS;PPIF;FKBP8;CDC37;GRPEL1;HSPBP1;BAG4;CLU;ERP29;PFDN2;SELENOF;PPIB;HSP90B1;TBCC;TUBA1A;NUDC;DNAJC7;DNAJC4;PDIA3;GRN;MESD;CRYAB;HSPA5;CCDC47;PDIA2;SNRNP70;TBCA;FKBP4;RUVBL2;HSP90AA1;LYRM7;PDCD5;DNAJB2;PPIH;QSOX1;DNAJB14;TAPBP;P4HB;SDF2;LMAN1;PFDN1;UNC45A;HSPA8;TOR1A;FKBP9;LMAN2L	Protein folding	Oligodendrocyte	primary_sex_adjusted	79	6.8808293273336e-08	1.90546042910777e-07	-2.15138450669498	1.25171607750396e-09	4.38100627126385e-09	-1.49186744657363	0.00314831102845194	0.0055095442997909	TRUE	TRUE	1	TRUE	TRUE	-1.94620926518885	5.57447546571154e-07	5.40295314368964e-06	TRUE	TRUE	TRUE	ALS-FTD vs control
Oligodendrocytes	ALSFTD_vs_Control	protein_stabilization	2.70064054233152e-05	6.30149459877356e-05	0.575610261071129	-0.393123099464416	-1.78246512102589	178	CALR;RPL23;STUB1;PFDN6;PFDN5;COA8;PFN1;PFN2;HSP90AB1;BAG1;CAMLG;PARK7;GAPDH;NOP53;VBP1;LAMP1;CDC37;PIN1;BAG4;CLU;BAG6;PYURF;PFDN2;MT3;PPIB;TUBA1A;SYVN1;GLMP;EFNA1;SUMO1;PINK1;PPP1CA;CBX4;ATP1B1;GRN;CRYAB;GTPBP4;NAPG;PHB2;UXT;TAF9;RUVBL2;HSP90AA1;PER3;MUL1;MAPK8IP3;CTNND1;HIP1;DVL1;PAQR4;HCFC1;RTN4;UFL1;PFDN1;POLR2E;GET1;PDCL3;CHP1;TAF9B;CCT7;CRTAP;HIP1R	Protein stabilization	Oligodendrocyte	primary_sex_adjusted	79	6.30149459877356e-05	0.000155321733420548	-1.66044829085931	0.000152294019596288	0.00035535271239134	-1.35294968238357	0.023063035029607	0.0322882490414499	TRUE	TRUE	1	TRUE	TRUE	-1.6271987936947	0.000422196396104157	0.00184709640756734	TRUE	TRUE	TRUE	ALS-FTD vs control
Oligodendrocytes	ALSFTD_vs_Control	small_GTPase	0.969230769230769	0.969230769230769	0.0215076161724576	-0.162090514865931	-0.780879157931201	341	HRAS;GDI1;CADM4;RHOB;CFL1;ARHGDIG;ARHGDIA;RAB4B;GIPC1;GABARAP;RAC1;PARK7;RUNDC3A;DIRAS1;RHOA;NUCB1;BRK1;NUP62;RAB35;PIN1;FNTA;ARHGAP1;PPP1CA;RALA;RHOG;CDC42SE1;NISCH;RAB33A;STMN3;CYTH2;DHCR24;ARL3;TNK2;ARHGEF40;STAMBP;DIRAS2;ARFIP2;CSNK1E;CHN1;HACD3;NOTCH1;CRK;ARF6;RAB9B;RAP1GAP;PLK2;RTN4;PLD2;LIMK1;RALB;ARHGEF2;NKIRAS2;PHACTR4;GDI2;NGEF;NKIRAS1;KRAS;CDC42EP1;RASAL1;PLEKHG3;DAG1;GBF1;ARHGEF9;CHP1;USP50;BRAP;TNFAIP1;SLIT2;KBTBD6;RASGRP1;SNTA1;GNB1;SOS2;FARP2;AUTS2;DVL2;RRAGC;PRAG1;ABL2;CDC42;NRAS;MMD2;RAPGEF3;RAB39B;SEMA4D;MYO9B;SYNGAP1	Small GTPase	Oligodendrocyte	primary_sex_adjusted	79	0.969230769230769	0.976984615384615	1.11847439535921	0.0906714278819907	0.105783332528989	-1.12964647701188	0.163614163614164	0.163614163614164	FALSE	TRUE	0.936708860759494	TRUE	FALSE	-1.02286193518689	0.42441209406495	0.499774989272744	TRUE	FALSE	FALSE	ALS-FTD vs control
Oligodendrocytes	ALSFTD_vs_Control	synapse_junction	0.768772348033373	0.896901072705602	0.0338984188001938	-0.185063640089766	-0.889549242980879	330	ACTB;FSCN1;UBE2M;CFL1;GJB1;VPS35;ACTG1;HAPLN4;PLXNA3;RAC1;SEMA4C;FLOT1;RHOA;SLC12A5;THY1;ARL2;LIN7B;NCKIPSD;SKP1;RPS6;GAP43;NEDD8;AGRN;MAP1B;DMTN;CD9;APOD;CHD4;CLSTN1;RHOG;NPTX1;CLSTN3;GABRA1;AKAP5;LRRC4;SPOCK2;PCDHB4;EIF4G1;HOPX;TLN1;NLGN2;CRK;ARF6;PTPRA;SIGMAR1;DVL1;PTPN1;SLC9A1;MUSK;NLGN3;PPM1F;RTN4;APP;LRRC4B;BSN;SLITRK4;CNTNAP1;CYFIP2;COL16A1	Synapse/junction	Oligodendrocyte	primary_sex_adjusted	79	0.896901072705602	0.807210965435042	0.949753137150793	0.661417322834646	0.661417322834646	-1.67224344890584	8.92443319968326e-06	2.08236774659276e-05	FALSE	TRUE	1	TRUE	FALSE	-1.27296220645341	0.0369540873460246	0.072753359462486	TRUE	FALSE	FALSE	ALS-FTD vs control
Oligodendrocytes	ALS_vs_ALSFTD	axon_development	0.00010358534604554	0.000145019484463756	0.538434096309916	0.336373923668407	1.59237473526751	285	MAP1A;ACTB;CERS2;NOVA2;EFNA1;SEMA3B;SCN1B;MAP7D2;ACTG1;NEFH;MAG;THY1;RAB3A;ROBO3;APLP1;SEMA4C;PLXNA3;GDI1;RAC1;BRSK1;GAP43;OLIG1;MAP1B;CDK5R1;NEUROD2;EPHB6;PGRMC1;CCK;LMO4;PTN;SVBP;BAIAP2;SSNA1;TSPO;PLP1;MT3;KIF5A;OLIG2;PTPRH;APBB1;FEZ2;TUBB3;PAK1;ARHGEF40;ENAH;FYN;OLFM1;CYFIP2;METRN;SLITRK2;LIMK1;BSG;PTPRS;NPTX1;CHN1;SKIL;APOD;SLITRK5;CTNNA1;PAFAH1B1;MAPK8IP3;RAB8A;PTK2;C12orf57;DISC1;NOTCH1;APLP2;CNTN2;GRN;PPP3CB	Axon development	Oligodendrocyte	primary_sex_adjusted	79	0.000145019484463756	0.00043468959663613	1.3915892612032	0.00668461535264169	0.00935846149369837	1.67598859791825	2.46443781439711e-05	8.6255323503899e-05	TRUE	TRUE	1	TRUE	TRUE	1.95874834025396	7.73837196302408e-10	1.39290695334433e-08	TRUE	TRUE	TRUE	ALS vs ALS-FTD
Oligodendrocytes	ALS_vs_ALSFTD	heat_response	5.90335794115586e-05	0.000103308763970227	0.557332238758646	0.499818321110748	1.91231055247874	62	YWHAE;HSBP1;HSP90AB1;DNAJA2;STUB1;HSPA2;TCIM;SLU7;HSF1;CRYAB;HSPB1;SOD1;DNAJC7;SUMO1;DNAJA3;MAP2K7;HSP90AA1;DNAJA1;DNAJB4;EIF2B4;PRKACA;LRP11;RBBP7;TRPV1;VCP;PDCD6;HTRA2;GCLC	Heat response	Oligodendrocyte	primary_sex_adjusted	79	0.000103308763970227	0.000286085807917553	1.79171406392794	0.000802179969348512	0.0014038149463599	1.77454909664357	0.000542632769002332	0.000949607345754081	TRUE	TRUE	1	TRUE	TRUE	1.86089347648403	0.00018368598944871	0.000964351444605729	TRUE	TRUE	TRUE	ALS vs ALS-FTD
Oligodendrocytes	ALS_vs_ALSFTD	mitochondrial_energy	1e-10	7e-10		0.663725958296986	2.82195382097219	115	COX8A;NDUFS5;NDUFA3;NDUFA1;COX6B1;COX7C;CHCHD2;CYCS;COX6A1;UQCR10;NDUFA13;ATP5F1D;UQCRH;NDUFB3;PPIF;ATP5F1E;UQCR11;NDUFA5;NDUFB11;NDUFC1;MT-CO3;NDUFB10;RHOA;COX4I1;UQCRB;ATP5F1B;COX5A;NDUFC2;MT-ND6;NDUFB7;NDUFS6;PARK7;MT-ND3;NDUFS7;GHITM;ISCU;COX5B;NDUFA11;UQCRQ;MT-ND1;NDUFAB1;MT-CO1;NDUFB8;ATP5ME;ATP5MF;NDUFS1;MT-ATP8;NDUFA2;ATP5IF1;NDUFA8;CYC1;MT-CO2;COX6C;COX7A2;ETFRF1;NDUFB4;NDUFB2;NDUFS3;UQCC3;NDUFB5;MT-ATP6;PINK1;MT-ND5;ANTKMT;ATP5PF;MT-ND4;VCP;NDUFA6;SDHB;STOML2;NDUFA12;UQCRC1	Mitochondrial energy	Oligodendrocyte	primary_sex_adjusted	79	7e-10	1.575e-09	2.92316062435744	1e-10	3.5e-10	2.86991934449569	1e-10	7e-10	TRUE	TRUE	1	TRUE	TRUE	2.00104164911456	1.68593700920212e-06	1.32767539474667e-05	TRUE	TRUE	TRUE	ALS vs ALS-FTD
Oligodendrocytes	ALS_vs_ALSFTD	protein_folding	2.76807704143445e-08	9.68826964502059e-08	0.73376198835648	0.455107113686223	2.02616699712072	170	CANX;COX14;CALR;KHSRP;PPIA;HSP90AB1;DNAJA2;VBP1;HSPA2;PPIF;ANP32E;DNAJB2;PFDN5;PFDN6;GRPEL1;CLU;HSPA13;CRYAB;PDIA3;HSP90B1;HSPB1;ARL2;WDR83OS;DNAJC7;PPIB;MESD;COA3;CCDC47;P4HB;FKBP4;NUDC;DNAJC4;SDF2L1;CDC37L1;TAPBP;HSPA5;BAG4;FKBP8;DNAJA3;TBCB;HSP90AA1;UNC45A;LMAN1;CDC37;CSNK2A1;DNAJA1;ERP29;SELENOF;DNAJB4;PFDN2;NUDCD2;GRN;SDF2;LTBP4;HSPBP1;TUBA1A;PDIA2;DNAJC18;POFUT2;TBCC;BAG1;PPIG;RIC8A;LMAN2L;NAA10;PTGES3;DNAJB11;QSOX1;FKBP9;WIPF1;AIFM1;CLPX;PPIE;LYRM7;CRTAP;PEX19;RUVBL2;SDHAF4;ST13;HSPA9;HSPD1;HSPA4;TRAP1;SNRNP70;TOR1A;PFDN1;DNAJB1;HSPE1;TTC4;CCT6A;ERO1A;DNAJA4	Protein folding	Oligodendrocyte	primary_sex_adjusted	79	9.68826964502059e-08	2.18920696885808e-07	2.27070632069369	1e-10	3.5e-10	1.69978497140552	0.000132550260109849	0.000309283940256314	TRUE	TRUE	1	TRUE	TRUE	1.56601136191309	0.00050125041790349	0.00203734040825289	TRUE	TRUE	TRUE	ALS vs ALS-FTD
Oligodendrocytes	ALS_vs_ALSFTD	protein_stabilization	3.71756037583894e-05	8.67430754362419e-05	0.557332238758646	0.380632984979119	1.70797015160484	178	CALR;EFNA1;RPL23;HSP90AB1;PFN2;PYURF;STUB1;VBP1;PFDN5;PFDN6;CAMLG;PFN1;LAMP1;GAPDH;CLU;PARK7;CRYAB;COA8;GLMP;UBE2B;MT3;HSPB1;PPIB;GTPBP4;UFL1;TAF9B;PIN1;CHP1;CDC37L1;BAG4;CBX4;SUMO1;DNAJA3;HSP90AA1;CDC37;CSNK2A1;RASSF1;MAPK8IP3;PINK1;ANK2;PFDN2;POLR2E;NOP53;SYVN1;GRN;NAPG;ZBED3;HCFC1;HIP1R;GET1;PAQR4;DVL1;FLOT2;TUBA1A;PML;SAV1;BAG1;ATP1B1;PER3;BAG6;MUL1;UXT;TAF9;PHB2;VHL	Protein stabilization	Oligodendrocyte	primary_sex_adjusted	79	8.67430754362419e-05	0.000195171919731544	1.72993586658183	3.91875630969119e-05	9.14376472261278e-05	1.40576991037677	0.0165280644102933	0.0192827418120088	TRUE	TRUE	1	TRUE	TRUE	1.430958030415	0.012872640650654	0.0318029945486747	TRUE	TRUE	TRUE	ALS vs ALS-FTD
Oligodendrocytes	ALS_vs_ALSFTD	small_GTPase	0.852402745995423	0.852402745995423	0.0267456741432593	0.178399478296298	0.859932452671112	341	CADM4;GIPC1;NUCB1;CFL1;ARHGDIG;ARHGDIA;GDI1;RAB4B;GABARAP;RAC1;HRAS;RHOA;DIRAS2;MICALL2;DIRAS1;ARHGAP1;PARK7;ARL3;RHOB;CDC42SE1;RASA3;TAX1BP3;RHOG;BRK1;PPP1CB;RASAL1;STMN3;ARHGEF40;ADGRG1;FNTA;RUNDC3A;PIN1;CHP1;RAB35;RHOQ;LIMK1;CRK;CHN1;RASSF1;ARHGEF3;ARF6;ARFGAP1;NISCH;ARHGEF1;GNB1;HACD3;NOTCH1;RAB33A;RAB9B;NUP62;CDC42EP1;GBF1;ARHGEF18;RAB18;RALGDS;NKIRAS1;PLK2;NGEF;TNK2;CTNNAL1;TNFAIP1	Small GTPase	Oligodendrocyte	primary_sex_adjusted	79	0.852402745995423	0.87319305687336	-1.05120421047847	0.288461538461538	0.336538461538462	0.981298217663089	0.506443298969072	0.506443298969072	FALSE	TRUE	0.949367088607595	TRUE	FALSE	1.03064379704193	0.386877828054299	0.468717368604246	TRUE	FALSE	FALSE	ALS vs ALS-FTD
Oligodendrocytes	ALS_vs_ALSFTD	synapse_junction	0.480549199084668	0.560640732265446	0.0536769600638127	0.207374950421335	0.996961960167693	330	ACTB;CD9;FSCN1;CFL1;ACTG1;UBE2M;THY1;SEMA4C;DMTN;PLXNA3;VPS35;RAC1;GAP43;RHOA;MAP1B;GJB1;MICALL2;SKP1;FLOT1;RPS6;SLC12A5;HAPLN4;RHOG;ARL2;AGRN;DUSP3;CLDN11;HOPX;PCDHB16;EIF4G1;NEDD8;PCDHB4;AKAP5;WDR1;NCKIPSD;ITGB4;CYFIP2;SPOCK2;RAB40C;SLITRK2;SIGMAR1;PTPRA;PTPRS;NPTX1;TLN1;CRK;SLC9A1;NLGN2;APOD;SLITRK5;CTNNA1;ARF6;PTK2;ANK2;GABRA1;PRKACA;TESK2;CDH19;CSMD2;PCDHB14;LRRTM2	Synapse/junction	Oligodendrocyte	primary_sex_adjusted	79	0.560640732265446	0.555497239308883	-0.933177027286799	0.774509803921569	0.774509803921569	1.44871795281101	0.000734855502464686	0.00102879770345056	FALSE	TRUE	1	TRUE	FALSE	1.39518362620628	0.00489393177318379	0.0141034070144519	TRUE	FALSE	FALSE	ALS vs ALS-FTD
Oligodendrocytes	ALS_vs_Control	axon_development	0.457223001402525	0.640112201963534	0.0656813601934011	0.205272910946118	0.995682344970339	285	SEMA4B;SEMA3B;FYN;GDNF;CYFIP1;EFNB2;B4GALT5;PTK2;EFNA1;NEXN;SEMA7A;TRAK2;FEZ2;ADCY10;SIPA1L1;PTN;MAP1A;NOTCH2;KALRN;CTNNA1;CTTN;YTHDF1;ULK1;NOVA2;KREMEN1;BAIAP2;ROBO3;PTPRM;PLXND1;PUM2;ECE1;PAK1;SLITRK5;NFASC;CERS2;PRKCQ;SCN1B;PTPRJ;MAG;SIN3A;PAK2;SLITRK2;GOLGA4;SEMA6D;TRIO;MYOT;ADNP;PAFAH1B1;SIAH1;PTPRH;METRN;CYFIP2;CASP3;MAPT;PTPRS;UNC5B;CNTN1;RAB3A;TSPO;CDKL5;ENAH;RAB21;RUFY3;LLGL1;THY1;DISC1;MAP7D2;APLP1;PRKG1;ROBO2;RTCA;RPS6KA5	Axon development	Oligodendrocyte	primary_sex_adjusted	79	0.640112201963534	0.538412132492692	0.938183300830145	0.64010989010989	0.64010989010989	-1.5578090367416	6.70896802790287e-05	0.000234813880976601	TRUE	FALSE	0.734177215189873	FALSE	FALSE	1.32768697482012	0.0137578219963283	0.0333362609911031	TRUE	FALSE	FALSE	ALS vs control
Oligodendrocytes	ALS_vs_Control	heat_response	0.00651695359407232	0.0228093375792531	0.407017918923954	0.416805844235246	1.61305065653571	62	HSPB1;LRP11;DNAJB4;TRPV1;GCLC;DNAJA4;DNAJB1;DNAJA3;HSPA1A;HSF1;DNAJA1;CHORDC1;TCIM;EIF2S1;PSIP1;EIF2B1;HSPA1B;DHX36;MAPT;HIKESHI;EP300;CRYAB	Heat response	Oligodendrocyte	primary_sex_adjusted	79	0.0228093375792531	0.0157910798625599	1.58742646111391	0.00859375754263033	0.0300781513992061	1.55552738245744	0.00939416403448004	0.0131518296482721	TRUE	TRUE	1	TRUE	TRUE	1.22354396800417	0.134969325153374	0.209952283571915	TRUE	TRUE	FALSE	ALS vs control
Oligodendrocytes	ALS_vs_Control	mitochondrial_energy	9.87028940998259e-09	6.90920258698781e-08	0.747739663149885	-0.478766899610987	-2.22707562804184	115	UQCC2;NDUFB2;COX7B;ATP5PD;NDUFC1;SNCA;NDUFB9;NDUFAF1;NDUFB7;COX6C;NDUFB1;NDUFA11;NDUFB6;STOML2;NDUFS8;COX5B;ATP5PB;UQCC3;ATP5F1C;NDUFA9;MT-ND6;NDUFB10;NDUFS3;ATP5MF;ATP5MG;ATP5IF1;NDUFB3;NDUFA7;ATP5ME;COX5A;NDUFA2;NDUFB11;NDUFV2;UQCRC1;VCP;NDUFA12;COX7A2;UQCR11;COX6B1;NDUFS5;NDUFA8;NDUFS4;COX4I1;NDUFB4;ATP5PF;UQCRQ;ISCU;NDUFV3;ATP5F1E;MT-ND2;ATP5F1A;NDUFAB1;NDUFS6;NDUFB5;NDUFC2;NDUFB8;UQCR10;DNAJC30;COX6A1;TEFM;MT-ND3;ATP5F1D;NDUFA13;MT-CYB;PINK1;PARK7	Mitochondrial energy	Oligodendrocyte	primary_sex_adjusted	79	6.90920258698781e-08	1.03638038804817e-07	-2.39412122978278	1e-10	7e-10	-1.8689997673022	3.50371635467786e-05	0.000234813880976601	TRUE	TRUE	1	TRUE	TRUE	-2.558670712913	1e-10	3.15e-09	TRUE	TRUE	TRUE	ALS vs control
Oligodendrocytes	ALS_vs_Control	protein_folding	0.181679389312977	0.423918575063613	0.124434168630393	0.252743898386937	1.1575812136573	170	HSPB1;PDIA5;TXNDC5;DNAJB4;NKTR;HSPH1;HSPA4L;DNAJA4;ATF6;DNAJB2;DNAJB1;DNAJA3;CSNK2A1;RANBP2;HSPA1A;HSPA4;LTBP4;APLF;PTGES3;P3H1;DNAJA1;CDC37L1;CHORDC1;FKBP5;TBCD;HSPD1;CANX;SDHAF4;METTL21A;PEX19;HSPA1B;PPID;DNAJC21;P4HB;DNAJC24;NUDCD2;KHSRP;DNAJC18;WIPF1;TTC4;PPIG	Protein folding	Oligodendrocyte	primary_sex_adjusted	79	0.423918575063613	0.248821772319947	1.03244368488935	0.398529411764706	0.49255751014885	1.01687048211097	0.417935702199662	0.487591652566272	TRUE	TRUE	0.987341772151899	TRUE	FALSE	-1.43324116541929	0.00574037394604382	0.0160730470489227	FALSE	FALSE	FALSE	ALS vs control
Oligodendrocytes	ALS_vs_Control	protein_stabilization	0.438438438438438	0.640112201963534	0.0711327399327894	0.218543333612101	1.00856856213958	178	HSPB1;PML;ANK2;EFNA1;UBE2B;CEP63;TMC8;STK3;DNAJA3;CSNK2A1;HSPA1A;ZBED3;USP2;PTGES3;P3H1;RASSF1;CDC37L1;IFT46;CCNH;VHL;PAK4;HSPD1;PYURF;STX12;TAF9B;CHP1;PEX19;STK4;UFL1;GPIHBP1;PDCD10;HSPA1B;USP13;TBL1X;PRKRA;FBXW7;FLOT2;MORC3;ZNF207;RAB21;EP300;PPP1R10;CRYAB	Protein stabilization	Oligodendrocyte	primary_sex_adjusted	79	0.640112201963534	0.526126126126126	1.0999395831978	0.253333333333333	0.443333333333333	0.805677907870593	0.91887417218543	0.91887417218543	TRUE	TRUE	0.974683544303798	TRUE	FALSE	-1.32672934425298	0.0332289324401964	0.0675297659268507	FALSE	FALSE	FALSE	ALS vs control
Oligodendrocytes	ALS_vs_Control	small_GTPase	0.653089887640449	0.653089887640449	0.0489954089862481	0.188951841735787	0.930366528920592	341	PSD2;RASA3;TAX1BP3;RRAS2;MICALL2;RALGDS;RAB12;PPP1CB;RHOQ;CYFIP1;ARHGEF3;ABCA1;KCTD10;CDC42EP4;RAB6C;GIT1;ADGRG1;GARNL3;ARHGEF10;SIPA1L1;NGFR;ARHGEF1;SGSM3;RAB18;NOTCH2;SQSTM1;RGL1;KALRN;BCAR3;RIT1;RASSF1;RASAL1;CHORDC1;RHOF;ARRB1;DIRAS2;PSD3;ARHGAP19;ARHGEF18;CSNK1A1;SIPA1L2;ARFGAP1;DOCK6;DENND4A;FXR1;GNA13;CHP1;TRIO;ARL3;MYO9A;NUCB1;SHOC2;ARHGAP6;CTNNAL1;FBXO8;ARHGAP17	Small GTPase	Oligodendrocyte	primary_sex_adjusted	79	0.653089887640449	0.700341421777832	1.09994561249617	0.200531208499336	0.443333333333333	-1.30162013598525	0.00823788435799236	0.0131518296482721	TRUE	FALSE	0.69620253164557	FALSE	FALSE	-0.913539692791323	0.739961759082218	0.776959847036329	FALSE	FALSE	FALSE	ALS vs control
Oligodendrocytes	ALS_vs_Control	synapse_junction	0.590717299578059	0.653089887640449	0.0536769600638127	0.193661792220235	0.95290557503864	330	ITGB4;CC2D1A;MICALL2;CD9;DUSP22;PTPN13;WDR1;SETD5;LRRTM2;DNER;ANK2;EFNB2;PTK2;JAM3;RAB40C;PCDHB16;CLDN11;IKBKB;CDH3;CTNNA1;CTTN;AGT;DLG5;DUSP3;FGFR1;CSMD2;EEF2K;PLXND1;CORO1C;PUM2;SORBS1;CDH19;TBCD;DMTN;AFDN;SLITRK5;CDHR3;PTPRJ;FAM107A;NUMBL;PATJ;UBE3B;VCL;GNA13;ITGB1BP1;PAK2;SLITRK2;PCDHB14;WHAMM;CDH26;ADNP;NTM;SHANK2;MYO9A	Synapse/junction	Oligodendrocyte	primary_sex_adjusted	79	0.653089887640449	0.651039697542533	1.01087746260724	0.422192151556157	0.49255751014885	-1.38592861059744	0.0018489909924363	0.00431431231568471	TRUE	FALSE	0.911392405063291	TRUE	FALSE	1.17572767412545	0.0893617021276596	0.156382978723404	TRUE	FALSE	FALSE	ALS vs control
