set_id	pval	padj	log2err	ES	NES	size	leadingEdge	set_label	cell_type	contrast	analysis_role	ranked_genes	n_samples	n_donors	duplicate_correlation	comparison_FDR	global_primary_FDR	supportive_global_FDR	transition_global_FDR	record_type	dataset_version_id	region	cohort_partition	donor_id
mitochondrial_energy	0.0000000002131550013017	0.0000000014920850091119	0.826657301178302	0.516890267559988	2.41436614497701	109	ATP5ME;NDUFA9;UQCRB;NDUFS5;COX7A2L;UQCR10;ATP5IF1;NDUFV1;COX7A1;NDUFS6;ATP5PD;NDUFA12;COX7B;DGUOK;PINK1;NDUFA3;NDUFS3;NDUFA6;ATP5F1E;COX7C;COX6C;COX4I1;UQCRH;NDUFB1;NDUFA5;NDUFA8;NDUFB8;ATP5MF;ATP5PO;GHITM;UQCRQ;NDUFAB1;TEFM;NDUFV3;ATP5F1B;NDUFA10;NDUFA2;SDHB;SLC25A51;NDUFS2;ATP5MG;COX5B;SDHD;ATP5F1C;NDUFB3;NDUFB4;COX5A;COX6B1;CHCHD2;NDUFB6;UQCRC1;NDUFC2;UQCRFS1;COX8A;NDUFAF1;NDUFB10;NDUFA7;ISCU;ATP5PF	Mitochondrial energy	Astro	C9_ALS_vs_C9_FTD_Frontal_batch_bridged	primary_frontal	20866	72	37	0.459689963681544	0.0000000014920850091119	0.00000000177185094832038			family_result				
small_GTPase	0.0000000708936091594623	0.000000248127632058118	0.704975715167238	-0.329544550194868	-1.76097288861954	452	NOTCH2;DOCK11;MRAS;RAB30;F2RL1;RAPGEF2;TAX1BP3;RAB3GAP1;KANK1;F2R;ARHGAP5;AUTS2;SRC;RIPOR2;FBXO8;DENND1A;DOCK9;RAB9A;SRGAP2;GNA13;KCTD13;NCKAP1;SQSTM1;PICALM;SNTA1;ARRB1;KSR1;DOCK8;RALGPS2;RHOC;RHOA;STARD13;RALGAPB;DAG1;RB1;WNK1;TIAM2;CDC42EP4;RHOD;EPS8;FAM13A;ARHGEF4;CUL3;DOK3;BCAR3;SIPA1;KBTBD7;PLEKHG4B;ALS2;FGD4;ARHGAP26;ARHGAP35;CCNA2;ABCA1;FNTA;OPHN1;HACD3;DOK7;PLEKHG1;FAM13B;RIT1;ERBB2;RHOQ;HEG1;RAP1B;RIPOR1;ARHGAP12;CRKL;TNS3;ARL3;MCF2L;LRP4;FXR1;ARHGAP31;NUP62;SCAI;ARHGEF2;CSNK1E;RND2;KBTBD6;WNT5A;RACGAP1;RHOBTB1;SWAP70;SIPA1L1;ARHGEF10;TIAM1;RAB39A;CDKL5;RRAS2;PIK3CB;NF1;ARFGEF1;HACE1;ADCYAP1R1;DOCK7;GIT1;IQSEC1;ELMO1;PKP4;CHM;ABL1;CGNL1;RGS19;FARP1;RASGEF1C;CCDC125;DENND4C;PPP1CC;CYFIP1;DOCK1;RGL2;SOS2;CDC42EP1;RAC3;AIF1;RASA2;RAP1A;DOCK6;CSNK1A1;DOCK10;DOCK4;SIAH2;SPATA13;ARHGAP6;RRAGC;APOE;SH3BP4;SOS1;ARFGEF3;RTN4R;RAB18;RHOH;RAPGEF1;ARHGAP15;SYNPO2;FLCN;RHOG;RALGAPA1;RIN2;RAP1GAP2;NUCB2;SHTN1;PSD3;SH2D3C;G3BP1;RHEB;ROBO1;SIPA1L3;FGD2;RHOF;VAV3;RAP2A;NKIRAS1;PPP1CB;ITGAV;RALGPS1;EPHB2;SYNGAP1;BRAP;ABI2;LRRK2;DOCK3;RHOB;ARAP1;CDC42SE2;GIT2;PHACTR4;FGD3;DENND3	Small GTPase	Astro	C9_ALS_vs_C9_FTD_Frontal_batch_bridged	primary_frontal	20866	72	37	0.459689963681544	0.000000248127632058118	0.000000325132759248568			family_result				
synapse_junction	0.00190473473307856	0.00444438104384997	0.45505986738723	-0.26310733461596	-1.40390393704989	441	GPM6B;GJA1;PARD3;RAPGEF2;SRGAP2C;OCLN;MDGA1;LIN7A;PTPRJ;SRC;ADGRL3;AMIGO2;SRGAP2;GNA13;SDK1;PTPRK;CRIPT;CDH2;CDH20;ANK2;NAE1;ERBB4;CTNNA1;TSPAN11;WDR1;FER;PATJ;RHOC;VCL;RHOA;SRGAP1;GABRG1;EFNA5;PCDH17;FAM107A;DAG1;MPDZ;CDH4;PLXNA3;PAK2;SPOCK2;RHOD;IGSF11;AGT;NECTIN3;JUP;TJP1;IKBKB;ZDHHC2;PARD6B;PLEC;OPHN1;ACE2;NRG3;AMOT;PTPN13;SDC2;TBCD;PDLIM5;RAP1B;CRKL;NPHP1;PRKCA;PECAM1;MPP7;GPM6A;PLXNB2;LRP4;TLN2;PTK2;PUM2;CLASP1;CORO1C;ADNP;WNT5A;GRIA1;PKP2;LSAMP;PIP5K1C;PLXNA1;MYO1C;LIMCH1;DNM3;NEGR1;AFDN;PCDHB16;SRGAP2B;GRID2;ELMO1;PKP4;PCDHB6;ABL1;FARP1;EFNB2;CPEB3;SDC4;DOCK1;SDK2;PCDHB13;RAC3;RAP1A;GJB6;SORBS1;PLXNA2;PKN2;DLG1;CLASP2;CUX2;AGRN;DOCK10;DOCK4;STRN;ARHGAP6;RTN4R;CLDN18;RAPGEF1;NLGN3;GJB2;FLCN;RHOG;S100A10	Synapse/junction	Astro	C9_ALS_vs_C9_FTD_Frontal_batch_bridged	primary_frontal	20866	72	37	0.459689963681544	0.00444438104384997	0.00436775378447324			family_result				
axon_development	0.0485436893203884	0.0849514563106796	0.261663521711573	-0.232454623811815	-1.22196211510695	364	GPM6B;NOTCH2;PARD3;TSPO;NPTN;LGI1;LLGL1;SEMA3D;NRP2;BSG;PTPRJ;AUTS2;NTRK2;KIAA0319;FZD3;CSF1R;FYN;PICALM;CDH2;NFIB;ROBO4;BOC;CTNNA1;CNTN1;TENM3;EFNA5;DAG1;PLXNA3;PAK2;TIAM2;ENAH;LGR6;VIM;GRM7;PLEKHG4B;JUP;PTCH1;VASP;PARD6B;ARHGAP35;ZDHHC17;OPHN1;RAB10;NCAM1;CHODL;MARK2;MAP2;CTNNA2;PRKCA;DRAXIN;EPHA6;PLXNB2;LRP4;CERS2;VASH2;PTK2;PUM2;GRN;RUFY3;ATL1;ADNP;WNT5A;PALLD;KIF13B;SIPA1L1;SPAST;TIAM1;CDKL5;ECE1;VANGL2;MGARP;BAIAP2;DOCK7;ABL1;EFNB2;KREMEN1;ADAM17;CYFIP1	Axon development	Astro	C9_ALS_vs_C9_FTD_Frontal_batch_bridged	primary_frontal	20866	72	37	0.459689963681544	0.0849514563106796	0.0884426120494747			family_result				
protein_stabilization	0.0935374149659864	0.130952380952381	0.190023305279108	-0.245785983788195	-1.22164346671882	208	SPAG1;EGLN3;PLPP3;WFS1;CLU;WIZ;MSX1;HSPA1B;ANK2;LAMP2;PARVA;EP300;HSPA1A;MCM8;BAG2;CBLB;LAMP1;HSPB1;HCFC1;CD74;TYROBP;FLNA;TRIM37;ATM;VHL;PPARGC1A;CBL;SEL1L;STXBP4;GRN;COG7;PTGES3;USP13;PPP1R10;TRIM44;PRKN;IFT46;CREBL2;HIP1;PDRG1;SAV1;CRYAB;TBL1X;CCT4;PAK4;GET1;BAG3;MTMR9;C10orf90;CALR;CCNH;RUVBL1;CREB1;ATP1B3;PEX19;MDM4	Protein stabilization	Astro	C9_ALS_vs_C9_FTD_Frontal_batch_bridged	primary_frontal	20866	72	37	0.459689963681544	0.130952380952381	0.159493284493285			family_result				
heat_response	0.422459893048128	0.492869875222817	0.0819778796501272	-0.237180923388795	-1.01469093145556	78	HSPB2;HSPA2;HSPA1B;IRAK1;DNAJB4;EP300;HSPA1A;GCLC;HSPB1;ATM;CREBBP;DNAJB6;HMOX1;CXCL10;SIRT1;CRYAB;BAG3;ANO1;DNAJB1	Heat response	Astro	C9_ALS_vs_C9_FTD_Frontal_batch_bridged	primary_frontal	20866	72	37	0.459689963681544	0.492869875222817	0.585282976827095			family_result				
protein_folding	0.522689075630252	0.522689075630252	0.0679922591544058	-0.196215250738152	-0.970111214660472	198	HSPB2;HSPA2;CLU;ZMYND10;APLF;HSPA1B;DNAJB4;CWC27;HSPA1A;BAG2;TAPBP;ST13;HSPB1;P4HB;CD74;CMC1;FKBP5;COX19;PDIA4;ERO1B;TBCD;CANX;PPIAL4G;QSOX1;DNAJB6;ATF6;GRN;CLPX;HSPA1L;PTGES3;WDR83OS;DNAJC5;HSPA5;NFYC	Protein folding	Astro	C9_ALS_vs_C9_FTD_Frontal_batch_bridged	primary_frontal	20866	72	37	0.459689963681544	0.522689075630252	0.664335664335664			family_result				
mitochondrial_energy	0.0000000161953339309677	0.000000113367337516774	0.73376198835648	0.474104553562578	2.22522215436636	109	ATP5ME;NDUFS5;UQCRB;NDUFB1;COX7A1;NDUFS6;NDUFS3;ATP5PD;SDHD;NDUFA12;NDUFAB1;ATP5IF1;COX4I1;NDUFS2;UQCR10;ANTKMT;NDUFB8;UQCRH;COX7A2L;ATP5F1E;NDUFS8;PINK1;SNCA;COX6C;NDUFA3;NDUFAF1;NDUFA8;ATP5MF;NDUFC2;ATP5PF;UQCRQ;COX7C;UQCC2;NDUFV1;TEFM;NDUFA13;COX7B2;NDUFA1;NDUFB10;NDUFB9;NDUFA9;NDUFA5;NDUFA2;GHITM;NDUFA6;COX6B1;NDUFB7;UQCRC1;STOML2;PARK7;NUPR1;COX7B;COX5B;ATP5MG;NDUFB11;COX6A1;CHCHD2;NDUFS7;SIRT3;COX5A;NDUFA11;ISCU;SDHAF2;NDUFV3;ATP5PO;SDHA;ATP5F1B;CCNB1;NDUFB2;COX7A2;CYCS;COX8A;NDUFB4	Mitochondrial energy	Astro	C9_ALS_vs_Ctrl_Frontal	primary_frontal	20866	72	37	0.459689963681544	0.000000113367337516774	0.0000000897491422007794			family_result				
small_GTPase	0.00180543621297946	0.00631902674542812	0.45505986738723	-0.251739300232908	-1.37334706733224	452	NOTCH2;NCKAP1;RAP1B;RAB30;EPS8;FBXO8;TAX1BP3;ARHGAP5;ARHGAP12;RAB21;RAB18;RAPGEF2;OPHN1;RASA2;AUTS2;ARFGEF1;ARHGEF12;ARFGEF3;KANK1;DENND4C;ERBB2;SQSTM1;RIT1;ITGAV;RALGPS2;RAB3GAP1;ARHGAP26;SHOC2;DOCK4;PICALM;DOCK11;RALGAPA1;CSNK1A1;SH3BP4;DOK7;PSD3;APOE;RALGAPB;SOS2;RHEB;MAP4K4;ABCA1;GRAP;ROBO1;RB1;RAPGEF6;FNTA;ROCK1;ARHGAP31;FERMT2;GNA13;RRAGC;NUCB2;FAM13B;ARHGAP32;RAP1A;MYO9A;ALS2;RHOC;RAB4A;HACD3;ARFGEF2;TIAM2;LRRK2;PPP1CB;ARHGEF2;NF1;DENND1A;KBTBD7;FAM13A;RGL1;HACE1;DAG1;ARHGAP19;FGD4;CHM;FXR1;RHOB;CGNL1;ARHGAP29;RDX;F2R;ARHGAP30;RIN2;MYO6;ARHGAP35;VAV3;CD2AP;OGT;RRAS2;RAB9A;G3BP1;SRC;CSNK1E;SPRY4;CTNNAL1;STARD13;PLEKHG4;AKAP13;DOCK5;RHOQ;F2RL1;DOCK7;DENND4A;GNA12;PREX2;DOCK9;ABL1;PLEKHG1;WNK1;RHOH;FARP1;CUL3	Small GTPase	Astro	C9_ALS_vs_Ctrl_Frontal	primary_frontal	20866	72	37	0.459689963681544	0.00631902674542812	0.00421268449695208			family_result				
axon_development	0.0268369697543475	0.0496081254782112	0.352487857583619	0.228701758534968	1.26568900128072	364	BRSK2;PLP1;DRD2;LMO4;CDK5R2;NEXN;APOD;NELL2;EPHA3;WNT7A;BDNF;TUBB3;PGRMC1;SEMA4C;STXBP1;MAP1B;EPHB6;KIF5C;CCK;RGMA;PLPPR4;SEMA6C;L1CAM;NOTCH1;RAB3A;NEUROD6;NOTCH3;THY1;MAP6;FGF13;CNTNAP1;FLRT3;NTN1;CRTAC1;APP;BRSK1;GDI1;RTN4RL2;MAPT;SVBP;NOVA2;TAOK2;EVL;NEUROD2;APLP1;MCF2;SEMA5B;PLXND1;UNC5A;RTN4RL1;UNC5B;RAC1;TNFRSF21;TRIM46;WNT7B;TENM4;TWF2;MEGF8;CELSR1;MAG;MAPK8IP3;NREP;PRKCQ;SLITRK3;CDK5;SMN2;KIF5A;PRICKLE1;SLITRK4;EPHA10;DNM2;EFNA2;NTNG2;NECTIN1;SPP1;EPHB1;BCL11A;OLFM1;SEMA4G;MAP1S;CDK5R1;LLGL1;SSNA1;SEMA3F;ANAPC2;GAP43;MAP1A;RELN;TRPV2;SLIT3;PRKG1;MAP7D2;SKIL;EPHA5;DCLK1;ADGRB1;CTTN;ANK3;CHN1;SEMA7A	Axon development	Astro	C9_ALS_vs_Ctrl_Frontal	primary_frontal	20866	72	37	0.459689963681544	0.0496081254782112	0.0517292315554815			family_result				
protein_stabilization	0.0283475002732635	0.0496081254782112	0.352487857583619	-0.256597376015275	-1.28759873486368	208	CLU;CBLB;RAB21;PPP1R10;WFS1;EGLN3;MCM8;BAG3;COG3;CREB1;PDCD10;HSPA1B;HSPA1A;PRKN;ANK2;HCFC1;NAA30;SEL1L;PLPP3;HSPB1;USP33;HPS4;GNAQ;C10orf90;LAMP1;LAMP2;USP9X;TBL1X;CALR;USP13;EP300;CCNH;CTNND1;TRIM39;UBE2B;VHL;MTMR9;STX12;PEX19;SAXO1;PPARGC1A;UFL1;ATM;PARVA;DBR1;WIZ;CDC37L1;GTPBP4;PTEN;CDK7;CREBL2;FBXW7;PRKRA;CEP63;NLK;CBX4;ATP1B2;STK3;SPAG1;STXBP4;ZBED3;RABL3;PDRG1;SWSAP1;ZNF207;PTGES3;MDM4;COG7	Protein stabilization	Astro	C9_ALS_vs_Ctrl_Frontal	primary_frontal	20866	72	37	0.459689963681544	0.0496081254782112	0.0538602505192007			family_result				
synapse_junction	0.137254901960784	0.192156862745098	0.188204146308491	0.197184628196435	1.11004909564954	441	THSD1;SFRP1;DRD2;ICAM5;APOD;MMP14;EPHA3;WNT7A;PPM1F;BDNF;LRRC4B;ZDHHC8;ILDR1;LGI2;SEMA4C;THBS2;FLOT1;VLDLR;DRD1;MAP1B;CAMSAP3;MICALL2;CORO2B;GABRA5;FSCN1;LRRTM2;CDH22;AKAP5;UGT8;THY1;EPB41L3;FGF13;CNTNAP1;ACHE;GHRL;FLRT3;NTN1;CRTAC1;APP;CLDN11;NRXN2;RTN4RL2;MAPT;FN1;TAOK2;CBLN4;FRMPD2;COL16A1;SLC12A5;ASIC1;CRMP1;SYNDIG1;GABRA1;SPTBN2;APLNR;ARHGAP33;RCC2;LRFN3;ADD2;PLXND1;RTN4RL1;DAPK3;GABRB2;GABRG2;LRRC4;UBE2M;RAC1;CD9;EPHA2;SLITRK3;CDK5;PDZD11;PRICKLE1;SLITRK4;CDH7;CLSTN3;TRIM47;NTNG2;NECTIN1;SNCA;FBXO45;CC2D1A;LSR;CLSTN2;EPHB1;NPHS1;CASKIN1;LZTS1;LRFN4;TESK2;WNT4;GJB1;GAP43;ESAM;SHANK2;ACE;DVL1;RAB40C;RELN	Synapse/junction	Astro	C9_ALS_vs_Ctrl_Frontal	primary_frontal	20866	72	37	0.459689963681544	0.192156862745098	0.224532409258519			family_result				
heat_response	0.381679389312977	0.44529262086514	0.0913924325943768	-0.244546965454351	-1.04063156879556	78	HMOX1;HSPB2;BAG3;IRAK1;HSPA1B;HSPA1A;HSPB1;HSF1;HSPA2;DNAJB4;EP300;GCLC;GSK3B;DNAJB1;SCN11A;ATM;SIRT1	Heat response	Astro	C9_ALS_vs_Ctrl_Frontal	primary_frontal	20866	72	37	0.459689963681544	0.44529262086514	0.551775638898108			family_result				
protein_folding	0.7825311942959	0.7825311942959	0.0516355964484201	-0.177465278161904	-0.886134002447568	198	CLU;CWC27;HSPB2;ATF6;ERP44;CLPX;BAG3;ERO1B;HSPA1B;FKBP5;HSPA1A;DNAJB14;HSPB1;HSPA2;CALR;DNAJB4;HSPA1L;HSPA9;NFYC;CCT6B;CANX;LMAN1;SELENOF;LYRM7;DNAJB1;APLF;CMC1;PEX19;TBCD;ST13;ANP32E;RANBP2;P4HB;COX19;CDC37L1;RIC8B;HSPA8;PDIA3;HSPA4L;HSPA5;QSOX1;RIC8A;PPIL2;PDRG1;PPIAL4G;CCDC47;PTGES3;TXNDC5;FKBP6;TAPBP;ENTPD5;GRN;TRAP1;ERO1A	Protein folding	Astro	C9_ALS_vs_Ctrl_Frontal	primary_frontal	20866	72	37	0.459689963681544	0.7825311942959	0.867801418439716			family_result				
small_GTPase	0.000042416751055371	0.000296917257387597	0.557332238758646	0.296867152232508	1.5450456354864	452	MRAS;ADCYAP1R1;RASGRP2;SRGAP2;F2RL1;RIPOR2;RHOBTB1;DOK3;WNT5A;DOCK11;SIPA1;KCTD13;ARHGEF4;PSD2;SH2D3C;ARRB1;MCF2L;CCNA2;CYFIP1;F2R;NOTCH1;KSR1;DOCK9;SNTA1;RND2;SRC;AIF1;SYNGAP1;RAB9A;RHOD;PPP1CC;RGL3;CDC42EP4;FLCN;ABR;RHOA;DENND1A;SCAI;RASGEF1C;RAC3;BCAR3;SIPA1L1;GIT1;RAPGEF1;ARAP1;DOCK8;CCDC125;ARHGAP33;HEG1;RGL2;ARHGEF1;CDC42SE2;SPATA13;STARD13;IQSEC1;RAB15;TNS3;EPHB2;GNA13;RAB39A;KBTBD6;RELN;RAB3GAP1;RABIF;WNK1;ARL3;SIPA1L3;RIPOR1;SGSM3;CUL3;MYO9B;SHTN1;PLEKHG4B;ARHGEF10;PSD4;RAPGEF2;RASAL1;KANK1;ARHGAP25;RTN4R;ARHGAP22;RGS19;RAB35;RASGEF1A;DAG1;ARHGAP15;CRKL;IGF1;CRK;ARHGAP23;PLEKHG5;RASA4;TIAM1;ARHGEF18;CYTH4;CXCL13;WASF1;LRP4;DENND4B;NOTCH2;ELMO1;SWAP70;RHOC;PLEKHG1;KRAS;CDKL5;SYNPO2;ARHGAP35;PHACTR4;RHOG;FGD2;DOCK6;NISCH;LZTR1;RACGAP1;RASL12;DOCK10;FAM13A;RHOQ;RHOF;ARHGAP6;PLXNB1;AUTS2;RASA4B;FGD4;TNK2;KANK2;KBTBD7;SH2D3A;BRAP;TIAM2;RAB30;PICALM;TGFB2;MADD;ITGA3;NUP62;DENND3;LAT;RAB33A;RB1;SYDE1;ARHGEF25;SEMA4D;GIT2;ARHGDIA;ARHGEF10L;PIK3CB;MICALL2;RAB39B;PKP4;RAP2B	Small GTPase	Astro	C9_FTD_vs_Ctrl_Frontal	primary_frontal	20866	72	37	0.459689963681544	0.000296917257387597	0.000125365064230319			family_result				
mitochondrial_energy	0.000639224951885859	0.00223728733160051	0.477270815362862	-0.371057252680362	-1.69094747786513	109	NDUFA9;DGUOK;ATP5F1C;NDUFS4;UQCRC2;NDUFV2;COX7B;SDHB;ATP5ME;UQCRB;COX7A2L;SLC25A51;NDUFA10;NDUFV1;NDUFB6;NDUFA6;UQCR10;ATP7A;ATP5PO;DNAJC30;ATP5IF1;NDUFS5;ATP5PB;NDUFA5;ATP5F1B;NDUFB3;UQCRFS1;NDUFV3;GHITM;ATP5F1A;PINK1;NDUFA3;NDUFB4;NDUFA12;ATP5PD;COX7C;ATP5MG;COX5B;NDUFA7;NDUFS6;COX6C;COX7A1;COX8A;NDUFA8;ATP5F1E;COX5A;ATP5MF;NDUFA2;NDUFB5;CHCHD2;UQCRH;UQCRQ;NDUFS1;TEFM;COX4I1;UQCRC1;NDUFC1;SHMT2;ISCU;NDUFS3;COX6B1;NDUFB8	Mitochondrial energy	Astro	C9_FTD_vs_Ctrl_Frontal	primary_frontal	20866	72	37	0.459689963681544	0.00223728733160051	0.00157438738149665			family_result				
synapse_junction	0.00633941411459966	0.0116973922988585	0.407017918923954	0.251126548123399	1.30057196334766	441	MDGA1;SRGAP2;SPOCK2;TSPAN11;SRGAP2C;GPM6B;AMIGO2;SYNDIG1;GRIA1;FRMPD2;WNT5A;GJA1;IKBKB;PCDHB16;CLDN18;LRRC4B;SRC;CRIPT;PLXNA3;AGRN;PLEC;RHOD;FAM107A;FLCN;PLXNA1;RHOA;OCLN;PECAM1;RAC3;RCC2;THSD1;WNT7A;RAPGEF1;SRGAP2B;ZDHHC8;JUP;APLNR;NRXN2;ARHGAP33;TLN2;PPM1F;TAOK2;SLITRK5;NLGN1;PTPRJ;EPHB2;GNA13;MPDZ;LRRC4;NECTIN3;SDK2;RELN;CAMSAP3;SRGAP1;S100A10;PTPRS;PARD3;PLXNA2;CDH4;DLG5;RAPGEF2;PATJ;RTN4R;IGSF11;AMOT;APP;DAG1;CRKL;CRK;PKP2;DRD2;LRP4;LIN7B;ELMO1;LRFN4;RHOC;SDK1;SORBS1;CDH20;MYO1C;NPHP1;GPC4;NLGN2;RHOG;PIP5K1C;NPHS1;ACE;LRFN1;FGFR1;DOCK10;NTNG2;TRPV4;CDH7;ARHGAP6;CAV1;PLXNB1;ANK2;FBXO45;ASIC1;PLXNB2;APOD;EPHA3;PCDHB10;FZD1;ACHE;CPEB3;ITGA2;EEF2K;SHANK3;LIN7A;DMTN;ARL2;PCDHB9;SEMA4D;PARD6B;CUX2;FER;ESAM	Synapse/junction	Astro	C9_FTD_vs_Ctrl_Frontal	primary_frontal	20866	72	37	0.459689963681544	0.0116973922988585	0.013383207575266			family_result				
axon_development	0.00668422417077628	0.0116973922988585	0.407017918923954	0.261788975914142	1.33345184573698	364	LLGL1;SEMA3D;GPM6B;TENM3;WNT5A;CSF1R;MARK2;PTCH1;KIAA0319;SPP1;CYFIP1;LGI1;NOTCH1;VASP;FZD3;VASH2;NRP2;ROBO4;NPTN;TSPO;PLXNA3;SEMA6C;RAC3;SIPA1L1;BAIAP2;DRAXIN;CTNNA2;CHODL;WNT7A;SMO;ECE1;LGR6;PLPPR4;JUP;EFNB1;TAOK2;SLITRK5;METRN;TWF2;PTPRJ;EPHB2;MAP2;RELN;SKIL;GRM7;PTPRS;EMB;PARD3;DNM2;RNF6;NFIB;NPR2;MAP1S;MAP6;SHTN1;PLEKHG4B;NEXN;NTRK2;NOVA2;SVBP;EPHA4;RTN4R;KIF5C;APP;VIM;DAG1;SLIT3;CXCL12;NCAM1;DCLK1;SEMA3C;RAB8A;PRKG1;KIFC2;TIAM1;SEMA6B;DRD2;DHFR;LRP4;NOTCH2;ULK1;ATL1;BOC;STXBP1;EFNA4;CELSR3;CDKL5;ARHGAP35;CSPG5;MGARP;GRN;CNTN1;COBL;NTNG2;SEMA4G;MEGF8;PLXNB1;AUTS2;TIAM2;RAB10;PLXNB2;LYPLA2;SMN2;PICALM;APOD;EPHA3;S100A6;ISLR2;TNR;STK11;ARHGEF25;ENAH;SEMA4D;PARD6B	Axon development	Astro	C9_FTD_vs_Ctrl_Frontal	primary_frontal	20866	72	37	0.459689963681544	0.0116973922988585	0.0137635190727288			family_result				
heat_response	0.471092077087794	0.659528907922912	0.0860347242455604	-0.228049642463837	-0.983825350789902	78	DHX36;SCN11A;EIF2B2;DNAJA3;GSK3B;EIF2S1;TPR;PDCD6;EIF2B4;DNAJC7;DNAJA4;ATR;DNAJA2	Heat response	Astro	C9_FTD_vs_Ctrl_Frontal	primary_frontal	20866	72	37	0.459689963681544	0.659528907922912	0.626552462526767			family_result				
protein_stabilization	0.749379652605459	0.874276261373036	0.0694481442003175	-0.182805878729692	-0.911886472474558	208	RPAP3;CTNND1;OTUD3;SAXO1;DNAJA3;UFL1;USP33;STK3;TRIM39;ATP1B2;RABL3;USP9X;URI1;RTN4;RAB21;CEP63;PDCD10;TSC1;UBE2B;TBRG1;CDK7;COG3;PER3;GTPBP4;CDC37;GNAQ;SMAD3;HSPD1;PML;GLMP;CSNK2A1;SOX4;TAF9;TAF1;DNLZ;SEC16A;USP36;NAA30;ZBED3	Protein stabilization	Astro	C9_FTD_vs_Ctrl_Frontal	primary_frontal	20866	72	37	0.459689963681544	0.874276261373036	0.85185892133783			family_result				
protein_folding	0.962871287128713	0.962871287128713	0.0572461135202885	-0.16108917110705	-0.798267929106297	198	CCT6B;DNAJC10;FKBP9;RIC3;PPIL3;DNAJC21;ANP32E;DNAJB5;DNAJA3;PDCD5;NGLY1;UNC45A;TBCEL;DNAJC7;TSC1;DNAJA4;PPIL2;CDC37;DNAJA2;DNAJC4;ENTPD5;HSPD1;CSNK2A1;TTC4;DNAJB14;DNLZ;SELENOF;NKTR;POFUT2;ZPR1;PPIC;FKBP6;PPIH;ERO1A;CRTAP;ERP44;WIPF1;TXNDC5;BAG1;P3H1;TBCC;HSPA4L;DNAJC3;DNAJB11;PPIG;ATF6;GAK;CDC37L1;BAG3	Protein folding	Astro	C9_FTD_vs_Ctrl_Frontal	primary_frontal	20866	72	37	0.459689963681544	0.962871287128713	0.98509139375476			family_result				
axon_development	0.0000000001	0.000000000233333333333333		-0.403405970099908	-2.14297487990933	388	PLXNA3;PLEKHG4B;SEMA3C;EPHA7;KIF13B;FAT4;SLITRK5;VASH2;SOS1;MGARP;PARD3;ANOS1;EFNA5;NRP1;MAP6;TNFRSF21;CNTN1;PRKG1;ITGA4;SEMA5A;NEUROD2;RUFY3;BAIAP2;TIAM2;SPTBN4;VASP;AUTS2;DSCAML1;ADCY10;EPHA6;TENM1;SEMA4D;NPR2;EFNB1;CNTN4;NRXN1;PICALM;ISLR2;PTK2;LGI1;OPHN1;SLIT3;GLI2;EFNB2;EMB;NEUROD1;UNC5B;RAB10;PAK2;PTPRM;EPHA4;NMNAT2;LRRC4C;USP9X;MARK2;PLXNB3;ABL1;ANK3;POTEI;SIPA1L1;ARHGEF25;ROBO1;FGFR2;NELL2;NPTX1;SEMA6A;ROBO2;PTPRO;TRAK2;ULK1;CELSR3;SLITRK3;GPM6B;MAP2;LRP4;DNM2;NCAM1;CNTN6;GRN;ADNP;EPHB2;PRICKLE1;EFNA4;POTEJ;WNT5A;RTN4RL1;JUP;PAK3;SLIT2;NFIB;DSCAM;PUM2;ALCAM;NFASC;WNT7B;CDH2;ARHGAP35;EFNA1;BSG;MACF1;PLXNA4;UNC5C;PLXNB2;VIM;JAK2;LHX9;CAMSAP2;SLITRK6;DISC1;LLGL1;BCL11A;MAPT;GDNF;NTNG2;CNTF;BOC;PALLD;KALRN;SPAST;TENM4;FZD3;TRIO;BMPR2;KIAA1755;APOD;PLPPR4;TAOK2;DHFR;DOCK7;NEUROG3;SHOX2;ADGRB1;TENM3;SLITRK4;SLIT1;POTEF;B4GALT5;GDI1;SEMA3E;SEMA3G;VANGL2;NEO1;STK24;SEMA3D;NOTCH1;DIP2B;RELN;EDN3;PTEN;SEMA3A;TSPO;RYK;TIAM1;TRPC5;AMIGO1;PLXNB1;ENAH;SEMA4A;EPHA5;TRPV2;DRD2;ECE1;POU4F1;CELSR2;PRKCA	Axon development	Exc	C9_ALS_vs_C9_FTD_Frontal_batch_bridged	primary_frontal	28949	71	37	0.453440254563402	0.000000000233333333333333	0.00000000095			family_result				
small_GTPase	0.0000000001	0.000000000233333333333333		-0.356196107341479	-1.92582231548431	478	TNS3;DOCK10;PLEKHG4B;SIPA1L3;PIK3CG;FGF10;ABCA1;CDH13;SH3BP4;ARRB1;ITGAV;SOS1;DOCK4;NRP1;KSR2;ARHGAP19;ADCYAP1R1;ROCK1;ARAP1;ARHGEF3;RAPGEF2;KSR1;DOCK11;TIAM2;DOCK9;CCDC125;RAF1;PKP4;AUTS2;CCNA2;FGD4;ABL2;ARHGAP44;PREX2;PSD2;SEMA4D;KANK1;STARD13;AKAP13;RALGPS2;GBF1;PICALM;NISCH;OPHN1;PHACTR4;ARFGEF3;WNK1;CDC42EP4;SIPA1L2;FGD1;RRAS2;SPRY1;NCKAP1;RAB39A;F2R;RAPGEF3;SOS2;RAB9A;ARHGAP31;ABL1;GPR55;ABR;VAV1;SIPA1L1;DNMBP;ARHGEF25;ROBO1;FLCN;ITSN1;RAP1GAP2;CRKL;RASAL3;ERAS;ARHGAP23;ARHGAP6;RRAD;CDKN1A;ITGA3;MYO9B;ARHGAP18;SYDE1;RAP1B;DENND4B;SPRY3;DOK3;ARHGAP17;RIT2;SYDE2;LRP4;SHOC2;IGF1;ARFGEF1;RALGAPA1;TGFB2;RIN2;CRK;EPHB2;CSNK1A1;TNK2;WNT5A;MYO9A;CCDC88C;LARGE1;SLIT2;ARHGEF12;F2RL1;RAP1A;RAB30;GIT1;ARHGEF19;GMIP;ARHGAP35;ARHGEF28;ARHGAP5;RASGEF1C;ARFGEF2;ALS2;ARHGAP26;KBTBD6;GNA13;RALGAPA2;HACE1;MAPRE2;PPP1CB;RAPGEF1;ARHGDIB;DENND4A;RHOC;CSNK1E;DVL2;C15orf62;KALRN;SGSM3;FXR1;RAPGEF4;NF1;BCR;RAPGEF5;VAV2;TRIO;RB1;KRIT1;TAX1BP3;DOCK7;RAPGEFL1;SIPA1;OGT;ARHGEF4;RASA2;RAB12;PPP1CC;SPATA13;ARHGAP28;RIPOR1;KCTD13;GRAP;ARHGAP33;GDI1;DENND1A;GIT2;TEK;DLC1;ARHGAP12;SRGAP2;ARHGAP10;RIPOR2;RASGEF1A;KIF14;CCR7;FAM13A;NOTCH1;RAB42;COL3A1;EPO;RELN;GRAP2;EPS8L2;GARNL3;TIAM1;STARD8;COL1A2;ARHGAP24;DOCK1;PLXNB1;RACGAP1	Small GTPase	Exc	C9_ALS_vs_C9_FTD_Frontal_batch_bridged	primary_frontal	28949	71	37	0.453440254563402	0.000000000233333333333333	0.00000000095			family_result				
synapse_junction	0.0000000001	0.000000000233333333333333		-0.408624558313483	-2.20705219752994	480	PLXNA3;EEF2K;DOCK10;EPHA7;ERBB4;FGFR1;MDGA1;SDK1;PECAM1;SRGAP1;CDH13;CLASP1;PEAK1;SLITRK5;FZD1;FAM107A;CLDN9;PARD3;DOCK4;SNAI2;EFNA5;NRP1;ACE2;PCDH17;LAMC1;DRD1;TJP1;GABRA3;GRID2;LSAMP;CDH7;FER;ROCK1;NRG3;CDH18;GPC4;ADGRL2;RAPGEF2;PTPN13;ASIC2;GJA1;PKP4;PDLIM5;PPM1F;CARMIL3;SEMA4D;CLSTN2;DNER;PTPRK;ARMCX5-GPRASP2;NRXN1;ZNF703;PTK2;ADGRL3;OPHN1;EFNB2;NEGR1;PAK2;LRRC4B;ACTN1;PLXNB3;ABL1;LRRTM3;CPEB3;CORO2B;CDH10;FLCN;CORO1C;NPTX1;PPP1R9B;SDK2;OPCML;GRIA1;ROBO2;NRXN2;CRKL;ARHGAP6;PTPRO;RAB29;CDH26;AFDN;TBX5;SLITRK3;GABRB3;IL1RAPL1;PLXNA2;GJC1;ESAM;GPM6B;SORBS1;DLG1;IKBKB;LIMCH1;MARVELD2;RAP1B;MPP7;LRP4;ITGA6;LIN7A;THSD1;GJA4;PTK2B;CDH6;ADNP;CRK;EPHB2;PRICKLE1;TRIP6;TBCD;WNT5A;RTN4RL1;PCLO;MYO9A;JUP;LATS1;ACHE;NLGN4X;AMIGO3;CDH12;LRRTM4;DSCAM;ANK2;PUM2;S100A10;RAP1A;CDH2;CDH3;PKN2;SPTBN2;HIPK1;JAM3;CC2D1A;MACF1;LIN7C;PLXNA4;PLXNB2;GNA13;PIP5K1C;LHFPL4;SLITRK6;NLGN1;CSMD2;C1QL2;RAPGEF1;PCDHB13;RHOC;MAPT;CDH9;AMOT;NTNG2;CDH20;CDHR3;BCR;KDR;GPM6A;SETD5;GABRA5;APOD;LRFN5;NAE1;TAOK2;GABRE;OGT;GABRG2;LRRTM2;CNTNAP2;GPBAR1;PKP2;GABRA4;PCDHB16;ACE;SLITRK4;OXT;GABRB2;HOPX;SLIT1;APLNR;ARHGAP33;PCDHB6;TLN2;CLDN1;MPDZ;TEK;PTPRD;DLC1;CDH11;SRGAP2;LRFN4;DUSP22;NLGN4Y;IGSF11;PTPRA;RELN;C1QL3;CDH4;ASIC1;PTEN;RYK;VCL;AMIGO1;DOCK1;PLXNB1;DNM3;DST;EPHA2;SEMA4A;SDC2;DRD2;POU4F1;SNCA	Synapse/junction	Exc	C9_ALS_vs_C9_FTD_Frontal_batch_bridged	primary_frontal	28949	71	37	0.453440254563402	0.000000000233333333333333	0.00000000095			family_result				
mitochondrial_energy	0.0000254569537450309	0.0000445496690538041	0.575610261071129	0.404170113935873	1.88121834545695	115	SDHD;DGUOK;SLC25A33;DNAJC30;NDUFA9;NDUFB1;NDUFS6;TEFM;PINK1;ATP7A;COX7B2;COX4I2;NDUFA5;NDUFA7;ANTKMT;PPIF;NDUFB5;NDUFB8;SDHC;CDK1;NDUFB9;NDUFV1;COX6B2;VCP;UQCRH;ISCU;COX4I1;ATP5MG;SDHA;NUPR1;CCNB1;NDUFA1;ATP5PB;NDUFC2;GHITM;ETFRF1;COX6C;UQCC2;ATP5IF1;NDUFS5;ATP5PD;NDUFAB1;CHCHD2;COX7B;CYCS;COX7A1;PARK7;UQCR10;ATP5PF;ATP5F1B;NDUFC1;NDUFB7;ATP5F1C;UQCR11;ATP5ME;COX5A;COX7C;COX6B1;NDUFA12;NDUFA13;COX5B;NDUFS3;NDUFV3;NDUFA8;UQCRQ	Mitochondrial energy	Exc	C9_ALS_vs_C9_FTD_Frontal_batch_bridged	primary_frontal	28949	71	37	0.453440254563402	0.0000445496690538041	0.0000806136868592646			family_result				
protein_folding	0.264563106796117	0.367903316469927	0.130777137971974	0.206793054826935	1.06998694585843	209	PPIL3;CDC123;CRTAP;RIC3;CDC37;CCT6B;ZPR1;ANP32E;DNAJC4;HSPD1;UNC45A;PFDN1;ENTPD5;POFUT2;TUBA1A;FKBP9;PPIL1;PFDN2;PTGES3L;ERP29;DNAJC24;TOR1A;PDRG1;PDCL3;DNLZ;DNAJB12;DNAJC10;TXNDC5;MOGS;TBCC;PPIF;DNAJB11;NPPA;DNAJC18;METTL21A;NAA10;DNAJA3;CCT6A;DNAJB5;SDHAF4;PDCD5;GFER;AGR2;CCT2;VBP1;PDIA6;MESD;TSC1;BAG5;TBCEL;ERO1A;DNAJB7;PFDN6;NPPC;DNAJA2;SELENOF;PPIH	Protein folding	Exc	C9_ALS_vs_C9_FTD_Frontal_batch_bridged	primary_frontal	28949	71	37	0.453440254563402	0.367903316469927	0.416852146263911			family_result				
heat_response	0.315345699831366	0.367903316469927	0.0952879846194844	-0.253369170343096	-1.09318477175594	82	NOS1;HMOX1;ATXN3;EP300;BAG3;HSPB1;CREBBP;MAPKAPK2;MAP2K7;IGF1;ATM;RBBP7;MICA;EIF2B3;EEF1D;SIRT1	Heat response	Exc	C9_ALS_vs_C9_FTD_Frontal_batch_bridged	primary_frontal	28949	71	37	0.453440254563402	0.367903316469927	0.477785923753666			family_result				
protein_stabilization	0.669135802469136	0.669135802469136	0.0749278818393739	0.180665939396376	0.934573372499939	217	CTNND1;RABL3;CDKN2A;PIH1D2;CRTAP;OTUD3;CDC37;STK3;UFL1;CHP1;CDK7;GTPBP4;RPAP3;SAXO1;HSPD1;PIM2;RTN4;PFDN1;A1CF;TUBA1A;TRIM39;TBRG1;PPP1CA;PFDN2;MYCNOS;PINK1;PDRG1;CBX4;PDCL3;ATP1B1;PFN2;DNLZ;USP19;TMEM88;DSG1;USP2;DNAJA3;GLMP;CCT6A;TAF9B;CCT2;VBP1;PAQR4;COA8;NCLN;TAF9;TSC1;URI1;UBE2B;BAG5;PPP1R10;POLR2E;PFDN6;LAMP1;USP13;TRIM37;PIK3R1;APOA1;PPIB;PIH1D1;SYVN1;PIN1;PFDN5;CCT8;MUL1;HERC2;PARK7	Protein stabilization	Exc	C9_ALS_vs_C9_FTD_Frontal_batch_bridged	primary_frontal	28949	71	37	0.453440254563402	0.669135802469136	0.794598765432099			family_result				
axon_development	0.00000155421454083286	0.00001087950178583	0.643551836150722	-0.301183448508237	-1.67037862850223	388	VASH2;PLEKHG4B;KIF13B;EPHA7;SEMA3A;USP33;JAK2;SLITRK3;NELL2;CNTN6;CNTN4;ANOS1;SPAST;SOS1;PAK2;NEUROD2;PTPRM;EFNA5;SLITRK5;NRXN1;ARHGEF25;CTNNA2;LIMK1;NEO1;NMNAT2;SLIT2;POTEJ;ULK1;SPTBN4;ROBO1;POTEI;EMB;CNTN1;KALRN;RUFY3;SEMA3C;SEMA6A;LHX9;DNM2;PARD3;TENM1;CRTAC1;UNC5C;BSG;PALLD;ROBO2;NOTCH2;POTEF;FAT4;NTN4;MTR;CLASP2;DSCAML1;NEUROG3;AMIGO1;SPG11;VASP;LGI1;APOE;DCC;MMP2;EPHA5;OPHN1;APOD;USP9X;NFASC;DHFR;DOCK7;MAP7D2;ANK3;TRAK2;CYFIP2;BMPR2;PLXNA3;PICALM;ALCAM;LHX1;CAMSAP2;MACF1;NTNG2;GLI2;ITGA4;SIN3A;CNTF;SEMA3D;PAK3;B4GALT6;RET;NEFH;EFNA4;ULK2;CYFIP1;WNT7B;GDI1;SEMA3G;RAB10;SLITRK6;EDNRA;PRKCQ;GFRA3;TNFRSF21;SEMA3E;MAPK8IP3;B4GALT5;SEMA7A;NPTX1;KIAA1755;SIPA1L1;PLXNB3;TRIO;ZDHHC17;TSKU;STK11;SZT2;PTK2;MAP1A;NRP1;RGMA;JUP;VANGL2;ARHGAP35;EFNA1;SEMA6B;PTPRO;PUM2;MYPN;FGF13;TIAM1;AUTS2;PRKG1;BAIAP2;ACTL8;BRSK1;RYK;MGARP;GRM7;LGR6;SLIT3;CELSR2;MEGF8;NOVA2;BCL11A;KIFC2;CDKL5;GOLGA4;CDK5;ADCY10;NRXN3;DIP2B;PTK7;SLITRK4;SEMA3B;MAP2	Axon development	Exc	C9_ALS_vs_Ctrl_Frontal	primary_frontal	28949	71	37	0.453440254563402	0.00001087950178583	0.00000574195927585473			family_result				
synapse_junction	0.00000719077385436683	0.0000197302997356612	0.610526878385931	-0.283213511286877	-1.60179205592327	480	ACE2;ZDHHC2;EPHA7;GJC1;CDH26;MPP7;CDH3;NAE1;PTPRK;PECAM1;SLITRK3;ERBB4;VMP1;OPCML;MYO9A;NRG3;LSAMP;DOCK10;FER;PAK2;EEF2K;CDH7;PCDH17;EFNA5;SLITRK5;PKP4;CLDN9;LIN7A;ROCK1;CLASP1;NRXN1;AFDN;CPEB3;AGT;TBCD;ADGRL2;DOCK4;ASIC2;SNAI2;PPM1F;GJA1;RAP1B;RAPGEF2;DRD1;CDH6;PPP1R9B;PATJ;DLC1;ARMCX5-GPRASP2;GRID2;IGLON5;LATS1;TJP1;ANK2;PARD3;CRTAC1;APC;CDHR3;PCLO;CDH12;ADGRL3;ROBO2;CDH10;PKN2;DST;FLCN;SDK2;PCDHB6;AMIGO3;DNER;CARMIL3;SETD5;CLASP2;AMIGO1;LRRC4B;NCKIPSD;DNM3;GABRB2;LRRTM4;LAMC1;CORO1C;OPHN1;APOD;CDH18;NEGR1;CDH4;GJA5;ARHGAP32;MEF2C;TSC1;CC2D1A;CYFIP2;PDLIM5;LRFN5;PLXNA3;SRGAP1;ANKRD28;GPC4;MACF1;CORO2B;NTNG2;TRIP6;ROCK2;MARVELD2;NRXN2;HIPK1;VCL;LRRTM2;GPHN;PIP5K1A;PEAK1;PKP2;NPHP1;CRK;SLITRK6;ZNF703;JAM3;CASKIN1;LHFPL4;NLGN1;GABRA3;CHD4;NPTX1;PTPRD;RAPGEF1;DLG1;PLXNB3	Synapse/junction	Exc	C9_ALS_vs_Ctrl_Frontal	primary_frontal	28949	71	37	0.453440254563402	0.0000197302997356612	0.0000251677084902839			family_result				
small_GTPase	0.00000845584274385481	0.0000197302997356612	0.593325476396405	-0.279249868312863	-1.577655495542	478	TNS3;DOCK11;PLEKHG4B;SIPA1L3;FGF10;ITSN1;ARRB1;ABCA1;RAPGEF5;ARHGAP18;RAB12;ARFGEF2;FGD1;ARHGAP17;KSR2;STARD13;CDC42EP4;MYO9A;RACGAP1;RALGPS2;SOS1;DOCK10;CDC42EP5;RASA2;DNMBP;PKP4;ROCK1;PHACTR4;VAV2;ARHGEF25;PIK3CB;LIMK1;RAPGEF4;MAPKAPK5;DENND4C;MYO9B;ITGA3;KSR1;PIK3CG;ARHGEF11;SLIT2;FGD4;DOCK4;ROBO1;CDK2;RAB18;GBF1;RAF1;RAP1B;AKAP13;RAPGEF2;SOS2;ARHGAP25;F2RL1;KALRN;DLC1;RB1;ARFGEF1;SHOC2;NOTCH2;RAB30;RAB9A;FLCN;ARAP1;ARHGAP19;RAB35;ABL2;ALS2;RALGAPA2;GMIP;ARHGEF12;SPATA13;KRIT1;WNK1;APOE;DENND1A;RALGPS1;ARHGAP8;OPHN1;F2R;DOCK9;ITGAV;RSU1;ARHGAP32;TNK2;DOCK7;GRAP2;USP8;PSD;ARHGAP12;RAP1GAP2;KANK1;DOCK5;RASA4B;ARHGAP44;GIT2;PICALM;DOCK3;NCKAP1;ARHGEF18;ROCK2;BRAP;DENND4B;GIPC1;ADCYAP1R1;DENND4A;CCDC88A;CHN2;ARHGEF10L;EPO;FARP2;SH2D3A;CYFIP1;MADD;GDI1;CRK;MAPKAP1;RALGAPA1;CHM;SIPA1L1;RAPGEF1;NGFR;TRIO;GIT1;ARHGAP21;DIRAS3;RAP1A;SYDE1;ARHGEF10;FAM13A;NRP1;KIF14;RHOC;KNDC1;KANK2;ARHGAP35;TAX1BP3;RIT2;HACE1;RASGRP2;FGD5;ARHGAP31;TIAM1;VAV3;AUTS2;ARHGAP1;ERBB2;ARHGAP11B;SIPA1L2;RAP2C;FGD2;PLD1;CDKN1A;ARHGAP26;GARNL3;NUP62;VAV1;PTH;RRAS2;CDKL5;FAM13B;PPP1CB	Small GTPase	Exc	C9_ALS_vs_Ctrl_Frontal	primary_frontal	28949	71	37	0.453440254563402	0.0000197302997356612	0.0000281156771233173			family_result				
mitochondrial_energy	0.000605021467594596	0.00105878756829054	0.477270815362862	0.359763845552714	1.7405195441478	115	CDK1;TEFM;ATP5ME;UQCC2;ATP5PF;NDUFS5;NDUFB1;ANTKMT;DNAJC30;NDUFA1;DGUOK;UQCRB;COX7C;UQCRQ;ATP5PD;SDHD;UQCR11;COX4I1;NDUFB2;UQCC3;NDUFC2;SHMT2;NDUFA12;NDUFC1;C2orf69;COX6B2;ATP5F1E;ATP7A;COX7A1;NDUFB3;CYCS;NDUFA5;NDUFA13;UQCR10;NDUFS6;COX7A2L;ABCD1;ISCU;NDUFB9;NDUFB8;CHCHD2;NDUFA8;ATP5IF1;ATP5MF;PINK1;NDUFB10;UQCRH;COX7B2;PARK7;NDUFAB1;COX6B1;NDUFB5;NDUFA2;COX5A;NUPR1;NDUFS3;PPIF;UQCRFS1;COX7B;NDUFS2;COX6C;NDUFB7;NDUFA6	Mitochondrial energy	Exc	C9_ALS_vs_Ctrl_Frontal	primary_frontal	28949	71	37	0.453440254563402	0.00105878756829054	0.00154745875365541			family_result				
heat_response	0.413333333333333	0.515454545454546	0.086794975677172	-0.224812445928186	-1.01088791245824	82	MAPKAPK2;ATM;EIF2B3;MAP2K7;HDAC2;GCLC;TRPM2;EP300;PSIP1;HSPB1;RBBP7;DNAJC7;LRP11;HSPB6;SIRT1;CLPB;TPR;BAG3;TRPV1	Heat response	Exc	C9_ALS_vs_Ctrl_Frontal	primary_frontal	28949	71	37	0.453440254563402	0.515454545454546	0.584822695035461			family_result				
protein_stabilization	0.441818181818182	0.515454545454546	0.0806388495950661	-0.193929694026251	-1.00966419607282	217	USP33;PARVA;MCM8;ATM;PML;COG3;PRKN;STX12;WIZ;CBL;MSX1;MFSD1;CHEK2;HCFC1;ANK2;EHMT1;HERC2;WDR81;IP6K2;EP300;HSPB1;HIP1R;CBLB;USP9X;ZSWIM7;TSC1;NAA16;COG7;CCNH;STK4;HYPK;ZNF207;GNAQ;TESC;SPPL2C;PPARGC1A;SAV1;P3H1;AKT2;USP13;CEP63;TAF1;NAA30;SEC16A;MAPK8IP3;BAG3;PFN1;USP36;CLU;EGLN3;CSNK2A1;GLMP;DSC3	Protein stabilization	Exc	C9_ALS_vs_Ctrl_Frontal	primary_frontal	28949	71	37	0.453440254563402	0.515454545454546	0.593553719008265			family_result				
protein_folding	0.815964523281597	0.815964523281597	0.0598603117764473	0.169155440870842	0.887793726647057	209	DNAJB5;DNAJB11;SDF2L1;NPPC;PFDN2;NPPA;PDIA6;METTL21A;ERP29;PFDN5;PFDN1;SDHAF4;DNAJB7;TUBA1A;PPIL1;CCT2;HSPA5;PPIB;CCT6A;TBCC;CHCHD4;CCT7;RIC3;PFDN4;PDRG1;POFUT2;ALG12;DNAJA2;VBP1;GFER;PPID;NAA10;PDIA4;AGR2;HSPD1;PFDN6;DNAJB4;DNAJB12;DNAJC24;CCT5;TXNDC5;FKBP1A;ZPR1;NUDCD2;PDCD5;DNAJC3;COA3;CALR;DNAJA1;BAG5;CRTAP;PDIA5;TBCA;HSPA2;SDF2;COX14;MKKS;CCDC47;TOR1A;CDC37;FKBP4;PPIL3;PDCL3;LTBP4;HSPE1;HSPA4	Protein folding	Exc	C9_ALS_vs_Ctrl_Frontal	primary_frontal	28949	71	37	0.453440254563402	0.815964523281597	0.896886624764069			family_result				
synapse_junction	0.0000000001	0.0000000007		0.365688403595273	1.89650768005307	480	MDGA1;PLXNA3;CDH13;SDK1;FGFR1;EEF2K;DOCK10;GPM6B;FZD1;SEMA4D;SRGAP1;FAM107A;PEAK1;GABRE;NRP1;PTPN13;GABRA3;ARHGAP6;ERBB4;GNA13;CLASP1;CLSTN2;GABRB3;LAMC1;GABRA5;EPHA7;ADNP;PARD3;S100A10;ABL1;SLITRK5;GPC4;PECAM1;ACTN1;EFNB2;CDH18;ITGA6;PLXNA2;TJP1;EPHB3;DOCK4;BCR;PRICKLE1;GRID2;AMIGO2;PTK2;CLDN9;DRD1;LRRTM3;SNAI2;CRKL;PDLIM5;PLXNA4;RTN4RL1;ZNF703;CLDN3;GJA4;AKAP5;EFNA5;TBX5;PCDH17;GRIA1;PIP5K1C;RAPGEF2;ESAM;CARMIL3;LRP4;WNT5A;RAB29;SRPX2;ADGRL2;PCDHB14;ASIC2;BSN;GJA1;EPHB2;DSCAM;C1QL2;PTPRO;PLXNB3;DNER;LIMCH1;PLXNB2;NLGN4X;CDH7;IKBKB;ROCK1;SRC;OPHN1;SORBS1;CDH9;IL1RAPL1;NPTX1;NEGR1;LSAMP;PPM1F;FER;CDH2;CDH1;THSD1;CCDC141;SNCA;CSMD2;OCLN;CORO2B;VLDLR;TAOK2;OXT;ACHE;NRG3;DLG1;MAPT;DRD2;PCDHB16;NRXN2;ADGRL3;LRRC4B;ARMCX5-GPRASP2;APLNR;GPM6A;PKP4;HOPX;PLXNA1;CDH20;SHANK3;RELN;PTK2B;CDH8;APP;ARHGAP33;JUP;MARVELD2;DUSP22;ASIC1;PUM2;LIN7C;KDR;LRFN4;CORO1C;CRK;COL16A1;TLN2;SPTBN2;RAP1A;ACVRL1;TEK;FBXO45;RAP2A;WDR1;FLCN;OGT;EPHA2;SDK2;NRXN1;SLIT1;CDH10;GABRA4;PTPRJ;FARP1;NECTIN3;PCDHB13;AMOT;CUX2;SRGAP2;TRIP6;CLDN5;C1QL3;RTN4RL2;CDH11;RAB13;JAM3;SNAI1;DVL1;ROBO2;CNTNAP2;KIRREL3;GABRG2;SHANK2;RHOC;IQSEC2;HIPK1;GPBAR1	Synapse/junction	Exc	C9_FTD_vs_Ctrl_Frontal	primary_frontal	28949	71	37	0.453440254563402	0.0000000007	0.00000000095			family_result				
small_GTPase	0.00000000436548171849436	0.0000000152791860147303	0.761460801445585	0.336344130090925	1.74194855212696	478	CDH13;SH3BP4;DOCK10;SEMA4D;RAB39A;TIAM2;PIK3CG;PREX2;CCNA2;ITGAV;TNS3;ARHGEF3;CCDC125;TGFB2;NRP1;SPRY1;PSD2;SIPA1L3;ARHGAP6;RRAD;RASGEF1C;MMD2;AUTS2;RAB15;PLEKHG4B;GNA13;ADCYAP1R1;RAPGEF3;ABR;ERAS;ARFGEF3;ABL1;RIN2;NISCH;GPR55;SYDE2;KCTD13;SPRY2;SIPA1;IGF1;ABCA1;ARHGAP19;DOCK9;ARHGAP44;DOK3;DOCK4;BCR;SPRY3;ARAP1;CSNK1A1;SOS1;CRKL;RRAS2;SIPA1L2;ARHGEF19;COL3A1;PPP1CC;EPS8L1;KBTBD6;FGF10;KANK1;ARRB1;ABL2;SGSM3;RABIF;ARHGAP23;VAV1;RAPGEF2;PICALM;ARHGAP31;LARGE1;ARHGAP10;RIPOR2;LRP4;WNT5A;PSD3;RASAL3;EPS8L2;CCR7;KSR1;EPHB2;RAF1;RASGEF1A;LZTR1;CCDC88C;COL1A2;SIPA1L1;ROCK1;SRC;OPHN1;CDKN1A;NF1;FGD4;FXR1;RASL12;NCKAP1;ARHGDIB;RND3;TGM2;WNK1;ARHGAP28;ARHGEF4;RIT2;NGEF;MAPRE2;TP53;AIF1;CHORDC1;AKAP13;SYDE1;ARHGAP5;KSR2;PKP4;F2R;RAPGEFL1;RELN;RASAL1;C15orf62;ROPN1B;ARHGEF28;SPRY4;CSNK1E;ARHGAP33;RALGAPA1;RAP1GAP2;GBF1;DENND4B;DVL2;RAB9A;NGF;ARHGAP26;CRK;ARHGAP35;NOTCH1;RAP1A;TEK;GIT1;RAP2A;ARHGAP22;SH2D3C;RIPOR1;PPP1CB;FLCN	Small GTPase	Exc	C9_FTD_vs_Ctrl_Frontal	primary_frontal	28949	71	37	0.453440254563402	0.0000000152791860147303	0.0000000252438725460761			family_result				
axon_development	0.0000000288382377869739	0.000000067289221502939	0.73376198835648	0.34771050652185	1.76790818956708	388	PLXNA3;SEMA3C;ISLR2;GPM6B;NPR2;MAP6;SEMA4D;SEMA5A;TIAM2;MGARP;EFNB1;FAT4;NRP1;PRKG1;TNFRSF21;EPHA6;BAIAP2;TNR;EPHA4;AUTS2;ADCY10;PLEKHG4B;FGFR2;EPHA7;ADNP;PARD3;GDNF;ITGA4;ABL1;SLITRK5;LLGL1;EFNB2;KIF13B;NEUROD1;LRRC4C;UNC5B;FZD3;PLPPR4;EPHB3;BOC;SLIT3;PRICKLE1;PTK2;MARK2;SOS1;PLXNA4;VASP;DSCAML1;RTN4RL1;VIM;CNTN1;TRPV2;NCAM1;RUFY3;EFNA5;CELSR3;NFIB;RAB10;ANOS1;PICALM;UNC5A;LRP4;WNT5A;TENM1;GLI2;MAP2;DISC1;SPTBN4;EPHB2;DSCAM;PTPRO;PLXNB3;PLXNB2;SIPA1L1;TSPO;SIAH1;OPHN1;GRN;NPTX1;NEUROD2;SPP1;LGI1;NTRK2;STK24;CDH2;SKIL;CDH1;PTCH1;TAOK2;CXCL12;MAPT;DRD2;TRPC5;ANK3;USP9X;SHOX2;SEMA4G;TENM3	Axon development	Exc	C9_FTD_vs_Ctrl_Frontal	primary_frontal	28949	71	37	0.453440254563402	0.000000067289221502939	0.000000147518677910289			family_result				
mitochondrial_energy	0.00418423900226953	0.00732241825397167	0.407017918923954	-0.349961725449734	-1.50793188385724	115	SDHD;NDUFA9;SLC25A33;DGUOK;SDHC;ATP5F1B;COX4I2;NDUFA10;NDUFA7;SDHB;DNAJC30;PINK1;NDUFS6;CCNB1;COX7B2;NDUFV1;ATP5F1A;VCP;PPIF;NDUFA5;ATP7A;NDUFV3;ETFRF1;NDUFB5;SDHA;ATP5F1C;ATP5PB;ATP5MG;GHITM;NDUFB8;NDUFB1;NDUFAF1;NUPR1;NDUFB9;UQCRC1;COX6C;UQCRH;ISCU;COX7B;NDUFS8;COX6B2;STOML2;NDUFAB1;ACTN3;COX5B;ANTKMT;ATP5F1D;SLC25A51;ATP5IF1;NDUFA11;NDUFS1;RHOA;TEFM;NDUFB6	Mitochondrial energy	Exc	C9_FTD_vs_Ctrl_Frontal	primary_frontal	28949	71	37	0.453440254563402	0.00732241825397167	0.00943226758138724			family_result				
protein_stabilization	0.138433515482696	0.193806921675774	0.159646701919906	-0.242385698321515	-1.14585969500522	217	CTNND1;STK3;RABL3;OTUD3;GTPBP4;CDKN2A;CRTAP;CDK7;CDC37;UFL1;TSC1;HERC2;SAXO1;GLMP;USP13;PPP1CA;RPAP3;A1CF;TAF9B;USP33;TAF1;TBRG1;DNLZ;CBX4;CHP1;HSPD1;MYCNOS;TRIM37;PIH1D2;APOA1;USP2;PINK1;HPS4;DNAJA3;PDCL3;DSG1;PAQR4;TBL1X;PIN1;MUL1;PIM2;USP19;TAF9;PDCD10;NCLN	Protein stabilization	Exc	C9_FTD_vs_Ctrl_Frontal	primary_frontal	28949	71	37	0.453440254563402	0.193806921675774	0.224532409258519			family_result				
heat_response	0.356136820925553	0.363636363636364	0.0985499803531691	0.252594560875761	1.05516013406264	82	NOS1;HMOX1;IGF1;ATXN3;CREBBP;MICA;DNAJB4;BAG3;CRYAB;TCIM;DNAJB1;EEF1D;CHORDC1;MAPT;EP300;LYN;IL1A;HSPB1;DNAJC2;HSPA1A;HSPA1B;DNAJA4;RBBP7;SIRT1;HSPA2	Heat response	Exc	C9_FTD_vs_Ctrl_Frontal	primary_frontal	28949	71	37	0.453440254563402	0.363636363636364	0.532204462731445			family_result				
protein_folding	0.363636363636364	0.363636363636364	0.0913924325943768	-0.217703915023243	-1.02672648507329	209	CDC123;CCT6B;DNAJC4;PPIL3;ENTPD5;CRTAP;CDC37;ANP32E;TSC1;UNC45A;DNAJC10;RIC3;FKBP9;ZPR1;PTGES3L;DNAJC18;APLF;DNLZ;PPIH;PPIL2;HSPD1;NKTR;CLPX;PPIG;TOR1A;DNAJA3;UNC45B;MOGS;PDCL3;POFUT2;PPIF;DNAJC24;TBCB;ERO1A;HSPA1L;DNAJC7;SELENOF;MESD;GAK;TUBA1A;BAG4;TTC1;PPIL1;TTC4;PDRG1;PFDN1;LYRM7;CMC1;QSOX1;FKBP1C;DNAJB12;TBCEL;HSP90AB1;TXNDC5;PPIA;DNAJB13;HSPBP1	Protein folding	Exc	C9_FTD_vs_Ctrl_Frontal	primary_frontal	28949	71	37	0.453440254563402	0.363636363636364	0.535691003911343			family_result				
axon_development	0.0000000001	0.000000000175		-0.399493669548989	-2.01025340336671	374	OPHN1;COBL;NRP1;FEZ2;GPM6B;DSCAM;GRM7;TNR;PARD3;NRXN1;MARK2;FAT4;SEMA4D;NFIB;KALRN;EFNB1;DCC;EPHA4;NTNG1;AUTS2;SLIT3;ECE1;PTPRO;LGI1;CTNNA2;DPYSL5;EPHA5;TIAM2;DISC1;NRXN3;ROBO1;ANK3;DIP2B;PAK2;SEMA5A;EPHA3;NCAM1;FYN;SLITRK5;CSF1R;CNTN4;ROBO2;DOCK7;ABL1;PALLD;JUP;FGFR2;ALCAM;NMNAT2;SEMA6D;UNC5D;LGR6;UNC5B;PRKCA;KIF5C;CNTN5;EPHA7;SEMA5B;PAK3;UNC5C;RYK;PLXNB2;KIAA0319;NELL2;KIF13B;B4GALT6;LRP4;PLXNA3;KLF7;CNTN1;CNTN6;NTNG2;EMB;RELN;NOTCH1;RGMA;TIAM1;EFNB2;BAIAP2;TRIO;PLEKHG4B;PTCH1;NEUROD1;MAP2;SOS1;ADCY10;RAB10;ROBO4;NRCAM;SIPA1L1;SEMA3C;TRPV2;NPR2;SPAST;PICALM;PTK2;LRRC4C;DCLK1;PLXNA4;SPP1;PLEKHG4;PTPRJ;MMP2;NPTX1;EPHB2;ARHGAP35;NTRK2;PLA2G10;DNM2;VANGL2;FGF13;ADGRB1;SLITRK4;CDH2;SPTBN4;SMURF1;DRD2;CLASP2;EFNA5	Axon development	Inh	C9_ALS_vs_C9_FTD_Frontal_batch_bridged	primary_frontal	24471	70	37	0.404655588732688	0.000000000175	0.00000000095			family_result				
mitochondrial_energy	0.0000000001	0.000000000175		0.62361432159982	2.98699554307927	112	SDHD;COX7A2L;NDUFA9;NDUFS6;DNAJC30;NDUFA12;NDUFB5;NDUFB1;CHCHD2;NDUFV1;NDUFS8;ATP5PB;ATP5F1B;GHITM;ATP5PD;STOML2;NDUFB8;NDUFA7;NDUFA5;NDUFS3;COX4I1;UQCRH;UQCRC1;SDHC;ISCU;ATP5MG;SDHB;ATPSCKMT;COX6C;PINK1;SLC25A33;VCP;NDUFA10;COX7B;CYCS;TEFM;SDHA;NDUFS5;NDUFAB1;NDUFA13;NDUFB9;ANTKMT;NDUFC2;ATP5F1A;ATP5ME;NDUFV3;ATP5IF1;NDUFS2;COX7A2;UQCRC2;UQCRFS1;NDUFA8;NDUFA1;NDUFV2;ATP5F1C;COX5B;NDUFC1;ATP5F1D;ATP5PF;COX5A;COX7B2;UQCR10;COX7C;CYC1;NDUFB10;ATP5PO;COX8A;DGUOK;NDUFS4;COX6A1;PARK7;SLC25A51;UQCRQ;COX6B1;NDUFA11;UQCRB;ABCD1;UQCC2;NDUFA2;NDUFA6;NDUFB7;PPIF;COX7A1;ATP5MF;NDUFB11;NDUFA3	Mitochondrial energy	Inh	C9_ALS_vs_C9_FTD_Frontal_batch_bridged	primary_frontal	24471	70	37	0.404655588732688	0.000000000175	0.00000000095			family_result				
small_GTPase	0.0000000001	0.000000000175		-0.373226494722655	-1.89525175157268	466	PREX2;OPHN1;ITGAV;NRP1;ARHGAP24;RERG;KANK1;RAB39A;DOCK10;SEMA4D;TEK;RHOQ;KALRN;SIPA1L2;AUTS2;ARHGAP28;SWAP70;CCDC125;MAP4K4;RRAS2;RIN2;STARD13;RAF1;TIAM2;ARHGEF3;FAM13A;DOCK9;FGF10;ARHGAP25;TGFB2;ROBO1;RIT2;PSD2;ARHGAP17;ARFGEF3;ARHGAP45;LARGE1;ARHGEF12;ABL2;BCR;ARHGAP21;DENND4A;CCNA2;DOCK4;DOCK7;STARD8;ARHGAP19;ABL1;FERMT2;FGD1;EPS8;ARHGAP18;RIPOR2;PRAG1;ARHGAP26;TNS3;ABCA1;CHN2;RASGEF1B;ARHGEF10;NGEF;FLCN;CXCL13;CGNL1;RAPGEF2;DIRAS2;LRP4;SIPA1L3;DENND1A;RALGPS2;RHOJ;COL3A1;C15orf62;KANK2;ROCK2;OGT;ARHGAP27;ARHGEF16;RELN;FGF2;CRK;HACE1;PHACTR4;NOTCH1;RACGAP1;VAV1;ARHGAP31;TIAM1;GBF1;AIF1;PLCE1;TRIO;ROCK1;CDH13;ARRB1;PLEKHG4B;SYDE2;ARHGAP15;ITGA3;ERAS;SOS1;RAB9A;VAV3;SIPA1L1;RAB3GAP1;PICALM;ABR;WNK1;KRIT1;DOCK8;RAPGEF1;ARHGAP11B;SHOC2;RAPGEF4;F2R;HEG1;PLEKHG4;EPHB2;ARHGAP35;SYNPO2;PKP4;RALGAPA1;RALGAPA2;ARHGEF4;MMD2;ECT2;ARHGAP44;PPP1CB;GNA13;CDC42EP4;RAP1A;FGD2;TAX1BP3;RAB30;ARFGEF1;FGD5;RALGPS1;ARHGEF7;SPRY3;DOCK3;FGD4;RGS19;SPATA13;RHOD;ADGRG1;RHOC;RAPGEF3;SGSM3;PREX1;GPR55;SRGAP2;FXR1;MCF2L;CDKN1A;ARHGAP23;DOK3;RND1;RASAL3;RASL12;ARHGAP4;NCKAP1	Small GTPase	Inh	C9_ALS_vs_C9_FTD_Frontal_batch_bridged	primary_frontal	24471	70	37	0.404655588732688	0.000000000175	0.00000000095			family_result				
synapse_junction	0.0000000001	0.000000000175		-0.418273784002283	-2.12148577782667	457	CDHR3;OPHN1;TESK2;NRP1;GPM6B;DSCAM;PARD3;CDH20;NRXN1;AFDN;DOCK10;LSAMP;SEMA4D;TEK;LAMA3;NRG3;CLDN9;PTPRO;RCC2;MAP4K4;NLGN1;IKBKB;FAM107A;FGFR1;CDH10;CSMD2;NRXN3;OCLN;PDLIM5;CLASP1;PAK2;ACTN1;PCDHB16;EPHA3;CORO1C;CLSTN2;BCR;SLITRK5;DUSP22;PTPRD;ROBO2;DOCK4;ANKRD28;TLR2;ABL1;ERBB4;FERMT2;JUP;CNTNAP2;THBS1;VLDLR;IL1RAPL1;SDC2;ACTN2;ADGRL2;SDK2;ASIC1;PRKCA;SNAI2;CNTN5;EPHA7;CPEB3;ZDHHC2;RAB13;RYK;FLCN;SMAD7;CDH4;KDR;PLXNB2;DRD1;NTRK3;FER;PKP2;RAPGEF2;GABRA2;CLDN1;LHFPL4;GABRB3;LRP4;PLXNA3;LRRTM3;GRID2;WDR1;ANK2;PEAK1;APLNR;ROCK2;OGT;GJA1;NTNG2;SDK1;IL1RAP;NRXN2;FRMPD2;RELN;CRK;DNER;GABRB2;CDH8;EFNB2;DLG1;PCDHB13;ROCK1;ACE2;CDH13;GRIA1;SRGAP1;NECTIN3;OXT;ARMCX5-GPRASP2;GABRA3;NAE1;THBS2;NRCAM;TJP1;ADGRL3;PTK2;RAPGEF1;LAMC1;CCDC141;DSG2;PLXNA4;IL1RAPL2;PTPRJ;NPTX1;EPHB2;ASIC2;GABRG2;PKP4;LIN7A;PPM1F;FGF13;CDH26;SLITRK4;CDH2;HIPK1;ECT2;DRD2;CLASP2;CLDN6;GNA13;EFNA5;SRGAP2C;OPCML;RAP1A;C1QL3;PKN2;TBX5;PCDHB6;ARHGEF7;GJA4;LATS1;PECAM1;LIMCH1;PLXNA2;PATJ;PCDH17;RHOD;SNCA;ESAM;RHOC;STRN;PLXNA1;SRGAP2;CC2D1A;SEMA4A;LRRTM4;MDGA1;AMOT;MPDZ;PTPN13;GABRG1;SORBS1;ARHGAP4;JAM3;MACF1;RTN4RL1;KIRREL3;TBCD;ACHE;IGSF11;RAP1B;RTN4R;ABI2;NEGR1;AMIGO2	Synapse/junction	Inh	C9_ALS_vs_C9_FTD_Frontal_batch_bridged	primary_frontal	24471	70	37	0.404655588732688	0.000000000175	0.00000000095			family_result				
protein_folding	0.00000643001988273409	0.00000900202783582772	0.610526878385931	0.340184582596587	1.75463879088336	203	HSPD1;CCT6B;CDC123;RIC3;FKBP9;CDC37;DNAJC4;DNAJB12;HSPBP1;DNAJC10;PFDN1;DNAJC24;UNC45A;ENTPD5;BAG5;PPIL3;CCT6A;GFER;ANP32E;POFUT2;MESD;ZPR1;ERP29;PPIA;COA3;PDCD5;PPIL1;TBCEL;BAG1;DNAJA3;PFDN5;TUBA1A;CCT7;RIC8A;PTGES3L;CCT2;DNAJC18;PFDN2;PPIB;CCDC47;DNAJC21;TBCC;SDF2;HSPA14;MOGS;PFDN6;DNAJA2;GAK;TOR1A;CCT8;HSPA9;DNAJB11;FKBP1A;SDHAF4;PDCL2;HYPK;NPPC;PEX19;DNAJC2;AIFM1;FKBP4;VBP1;HSP90AB1;DNAJB7;TELO2;CLU;SIL1;HSP90AA1;DNAJB13;BAG4;DNAJC7;TSC1;LTBP4;PPIF;RUVBL2;CRTAP;DNAJB5;PPIL2;PDRG1;NUDCD2;PDIA3;NKTR;MKKS;CCT5;HSPA1L;NAA10	Protein folding	Inh	C9_ALS_vs_C9_FTD_Frontal_batch_bridged	primary_frontal	24471	70	37	0.404655588732688	0.00000900202783582772	0.0000231133147136117			family_result				
protein_stabilization	0.0389612379948064	0.0454547776606075	0.321775918075361	0.235690711939784	1.23332931993579	213	HSPD1;RABL3;PPP1CA;POLR2E;ATP1B1;CDC37;PPP1R10;PFDN1;COA8;USP2;CHP1;TRIM39;RTN4;BAG5;CBX4;CCT6A;CDK7;TMEM88;HPS4;NAPG;USP19;PPARGC1A;UFL1;PINK1;PIN1;LAMP1;TAF9;BAG1;DNAJA3;PFDN5;TUBA1A;RPAP3;CCT7;DSP;TBRG1;SUMO1;CCT2;PFDN2;PPIB;DVL3;NCLN;PIM2;SAXO1;PFDN6;PIH1D1;PDCD10;MYCNOS;CCT8;ZBED3;GET1;PFN2;TAF1;HYPK;PEX19;OTUD3;PIH1D2;PARK7;VBP1;HSP90AB1;TELO2;CLU;PHB2;PFN1;STUB1;CEP63;HSP90AA1;BAG4;APOA1;TSC1;ATP1B3;PYURF;RUVBL2;CRTAP;GAPDH;PDRG1;USP36	Protein stabilization	Inh	C9_ALS_vs_C9_FTD_Frontal_batch_bridged	primary_frontal	24471	70	37	0.404655588732688	0.0454547776606075	0.072983727511398			family_result				
heat_response	0.553254437869823	0.553254437869823	0.0952879846194844	0.213864993672883	0.957343426664495	81	PDCD6;EIF2B4;ATR;SLU7;NOS1;VCP;HSBP1;DNAJA3;GCLC;SUMO1;EIF2B2;SCN11A;DNAJA2;AKT1;NOS3;LRP11;DNAJC2;PRKACA;LYN;HSP90AB1;HDAC6;SOD1;STUB1;HSP90AA1;DNAJC7;FGF1;EIF2S1	Heat response	Inh	C9_ALS_vs_C9_FTD_Frontal_batch_bridged	primary_frontal	24471	70	37	0.404655588732688	0.553254437869823	0.694177738081947			family_result				
mitochondrial_energy	0.0000000001	0.0000000007		0.591697872122279	2.966595148465	112	NDUFB1;COX7A2L;ATP5ME;UQCC2;ATP5PB;NDUFB5;NDUFA12;NDUFA5;SDHD;GHITM;NDUFA1;COX4I1;UQCRH;CYCS;ATPSCKMT;ATP5PF;DNAJC30;NDUFS5;C2orf69;CHCHD2;NDUFC1;COX7C;UQCRB;COX7B;COX6C;COX7A1;TEFM;NDUFS2;ATP5F1E;UQCRC1;NDUFA13;PINK1;UQCC3;NDUFA8;ANTKMT;UQCR10;NDUFS8;ATP5PD;VCP;ISCU;UQCR11;UQCRFS1;NDUFC2;NDUFS3;ATP5MG;NDUFB8;ATP5IF1;UQCRQ;COX5A;NDUFS6;NDUFB9;COX6B1;NDUFA9;PARK7;NDUFB3;ATP5MF;SLC25A33;NDUFB11;DGUOK;SLC25A51;NDUFA7;NDUFAB1;COX6A1;NDUFB2;NDUFB10;NDUFA11;ATP5F1A;SDHC;COX7A2;NDUFV1;NDUFA6;NDUFB4;NDUFA3;COX5B;SDHAF2;COX6B2;NDUFV2;SDHA;NDUFS4;UQCRC2;NDUFV3;NDUFB7;PPIF;COX8A;CYC1	Mitochondrial energy	Inh	C9_ALS_vs_Ctrl_Frontal	primary_frontal	24471	70	37	0.404655588732688	0.0000000007	0.00000000095			family_result				
protein_folding	0.00000000335172568295062	0.0000000117310398903272	0.774939030136436	0.382775456623961	2.07149857372981	203	CCT2;DNAJB11;PFDN1;DNAJC24;CCT5;CCT6A;CCT7;ERP29;PPIB;SDF2L1;PDCL2;TBCC;MESD;PPID;CCT8;HSPA5;DNAJB12;PFDN5;PFDN2;FKBP4;DNAJC2;COA3;HSPD1;PPIL1;LTBP4;ZPR1;PDIA4;PPIL3;ALG12;CALR;VBP1;RIC3;HSPA4;METTL21A;TUBA1A;GFER;PPIA;NUDCD2;NPPC;PDRG1;COX14;AHSA1;HSP90AA1;PDIA3;HSP90AB1;DNAJA2;CDC37;DNAJB4;ST13;BAG5;DNAJC21;DNAJA1;DNAJB5;DNAJC4;CCT4;TBCEL;NPPA;NAA10;WDR83OS;ANP32E;PFDN6;HSPE1;MKKS;FKBP9;CDC37L1;SDF2;PTGES3L;SDHAF4;DNAJA3;FKBP10;POFUT2;ERO1A;PFDN4;HSPA13;DNAJB6;TCP1;SELENOF;MPDU1;QSOX2;GRN;FKBP1A;TOR1A;HSPBP1;BAG4;RIC8A;DNAJA4;HSPA4L;CDC123;HSP90B1;HSPA1B	Protein folding	Inh	C9_ALS_vs_Ctrl_Frontal	primary_frontal	24471	70	37	0.404655588732688	0.0000000117310398903272	0.0000000202627052651105			family_result				
synapse_junction	0.00000101594240176265	0.00000237053227077951	0.643551836150722	-0.324668599665377	-1.67052067987399	457	ACTN2;OPHN1;AFDN;THBS1;DSCAM;LSAMP;CDHR3;JUP;TEK;NRG3;PARD3;SNAI2;NTRK3;KDR;NRP1;NRXN3;NRXN1;LAMA3;CORO1C;NRCAM;PTK2;GJB1;TESK2;PKP2;PTPRK;PECAM1;CSMD2;PDLIM5;OXT;ANKRD28;CPEB3;OPCML;AMOT;PTPRD;CLDN9;CDH20;ANK2;IL1RAPL1;CLASP1;NLGN1;ERBB4;ZDHHC2;NTNG2;BCR;PKP4;APLNR;DOCK10;MYO9A;EPHA3;IKBKB;ASIC2;ACTN1;EPHA7;CDH13;PATJ;LHFPL4;ROBO2;WNT3A;SLITRK5;DSG2;GPHN;CNTNAP2;TJP1;CDH3;RAB13;TLR2;CLASP2;AGT;CDH4;RAPGEF2;FER;GJA1;RCC2;SEMA4D;GABRG3;LIMCH1;ADGRL3;LRRTM4;DOCK4;GPM6B;ADGRL2;FRMPD2;FAM107A;IL1RAP;DRD2;IGLON5;THBS2;GABRB3;PCDHB16;PLXNB2;MAP4K4;SMAD7;COL17A1;SORBS1;ARMCX5-GPRASP2;SLITRK3;PRKCA;FERMT2;LIN7A;C1QL2;ROCK1;JAM3;GRIA1;ROCK2;ASIC1;NRXN2;PKN2;FLCN;EPHB2;NAE1;CLDN6;ARHGEF7;GABRA2;LATS1;FGF13;PRKCH;PTK2B;PAK2;CDH10;WNT4;SETD5;TBCD;C1QL3;VLDLR;MACF1;RAPGEF1;EPHB1;DLG1;PTPRO;GABRB2;PHLDB2;OGT;GRID2;RHOD;RAP1B;LRRTM2;EFNA5;PTPN13;DST;DRD1;SDK2;IGSF11;SNAI1;NLGN4Y;CNTN5;DLC1;PCDHB13;CDH26;ITGB4;RHOC;ARHGAP6;RAB40C;PIP5K1A;CC2D1A;LRP4;SNCA;CAV1;MPP7;NPTX1;POF1B;NR1H4;CDH2;DNM3;NEGR1;LRRTM1;RAP1A;ABL1;VMP1;MDGA1;SLIT1;SRGAP1;FGFR1;LAMC1;CDH8;CDH11;LRFN5;LRRTM3;ARHGAP4;SMAD3;TBX5;NPHP4	Synapse/junction	Inh	C9_ALS_vs_Ctrl_Frontal	primary_frontal	24471	70	37	0.404655588732688	0.00000237053227077951	0.00000386058112669805			family_result				
small_GTPase	0.0000989658898063804	0.000173190307161166	0.538434096309916	-0.293580151035663	-1.51834860412847	466	CXCL13;OPHN1;ARHGAP26;ARHGAP17;FAM13A;KANK2;PREX2;KANK1;ARHGEF10;RASAL3;PLCE1;TEK;ARHGAP21;KALRN;ARHGAP25;AUTS2;ARHGAP28;NRP1;CCDC125;PLD1;RHOQ;ARHGAP18;RERG;ITGAV;RIT2;ARHGEF3;RRAS2;RALGPS1;SWAP70;MYO9B;ABL2;PLEKHG1;FGD2;STARD13;ARFGEF3;GARNL3;RSU1;ARHGEF16;DENND4A;ARHGAP31;DOCK9;GNA12;ROBO1;BCR;FGD1;PKP4;BCAR3;ARHGEF12;AIF1;RALGAPA2;DOCK10;MYO9A;ARHGAP45;VAV3;SIPA1L3;ABCA1;CDH13;RHOH;PIK3CG;PHACTR4;LARGE1;STARD8;CGNL1;RIN2;DENND1A;PREX1;RAPGEF2;GBF1;SEMA4D;TIAM2;SLIT2;DOCK4;TRIO;RAP1GAP2;DOCK7;ARRB1;ARHGAP24;MAP4K4;RAPGEF4;ITSN1;ARHGAP23;RALGPS2;KSR2;ARHGAP44;FERMT2;ARHGAP11B;MAPKAPK5;SPATA13;RAB42;PLEKHG4B;PIK3CB;NOTCH1;ROCK1;ARHGEF40;FGD4;ROCK2;SHOC2;NTRK1;SOS1;FLCN;EPHB2;FARP2;ERBB2;AKAP13;ARHGEF7;TNK2;RAF1;WNT4;DOCK11;RAB12;RB1;RIPOR2;EPS8;DENND4C;RAPGEF1;RTKN;FGD5;OGT;ARFGEF1;RHOD;CYTH4;PSD2;RAB30;MADD;TNS3;DOCK3;RAP1B;GPR55;CYFIP1;CHN2;ARHGAP35;APOE;RGL1;RAB39A;RAB9A;DLC1;RAC2;ARHGAP8;ARHGAP22;RASGEF1C;RHOC;ARHGAP6;VAV1;KRIT1;PSD4;GIT2;FGF10;CCDC88A	Small GTPase	Inh	C9_ALS_vs_Ctrl_Frontal	primary_frontal	24471	70	37	0.404655588732688	0.000173190307161166	0.000274217986338512			family_result				
axon_development	0.000670379430555587	0.000938531202777822	0.477270815362862	-0.297139847446472	-1.50583543783701	374	COBL;OPHN1;FYN;DSCAM;JUP;DCC;PARD3;CNTN6;FEZ2;KALRN;CNTN4;AUTS2;NMNAT2;GRM7;NRP1;ECE1;PAK3;NRXN3;NRXN1;NRCAM;FGFR2;ANK3;UNC5B;PTK2;FAT4;CTNNA2;UNC5D;NFIB;EPHA5;SEMA5A;NELL2;ALCAM;EPHA4;DCLK1;UNC5C;HMCN2;NTNG1;USP33;ROBO1;NTNG2;MYPN;EPHA3;KIF13B;B4GALT6;DIP2B;LRRC4C;EPHA7;ROBO2;DPYSL5;SLITRK5;APBB1;CSF1R;WNT7B;CLASP2;EFNB1;LGR6;LGI1;SEMA4D;TIAM2;SLIT2;GFRA3;GPM6B;NCAM1;SIN3A;TRIO;DOCK7;DRD2;CNTN1;PLXNB2;MMP2;SPTBN4;SLIT3;SEMA6D;SLITRK3;PRKCA;DISC1;KIF5C;PTCH1;PLEKHG4B;NOTCH1;PTK7;KLF7;ARHGEF40;NTRK1;BMPR2;SOS1;EPHB2;PALLD;VASH2;SPAST;FGF13;VANGL2;PAK2;TNR;MARK2;ROBO3;PTN;RAB10;MACF1;NEO1;GDNF;EPHB1;KIAA0319;PTPRO;PRKCQ;SEMA5B;SEMA3E;ROBO4;EFNA5;PRKG1;MAP2;CYFIP1;ULK1;EFNA1;DNM2;ARHGAP35;APOE	Axon development	Inh	C9_ALS_vs_Ctrl_Frontal	primary_frontal	24471	70	37	0.404655588732688	0.000938531202777822	0.0016210993502526			family_result				
protein_stabilization	0.00469254346104795	0.00547463403788927	0.407017918923954	0.261733418599443	1.43262658058335	213	CCT2;ATP1B1;PFDN1;RTN4;CCT5;LAMP1;IFT46;CCT6A;CCT7;NAPG;GET1;CBX4;PPIB;CREBL2;DSP;TMEM88;TRIM39;CCT8;ATP1B3;CHP1;SUMO1;PFDN5;PFDN2;PFN2;HSPD1;CALR;PPP1R10;SYVN1;VBP1;TUBA1A;USP19;MYCNOS;PINK1;WNT10B;PIH1D1;PDRG1;PIH1D2;HSP90AA1;HSP90AB1;RABL3;NLK;CDC37;COA8;SWSAP1;BAG5;PIM2;PPP1CA;TTI2;PARK7;PAQR4;SEL1L;CDK7;CDKN2A;CCT4;PYURF;IGF1;UBE2B;PHB2;OTUD3;DVL3;URI1;PFDN6;CDC37L1;PDCD10;POLR2E;GPIHBP1;DNAJA3;TCP1;AAK1;MUL1	Protein stabilization	Inh	C9_ALS_vs_Ctrl_Frontal	primary_frontal	24471	70	37	0.404655588732688	0.00547463403788927	0.0103451558462202			family_result				
heat_response	0.0912052117263844	0.0912052117263844	0.271288554688953	0.259727368279831	1.21664390025368	81	HIKESHI;TCIM;HSBP1;SUMO1;DNAJC2;IER5;NOS1;FGF1;EIF2S1;VCP;HSP90AA1;SOD1;HSP90AB1;SCN11A;DNAJA2;DNAJB4;DNAJA1;AKT1;IGF1;SLU7;PDCD6;TRPA1;DNAJA3;DNAJB6;NOS3;DNAJA4;STUB1;HSPA1B;EIF2B5	Heat response	Inh	C9_ALS_vs_Ctrl_Frontal	primary_frontal	24471	70	37	0.404655588732688	0.0912052117263844	0.159493284493285			family_result				
synapse_junction	0.0000000001	0.000000000416499695200525		0.380004442281406	2.04316032507128	457	GPM6B;OCLN;CDHR3;RELN;TESK2;PTPRO;EFNB2;PTPRJ;SEMA4D;FGFR1;SDC2;DOCK10;NRP1;CLSTN2;CDH20;MAP4K4;DUSP22;CDH10;RCC2;OPHN1;PLXNA1;PLXNA3;ABL1;WDR1;PAK2;FAM107A;IKBKB;NRXN1;DNER;CLDN9;RYK;NLGN1;SDK1;CLDN1;PARD3;LAMA3;SDK2;PPM1F;CRK;PEAK1;PCDHB16;VLDLR;CNTN5;GABRA1;LRRTM3;TEK;FERMT2;FBXO45;GNA13;ACTN1;ASIC1;CCDC141;DSCAM;DRD1;EPHA3;DOCK4;GABRA5;CSMD2;ECT2;ITGA6;PRKCA;CLASP1;LSAMP;LRP4;NRG3;FLCN;SLITRK5;IL1RAPL2;GABRA3;ADGRL2;KIRREL3;CDH8;PDLIM5;TLR2;SLITRK4;GJA4;GABRG2;ROBO2;PCDHB6;SRGAP2C;SRGAP2;APP;BCR;ACE2;GRID2;CLDN5;GABRA2;NECTIN3;CNTNAP2;CLDN18;ESAM;SRGAP1;SMAD7;OGT;AMIGO2;SEMA4A;CRKL;ARF6;SRC;GABRG1;PLXNB2;AFDN;LIN7C;CDH1;S100A10;PTPRD;PCDHB13;HIPK1;SHANK2;GABRB2;ERBB4;PLXNA4;ROCK2;ACHE;BSN;RAB13;RNF7;PLXNA2;ANKRD28;DLG1;FZD1;EPHA7;CDH4;LAMC1;DVL1;NRXN2;GABRB3;NRXN3;IL1RAPL1;FER;MARVELD3;PCDH17;CORO1C;RAPGEF2;AGRN;CLSTN1;ZDHHC2;PCDHB14;NPTX1;NECTIN1;GRIA1;ROCK1;EPB41L3;PLXND1;FRMPD2;NLGN4X;IL1RAP;MUSK;RAP2A;SPOCK2;ITGA2;PIP5K1C;CDH2;NAE1;GJA1;PUM2;LHFPL4;STRN;ACE;RAPGEF1;RAP1A;CPEB3;TBX5;NLGN2;ARHGEF9;ABI2;CDH26;PCDHB2;ADNP;PTEN;AKAP5;RAB29;RHOA;PLXNB1;RTN4R;THSD1;ARMCX5-GPRASP2;DLG5;MPDZ;SRPX2;UGT8;CBLN1;APLNR;WNT5A;ST8SIA2;PLEC;EPHB2;PTPRS;NTNG2;THBS2;EFNA5;FSCN1;RTN4RL1;SNCA;FGF13;CARMIL3;MYCBP2;JUP;C1QL3;MDGA1;COL16A1;ARHGAP4;CTNNB1;CLDN11;SRGAP3;RHOC;PKP2;ANK2;TAOK2;LIN7A;SNAI2;ABI3;PDCD6IP;CLDN6;GPC4	Synapse/junction	Inh	C9_FTD_vs_Ctrl_Frontal	primary_frontal	24471	70	37	0.404655588732688	0.000000000416499695200525	0.00000000095			family_result				
axon_development	0.000000000118999912914436	0.000000000416499695200525	0.826657301178302	0.367107504850283	1.94724521701452	374	TNR;MARK2;GPM6B;RELN;PTPRO;EFNB2;PTPRJ;SEMA4D;SLIT3;NRP1;FZD3;EFNB1;LGI1;OPHN1;NTNG1;NFIB;PLXNA3;EPHA4;FAT4;ABL1;PAK2;DISC1;FEZ2;TIAM2;GRM7;DPYSL5;NPR2;NRXN1;RYK;COBL;PARD3;NEUROD1;UNC5A;CNTN5;PALLD;NCAM1;CTNNA2;SEMA4F;EMB;KALRN;ISLR2;SEMA5B;DIP2B;EPHA5;ROBO1;DSCAM;SEMA6D;DOCK7;AUTS2;TIAM1;ECE1;EPHA3;KIF5C;KIAA0319;PICALM;PRKCA;DCC;PLA2G10;LRP4;SLITRK5;SIPA1L1;RNF6;CSF1R;SLC25A46;ADGRB1;SLITRK4;SPP1;ROBO2;SMURF1;STK24;APP;LGR6;ADCY10;RGMA;GLI2;PLEKHG4;SEMA4A;SEMA5A;SIAH1;DCHS2;ANK3;CXCL12;PLXNB2;CELSR3;LLGL1;CDH1;BAIAP2;STK11;KLF7;BHLHE22;PLXNA4;MAP3K13;SEMA3C;EPHA7;CDK5R1;NRXN3;MAP6;MAP2;RAB21;TRPV2;ALCAM;CNTN1;ROBO4;ANOS1;DSCAML1;RAB10;NOTCH1;NPTX1;MCF2;NECTIN1;NTRK2;PLXND1;EFNB3;PLEKHG4B;SOS1;UNC5D;SEMA6A;ENAH;ITGA4;UNC5C;PTCH1;CDH2;OLFM1;KIF13B;PUM2;GSK3B;B4GALT6;LYPLA2;ARHGAP35;ZDHHC17;FGFR2;UNC5B;SPAST;DHFR;MGARP;DNM2;L1CAM;ADNP;PTEN;NRP2;TRIO;STXBP1;PLXNB1;RTN4R;NPTN;ATL1;S100A6;TENM4;METRN;BCL11A;VANGL2;WNT5A;TRPC5;EPHB2;PTPRS;VASP;NTNG2;ATOH7;EFNA5;CNTN4;SLC9A6;RTN4RL1;FGF13;MYCBP2;CCK	Axon development	Inh	C9_FTD_vs_Ctrl_Frontal	primary_frontal	24471	70	37	0.404655588732688	0.000000000416499695200525	0.00000000105513256117466			family_result				
small_GTPase	0.0000000011710823149182	0.0000000027325254014758	0.788186810800237	0.334687461805364	1.80676113332675	466	RAB39A;PREX2;ARHGAP24;SIPA1L2;CCNA2;TGFB2;ITGAV;RELN;SEMA4D;SPRY2;DOCK10;NRP1;ARHGAP15;RAF1;MAP4K4;PRAG1;FGF10;OPHN1;SYNPO2;PSD2;RIN2;RERG;ABL1;ARHGAP19;NGEF;HACE1;DIRAS2;TIAM2;SWAP70;RHOQ;RHOJ;CRK;EPS8;STARD13;RIPOR2;PPP1CC;RAB3GAP1;RND1;RASGEF1B;KANK1;RRAS2;ERAS;DOK3;KALRN;DOCK9;LARGE1;TEK;COL3A1;TNS3;FERMT2;FXR1;CHML;ARHGAP28;GNA13;F2R;RACGAP1;ROBO1;ARHGAP27;CHN2;DOCK7;AUTS2;TIAM1;RABIF;CHORDC1;CCDC125;DOCK4;ECT2;C15orf62;PICALM;PPP1CB;ARHGAP45;ARHGEF3;TAX1BP3;LRP4;ARHGEF12;HEG1;FLCN;SIPA1L1;FGF2;STARD8;SPRY3;SRGAP2;BCR;RAPGEF3;ARFGEF3;IGF1;WNK1;PLEKHG4;OGT;LZTR1;DOCK8;CRKL;ARF6;RIT2;ITGA3;SRC;VAV1;FGD1;ABL2;DENND4A;SYDE2;NUP62;RHEBL1;SPRY1;ROCK2;KCTD13;DOCK2;KBTBD7;ARHGEF4;RAB9A;ARHGAP25;RALGPS2;ABCA1;CSNK1A1;ARHGAP5;CGNL1;SCAI;RHOF;NGF;RALGAPA1;ABR;CSNK1E;SPRY4;RAPGEF2;RAB21;DOK1;ADGRG1;MMD2;KRIT1;TGM2;NOTCH1;CDKN2A;NUCB2;GNB1;MCF2;MCF2L;ROCK1;DENND1A;RAB39B;CDKN1A;DVL2;NCKAP1;PLEKHG4B;SOS1;SGSM3;RGS19;KBTBD6;RAP2A;ARHGAP35;CDC42EP4;ARHGAP12;RGL4;RAPGEF1;RAP1A;ARHGEF9;RASL12;ABI2;RAP2C;ARRB1;IQSEC3;SIPA1L3;PLEKHG3;RASGRP4;RAB9B;TRIO;G3BP1;RHOA;PLXNB1;RAP2B;RTN4R	Small GTPase	Inh	C9_FTD_vs_Ctrl_Frontal	primary_frontal	24471	70	37	0.404655588732688	0.0000000027325254014758	0.00000000778769739420603			family_result				
mitochondrial_energy	0.000000298379708481721	0.000000522164489843012	0.674962860011025	-0.47129624934108	-2.08768603077873	112	SDHD;NDUFA10;NDUFA9;COX7A2L;NDUFS6;NDUFV1;STOML2;ATP5F1B;SDHB;NUPR1;DNAJC30;NDUFB6;SDHC;NDUFA7;NDUFS8;ATP5F1C;SDHA;NDUFB8;CHCHD2;ATP5PD;NDUFS3;ATP5F1D;SLC25A33;COX7B2;UQCRC1;NDUFV3;ATP5MG;ISCU;NDUFA12;NDUFB5;NDUFAB1;ATP5F1A;UQCRC2;PINK1;VCP;NDUFV2;ABCD1;COX6C;GHITM;ATP5PO;NDUFB9;COX5B;ATP5PB;COX7A2;COX7B;COX4I1;NDUFB1;CYC1;UQCRH;TEFM;COX8A;NDUFC2;ANTKMT;NDUFA13;NDUFS4	Mitochondrial energy	Inh	C9_FTD_vs_Ctrl_Frontal	primary_frontal	24471	70	37	0.404655588732688	0.000000522164489843012	0.00000128014520090545			family_result				
heat_response	0.631236442516269	0.883731019522777	0.0713052987340038	0.214267719578465	0.916492591870879	81	DNAJB4;CREBBP;EP300;TRPA1;CHORDC1;DNAJB6;DNAJB1;HIKESHI;HSPA2;HSPB1;IGF1;IER5;ATXN3;CRYAB;MICA;EEF1D;CLPB;HSPA1B	Heat response	Inh	C9_FTD_vs_Ctrl_Frontal	primary_frontal	24471	70	37	0.404655588732688	0.883731019522777	0.763222244133307			family_result				
protein_folding	0.763572679509632	0.890834792761238	0.0519512476197082	-0.183216968970406	-0.889829707686284	203	CCT6B;CDC123;HSPD1;UNC45A;FKBP9;DNAJC10;ENTPD5;HSPBP1;DNAJC4;NKTR;CDC37;HYPK;RIC3;GAK;PPIL2;DNAJB13;DNAJC7;PDCD5;BAG1;POFUT2;ANP32E;TSC1;DNAJB12;BAG5;DNAJC18;HSPA1L;AIFM1;CCDC47;DNAJA3;DNAJB7;GFER;MOGS;RIC8A;PPIL3;HSPA14;TBCEL;CLPX;PPIG;PEX19;SIL1;PTGES3L;LYRM7;HSPA9	Protein folding	Inh	C9_FTD_vs_Ctrl_Frontal	primary_frontal	24471	70	37	0.404655588732688	0.890834792761238	0.860637003176111			family_result				
protein_stabilization	0.971377459749553	0.971377459749553	0.0419081748591401	-0.163570638890458	-0.793664245285924	213	HSPD1;RABL3;STK3;PPP1CA;POLR2E;USP2;TAF1;CDC37;HYPK;USP36;PIN1;CTNND1;PPARGC1A;UFL1;HERC2;BAG1;PPP1R10;HPS4;COA8;TAF9;TSC1;USP33;BAG5;RPAP3;CDK7;TBRG1;PYHIN1;GTPBP4;SAXO1;NCLN;IRGM;APOA1;PER3	Protein stabilization	Inh	C9_FTD_vs_Ctrl_Frontal	primary_frontal	24471	70	37	0.404655588732688	0.971377459749553	0.986207649974737			family_result				
mitochondrial_energy	0.0000000020454495199554	0.0000000143181466396878	0.774939030136436	0.49452493011405	2.29967397787797	106	SLC25A33;MLXIPL;NDUFB8;NDUFV3;NDUFAB1;NDUFS5;COX6C;TNF;CYCS;UQCRB;NDUFB1;NDUFA8;ATP5ME;NDUFB4;PARK7;ATP5PO;COX5A;UQCRH;COX5B;UQCRC1;ATP5F1A;ATP5PB;COX7A2;NDUFS6;NDUFA13;VCP;NDUFA10;COX7C;COX6B1;COX4I1;GHITM;ATP5MF;ATP5IF1;ANTKMT;NDUFA12;NDUFV1;CHCHD2;ATP5F1B;UQCRQ;COX7A1;NDUFS8;NDUFC2;NDUFA7;PINK1;ATP5PF;ATP5PD;COX8A;NDUFB7;COX7B;UQCRC2;COX6A1;NDUFA5;NDUFB6;ATP5F1E;PPIF;DGUOK;NDUFB10;ATP5MG;ATP5F1D	Mitochondrial energy	Micro	C9_ALS_vs_C9_FTD_Frontal_batch_bridged	primary_frontal	14087	67	35	0.330833540620104	0.0000000143181466396878	0.0000000129545136263842			family_result				
protein_folding	0.000000436695610342459	0.00000152843463619861	0.674962860011025	0.375481999447299	1.90013309563704	182	DNAJB11;TUBA1A;HSPBP1;TBCB;PPIH;PDCD5;CCT6A;MESD;HSP90B1;PDIA5;DNAJC18;TTC4;PFDN2;PFDN6;DNAJA3;TBCD;CCT2;HSPD1;CDC37;HSPA4;PPIA;CCT8;SACS;CCDC47;DNAJA2;PFDN1;PPIL3;VBP1;PDIA3;NUDCD3;TRAP1;ANP32E;HSPA4L;HSPA5;CCT4;PPIL1;DNAJC3;HSPA9;HDAC4;DNAJC2;HSP90AB1;DNAJC10;CDC37L1;PPIG;CCT7;HSPA13;PPIL2;DNAJC7;HSPA2;SNRNP70;POFUT2;SIL1;HSP90AA1;CCT3;DNAJC25;BAG4;COX14;AIFM1;TELO2;HSPA8;CANX;PPIE;DNAJA4;NKTR;RUVBL2;CDC123;SDF2;CSNK2A1;CHCHD4;GRPEL1;P4HB;CCT5;NUDC;PDIA2;SDF2L1	Protein folding	Micro	C9_ALS_vs_C9_FTD_Frontal_batch_bridged	primary_frontal	14087	67	35	0.330833540620104	0.00000152843463619861	0.00000176001564168324			family_result				
small_GTPase	0.000637837870419675	0.00148828836431257	0.477270815362862	-0.303658291973206	-1.52223482615108	408	STARD13;PLEKHG1;APOE;RASGEF1B;SOS1;ABCA1;RALGAPA2;FAM13A;DOCK7;ARHGAP6;DENND4C;ARHGAP15;NOTCH2;ROCK1;RASGRP3;TAX1BP3;ARHGAP24;F11R;LRRK2;ITSN1;ELMO1;FGD4;RHOBTB1;SOS2;ARHGAP5;DOCK11;SIPA1L1;GIT2;FBP1;FGD3;RHOQ;AKAP13;PIK3CG;CYTH1;MAPRE2;TRIO;PICALM;RIN2;RAP2B;ARHGAP18;DOCK5;RAPGEF1;CDC42EP3;RAP1B;CHN2;RASA2;SLIT2;FARP1;ARHGDIB;RAB30;RHOG;TGFB2;CCDC125;LRP4;RRAS;ARHGAP19;SIPA1L3;RALGPS1;FBXO8;TIAM2;FGF2;RRAGC;CDKN2A;DAB2IP;NF1;DOCK1;SNTA1;DENND1A;ARHGEF12;RHOC;ARHGAP22;EPS8;PLD1;CDC42SE2;CXCL13;CHM;ARHGAP10;PPP1CA;ARAP1;GRAP;ARF6;PPP1CB;KCTD10;WNK1;PSD3;ARHGEF28;SPRY1;KBTBD7;PRAG1;STARD8;PHACTR4;SH3BP1;RB1;SIPA1;RASGRP2;ARHGEF3;RAB12;SQSTM1;OPHN1;ARHGAP11A;SWAP70;RAB21;GABARAP;DOCK10;AUTS2;OBSCN;RHOA;DOCK2;RAP1A;KRIT1;SHTN1;VAV3;GNA13;FLCN;CELSR1;ARHGAP21;RASGRP4;CCDC88A;MICALL2;TNFAIP1;RAB15;PPP2CB;RACGAP1;RAF1;RAB9A;CHORDC1;CDH13;DOCK3	Small GTPase	Micro	C9_ALS_vs_C9_FTD_Frontal_batch_bridged	primary_frontal	14087	67	35	0.330833540620104	0.00148828836431257	0.00157438738149665			family_result				
heat_response	0.022622924586434	0.0395901180262595	0.352487857583619	0.329937928207579	1.43579118188843	74	YWHAE;EIF2B5;IL1A;DNAJA3;EIF2B3;ATR;EIF2B2;DNAJA2;MTOR;SOD1;SUMO1;DNAJC2;HSP90AB1;HSF1;DNAJC7;HSPA2;DHX36;PDCD6;HSP90AA1;VCP;STUB1;EIF2B1;PRKACA;TRPM2;TRPV1;DNAJA4	Heat response	Micro	C9_ALS_vs_C9_FTD_Frontal_batch_bridged	primary_frontal	14087	67	35	0.330833540620104	0.0395901180262595	0.0442477789705254			family_result				
protein_stabilization	0.137931034482759	0.193103448275862	0.224966093540314	0.228605399920012	1.15802613553006	191	RABL3;GTPBP4;ANK2;TUBA1A;SMAD3;CCT6A;URI1;RTN4;PFDN2;PFDN6;DNAJA3;ATP1B1;CCT2;HSPD1;CDC37;OTUD3;PIM1;TMC8;CCT8;NAA15;PYHIN1;PFDN1;TMC6;VBP1;TNIP2;PFN2;MTOR;PARK7;PER3;CCT4;SUMO1;HSP90AB1;CDC37L1;CCT7;USP19;CTNND1;PIN1;CAMLG;PPP1R10;HSP90AA1;UXT;SEC16A;CCT3;BAG4;RPAP3;SMAD7	Protein stabilization	Micro	C9_ALS_vs_C9_FTD_Frontal_batch_bridged	primary_frontal	14087	67	35	0.330833540620104	0.193103448275862	0.224532409258519			family_result				
synapse_junction	0.478643216080402	0.558417085427136	0.0582216241124161	-0.201814567174403	-1.0014012984328	356	ZDHHC2;GJA1;ARHGAP6;ROCK1;PEAK1;F11R;PECAM1;CD9;ELMO1;FER;SRGAP1;SDK1;PTEN;RYK;ZNF703;CDH26;PDLIM5;DUSP22;PKN2;FGFR1;CLASP2;RAPGEF1;RAP1B;FARP1;PARD3;CRIPT;PLXNA2;MYCBP2;RHOG;ADGRL2;PRKCH;LRP4;TESK2;STRN;SNCA;LAMC1;ZDHHC12;CLASP1;DOCK1;RHOC;SDC2;STAU2;THBS1;CPEB3;PUM2;CDH20;ACTN1;PLXNA1;AGT;ARF6;MMP14;RTN4RL1;CORO1C;HIPK1;EPHB1;VMP1;FZD1;SH3BP1;PLXNA4;GPHN;GRID2;PLXND1;OPHN1;UGT8;DLG1;CC2D1A;SLK;PLXNC1;CTNNB1;DOCK10;JUP;UBE3B;RHOA;EEF2K;RAP1A;GNA13	Synapse/junction	Micro	C9_ALS_vs_C9_FTD_Frontal_batch_bridged	primary_frontal	14087	67	35	0.330833540620104	0.558417085427136	0.630292551868252			family_result				
axon_development	0.698744769874477	0.698744769874477	0.102080107662747	0.17474211374759	0.943508116874486	308	SEMA4D;PTK2;GDI1;PRKCA;APP;PITPNA;LMO4;MAP1B;KIF5C;RTN4;TAOK2;STXBP1;KIF5A;PLP1;SZT2;SEMA6B;ATL1;GPM6B;MAP1A;APLP1;SCN1B;FEZ1;TENM1;ARHGAP4;B4GALT5;CHN1;AFG3L2;KIF21A;APBB1;RAC1;PRKCQ;SEMA7A;NOVA2;LIMK1;TNFRSF21;NREP;CDK5R2;NEFH;NRDC;CRTAC1;SEMA3B;BRSK2;RTCA;SMURF1;PAFAH1B1;GOLGA4;CDKL3;PGRMC1;SCARF1;LGR6;MAP3K13;THY1;PTN;CDK5;GAP43;MAP7D2;CTTN;NEUROD2	Axon development	Micro	C9_ALS_vs_C9_FTD_Frontal_batch_bridged	primary_frontal	14087	67	35	0.330833540620104	0.698744769874477	0.815202231520223			family_result				
mitochondrial_energy	0.0000000001	0.0000000007		0.563076029093851	2.65187345690783	106	NDUFV3;UQCC3;NDUFB1;NDUFS5;COX6C;UQCRC1;TNF;NDUFB8;MLXIPL;ATP5F1B;NDUFS1;PARK7;NDUFV1;COX7A1;NDUFS8;PINK1;UQCRB;ANTKMT;GHITM;NDUFA12;ATP5PF;NDUFC2;SLC25A33;ATP5F1A;NDUFC1;COX5B;NDUFA8;CYCS;COX7C;ATP5ME;NDUFA13;VCP;ATP5PO;ATP5PD;ISCU;COX6A1;ATP5IF1;UQCRH;NDUFB4;NDUFS2;NDUFS7;NDUFA10;NDUFAB1;CHCHD2;NDUFS6;NDUFA7;NDUFA1;COX5A;COX4I1;NDUFA2;NDUFB7;DGUOK;ATP5MF;COX6B1;ATP5MG;SLC25A51;COX7A2;UQCRFS1;UQCR10;ATPSCKMT;NDUFAF1;UQCRC2;UQCR11;NDUFA5;ATP5F1E;C2orf69;COX7B;NDUFS3;TEFM;NDUFA3;STOML2;NDUFA6;NDUFB3;NDUFB9;ATP5PB	Mitochondrial energy	Micro	C9_ALS_vs_Ctrl_Frontal	primary_frontal	14087	67	35	0.330833540620104	0.0000000007	0.00000000095			family_result				
protein_folding	0.000000000341792938760819	0.00000000119627528566287	0.814035837847908	0.416565886186238	2.13730964257771	182	CCT7;CCT2;HSPD1;CCT8;CCT6A;HSP90AB1;TUBA1A;DNAJB11;TBCB;TRAP1;TCP1;FKBP1A;SNRNP70;CCT3;PDCD5;NUDCD3;HSPA4;PPIA;GRPEL1;PPIH;CDC37;PFDN6;PFDN2;DNAJA2;COX14;TBCD;FKBP4;PPIL2;CRYAB;MESD;PFDN5;PDIA2;BAG5;AIFM1;VBP1;ANP32E;CANX;HSP90AA1;DNAJC2;HSPA6;HSP90B1;ST13;MKKS;DNAJB2;HSPA9;CSNK2A1;TTC4;HSPBP1;DNAJA1;DNAJC10;PPIL1;CCT5;DNAJA4;TELO2;CCT4;HSPE1;HSPA13;HSPA4L;PDCL3;CLU;BAG4;DNAJA3;HSPA2;HSPA5;HSPA1B;HSPH1;PDRG1;HSPA8;AHSA1;HSPA1A;PDIA5;CCDC47;ZPR1;WDR83OS;FKBP8;CDC37L1;PFDN1;LTBP4;DNAJB4;DNAJB1;PDIA4;POFUT2;BAG3;P4HB;CHCHD4;FKBP9;TBCA	Protein folding	Micro	C9_ALS_vs_Ctrl_Frontal	primary_frontal	14087	67	35	0.330833540620104	0.00000000119627528566287	0.00000000252547004751049			family_result				
small_GTPase	0.000008088934862999	0.0000188741813469977	0.593325476396405	-0.320249124818738	-1.67256889185887	408	ARHGAP6;ABCA1;SIPA1L1;FGD4;PLEKHG1;RAPGEF1;FAM13A;RHOQ;RHOG;AKAP13;LRRK2;ARHGAP15;F11R;RALGAPA2;DOCK11;SOS2;APOE;RAP1B;SOS1;RB1;DENND1A;DOCK7;ITSN1;RAB12;ARHGAP5;PICALM;FGD3;GIT2;NOTCH2;RIN2;RHOBTB1;ELMO1;AUTS2;RASGRP3;CDKN2A;GNA13;CCDC125;ROCK1;EPS8;ARHGAP18;SIPA1L2;NF1;RALGPS2;MAPRE2;ARHGAP24;CYTH1;TIAM2;TRIO;FBP1;ROCK2;PHACTR4;DOCK2;FERMT2;RALGPS1;PREX1;CDC42SE2;PIK3CG;RASA2;STARD13;DOCK3;DAB2IP;DENND4A;RASGEF1B;SIAH2;LRP4;PPP1CB;PLD1;WNT5A;DENND4C;ARHGAP11A;CHN2;SRGAP2;TAX1BP3;SHOC2;DOCK1;GNA12;WNK1;PPP1CA;RALGAPA1;RHOH;FARP2;MYO9A;ARHGAP12;ARHGEF2;DOCK4;SLIT2;PREX2;RRAS;DOCK8;SPRY1;LARGE1;RAP2B;SH3BP1;MYO6;RAB21;ARHGAP22;SRGAP3;RAP1A;ARHGEF7;MCF2;ARRB1;CD2AP;RAB3GAP1;ARHGEF12;CSNK1A1;RAF1;ARHGAP19;PRAG1;RAB18;CUL3;CHM	Small GTPase	Micro	C9_ALS_vs_Ctrl_Frontal	primary_frontal	14087	67	35	0.330833540620104	0.0000188741813469977	0.0000275853419686889			family_result				
protein_stabilization	0.0047447707264619	0.00830334877130832	0.407017918923954	0.268722068723037	1.39347702624046	191	TNIP2;CCT7;ATP1B1;OTUD3;CCT2;HSPD1;CCT8;URI1;CCT6A;HSP90AB1;TUBA1A;TCP1;EPHA4;CCT3;GTPBP4;USP19;CDC37;PFDN6;PFDN2;DVL3;PFN2;CRYAB;RABL3;PFDN5;PARK7;BAG5;VBP1;NCLN;CAMLG;HSP90AA1;PINK1;SMAD7;STUB1;CSNK2A1;PYHIN1;SMAD3;CCT5;RTN4;NAPG;TELO2;CCT4;SPAG1;PDCL3;CLU;DNAAF2;TAF9;BAG4;PEX6;UXT;USP13;MCM8;SUMO1;ANK2;PIN1;TMC8;DNAJA3;TESC;HSPA1B;IP6K2;PDRG1;GAPDH	Protein stabilization	Micro	C9_ALS_vs_Ctrl_Frontal	primary_frontal	14087	67	35	0.330833540620104	0.00830334877130832	0.0103451558462202			family_result				
heat_response	0.0067265318776494	0.00941714462870917	0.407017918923954	0.343443578381129	1.54356779286755	74	YWHAE;HSP90AB1;SOD1;DNAJA2;CRYAB;EIF2B4;HSP90AA1;DNAJC2;HSPA6;EIF2B1;PDCD6;EIF2B5;STUB1;EIF2B2;DNAJA1;HSBP1;DNAJA4;VCP;MAPT;SUMO1;DNAJA3;HSPA2;EIF2B3;HSPA1B;HSPA1A;DHX36;DNAJB4;TRPM2;DNAJB1;BAG3;TPR;LRP11;SLU7	Heat response	Micro	C9_ALS_vs_Ctrl_Frontal	primary_frontal	14087	67	35	0.330833540620104	0.00941714462870917	0.0137635190727288			family_result				
synapse_junction	0.0699481865284974	0.0816062176165803	0.191892240384838	-0.231609852113845	-1.19540102762256	356	ARHGAP6;RAPGEF1;TLR2;RYK;ZDHHC2;RHOG;SRGAP1;F11R;PECAM1;PTEN;PEAK1;RAP1B;FER;CRIPT;EPB41L3;ELMO1;PKN2;PRKCH;GNA13;ROCK1;CDH26;ZDHHC12;SDK1;CLASP2;SNCA;CLASP1;ROCK2;VMP1;DUSP22;FERMT2;HIPK1;GPHN;PUM2;ADGRL2;MYCBP2;LRP4;WNT5A;STRN;PARD3;DNM3;STAU2;SRGAP2;THBS1;DOCK1;PLXNA2;CAPZA1;FZD1;GJA1;MYO9A;MEF2C;WHAMM;DOCK4;CTNNB1;CPEB3;SDC2;TLN2;CDHR3;CC2D1A;DLG1;SH3BP1;CORO1C;VLDLR;SRGAP2B;PTPRO;RTN4RL1;SRGAP2C;SRGAP3;SLK;PLXND1;RAP1A;ARHGEF7;NPHP4;CTNNA1;UGT8;MACF1;PDLIM5;TESK2	Synapse/junction	Micro	C9_ALS_vs_Ctrl_Frontal	primary_frontal	14087	67	35	0.330833540620104	0.0816062176165803	0.124041450777202			family_result				
axon_development	0.266409266409266	0.266409266409266	0.16823816568964	0.191642660895656	1.05715334494163	308	GDI1;STXBP1;SCN1B;APBB1;CTTN;KIF5C;EPHA4;KIF5A;ENAH;MAP1B;SZT2;YTHDF1;APLP1;CHN1;TUBB3;FEZ1;PGRMC1;CDK5R1;C12orf57;NEUROD2;ATL1;KIF21A;BRSK2;PTPRJ;SEMA4D;LMO4;KIFC2;PLP1;THY1;ARHGEF25;MAP2;APP;SEMA4C;CCK;NPTN;BAIAP2;RTN4RL2;NMNAT2;CDK5;PAK3;OLFM1;EPHB6;DHFR;RTN4;TAOK2;APOD;GPM6B;MAP7D2;PTN;MAPT;EFNB1;RAC1;UNC5A;ACTG1;TNFRSF21;GAP43;SEMA3B;BHLHE22;TWF2;SEMA7A;NELL2;CDK5R2;SLITRK4;PTPRS;KREMEN1;NRDC;ARHGAP4;BSG;MAP1A;SLITRK1;NRCAM;NOVA2;ROBO3;SEMA3E;NEFH;FZD3;RAB3A;ZPR1;NEUROD6;CERS2;PLPPR4;ROBO1;DPYSL5;SSNA1;AFG3L2;LYPLA2;CNTNAP1;PRKG1;EFNB3;SEMA6C;NTNG1;SEMA6A;MEGF8;PAFAH1B1;SEMA4B;BCL11A;LGI1;FLRT3;KALRN;SEMA4F;DAG1;L1CAM;RAC3;NREP;CNTN1	Axon development	Micro	C9_ALS_vs_Ctrl_Frontal	primary_frontal	14087	67	35	0.330833540620104	0.266409266409266	0.416852146263911			family_result				
small_GTPase	0.316129032258065	0.894039735099338	0.110122263835536	-0.192980330437196	-1.04264948421325	408	SPATA13;DENND3;RABL3;ARHGAP26;BCAR3;GDI2;ARHGAP12;CYTH4;SIPA1L2;SEMA4D;ITGAV;GRB2;PDPN;TNS3;NET1;DEF6;LARGE1;RASA3;SRGAP3;ARHGAP25;RHOU;DOK3;ARFGEF2;KSR1;WNT5A;PREX1;CSNK1A1;ARHGAP8;SRGAP2;MCF2;ARHGEF7;LIMK1;ABL1;RALGAPA1;CUL3;RTN4;RASA4B;RND1;HACE1;ARHGAP33;RAB4B;RRAS2;MCF2L;RHOB;GIPC1;RGL1;GBF1;HEG1;FARP2;RASL10A;MYO6;RHOH;RAP2A;RAB33A;RAPGEF2;MAPKAP1;RALGPS2;CDKN1A;CYFIP1;RB1;ARHGAP4;RAB38;DBNL;FERMT2;ARHGEF10;FAM13B;ARHGAP23;SH2D3C;ROCK2;ARHGAP32;RAB12	Small GTPase	Micro	C9_FTD_vs_Ctrl_Frontal	primary_frontal	14087	67	35	0.330833540620104	0.894039735099338	0.477785923753666			family_result				
synapse_junction	0.43859649122807	0.894039735099338	0.0913924325943768	-0.189744324812699	-1.0111679063625	356	TLN2;PRKCA;IL1B;PTK2;ANK2;SEMA4D;FLOT1;NLGN4Y;TLR2;NECTIN3;AMOT;PTPRA;SRGAP3;CAPZA1;TJP1;ABI3;WHAMM;JAM3;WNT5A;SRGAP2B;SMAD3;PTPN1;PCLO;DNM3;SRGAP2;CDH19;EPB41L3;ARHGEF7;ABL1;PRKACA;APP;TAOK2;RTN4;CLDN11;SYNDIG1;VEGFA;AKAP5;IL1RAPL1;ARHGAP33;VPS35;CTNNA1;KIRREL3;FBXO45;LATS1;RAP2A;IL1RAP;RAPGEF2;ARHGAP4;DBNL;GPM6B;FERMT2	Synapse/junction	Micro	C9_FTD_vs_Ctrl_Frontal	primary_frontal	14087	67	35	0.330833540620104	0.894039735099338	0.593553719008265			family_result				
heat_response	0.640692640692641	0.894039735099338	0.0704500850658419	-0.214093195986518	-0.919384154077579	74	MTOR;IL1A;LYN;HSF1;DNAJC7;ATR;PRKACA;DNAJA3;EIF2B5	Heat response	Micro	C9_FTD_vs_Ctrl_Frontal	primary_frontal	14087	67	35	0.330833540620104	0.894039735099338	0.767676767676768			family_result				
protein_folding	0.877697841726619	0.894039735099338	0.0601186142531851	-0.172794317085395	-0.840953670311617	182	DNAJC18;SIL1;PPIG;SACS;HSPBP1;PDIA5;PPIL3;DNAJB11;DNAJC7;HDAC4;DNAJC24;DNAJA3;ERP44;ATF6;ERP27;HSP90B1;MESD;TTC4;NKTR;PPIH;PDIA3;PDCD5;CCDC47;TUBA1A;DNAJC3;PFDN1;GAK;LMAN1;PPIB;CLPX;TBCB	Protein folding	Micro	C9_FTD_vs_Ctrl_Frontal	primary_frontal	14087	67	35	0.330833540620104	0.894039735099338	0.928963162251656			family_result				
axon_development	0.879732739420935	0.894039735099338	0.0565299525056311	-0.166620614797765	-0.876771849661035	308	C9orf72;PRKCA;PITPNA;PTK2;PRKCQ;SEMA4D;GOLGA4;TENM1;SEMA6B;WNT5A;MCF2;SIN3A;SKIL;B4GALT5;LIMK1;DNM2;ABL1;SMURF1;APP;TAOK2;RTCA;RTN4;MAP3K13;VEGFA;SEMA3C;MAP1A;USP9X;LMO4;CTNNA1;SEMA3A;AFG3L2;MAG;LGR6;CYFIP1;ARHGAP4;GPM6B;NREP;STK24;CRTAC1;SLC25A46;SCARF1;NRXN3;FGFR2;AUTS2;MAP1B;PLP1;PTPRO;NOVA2;CDKL3;PAK1;EPHA5;FGF13;ROBO2;DISC1;CYFIP2;APLP2;KIF5C;SEMA7A;NEFH	Axon development	Micro	C9_FTD_vs_Ctrl_Frontal	primary_frontal	14087	67	35	0.330833540620104	0.894039735099338	0.928963162251656			family_result				
protein_stabilization	0.888888888888889	0.894039735099338	0.0445961615888961	0.169866530436954	0.830547647043513	191	GLMP;GRN;MTMR9;BAG6;TBL1X;NOP53;BAG2;PRKRA;CRTAP;ATM;SPAG1;MFSD1;CBL;WFS1;CBX4;PEX6;CD74;LAMP1;DVL1;LAMP2;MCM8;HSPB1;CCNH;PLPP3;SOX4;WIZ;CREBL2;TCP1;EP300;EPHA4;PML;IP6K2;MORC3;PEX19	Protein stabilization	Micro	C9_FTD_vs_Ctrl_Frontal	primary_frontal	14087	67	35	0.330833540620104	0.894039735099338	0.928963162251656			family_result				
mitochondrial_energy	0.894039735099338	0.894039735099338	0.0553642837725362	-0.173183957436212	-0.792429513708824	106	SLC25A33;NDUFAB1;SDHAF2;COX8A;MLXIPL;SDHB;CYCS;ATP5F1C;ATP5PB;NDUFB8;NDUFB6;COX5A;NDUFA8;NDUFA9;ETFRF1;NDUFB4;SDHD;ATP5ME;NDUFB5;ATP5F1D;UQCRQ;UQCRB;ATP5PO;COX7A2;UQCRH;NDUFV2;NDUFS5;COX7A2L;NDUFS6;COX5B;COX6B1;CYC1;TNF;ATP5MF;COX6C;COX4I1;PARK7;COX7B;SDHC;NDUFA13;NDUFA10;UQCRC2;ATP5F1A;NDUFA5;PPIF;VCP	Mitochondrial energy	Micro	C9_FTD_vs_Ctrl_Frontal	primary_frontal	14087	67	35	0.330833540620104	0.894039735099338	0.928963162251656			family_result				
synapse_junction	0.0000000001	0.0000000007		-0.376789428831646	-2.01801819925782	417	IGSF11;DLG1;STRN;UGT8;CLDN11;PKP4;DOCK4;MAP4K4;PCDH17;SEMA4D;GPM6B;SLITRK5;CDH20;PTPRJ;RAPGEF2;PIP5K1C;RAPGEF1;FSCN1;ERBB4;FER;PARD3;PLXNB1;LSAMP;DST;NLGN1;MPP7;PRICKLE1;MYO1C;DNM3;PLXNA3;SRGAP1;SFRP1;ADGRL3;EPHB1;EEF2K;PTPRK;SLIT1;RTN4RL1;GJA1;CORO1C;CLASP1;IL1RAPL1;MPDZ;PTPRD;RAP2A;LZTS1;TLN2;CDH10;LIN7C;FAM107A;NRXN1;NEGR1;LRRTM4;ECT2;PEAK1;ANK2;PDLIM5;DOCK10;GPM6A;SDK1;LRRTM3;OPHN1;C1QL2;NLGN4X;S100A10;SLITRK4;GRID2;NRCAM;GPHN;NECTIN3;VLDLR;TLR2;ACTB;MAPT;RYK;SEMA4C;ACE;CRTAC1;AGRN;EFNA5;ARHGEF7;IGLON5;ASIC1;GNA13;PCDHB5;GABRA3;PTPN13;MYCBP2;TJP1;NAE1;CLASP2;FBXO45;DKK1;ITGB4;LRFN5;APC;CDH26;PHLDB2;PUM2;PTK2B;CPEB3;LRRTM2;JUP;EPHB2;PRKCA;ARHGAP33;FZD1;TEK;LRFN1;NRXN3;ANKRD28;CDH7;DSCAM;LAMC1;DRD2;FLCN;AFDN;CDH2;MYO9A;SETD5;ZDHHC2;GABRA5;ZDHHC8;SLITRK1;MARK1;CDH19;PLXNC1	Synapse/junction	OPC	C9_ALS_vs_C9_FTD_Frontal_batch_bridged	primary_frontal	17846	72	37	0.36347345044934	0.0000000007	0.00000000095			family_result				
axon_development	0.00000000085060118542575	0.00000000297710414899012	0.801215574617779	-0.372842071602861	-1.97385205071205	352	PLP1;RAB10;KIF21A;SEMA6A;SEMA4D;FYN;NFASC;GPM6B;SLITRK5;PTPRJ;DIP2B;MAP2;MAG;UNC5C;CNTN1;GRM7;BSG;PARD3;MMP2;CERS2;PICALM;FGFR2;PLXNB1;MARK2;PRICKLE1;KIAA1755;PLXNA3;CSF1R;AUTS2;EPHB1;SLIT1;RTN4RL1;SEMA6D;SIPA1L1;CNTN2;PALLD;NRXN1;ROBO1;ARHGAP35;SEMA5A;NFIB;OPHN1;ALCAM;RUFY3;EFNB1;DNM2;CELSR1;NCAM1;SLITRK4;SOS1;MT3;NRCAM;ADGRB1;MAP6;BAIAP2;ACTB;MAPT;RYK;EPHA5;LRRC4C;APLP1;ATL1;SEMA4C;CASP3;CRTAC1;EFNA5;JAK2;UNC5A;SEMA6B;KIF13B;PTCH1;ADCY10;MYCBP2;TRIO;DSCAML1;CLASP2;DCC;NOTCH2;COBL;ANK3;CAMSAP2;DPYSL5;PUM2;JUP;UNC5D;EPHB2;PRKCA;TENM1;ULK1;NRXN3;TNR;KIFC2;DSCAM;DRD2;MCF2;LIMK1;CDH2;FZD3;NREP;TRAK2;NEO1;SLITRK1;RAB8A;PLXNC1;ECE1;BHLHE22;OLIG2;ARHGEF25;AMIGO1;GDI1;CNTN4;VASH2;OLIG1;NTRK2;PAK2	Axon development	OPC	C9_ALS_vs_C9_FTD_Frontal_batch_bridged	primary_frontal	17846	72	37	0.36347345044934	0.00000000297710414899012	0.00000000595420829798025			family_result				
small_GTPase	0.000000238438557364422	0.000000546828868250893	0.674962860011025	-0.324962895426912	-1.73890158493508	414	DOCK11;RASGEF1B;CSNK1E;PKP4;DOCK4;KANK1;ARHGAP5;KANK2;MAP4K4;SEMA4D;RND2;GIT1;RAPGEF2;RAPGEF1;RALGPS2;FAM13A;PLD1;PICALM;PLXNB1;ARFGEF3;SH3BP4;ARHGDIA;DOCK5;PRAG1;DENND1A;DENND4A;PLEKHG1;ARHGEF10;AUTS2;DOCK9;EPS8;CCNA2;RAPGEF4;RIT2;RALGAPA2;RAPGEF3;RASGRP3;SIPA1L1;RAP2A;NCKAP1;ECT2;RRAS2;ROBO1;MAPRE2;ARHGAP35;ARHGAP10;ARHGAP26;DOCK10;RAB9B;OPHN1;HACE1;PLEKHG3;SYDE1;RRAGC;CELSR1;STARD13;ARHGAP1;SOS1;FBXO8;SGSM3;GIT2;RDX;HEG1;ARHGAP24;ARHGEF2;SPRY3;RAP1GAP2;RIN2;NGFR;ARHGAP25;RAPGEF6;ARHGEF7;FXR1;LRRK2;GNA13;TNS3;DOCK6;KBTBD7;CDKN1A;TRIO;SIPA1L3;ARHGEF4;NOTCH2;ITGAV;SOS2;CCDC88A;RHOQ;ARHGEF12;EPHB2;RB1;ARHGAP33;TEK;RALBP1;AKAP13;KCTD13;ARL3;FLCN;MCF2;SPATA13;LIMK1;RAB33A;MYO9A;RHOU;LAT;TNFAIP1;ARHGAP22;ARHGAP12;DOCK3;ABI2;DOCK8;ARHGEF25;ARHGAP8;GRAP2;GDI1;OGT;PIK3CB;ADCYAP1R1;VAV3	Small GTPase	OPC	C9_ALS_vs_C9_FTD_Frontal_batch_bridged	primary_frontal	17846	72	37	0.36347345044934	0.000000546828868250893	0.00000105707760431561			family_result				
mitochondrial_energy	0.00000031247363900051	0.000000546828868250893	0.674962860011025	0.468585952174135	2.13316345765382	108	NDUFB1;COX7A2L;SDHC;SDHAF2;TEFM;SDHD;NDUFV1;DGUOK;NDUFA6;NDUFAB1;UQCC3;ATP5F1A;NDUFB8;UQCRQ;NDUFA5;NDUFS6;ATP5IF1;UQCRFS1;NDUFA9;PINK1;ATP5PD;NDUFC2;SLC25A33;NDUFS5;COX4I1;ATP5F1B;GHITM;ISCU;COX6C;SDHB;COX7B;ATP5ME;UQCR11;COX5A;SLC25A51;DNAJC30;UQCRB;COX7C;UQCR10;NDUFS4;NDUFA12;COX6A1;ATP5PB;CHCHD2;UQCRH;CYCS;SIRT3;COX7A1;ATP5PO;NDUFB2;NDUFA10;ANTKMT;NDUFB3;COX8A;ATP5F1E;NDUFA2;ATP5PF;COX5B;NDUFA13;NDUFB9;NDUFA8;UQCRC2;NDUFB10	Mitochondrial energy	OPC	C9_ALS_vs_C9_FTD_Frontal_batch_bridged	primary_frontal	17846	72	37	0.36347345044934	0.000000546828868250893	0.00000129871856209587			family_result				
protein_folding	0.11283185840708	0.157964601769911	0.197822021315103	0.234057143557057	1.16098378564391	189	DNAJC10;DNAJC24;TBCEL;NUDCD3;CCDC47;PPIL3;RIC3;DNAJC2;PPIE;PPIL2;LMAN1;PPIH;HSPD1;PDCL3;PPIA;DNAJB12;PFDN1;CCT6B;BAG5;PPIL1;MKKS;ANP32E;DNAJA3;TBCC;CDC37;DNAJC25;TTC4;MOGS;CCT6A;PDCD5;HSPA13;DNAJA2;CDC123;SACS;CSNK2A1;RANBP2;HSPH1;CCT8;MESD;SDHAF4;PFDN5;COX14;QSOX2;ZPR1;CRTAP;SDF2;HSP90AB1;NGLY1	Protein folding	OPC	C9_ALS_vs_C9_FTD_Frontal_batch_bridged	primary_frontal	17846	72	37	0.36347345044934	0.157964601769911	0.189957432508121			family_result				
heat_response	0.366525423728814	0.427612994350283	0.0999276973731092	0.250211225021545	1.04384734380805	71	HSBP1L1;SCN11A;HMOX1;DNAJC2;EIF2B4;SUMO1;IER5;DNAJA3;SLU7;IGF1;DNAJA2;EIF2S1;FGF1;HSP90AB1;PDCD6;STUB1;LRP11;YWHAE;HSPA2;HSBP1;DHX36;EIF2B1;HSP90AA1	Heat response	OPC	C9_ALS_vs_C9_FTD_Frontal_batch_bridged	primary_frontal	17846	72	37	0.36347345044934	0.427612994350283	0.535691003911343			family_result				
protein_stabilization	0.618421052631579	0.618421052631579	0.0728938564822936	0.190718302072434	0.960927828318501	201	RABL3;PER3;PLPP3;CTNND1;TRIM39;CDK7;NAPG;DBR1;SWSAP1;SUMO1;GTPBP4;STK4;HSPD1;PDCL3;RPAP3;CREB1;PFDN1;TRIM37;BAG5;CHP1;COG7;PINK1;EHMT1;DNAJA3;CDC37;CCT6A;IP6K2;ZBED3;PPP1R10;OTUD3;IGF1;CSNK2A1;PARVA;CCT8;MORC3;PFDN5;EFNA1;MDM4;SMAD3;USP36;SYVN1;CRTAP;HERC2;HSP90AB1;UFL1;STUB1;UXT;CAMLG;GET1;DNAAF2;HIP1R;AAK1	Protein stabilization	OPC	C9_ALS_vs_C9_FTD_Frontal_batch_bridged	primary_frontal	17846	72	37	0.36347345044934	0.618421052631579	0.761574074074074			family_result				
mitochondrial_energy	0.00000000024356408923878	0.00000000170494862467146	0.814035837847908	0.515626923349702	2.40891776409116	108	ATP5PD;NDUFB1;SDHAF2;ATP5ME;NDUFS5;NDUFAB1;TEFM;UQCRQ;UQCRB;NDUFAF1;SDHD;UQCRH;CYCS;ANTKMT;UQCRFS1;COX4I1;UQCR11;NDUFB8;PPIF;SDHA;COX7A2L;SLC25A33;NDUFA12;NDUFB2;VCP;NDUFC2;ATP5F1A;ISCU;NDUFA8;ATP5PB;COX6C;DNAJC30;ATP5PO;NDUFA6;ATP5IF1;COX6A1;SDHC;GHITM;ATP5F1B;COX7C;NDUFS6;COX7A2;DGUOK;ATP5PF;CHCHD2;NDUFV1;SIRT3;ABCD1;NDUFS3;ATP5F1E;PINK1;UQCC3;UQCR10;NDUFB3;NDUFS8;PARK7;NDUFA2;SDHB;UQCRC1;NDUFB9;NDUFB10;COX7B;COX5A;NDUFA1	Mitochondrial energy	OPC	C9_ALS_vs_Ctrl_Frontal	primary_frontal	17846	72	37	0.36347345044934	0.00000000170494862467146	0.00000000190553081580927			family_result				
synapse_junction	0.0000000533760704420265	0.000000186816246547093	0.719512826338911	-0.334731155779748	-1.79358892710395	417	SLITRK5;DOCK4;DLG1;PKP4;PTPRK;MYO9A;ERBB4;AFDN;PCDH17;RAPGEF2;ANKRD28;DNM3;FER;PTK2;SETD5;ANK2;PRKCA;PTPRD;PARD3;TJP1;GRID2;TEK;CDH20;PDLIM5;NLGN1;DOCK1;CLASP1;NRCAM;SNCA;MARK1;LSAMP;NRG3;NUMBL;CTNNA1;ADGRL3;LRRTM4;MAP4K4;LAMC1;GPHN;CDH11;DST;IL1RAPL1;OGT;ARHGAP32;UGT8;NEGR1;IGSF11;PTPRJ;CORO1C;SNAI1;RHOC;LZTS1;MPDZ;ITGB4;CDH26;GPM6A;CLASP2;NLGN4X;MPP7;ECT2;MYCBP2;PTPN13;DOCK10;NRXN1;ROCK2;PUM2;S100A10;ARHGEF9;TBCD;CRIPT;ARHGEF7;JUP;LIN7C;APC;RAP1B;STRN;LIN7A;NAE1;CYFIP2;PTK2B;NTRK3;SLITRK1;PAK2;LRRTM3;RYK;SDK1;IL1RAP;APOD;PATJ;ZDHHC2;PTEN;OPCML;RAPGEF1;EEF2K;PRKCH;PLXNC1;CPEB3;PCLO;OCLN;MYO1C;MACF1;PEAK1;OPHN1;SRGAP1;PCDHB5;PLXNB1;RAB17;NECTIN3;CDH2;RAMP2;GPM6B;ROCK1;SNAI2;PRICKLE1;FSCN1;CDH10;APP;ARHGAP6;MAPT;CSMD2;DSCAM;GNA13;S1PR2;EPHB1;FLCN;DRD2;FARP1;RAP1A;ADD2;SEMA4C;CDH19;BCR;NPHP1;RTN4RL1;GABRG1;C1QL2;TLR2;PTPN1;RAP2A	Synapse/junction	OPC	C9_ALS_vs_Ctrl_Frontal	primary_frontal	17846	72	37	0.36347345044934	0.000000186816246547093	0.000000262926569214427			family_result				
small_GTPase	0.000000515976880909864	0.00000120394605545635	0.659444398037935	-0.321590808002913	-1.72433039365185	414	KANK1;DOCK11;DOCK4;ARHGEF12;DENND4A;TRIO;PKP4;DOCK5;PICALM;DOCK9;MYO9A;NCKAP1;RAPGEF2;LRRK2;RAPGEF4;ROBO1;SWAP70;RALGAPA2;ARHGEF2;ARHGAP26;VAV3;TEK;FAM13A;ARHGAP10;DOCK1;EPS8;AKAP13;MAP4K4;RALGPS2;CSNK1E;SH3BP4;CDC42EP4;DENND1A;ARHGDIA;OGT;ARHGAP32;ARHGEF10;NOTCH2;AUTS2;GIT1;HACE1;CSNK1A1;DOCK7;ITGAV;RAPGEF6;RAP1GAP2;RHOC;PLD1;ARHGAP5;ECT2;SIPA1L1;FBXO8;DOCK10;CDKN1A;FNTA;ROCK2;RAB12;TIAM1;ITSN1;ERBB2;STARD13;ARHGAP20;MAPRE2;ARHGEF9;SOS1;CD2AP;ARHGAP17;PIK3CB;ARHGAP31;DHCR24;HEG1;GIT2;MYO6;ARHGEF7;PRAG1;RASA2;ARHGAP12;RHOQ;RAP1B;CDKL5;RAB9B;TNS3;TAX1BP3;PLCE1;NF1;MCF2;ARFGEF3;RALGAPA1;ARHGAP22;RASGEF1B;CCNA2;RASA4B;SIPA1L3;ARHGAP21;RIT2;NUCB2;RAPGEF1;DOCK3;RRAS2	Small GTPase	OPC	C9_ALS_vs_Ctrl_Frontal	primary_frontal	17846	72	37	0.36347345044934	0.00000120394605545635	0.00000201838015179447			family_result				
axon_development	0.000326529466374291	0.000571426566155009	0.49849310876659	-0.289196440112121	-1.52683493174395	352	SEMA6A;FYN;SLITRK5;C9orf72;TRIO;PICALM;DIP2B;GRM7;KIF13B;SIN3A;PTK2;ROBO1;PRKCA;PARD3;KIAA1755;SEMA5A;NFIB;RAB10;NRCAM;MMP2;UNC5C;CTNNA1;MAP2;NOTCH2;NTN4;NFASC;AUTS2;DOCK7;PTPRJ;SEMA3D;PLP1;LRRC4C;MTR;JAK2;CLASP2;MYCBP2;ALCAM;SIPA1L1;NRXN1;NTRK2;PUM2;TIAM1;ZDHHC17;TENM1;SOS1;CAMSAP2;CNTN1;KIF21A;ECE1;JUP;KLF7;CDKL5;PTCH1;NEO1;ANK3;CYFIP2;MCF2;SLITRK1;COBL;PAK2;RYK;KIF5B;DCC;RUFY3;GSK3B;APOD;PTEN;ULK2;PLXNC1;USP33;MACF1;OPHN1;DPYSL5;PTPRM;TSPO;PLXNB1;MT3;CTNNA2;CDH2;RAB8A;ENAH;GPM6B;STK24;TIAM2;PRICKLE1;APP;MAPT;TNR;NCAM1;DSCAM;MAG;EPHB1;DRD2;UNC5D;DNM2;USP9X;DISC1;PAK3;PALLD;SEMA4C;NMNAT2;RTN4RL1;DSCAML1;ARHGAP35;ULK1;PLPPR4;ADNP;CNTN4	Axon development	OPC	C9_ALS_vs_Ctrl_Frontal	primary_frontal	17846	72	37	0.36347345044934	0.000571426566155009	0.0008515376279957			family_result				
protein_folding	0.00109644501767979	0.00153502302475171	0.45505986738723	0.312115294659119	1.58678808482771	189	DNAJC2;TBCE;LTBP4;MESD;MKKS;TBCC;DNAJB12;HSPA2;SDHAF4;SACS;GRPEL2;TBCEL;HSPBP1;DNAJC24;PFDN5;PFDN1;PDCL3;DNAJB11;PPIL1;SDF2;PFDN2;DNAJC10;COX14;BAG5;PPIF;CCT7;CDC37;DNAJB5;MOGS;HSP90AA1;TOR1A;NPPC;CCT8;HSPH1;HSP90AB1;CCT6A;PDIA2;DNAJC18;ERP29;PPIE;NAA10;NUDCD2;GRPEL1;PPIL3;AHSA1;DNAJB6;HSPD1;CSNK2A1;PPIC;P4HB;BAG4;CCDC47;SNRNP70;GFER;HSPA4;PDRG1;PPIH;CCT3;PFDN6;DNAJA2;PPIA;CCT6B;TRAP1;RANBP2;NUDC;TUBA1A;HSPA13;SDF2L1;NUDCD3;VBP1;CLU;BAG2;DNAJB4;ANP32E;CRYAB	Protein folding	OPC	C9_ALS_vs_Ctrl_Frontal	primary_frontal	17846	72	37	0.36347345044934	0.00153502302475171	0.0026040569169895			family_result				
heat_response	0.0932805524976769	0.10882731124729	0.287805130535564	0.303647638982303	1.32829197537497	71	DNAJC2;SUMO1;HSBP1L1;HMOX1;HSPA2;IGF1;EIF2B4;STUB1;YWHAE;HSP90AA1;IER5;VCP;SLU7;HSP90AB1;HTRA2;DNAJB6;AKT1;CLPB;HSBP1;EIF2B5	Heat response	OPC	C9_ALS_vs_Ctrl_Frontal	primary_frontal	17846	72	37	0.36347345044934	0.10882731124729	0.159493284493285			family_result				
protein_stabilization	0.524475524475525	0.524475524475525	0.0847985102819124	0.19118902914439	0.977266906116649	201	TRIM39;RABL3;POLR2E;SUMO1;PLPP3;SWSAP1;NAPG;IGF1;PFDN5;PFDN1;ATP1B1;PDCL3;RUVBL1;CBX4;DBR1;STUB1;PFDN2;EPHA4;BAG5;CCT7;CDC37;PEX6;SOX4;HSP90AA1;AAK1;SPAG1;TTI1;CCT8;ZBED3;CREB1;HSP90AB1;CCT6A;GLMP;PRKCD;IP6K2;CAMLG;PFN2;CDK7;STK4;LAMP1;HSPD1;CSNK2A1;CHP1;EHMT1;BAG4;NOP53;PINK1;PDRG1;RTN4;PPP1CA;PARK7;CCT3;PFDN6;NAA15;DVL1;MYCNOS;SEC16A;DNAAF2;UXT;MCM8;TUBA1A;CTNND1;COA8;VBP1;CLU;SYVN1;BAG2;CREBL2;PYURF;CRYAB;PIN1;FLNA	Protein stabilization	OPC	C9_ALS_vs_Ctrl_Frontal	primary_frontal	17846	72	37	0.36347345044934	0.524475524475525	0.664335664335664			family_result				
axon_development	0.0000301947591688051	0.000211363314181635	0.575610261071129	0.298346203652591	1.56079971579756	352	SEMA4D;PLP1;SEMA6D;GPM6B;KIF21A;APLP1;BSG;CNTN2;CSF1R;CERS2;MARK2;MAG;RAB10;FGFR2;CELSR1;NFASC;PLXNA3;EPHB2;UNC5A;EFNB1;PTPRJ;EPHA5;PLXNB1;MAP6;BAIAP2;PRICKLE1;ADGRB1;SLIT1;ATL1;EPHB1;LIMK1;CNTN1;RTN4RL1;GDI1;ACTB;OLIG1;LLGL1;CRTAC1;PALLD;SEMA6B;ARHGAP35;OLIG2;MAP2;SEMA4G;EFNA5;SLITRK4;VIM;EFNA2;SPP1;EVL;CASP3;UNC5C;ARHGEF25;PITPNA;TRIM46;DNM2;NRXN3;PTPRS;NCAM1;KIFC2;FZD3;TRAK2;RET;MMP2;SPTBN4;DIP2B;PRKG1;SEMA4C;NREP;OPHN1;CDK5;MAPT;PLXNB2;PTK7;ADCY10;FYN;FLRT3;MT3;EPHA4;SEMA6C;SLITRK5;RUFY3;TENM3;PARD3;TENM2;DSCAML1;GRM7;AUTS2;SSNA1;TAOK2;EPHA3;APOE;PLXND1;SIPA1L1;CELSR3;SEMA5B;EFNB2;BOC;SEMA6A;AMIGO1;KIAA1755;NRXN1;EPHB3;SHH;NOVA2;ULK1;PLXNA4;STK11;BHLHE22;UNC5D;RYK;RAB3A;THY1	Axon development	OPC	C9_FTD_vs_Ctrl_Frontal	primary_frontal	17846	72	37	0.36347345044934	0.000211363314181635	0.0000933930923128156			family_result				
synapse_junction	0.000143013136128465	0.000500545976449627	0.518848077743792	0.275564658826784	1.47485713114834	417	PIP5K1C;IGSF11;CLDN11;STRN;SEMA4D;GPM6B;UGT8;SFRP1;FBXO45;GJA1;RAPGEF1;FSCN1;PLXNA3;EPHB2;MAP4K4;ASIC1;DLG1;TLN2;PTPRJ;PLXNB1;PRICKLE1;SLIT1;FAM107A;GABRA2;EPHB1;IGLON5;CDH20;RTN4RL1;ACTB;MYO1C;PCDH17;SRGAP1;PKP4;RAP2A;AMIGO2;DVL1;PLXNA1;CRTAC1;VLDLR;GABRA5;SDC4;LRFN1;GABRA3;ARHGAP33;SYNDIG1;DOCK4;EEF2K;LRFN5;SH3BP1;EFNA5;CDH6;SLITRK4;CDH10;C1QL2;AGRN;GABRB2;ICAM5;CASKIN1;FZD1;MPP7;NRXN2;NLGN2;VSIG10;SPOCK2;CLSTN1;NRXN3;TSPAN11;CAV1;LRRC4B;LRRTM2;RAPGEF2;PTPRS;ACE;TLR2;PEAK1;ZNF703;DST;SEMA4C;OPHN1;CDK5;CRK;LSAMP;MAPT;DKK1;PLXNB2;LIN7C;ZDHHC8;CDH8;FLRT3;MDGA1;SDK1;NECTIN3;SLITRK5;LHFPL4;LRRTM3;PARD3;SMAD7;NLGN1;COL16A1;GNA13;PHLDB2;TAOK2;EPHA3;PLXND1;ADGRL2;CORO2B;ELMO1;FER;EFNB2;AMIGO1;AMOT;NRXN1;ADGRL3;EPHB3;ECT2;MPDZ;DNER;ERBB4;LZTS1;PLXNA4;PCDHB13;CDH7;CORO1C;TESK2	Synapse/junction	OPC	C9_FTD_vs_Ctrl_Frontal	primary_frontal	17846	72	37	0.36347345044934	0.000500545976449627	0.000380414942101717			family_result				
small_GTPase	0.00770729413662086	0.017983686318782	0.407017918923954	0.242651199104236	1.29768643179756	414	RASGEF1B;SEMA4D;KANK2;PLEKHG1;RND2;CSNK1E;ARHGAP5;RDX;KBTBD7;RAPGEF1;RRAGC;RASGRP3;CELSR1;DOCK11;EPHB2;MAP4K4;SGSM3;ARL3;CXCL13;PLXNB1;GIT1;LIMK1;RAPGEF3;GDI1;PLEKHG3;PKP4;ARFGEF3;RAP2A;USP8;SYDE1;ARHGAP33;ARHGAP1;LAT;ARHGAP35;RND1;DOCK4;SH3BP1;NISCH;PLD1;PRAG1;RALBP1;CCNA2;RGS19;RALGPS2;DVL3;RIT2;DOCK6;ARHGAP25;ARHGEF25;TNFAIP1;SPRY3;FXR1;RAB15;ARRB1;DVL2;PLK2;DOCK8;RAPGEF2;CDC42EP3;RIN2;ARHGAP24;KBTBD6;RRAS2;RAB39A;PPP1CA;KRIT1;FAM13A;SPATA13;ARHGEF4;ARHGDIA;OPHN1;SH3BP4;CRK;ARHGAP8;ARFIP2;KANK1;SNTA1;DENND1A;RGL2;KIF14;RB1;KCTD13;ARHGEF10;AUTS2;GNA13;PSD;GABARAP;RAB9B;RTKN;APOE;CCDC88C;TNK2;SIPA1L1;CCDC88A;RHOU;ELMO1;MAPRE2;HRAS;CCDC125;TGFB2	Small GTPase	OPC	C9_FTD_vs_Ctrl_Frontal	primary_frontal	17846	72	37	0.36347345044934	0.017983686318782	0.0152995540323966			family_result				
mitochondrial_energy	0.0420196583100478	0.0735344020425837	0.321775918075361	-0.306305332603914	-1.35389320460953	108	COX7A2L;NDUFB1;SDHC;NDUFV1;DGUOK;NDUFA10;UQCC3;NDUFA5;NDUFS4;NDUFA6;SDHD;TEFM;SNCA;NDUFA9;SDHAF2;ATP5F1A;COX8A;PINK1;NDUFS6;SLC25A51;COX7B;NDUFV2;ATP5IF1;COX5A;SDHB;NDUFB8;NDUFAB1;ATP5F1B;GHITM;NDUFB5;COX7A1;COX6C;NDUFC2;UQCRC2;ISCU;UQCR10;UQCRQ;ATPSCKMT;UQCRFS1;SLC25A33	Mitochondrial energy	OPC	C9_FTD_vs_Ctrl_Frontal	primary_frontal	17846	72	37	0.36347345044934	0.0735344020425837	0.077619646600505			family_result				
protein_stabilization	0.437616387337058	0.612662942271881	0.0824344091527096	-0.208277912663219	-1.00288531741737	201	PER3;CTNND1;RPAP3;HPS4;RABL3;COG7;CDK7;EFNA1;PARVA;CRTAP;TRIM44;SMAD3;GTPBP4;PLPP3;PIM1;TBL1X;PPP1R10;TRIM37;USP9X;OTUD3;STK3;URI1;CDKN2A;DNAJA3;DNLZ;USP33;NAPG;DBR1;COG3;USP36;HSPD1;CEP63;MDM4;STK4;HERC2;CHP1;TRIM39;BAG3;PINK1;TAF1;UFL1;MORC3;CREB1;PTEN;SWSAP1;EHMT1	Protein stabilization	OPC	C9_FTD_vs_Ctrl_Frontal	primary_frontal	17846	72	37	0.36347345044934	0.612662942271881	0.593553719008265			family_result				
heat_response	0.782978723404255	0.913475177304965	0.0598603117764473	0.201928897933765	0.836141793286992	71	EEF1D;GCLC;ATM;HTRA2;DAXX;HSF1;CRYAB;MAPT;DNAJB1;EIF2B5;TRPM2;NOS1;DNAJB6;CREBBP;HSPA1A;DNAJB4;AKT1;ATXN3;CLPB;VCP;MAP2K7;HSPA2;DNAJA1;CHORDC1	Heat response	OPC	C9_FTD_vs_Ctrl_Frontal	primary_frontal	17846	72	37	0.36347345044934	0.913475177304965	0.867801418439716			family_result				
protein_folding	0.961620469083156	0.961620469083156	0.0503964322442957	0.160040306698478	0.782268150883125	189	CD74;DNAJB2;LTBP4;DNAJB11;CANX;TAPBP;WIPF1;PPIF;RUVBL2;BAG2;AHSA1;LMAN2L;FKBP4;CALR;ATPAF2;BAG4;HSPA5;TBCE;SDF2L1;P4HB;PEX19;PDIA4;TTC1;NAA10;CRYAB;DNAJB1;FKBP5;DNAJC4;PPIC;KHSRP;DNAJB6;HSP90B1;CWC27;GRPEL2;HSPA1A	Protein folding	OPC	C9_FTD_vs_Ctrl_Frontal	primary_frontal	17846	72	37	0.36347345044934	0.961620469083156	0.98509139375476			family_result				
mitochondrial_energy	0.00740198517661115	0.0518138962362781	0.407017918923954	0.293989721708636	1.39835386764301	111	NDUFA9;NDUFS4;DGUOK;COX7A2L;NDUFS5;SDHC;NDUFA5;NDUFB5;COX6C;COX7A1;NDUFB1;COX4I1;ATP5PB;ATP5F1A;NDUFB8;ATP5IF1;UQCRH;TEFM;NDUFA8;SDHD;SLC25A33;COX8A;ATP5F1C;UQCRC2;NDUFS3;GHITM;CYCS;VCP;COX6B1;PINK1;NDUFV2;SDHA;ATP5F1B;NDUFAB1;ATP5F1E;COX5A;ATPSCKMT;UQCRB;NDUFA10;NDUFB4;DNAJC30;UQCRHL;NDUFA3;COX7B;NDUFS6;NDUFC2;UQCC3;AK4;NDUFV1;NDUFB11;UQCRQ;NDUFA1;CHCHD2;NDUFB9;NDUFA13;SDHB	Mitochondrial energy	Oligo	C9_ALS_vs_C9_FTD_Frontal_batch_bridged	primary_frontal	21399	72	37	0.45584110844829	0.0518138962362781	0.014916121643777			family_result				
protein_folding	0.405982905982906	0.975757575757576	0.141225119642531	0.197672677991537	1.01939024359638	201	PPIL3;ERO1A;CDC123;PPIE;DNAJC10;RIC3;AIFM1;DNAJB14;NGLY1;FKBP9;DNAJC24;PFDN2;CCT6B;DNAJC25;TBCEL;NUDCD3;CCT6A;BAG5;RP2;POFUT2;DNAJC4;MKKS;TTC4;LMAN1;DNAJA2;MESD;CDC37L1;SACS;ZPR1;PPIL1;UGGT1;DNAJC2;TUBA1A;CCT8;CLPX;CDC37;CLGN;PFDN1;PPIH;DNAJA4;CRTAP;PFDN5;UNC45A;SDF2;SELENOF;HSPD1;CCT2;CMC1;PDCL2;SDHAF4;DNAJB13;PDCD5;DNAJB11;GRPEL2;HSPA6;CSNK2A1;LTBP4;PPIG;PPIA;SNRNP70	Protein folding	Oligo	C9_ALS_vs_C9_FTD_Frontal_batch_bridged	primary_frontal	21399	72	37	0.45584110844829	0.975757575757576	0.580599209631468			family_result				
axon_development	0.418181818181818	0.975757575757576	0.16823816568964	0.179442465108648	0.996740038435874	367	SEMA3C;RTCA;MAP1A;SLC25A46;CSPG5;FEZ2;TENM3;SMURF1;MAP1B;EVL;NPTN;EPHB1;PAFAH1B1;SEMA3B;PPP3CB;PAK1;KALRN;ULK2;KIF21A;CDKL5;GOLGA4;SEMA7A;THY1;SMN1;AFG3L2;EFNA2;ANAPC2;CDK5R1;CDH1;SEMA4A;SCN1B;PTN;CYFIP1;CHN1;RAB3A;FGFR2;VANGL2;SPG11;C9orf72;SZT2;RGMA;APBB1;TUBB3;TIAM1;BRSK2;CDK5R2;PTPRS;CTTN;TRIM46;METRN;NRXN3;NEXN;VASP;CCK;EPHB2;MTR;ZPR1;PTK2;GAP43;VEGFA;OLFM1;SEMA3A;SEMA4C;L1CAM;SEMA4D;PGRMC1;DCHS2;SIPA1L1;BRSK1;FGF13;KIF5A	Axon development	Oligo	C9_ALS_vs_C9_FTD_Frontal_batch_bridged	primary_frontal	21399	72	37	0.45584110844829	0.975757575757576	0.585282976827095			family_result				
protein_stabilization	0.629533678756477	0.998842592592593	0.0469758727821845	-0.201187398907935	-0.931040424907337	209	PIK3R1;FLNA;TYROBP;CCNH;NOP53;CFP;PIM1;WIZ;HSPA1A;HSPA1B;WFS1;EGLN3;HCFC1;UBE2B;IP6K2;PEX19;GRN;GNAQ;ZSWIM7;PTGES3;PRKRA;TSPAN1;CREB1;SMAD7;CREBL2;POLR2E;HIP1;PYURF;CRYAB;LAMP1;SPAG1;MT3;MTMR9;CCT3;PFN1;PIM2;C10orf90;UXT;TAF9B;PML;BAG2;SAV1;CALR;CD74;IRGM;BAG1;SOX4;HSPB1;DNLZ;CHEK2;WNT10B;PARVA;BAG6;HYPK;IFT46;ZNF207;EP300;SEC16A;PHB2;CCT5	Protein stabilization	Oligo	C9_ALS_vs_C9_FTD_Frontal_batch_bridged	primary_frontal	21399	72	37	0.45584110844829	0.998842592592593	0.763222244133307			family_result				
heat_response	0.890243902439024	0.998842592592593	0.0711327399327894	0.169616215506083	0.756690653726675	77	DHX36;HIKESHI;ATR;GCLC;HSBP1L1;EIF2B4;EIF2B2;NOS1;TRPV4;DNAJA2;SLU7;MTOR;SUMO1;DNAJC2;EIF2S1;ATXN3;DNAJA4;GSK3B	Heat response	Oligo	C9_ALS_vs_C9_FTD_Frontal_batch_bridged	primary_frontal	21399	72	37	0.45584110844829	0.998842592592593	0.928963162251656			family_result				
synapse_junction	0.982456140350877	0.998842592592593	0.019974159565129	-0.159900946758131	-0.791316035350151	433	SDK1;FZD1;MAPT;RELN;PARD3;GPM6B;FLRT3;LRP4;OCLN;RAPGEF1;CDH20;MARVELD2;PCDH17;CSMD2;TLN1;GJA1;NLGN1;CAV1;EPHA7;APLNR;ERBB4;SLITRK5;RHOC;PDLIM5;FER;APOD;PCDHB6;MPP7;SDC2;RAB13;PTPN13;PAK2;ARHGAP32;CDH5;CDH2;SRGAP1;RAPGEF2;EGFLAM;JUP;GRID2;S100A10;FLCN;SMAD7;PCDHB4;CTNNA1;RNF7;CRK;EPHB3;LSAMP;SLITRK1;SYNDIG1;AMIGO1;PTPRK;PIP5K1C;LIN7B;MARVELD3;DOCK1;PLXNA1;SORBS1;KIRREL3;WDR1;ELMO1;ADGRL3;ROBO2;IL1RAP;ZDHHC2;PTK2B;LIN7C;GJC1;CRIPT;IKBKB;MUSK;ITGB4;OCEL1;RAP2A;PLXNB2;VCL;DKK1;FAM107A;TRIM47;MPDZ;LIMCH1;EFNB2;CDH18;EFNA5;ASIC2;DOCK4;MMP14;NLGN2;CDH12;FGFR1;ARL2;CARMIL3;PRICKLE1;CORO1C;ARMCX5-GPRASP2;VSIG10;ADGRL2;PEAK1;CNTNAP2;APP;NRG3;GPHN;SNAI1;ZNF703;NEGR1	Synapse/junction	Oligo	C9_ALS_vs_C9_FTD_Frontal_batch_bridged	primary_frontal	21399	72	37	0.45584110844829	0.998842592592593	0.98989898989899			family_result				
small_GTPase	0.998842592592593	0.998842592592593	0.0182442460385585	-0.148593679368927	-0.739075783682013	451	FAM13A;DOCK11;RELN;ARHGAP31;CDC42EP4;ARHGEF12;LRP4;RAPGEF1;GIT1;RABIF;CSNK1E;KANK1;ARHGAP24;SIPA1L2;F2R;TIAM2;AIF1;ARHGEF3;NOTCH2;RAB9A;RAPGEF4;RHOC;NOTCH1;SH2D3A;ARHGAP12;SLIT2;ARFGEF3;NGFR;ABCA1;ARHGAP30;ARHGAP32;RAB33A;RAPGEF2;RAB35;FLCN;NGF;SH3BP4;KSR1;SPRY2;CRK;CDK2;SPRY1;ARHGAP28;ARRB1;NKIRAS2;NUP62;RRAS2;ARHGEF40;FXR1;AKAP13;RIT1;DOCK1;MRAS;ARHGAP1;ELMO1;RB1;GIT2;LARGE1;ADCYAP1R1;ERAS;DOCK7;FBXO8;SIPA1;SQSTM1;AUTS2;RGL3;RASGEF1B;SGSM3;RAB30;SNTA1;ARHGAP8;SHOC2;RHEBL1;KBTBD7;TRIO;RAP2A;DOK3;GABARAP;FGD5;FGD3;DEF6;SOS1;DOCK5;RASA4B;ARHGAP11B;SIPA1L3;TNFAIP1;ARHGEF17;TP53;DOCK4;GPR55;DENND4B;NISCH;CDKN1A;DENND1A;CDC42EP1;RAPGEF3;IQSEC3;RALBP1;RACGAP1;RSU1;RRAGC	Small GTPase	Oligo	C9_ALS_vs_C9_FTD_Frontal_batch_bridged	primary_frontal	21399	72	37	0.45584110844829	0.998842592592593	0.998842592592593			family_result				
mitochondrial_energy	0.0000000001	0.00000000035		0.641405108997336	3.05535203228201	111	SDHD;COX7A2L;VCP;ATP5ME;UQCRC1;NDUFS5;C2orf69;UQCRB;NDUFB1;COX4I1;NDUFS2;ATP5MG;ATP5F1E;ANTKMT;PINK1;CHCHD2;RHOA;COX6C;NDUFC2;UQCC3;ISCU;ATP5PF;NDUFA13;ATP5PB;NDUFA9;COX6B1;UQCR11;NDUFB8;NDUFB10;NDUFB5;NDUFA1;UQCRH;CYCS;COX7C;NDUFB9;COX6A1;NDUFA8;NDUFA2;UQCRQ;STOML2;ATP5PD;COX8A;GHITM;NDUFA5;NDUFB11;COX7A1;PARK7;NDUFB7;COX5A;ATP5F1B;COX7A2;SHMT2;UQCR10;ATP5F1D;NDUFC1;NDUFAB1;SDHAF2;NDUFB4;ATP5MF;NDUFB2;NDUFS8;ATP7A;NDUFS3;NDUFS6;NDUFA3;NDUFS7;ATP5IF1;SDHA;NDUFA11;ATP5F1A	Mitochondrial energy	Oligo	C9_ALS_vs_Ctrl_Frontal	primary_frontal	21399	72	37	0.45584110844829	0.00000000035	0.00000000095			family_result				
protein_folding	0.0000000001	0.00000000035		0.438644700344292	2.26311329971337	201	PFDN2;GFER;GRPEL2;TUBA1A;LMAN1;HSPA2;PPIE;DNAJA2;TBCB;BAG5;TBCC;PFDN1;PDRG1;ERO1A;CCT6A;HSP90AB1;ERP29;CCT8;CCT2;CHCHD4;DNAJB12;RP2;MPDU1;MESD;PFDN5;FKBP4;MKKS;RUVBL2;PFDN6;DNAJC2;CCT7;PBDC1;RIC8A;PPIL1;GRPEL1;FKBP1A;CCDC47;DNAJC18;PPIA;DNAJC25;CDC37;ARL2;HSPA14;COA3;CDC123;SDF2L1;HSPBP1;VBP1;CLPX;GRN;MOGS;TCP1;PFDN4;CCT5;WDR83OS;HSPA13;DNAJA1;CANX;TELO2;AHSA1;CRYAB;NUDCD2;SDF2;QSOX2;HSPA4;TAPBP;DNAJC10;NUDC;PPIB;KHSRP;FKBP8;HSPE1;FKBP9;SELENOF;POFUT2;HSP90B1;TOR1A;COX14;DNAJC4;BAG4;PEX19;TTC1;PPIL3;ZPR1;UGGT1;PDCL2;HSPD1;CD74;CLGN;DNAJB6;HSPA8	Protein folding	Oligo	C9_ALS_vs_Ctrl_Frontal	primary_frontal	21399	72	37	0.45584110844829	0.00000000035	0.00000000095			family_result				
protein_stabilization	0.0000000256180736726216	0.0000000597755052361172	0.73376198835648	0.378404249455862	1.95990612445624	209	PFDN2;GET1;LAMP2;PAQR4;TUBA1A;ATP1B1;SYVN1;DVL1;TNIP2;PFN2;BAG5;PFDN1;DNAAF2;PRKCD;PDRG1;CCT6A;HSP90AB1;CCT8;EFNA1;CCT2;NAA30;RABL3;DVL3;PIH1D1;PFDN5;RUVBL2;PFDN6;NAPG;CCT7;SAV1;PEX6;TRIM39;PINK1;CAMLG;STUB1;MUL1;ATP1B3;GPIHBP1;URI1;STK4;LAMP1;CDC37;PHB2;USP19;USP7;SUMO1;VBP1;SMAD7;TSPAN1;GRN;TMC6;TCP1;STX12;CCT5;BAG6;PLPP3;MSX1;TELO2;CRYAB;PARK7;PFN1;PPP1CA;PPIB;TRIM37;GAPDH;COA8;TTI2	Protein stabilization	Oligo	C9_ALS_vs_Ctrl_Frontal	primary_frontal	21399	72	37	0.45584110844829	0.0000000597755052361172	0.000000136288151938347			family_result				
heat_response	0.0000337045955830788	0.0000589830422703878	0.557332238758646	0.441217104337904	1.95390031116506	77	SLU7;HSPA2;HSBP1;DNAJA2;VCP;HSP90AB1;YWHAE;EIF2B5;DNAJC2;EIF2B2;DAXX;ATXN3;STUB1;RBBP7;HMOX1;IER5;SUMO1;TRPV4;SOD1;HDAC2;EIF2B4;AKT1;HTRA2;DNAJA1;CRYAB;LYN;DHX36;MAPKAPK2	Heat response	Oligo	C9_ALS_vs_Ctrl_Frontal	primary_frontal	21399	72	37	0.45584110844829	0.0000589830422703878	0.000101879800285215			family_result				
small_GTPase	0.165775401069519	0.232085561497326	0.257206466468838	0.189692173950474	1.07212189019795	451	RAB39B;CDC42;PPP1CC;CADM4;RAC1;NRAS;DOK1;RAB33B;ARF6;GRB2;GDI2;KRAS;HRAS;RALA;KANK2;ARHGDIA;RABL3;NUCB1;RHOJ;MADD;DVL3;TGM2;RRAGC;HACD3;RAPGEFL1;PSD2;TNFAIP1;COL1A2;GDI1;ITGAV;SYNGAP1;KBTBD6;RHOA;EPS8L2;RHOG;CDK2;BRK1;NKIRAS1;FAM13B;PLD2;NKIRAS2;RAB6C;CFL1;CRKL;STMN3;RACGAP1;KCTD10;ARHGEF4;RRAD;SPRY4;SRC;RAP2C;TEK;GABARAP;ARHGAP29;SQSTM1;ABR;RAB39A;RAB4B;RGL4;MFN2;KBTBD7;RHOH;PARK7;RASIP1;CDC42EP2;MICALL2;SIPA1;PREX2;CDH13;RAB15;CDC42SE1;DHCR24;RND2;NUP62;RRAS;DOCK8;PPP1CA;PLCE1;DAG1;CXCL13;CDC42EP1;BCAR3;SYDE1;RALB;EPS8;CHN1;RALGDS;RAP2B;RASL10A;RASL12;ARFIP2;RAB4A;TAX1BP3;RTKN;ADGRG1;RAB9A;PLCD4;GMIP;RASA4;RAB21;WASF1;RDX;DOCK6;USP50;PIN1;VAV1;PRAG1	Small GTPase	Oligo	C9_ALS_vs_Ctrl_Frontal	primary_frontal	21399	72	37	0.45584110844829	0.232085561497326	0.265640100508988			family_result				
axon_development	0.692708333333333	0.808159722222222	0.116739204791222	0.17340601423645	0.95302978877226	367	VANGL2;STK11;CERS2;RAC1;PGRMC1;METRN;SEMA7A;CDK5R1;NPTN;PLP1;NEXN;LLGL1;SPP1;OLIG2;RAB8A;FEZ2;EFNA1;SCN1B;VASP;APLP2;CTTN;SEMA4C;TWF2;MAP1S;RGMA;LYPLA2;GDI1;MAP1A;MEGF8;SSNA1;TSPO;CSPG5;ATOH7;BRSK2;EPHA10;WNT7A;EFNA2;KIF5A;NLGN3;GRN;PPP3CB;LMO4;DCC;CELSR2;RAB3A;TAOK2;C12orf57;SMN2;S100A6;PLXND1;AFG3L2;APLP1;PLA2G10;ZFYVE27;CDK5R2;NOVA2;DAG1;PLXNC1;OLIG1;ACTG1;THY1;SIAH1;CHN1;CDH1;DHFR;CASP3;TRPC5;APBB1;SLC25A46;FEZ1;BDNF;YTHDF1;RAB21;TENM3;ZPR1;ANAPC2;SEMA6C;APOD;TUBB3;ACTB;PLXNB1;TENM1;SLC9A6	Axon development	Oligo	C9_ALS_vs_Ctrl_Frontal	primary_frontal	21399	72	37	0.45584110844829	0.808159722222222	0.815202231520223			family_result				
synapse_junction	0.854166666666667	0.854166666666667	0.103197466945307	0.162649846215467	0.916974831165373	433	EIF4G1;CLSTN1;VPS35;CDC42;SFRP1;RAC1;FBXO45;SIGMAR1;ARF6;CLDN11;DVL1;EPB41L3;LRFN4;FSCN1;DAPK3;LRFN3;POLDIP2;FLOT1;GJB1;UBE2M;CHD4;CTTN;SEMA4C;ZDHHC12;NCKIPSD;LIN7C;LDB1;GREM1;SKP1;CD9;RHOA;LRRC24;RHOG;TRIM47;NRXN2;RCC2;SDC4;ARL2;HIPK1;TRPV4;SPTBN2;SMAD7;CFL1;CRKL;WNT7A;HTR4;TSPAN11;ZDHHC8;RAMP2;NLGN3;AKAP5;EEF2K;SRC;TEK;NEDD8;PPM1F;TAOK2;CAPZA1;THBS2;AMIGO2;GHRL;PLXND1;MICALL2;LRRC4;PCDHB10;CDH13;S1PR2;PLEC;DAG1;LGI2;PLXNC1;ACTG1;THY1;CTNNB1;FN1;CLDN5;TLN1;CDH1;UGT8;LRRTM1;GABRG3;ACHE;PCDHB4;SHANK3;ITGA6;BDNF;CRMP1;LATS1	Synapse/junction	Oligo	C9_ALS_vs_Ctrl_Frontal	primary_frontal	21399	72	37	0.45584110844829	0.854166666666667	0.923611111111111			family_result				
protein_folding	0.0000174708804784764	0.000122296163349335	0.575610261071129	0.353230095843704	1.76135842209651	201	GRN;PEX19;CRYAB;TBCB;ARL2;HSPA2;CANX;FKBP4;GFER;MPDU1;AHSA1;PFDN4;PTGES3;CCT5;ST13;MOGS;PDRG1;TTC1;TXNDC5;CHCHD4;DNAJB6;TBCC;DNAJA1;CD74;GRPEL2;HSPA1A;GRPEL1;PPIB;CCT3;CCDC47;BAG1;PFDN6;ERP29;RIC8A;CALR;HSPA13;VBP1;HSPA5;COA3;P4HB;WDR83OS;BAG2;HSPA1L;CCT7;FKBP1C;HSPE1;HSPA1B;HSPA8;FKBP1A;TCP1;ALG12;TUBA1A;PBDC1;FKBP5;HSP90B1;CHORDC1;NPPA;DNAJB12;QSOX2;KHSRP;PPIF;SDF2L1;DNAJB7;HSP90AA1;DNAJC18;TOR1A;PPIC;HSP90AB1;NAA10;HYPK;NUDC;FKBP8;CCT4;RUVBL2;PFDN1;HSPA14;PFDN2;CCT2;HSPA9;PDCL3;HSPBP1;PDIA3;DNAJC7;LYRM7;DNAJB1;DNAJB4;TELO2;HSPB1;TBCE	Protein folding	Oligo	C9_FTD_vs_Ctrl_Frontal	primary_frontal	21399	72	37	0.45584110844829	0.000122296163349335	0.0000566738317960331			family_result				
protein_stabilization	0.0000862964894300373	0.000223795374608896	0.538434096309916	0.343993015438786	1.72783148209309	209	LAMP2;NOP53;GRN;FLNA;SMAD7;TSPAN1;LAMP1;SAV1;PEX19;CRYAB;PIM1;PFN1;PAQR4;PHB2;CFP;BAG6;PTGES3;CCT5;UXT;EFNA1;POLR2E;MT3;PEX6;PDRG1;CD74;PIM2;PYURF;PPP1CA;HSPA1A;TYROBP;EGLN3;SYVN1;PPIB;CCT3;TAF9B;WIZ;SOX4;TNIP2;USP19;ATP1B1;BAG1;WFS1;PML;PIH1D1;PFDN6;MUL1;CALR;SPAG1;IP6K2;VBP1;CREBL2;HCFC1;BAG2;CCT7;PRKCD;STX12;HSPA1B;TCP1;TMC6;PRKRA;TUBA1A;GET1	Protein stabilization	Oligo	C9_FTD_vs_Ctrl_Frontal	primary_frontal	21399	72	37	0.45584110844829	0.000223795374608896	0.000249509415091195			family_result				
mitochondrial_energy	0.0000959123034038124	0.000223795374608896	0.538434096309916	0.398091877454118	1.78545509256534	111	NUPR1;RHOA;ETFRF1;NDUFS7;SDHD;COX6B2;CYC1;ATP5ME;C2orf69;ATP5PF;SHMT2;CDK1;ATP5F1D;UQCRC1;NDUFS2;UQCR11;VCP;STOML2;ANTKMT;ATP5MG;PPIF;COX5B;NDUFB10;CHCHD2;ISCU;UQCRB;NDUFA13;NDUFA2;NDUFS8;COX7B2;UQCR10;COX7C;NDUFB2;ATP5PO;UQCC3;COX6A1;NDUFC2;NDUFB7;NDUFB9;SDHAF2;NDUFAF1;NDUFA1;MLXIPL;ATP5PD;NDUFA11;ATP5F1E;PARK7;SIRT3;UQCRQ;UQCRFS1;NDUFB3;NDUFC1;ATP7A;COX7A2;PINK1;ATP5MF;NDUFB11;CCNB1;NDUFB6;COX6B1;NDUFA12;NDUFA6	Mitochondrial energy	Oligo	C9_FTD_vs_Ctrl_Frontal	primary_frontal	21399	72	37	0.45584110844829	0.000223795374608896	0.000271411411759724			family_result				
heat_response	0.00561771963499043	0.00983100936123326	0.407017918923954	0.373671633827325	1.58749927976372	77	CRYAB;HSPA2;HTRA2;EEF1D;HSBP1;PSIP1;MAPT;DNAJB6;DNAJA1;HSPA1A;RBBP7;HDAC2;DAXX;CREBBP;IER5;AKT1;SOD1;HSPA1B;LYN;VCP;CHORDC1;CLPB;STUB1;YWHAE;HSP90AA1;MAP2K7;HSP90AB1;SLU7;ANO1;MAPKAPK2;EIF2B5;MICA;DNAJC7;DNAJB1;DNAJB4;HSPB1;PRKACA	Heat response	Oligo	C9_FTD_vs_Ctrl_Frontal	primary_frontal	21399	72	37	0.45584110844829	0.00983100936123326	0.0120509147008666			family_result				
small_GTPase	0.294573643410853	0.412403100775194	0.107972360317345	0.193037278772947	1.0488032627198	451	ARHGAP24;GIT1;PPP1CC;RAB9A;FAM13A;ARHGAP31;CDK2;RABIF;NKIRAS2;RRAGC;TNFAIP1;NUP62;SQSTM1;RHOC;GABARAP;LRP4;RALA;SIPA1;RHOA;RACGAP1;KBTBD7;RAC1;COL1A2;DOCK11;RAB35;ARHGDIA;CDC42EP1;KRAS;PPP1CA;RAP2A;KBTBD6;GDI1;CRKL;ARHGEF3;TIAM2;SPRY4;SPRY2;BRK1;CFL1;RAB33A;CRK;RIT1;ARF6;RALGDS;RDX;NOTCH1;F2R;NOTCH2;CDC42EP4;RHOH;CSNK1E;RALBP1;CADM4;ARHGAP12;RELN;KANK2;SGSM3;RAB33B;ARHGAP11B;NISCH;RAB39B;FLCN;SYDE1;ARFIP2;DVL2;SH2D3A;FXR1;CDC42EP2;ARHGAP28;SIPA1L2;RAPGEFL1;RASIP1;PDPN;RTKN;ABCA1;ARHGAP30;SPRY1;CHORDC1	Small GTPase	Oligo	C9_FTD_vs_Ctrl_Frontal	primary_frontal	21399	72	37	0.45584110844829	0.412403100775194	0.455561564809807			family_result				
axon_development	0.49438202247191	0.576779026217229	0.0762797180809272	0.184606582832213	0.988826654715216	367	PTPRM;SSNA1;GRN;OLIG1;SPP1;APOD;EFNB1;FLRT3;CERS2;MAP1S;STK11;S100A6;GPM6B;LRP4;DCC;PLP1;MEGF8;LLGL1;RAC1;APLP2;CELSR2;EFNA1;VIM;MT3;ITGA4;MAPT;SEMA3E;ATL1;PTCH1;MYOT;CTNNA2;SVBP;JUP;TENM1;GDI1;PAK2;TIAM2;EPHB3;RAB8A;PARD3;PLXNB2;STK24;NOTCH1;TSPO;NOTCH2;SMO;PLA2G10;RELN;C12orf57;BSG;OLIG2;NTN4;CNTN1;SEMA3D;EPHA10;LYPLA2;VANGL2;APLP1;TNR;SEMA4B;SLITRK1;LMO4;SLITRK5;AMIGO1;PGRMC1;EFNA3;TRPV2;SEMA3F;LGR6;ANOS1;ULK1;GLI2;FEZ1;DHFR;CSF1R;RAB10;TWF2;RAB21;PLXNA3;FIGNL2;NRP2;EFNB2;TAOK2;ZFYVE27;ATOH7	Axon development	Oligo	C9_FTD_vs_Ctrl_Frontal	primary_frontal	21399	72	37	0.45584110844829	0.576779026217229	0.644635382242785			family_result				
synapse_junction	0.834285714285714	0.834285714285714	0.0517405459873163	0.166178097231303	0.901658446589466	433	TLN1;SDK1;SFRP1;FZD1;SMAD7;APOD;LIN7C;OCLN;FLRT3;FSCN1;PCDHB4;TRIM47;GRID2;RHOC;GPM6B;ARL2;LRP4;S100A10;SDC2;RHOA;RAC1;APLNR;CD9;MAPT;JUP;RAP2A;GJA1;PAK2;MARVELD2;CRKL;EPHB3;MMP14;CRIPT;CFL1;CRK;PARD3;ARF6;PLXNB2;FBXO45;POLDIP2;NLGN2;RAB13;RNF7;ZNF703;CAV1;SNAI1;RELN;OCEL1;PTPN13;FLCN;SIGMAR1;PLXNA1;DKK1;S1PR2;GJC1;VCL;PCDH17;PPP1R9B;SLITRK1;SLITRK5;FZD5;AMIGO1;SKP1;RHOG;IL1RAP;CDH20;CLDN11;RAPGEF1;GJB1;EIF4G1;WDR1;DVL1;HIPK1;CTNNB1;SRC;FAM107A;ECT2;CARMIL3;SDC4;UGT8;PLXNA3;ITGA6;ZDHHC8;EFNB2;TAOK2;MARVELD3;CLSTN1;LRFN4;EGFLAM;LIN7B;ITGB4;CRTAC1	Synapse/junction	Oligo	C9_FTD_vs_Ctrl_Frontal	primary_frontal	21399	72	37	0.45584110844829	0.834285714285714	0.909508196721312			family_result				
mitochondrial_energy	0.0000000568621948039072	0.000000398035363627351	0.719512826338911	-0.494926326848214	-2.17824530583219	107	NDUFS5;NDUFV2;NDUFA9;NDUFB5;NDUFS6;ATP5F1C;ISCU;COX6C;NDUFA5;COX8A;NDUFA11;MLXIPL;COX7A2L;DGUOK;DNAJC30;COX6A1;NDUFB8;NDUFB7;SNCA;NDUFC2;ATP5PO;ANTKMT;CYCS;GHITM;UQCRH;UQCRC1;ATP5PB;ATP5F1A;NDUFAB1;ATP5MF;UQCR11;NDUFA3;COX7B;NDUFA2;NDUFB1;COX6B1;ETFRF1;NDUFB3;ATP5IF1;SDHB;COX4I1;NDUFS8;ATP5PF;NDUFA1;NDUFB4;COX7A2;PARK7;NDUFA10;SDHA;COX5A;UQCRFS1;ATP5F1E;NDUFB11;ATP5MG;NDUFV1;UQCC3;UQCRB;NDUFV3;NDUFS7;NDUFA12;CHCHD2;ATP5ME;NDUFC1;COX7A1;COX5B;SDHAF2	Mitochondrial energy	Vascular	C9_FTD_vs_Ctrl_Frontal	primary_frontal	14637	54	34	0.278551726441978	0.000000398035363627351	0.000000270095425318559			family_result				
axon_development	0.000134512778629411	0.000470794725202939	0.518848077743792	-0.306910009140052	-1.5646945563837	332	GAP43;PRKCQ;THY1;MAP1A;KIF5C;MAP7D2;LMO4;SLITRK1;DCLK1;JAK2;EFNB3;OLFM1;RAB3A;FLRT3;SCN1B;NEFH;NEUROD6;KIF5A;CCK;INPP5F;TUBB3;NREP;BRSK1;STXBP1;BDNF;DCHS2;ROBO2;MAP2;NELL2;RTCA;SZT2;APLP1;FEZ1;MCF2;BHLHE22;EVL;CDK5;EPHA5;CDK5R1;LRRC4C;TENM2;C9orf72;ARHGAP4;UNC5A;PAK1;SEMA6D;FGF13;CSPG5;CHRNB2;MTR;NRCAM;CHN1;PGRMC1;RTN4RL2;SLITRK4;NOTCH3;B4GALT6;LGI1;SEMA3G;CNTNAP1;SVBP;LIMK1;GRM7;EDN1;NPTX1;CTNNA2;NRXN3;ZFYVE27;NEUROD2;AFG3L2;KIAA0319;NPTN;ATL1;CYFIP2;MAP1B;KIAA1755;FZD3;SPTBN4;EPHB6;MYCBP2;SLITRK5;SEMA3A;CDK5R2;SPAST;DSCAM;CXCL12;BMPR2;KIF21A;UNC5D;RAC3	Axon development	Vascular	C9_FTD_vs_Ctrl_Frontal	primary_frontal	14637	54	34	0.278551726441978	0.000470794725202939	0.000365106113422688			family_result				
small_GTPase	0.0643454999594238	0.150139499905322	0.287805130535564	0.211148557692958	1.17634676207004	409	FGF10;ARHGEF19;RGS19;CDC42EP4;RRAGC;LRP4;ARHGAP33;ARAP1;CSNK1E;KSR1;PLD2;CDKN1A;TIAM2;GNA13;RHOQ;RHOG;SIPA1L3;SRGAP2;NTN1;RASGEF1B;RACGAP1;CCDC125;DENND4A;PLEKHG4B;RELN;RASA2;FAM13A;RALGAPA2;FLCN;RB1;RALB;MYO9A;GIT1;ARHGEF2;DENND4C;FXR1;FGF2;RGL3;DVL3;DOCK9;AGTR1;CDC42EP1;SNTA1;DOCK11;RGL2;PLXNB1;CRK;SOS2;ARHGAP1;CHORDC1;RHOB;ARF6;CRKL;DOCK1;EPS8;DAG1;SYDE1;RIT1;OBSCN;RAF1;RAPGEF2;ARHGAP21;GNA12;PSD2;ARHGAP5;DOCK5;RIPOR2;EPS8L2;RHOA;RAPGEF6;CYFIP1;ARHGEF10L;ARFGEF2;ARHGAP31;ABR;SQSTM1;RTKN;CDC42SE1;FAM13B;AUTS2;GABARAP;ARHGAP24;RALGAPB;ECT2;NOTCH1;RIN2;ARHGEF1;SOS1;ARHGAP6;RDX;ELMO1;CHM;HACE1;KRAS;CSNK1A1;ARHGEF28;RASIP1;KANK2;VAV3;ARHGAP12;KCTD10;RRAS2;RIPOR1;DENND3;LAMA1;DOCK4;RAP1A;WNK1;SWAP70;MAP4K4;RAPGEF3;ARHGAP10;RAP2A;DENND1A;RAB12	Small GTPase	Vascular	C9_FTD_vs_Ctrl_Frontal	primary_frontal	14637	54	34	0.278551726441978	0.150139499905322	0.115647993170316			family_result				
protein_folding	0.516535433070866	0.744	0.0653834195468773	-0.206543508210841	-0.981569675174157	185	TAPBP;DNAJA2;FKBP1B;ENTPD5;CD74;LYRM7;ARL2;DNAJC24;DNAJC21;GRPEL1;PPIL2;ANP32E;AIFM1;HSPA2;BAG4;CCT6A;FKBP8;PDIA2;CCDC47;BAG1;PPIL3;ATPAF2;PPIG;PPIH;HSPA9;CDC123;TTC4;DNAJB11;DNAJC4;PPIB;DNAJC3;PPIE;PEX19;CANX;UNC45A;CLPX;FKBP9;TBCE;DNAJA4;NUDCD2;PDCD5;PFDN1;SDF2	Protein folding	Vascular	C9_FTD_vs_Ctrl_Frontal	primary_frontal	14637	54	34	0.278551726441978	0.744	0.664335664335664			family_result				
heat_response	0.595993322203673	0.744	0.0613026075396207	-0.224195312588145	-0.928214543429267	77	TRPA1;ATR;DNAJA2;IRAK1;TRPM2;MAP2K7;FGF1;THBS1;HSPA2;STUB1;TRPV4	Heat response	Vascular	C9_FTD_vs_Ctrl_Frontal	primary_frontal	14637	54	34	0.278551726441978	0.744	0.740814129468117			family_result				
synapse_junction	0.709375	0.744	0.0843144320642653	0.170539790054827	0.947851910862913	401	JAM3;PCDHB9;TJP1;LRP4;SDK1;ARHGAP33;STRN;NTRK3;JUP;PLXNB2;GJA1;GNA13;PRKCA;GJB2;PLXNA3;RHOG;NUMBL;FER;SRGAP2;TESK2;NTN1;PARD3;UGT8;MDGA1;RELN;PLEC;CD9;GJA4;APOD;FLCN;PTPN13;MYO9A;PKP2;PCDH17;APLNR;VEGFA;EPB41L3;OCLN;ADGRL2;SRGAP2C;CLASP1;RCC2;CLDN11;ESAM;FGFR1;CDH20;DLG1;PATJ;DVL1;KIRREL3;PLXNB1;CRK;PIP5K1C;CDH19;ARF6;CRKL;DOCK1;CAV1;DAG1;RAPGEF2;PAK2;NECTIN3;LIMCH1;EPHA7;SPOCK2;EFNA5;ARMCX5-GPRASP2;RHOA;LRFN4;SLK;CDH1;PLXNA1;GJB6;SIGMAR1;PHLDB2;CHD4;ITGB4;ZDHHC2;ECT2;PLXND1;HTR4;PUM2;NLGN4Y;GJC1;EGFLAM;MMP14;ARHGAP6;DKK1;CLDN5;DLG5;ELMO1;SMAD7;CTNNA1;LRRTM3;SDC2;SRGAP2B;PTPRK	Synapse/junction	Vascular	C9_FTD_vs_Ctrl_Frontal	primary_frontal	14637	54	34	0.278551726441978	0.744	0.820407608695652			family_result				
protein_stabilization	0.744	0.744	0.0734381410838857	0.18034632996594	0.909731868952635	196	PDCL3;IFT46;EP300;STXBP4;MSX1;HSPA1A;MORC3;CBL;VHL;P3H1;EGLN3;TTI1;ATM;C10orf90;ZNF207;HSPA1B;DSC3;ZBED3;DVL3;PPP1R10;CRYAB;CSNK2A1;PEX6;DVL1;COG7;PDRG1;BAG3;SOX17;TRIM39;HSPB1;MFSD1;ATP1B3;PLPP3;EPHA4;MAPK8IP3;TESC;USP7;DSP;USP9X;MUL1;SMAD7;PIK3R1;HIP1R;RASSF2;CHEK2;TELO2;CREB1;SPAG1;PTGES3;PFDN2	Protein stabilization	Vascular	C9_FTD_vs_Ctrl_Frontal	primary_frontal	14637	54	34	0.278551726441978	0.744	0.85185892133783			family_result				
small_GTPase	0.0000000001	0.0000000007		-0.401118754205117	-2.19813796379008	452	ARHGEF10;ARHGAP26;KANK1;DOCK11;ARHGEF4;DOK7;FAM13A;RB1;BCAR3;RAPGEF2;AUTS2;KIF14;ARHGAP5;RHOA;GNA13;ARHGAP35;SQSTM1;RAPGEF4;STARD13;SRGAP2;DENND1A;NOTCH1;RAB30;SIPA1L3;ARHGAP17;KCTD13;MYO9B;CRK;NOTCH2;SEMA4D;FARP1;RAPGEF1;DOCK9;ARHGAP6;RASL12;RAB35;RHOC;SIPA1;CCDC125;SH3BP4;MRAS;KSR2;RAB3GAP1;RAF1;ARRB1;PICALM;SYNPO2;DOCK10;RALGPS2;ABCA1;RAB9A;HEG1;RHOQ;FXR1;NCKAP1;ARHGEF10L;SNTA1;RAP1B;DENND4B;SOS1;PKP4;CSNK1E;RRAS2;ERBB2;DOCK3;DAG1;ARHGAP21;ARHGAP1;RTKN;PPP1CB;ARAP1;ARHGAP10;F2R;RGL3;RIPOR2;GIT1;IQSEC1;ABL1;CSNK1A1;RHEB;RAB21;LRP4;LARGE1;FNTA;TNFAIP1;GNB1;TAX1BP3;OPHN1;CDKN2A;BRAP;SGSM3;ABR;CDC42EP2;RAP1A;FLCN;PLEKHG4B;ROCK1;WNK1;ARHGAP31;RHOB;CUL3;GMIP;SPATA13;ALS2;RHOBTB1;F2RL1;FBXO8;DOCK7;PLXNB1;ARL3;ARFGEF1;SYDE1;RHOG;TIAM2;AIF1;APOA1;CRKL;RIN2;ARHGEF2;ARHGEF1;GABARAP;CCNA2;FGD4;MADD;SHTN1;OGT;CHORDC1;KSR1;ARHGAP39;MAP4K4;ARHGEF40;ARHGAP12;LIMK1;SOS2;DVL2;DOCK1;SHOC2;RAB4B;RRAGC;RAB4A;CDC42EP4;APOE;TIAM1;CHML;FGD2;FAM13B;NF1;RGL2;G3BP1;SRGAP3;KRIT1;RASGRP2;WNT4;VAV3;LAMA1;ARHGAP23;TGM2;ARHGAP32;PREX1;SYDE2;PLEKHG1;DOCK6;SPRY3;CYFIP1;ITGAV;ARHGAP28;RAB39A;BCR;ROCK2;RALA;TEK;F11R;CDC42EP1;RALBP1;NTN1;GIT2;TNK2;ARHGEF18;RAPGEF6;EPS8;PLCE1;CDKL5;ARHGEF17;RIT1;RHOH;ELMO1;TRIO	Small GTPase	Astro	C9_ALS_vs_C9_FTD_Occipital_batch_bridged	regional_control	20866	72	37	0.459689963681544	0.0000000007		0.00000000215384615384615		family_result				
axon_development	0.000000102804409273097	0.000000359815432455841	0.704975715167238	-0.328874214125902	-1.75801698666464	364	PARD3;BOC;PAK2;PLXNA3;LLGL1;PALLD;FYN;AUTS2;TNR;ARHGAP35;RAB10;GPM6B;ECE1;NOTCH1;PLXNB2;LGI1;RET;CNTN1;KIF13B;NOTCH2;EFNB1;SEMA4D;NFASC;PRKCA;MT3;SLITRK5;NPR2;DNM2;DSCAML1;PICALM;NFIB;LGR6;MEGF8;ULK1;MARK2;CDH2;EPHA6;PITPNA;NTRK2;BSG;BAIAP2;SOS1;CASP3;PTPRM;DAG1;SEMA3D;CERS2;ENAH;ROBO4;CHODL;DIP2B;MYCBP2;ZDHHC17;CTNNA1;ABL1;NCAM1;VANGL2;RAB21;LRP4;RAB8A;SEMA6D;SPP1;EFNA5;OPHN1;COBL;DHFR;TAOK2;MAPT;PRKG1;MAG;PLEKHG4B;SEMA4F;EPHB3;RUFY3;SMURF1;DOCK7;PLXNB1;EPHA3;AMIGO1;TIAM2;ATL1;OLIG2;EFNA2;DISC1;SEMA6A;APP;PARD6B;SHTN1;SMO;NPTN;MAPK8IP3;C12orf57;CELSR2;GRN;ARHGEF40;LIMK1;APOD;SEMA5B;TSPO;SPTBN4;PTPRJ;PAFAH1B1;APOE;TIAM1;DCLK1;PTK2;PTPRS;ZFYVE27;SEMA6C	Axon development	Astro	C9_ALS_vs_C9_FTD_Occipital_batch_bridged	regional_control	20866	72	37	0.459689963681544	0.000000359815432455841		0.000000928555954724751		family_result				
synapse_junction	0.00000393146073024559	0.00000917340837057304	0.610526878385931	-0.297323508805249	-1.62866549191983	441	PARD3;FAM107A;PAK2;PLXNA3;CDH4;CORO1C;PIP5K1C;RAPGEF2;TBCD;LIN7A;RHOA;GNA13;ITGA2;GPM6B;SRGAP2;PLEC;PLXNB2;PCDH17;AGRN;AGT;PLXNA2;CRK;VCL;SEMA4D;ACE2;FARP1;PTPRK;RAPGEF1;PCDHB9;ARHGAP6;PRKCA;SLITRK5;RHOC;CDH20;PLXNA1;CDH24;PKN2;PCDHB16;MPP7;ERBB4;DOCK10;GJA1;MDGA1;CC2D1A;SDK1;CDH2;TSPAN11;WDR1;NAE1;RAP1B;PKP4;TLN2;DAG1;FGFR1;MYCBP2;SORBS1;FER;LIMCH1;SMAD7;NRG3;PTPN13;SDC2;GJB1;CTNNA1;PEAK1;DLG1;ABL1;CTNNB1;AMIGO2;LRP4;SPOCK2;EFNA5;IGSF11;CLASP1;IKBKB;OPHN1;CDH5;PCDHB10;CPEB3;TAOK2;ANK2;MAPT;RAP1A;FLCN;JAM3;ROCK1;DLG5;MYO1C;GPC4;LSAMP;EPHB3;PPM1F;SRGAP1;PLXNB1;EPHA3;AMIGO1;STRN;SDK2;RHOG;PATJ;CRKL;NECTIN3;FRMPD2;EGFLAM;ADGRL3;APP;PARD6B;MPDZ;SRGAP2C;OGT;SMAD3;GABRG1;MAP4K4;PRKACA;UGT8;PDLIM5;APOD;DOCK1;PTPRJ;TJP1;AFDN;AMOT;PTK2;MMP14;ARMCX5-GPRASP2;PTPRS	Synapse/junction	Astro	C9_ALS_vs_C9_FTD_Occipital_batch_bridged	regional_control	20866	72	37	0.459689963681544	0.00000917340837057304		0.0000244624223215281		family_result				
protein_stabilization	0.0000243162148522523	0.0000425533759914414	0.575610261071129	-0.346714733288269	-1.73353545211641	208	HSPB1;HSPA1B;WFS1;CLU;HSPA1A;FLNA;BAG3;CRYAB;TRIM44;WDR81;EGLN3;MT3;LAMP2;BAG2;HIP1;CBLB;PLPP3;PTGES3;GPIHBP1;CBL;USP2;PPARGC1A;HSP90AA1;BAG6;CSNK2A1;SMAD7;MSX1;SPAG1;USP13;RAB21;CALR;ATM;UBE2B;LAMP1;USP7;CDKN2A;BAG4;TBL1X;ANK2;TMC6;CBX4;MCM8;CCT4;PARVA;APOA1;USP36;GAPDH;SEL1L;CFP;POLR2E;NAA30;SMAD3;MAPK8IP3;NCLN;GRN;SEC16A;COG3;AKT2;EP300;HERC2;TTI1;RASSF2;C10orf90;PFN1;GLMP	Protein stabilization	Astro	C9_ALS_vs_C9_FTD_Occipital_batch_bridged	regional_control	20866	72	37	0.459689963681544	0.0000425533759914414		0.000117388623424666		family_result				
heat_response	0.000358950919041231	0.000502531286657723	0.49849310876659	-0.421511776874357	-1.83929714360135	78	HSPB1;HSPA1B;HSPA1A;HSPB2;BAG3;CRYAB;CREBBP;MAP2K7;DNAJB1;GCLC;EEF1D;MAPKAPK2;HSPA2;VCP;HSP90AA1;DNAJA1;ATM;TRPV1;MAPT;DNAJB6;HSPB6;CHORDC1;PRKACA;EP300;EIF2B3;HSF1;HSPA6;TCIM;YWHAE;DNAJB4;RBBP7	Heat response	Astro	C9_ALS_vs_C9_FTD_Occipital_batch_bridged	regional_control	20866	72	37	0.459689963681544	0.000502531286657723		0.00121091876303066		family_result				
protein_folding	0.00345731052994552	0.00403352895160311	0.431707695803346	-0.292157976623455	-1.45663125940303	198	COX19;HSPB1;HSPA1B;CLU;HSPA1A;HSPB2;TBCD;BAG3;CRYAB;DNAJB1;CWC27;DNAJC5;TAPBP;BAG2;P4HB;ST13;FKBP5;ATPAF2;ZMYND10;HSPA9;ATF6;HSPA2;QSOX2;PTGES3;TRAP1;HSP90AA1;CSNK2A1;HSPA8;CALR;DNAJA1;UGGT1;HSPA5;RIC8B;BAG4;QSOX1;HSPA14;HSPH1;CCT4;DNAJB6;RANBP2;APLF;WDR83OS;LMAN2L;HSPB6;CHORDC1;GRN;CANX;HSPE1;PDIA4;PDIA3;DNAJB2	Protein folding	Astro	C9_ALS_vs_C9_FTD_Occipital_batch_bridged	regional_control	20866	72	37	0.459689963681544	0.00403352895160311		0.00913251838098816		family_result				
mitochondrial_energy	1	1	0.0410713282497468	-0.105189366937481	-0.47944312230273	109	RHOA;NDUFS1;NDUFC1;VCP;NUPR1;AK4;UQCRC2;SDHA;UQCR11;COX7B2;NDUFA2;NDUFB4;C2orf69;NDUFS7;ATPSCKMT;CYCS;PARK7;NDUFA13;SLC25A51;ATP5F1E;NDUFB7;ATP5MF;UQCC3;CYC1;ATP5F1D;UQCRHL;NDUFB10;SDHB;PPIF;ABCD1;SDHC;ANTKMT;COX6A1;ATP5F1C;SHMT2;UQCC2;NDUFS6;SIRT3;UQCRQ;UQCRC1;NDUFA11;NDUFV3;COX6B1;ETFRF1;NDUFS8	Mitochondrial energy	Astro	C9_ALS_vs_C9_FTD_Occipital_batch_bridged	regional_control	20866	72	37	0.459689963681544	1		1		family_result				
mitochondrial_energy	0.00000000162764781954683	0.0000000113935347368278	0.788186810800237	0.492198978122818	2.3414598565469	109	NDUFS3;NDUFS5;ATP5MG;COX7A2L;ATP5ME;UQCRB;TEFM;SNCA;NDUFA12;NDUFS6;ATP5PD;NDUFB8;UQCRH;COX4I1;NDUFAF1;ATP5PF;NDUFA8;COX7A1;NDUFS2;NDUFS8;NDUFA7;ATP5IF1;COX5A;SDHD;ANTKMT;NDUFB3;NDUFB1;NDUFA6;PARK7;NDUFB2;NDUFA3;STOML2;PINK1;NDUFA1;COX6C;COX5B;ISCU;NDUFA11;NDUFAB1;NDUFV1;UQCRC1;NDUFA13;UQCC2;ATP5PO;DNAJC30;NDUFB7;COX6B1;UQCRQ;NDUFC2;SHMT2;UQCR10;CHCHD2;ATP5MF;GHITM;NDUFB9;NDUFB11;UQCRFS1	Mitochondrial energy	Astro	C9_ALS_vs_Ctrl_Occipital	regional_control	20866	72	37	0.459689963681544	0.0000000113935347368278		0.0000000227870694736556		family_result				
small_GTPase	0.000000223256656035295	0.000000781398296123534	0.690132458796796	-0.320297462694017	-1.7340521607676	452	NCKAP1;RAP1B;RAB30;ITGAV;NOTCH2;RAPGEF2;ARHGAP5;DOCK4;AUTS2;EPS8;OPHN1;RAB21;MAP4K4;FBXO8;FERMT2;RASA2;PSD3;ARHGAP17;ARHGAP26;BRAP;ARHGEF2;RAB18;ARHGEF12;DOCK11;ARHGAP12;ARFGEF1;ARHGAP21;RAB4A;ROCK1;SHOC2;ARHGEF10;KANK1;PICALM;ARHGAP32;RIN2;RAB3GAP1;SH3BP4;AKAP13;PPP1CB;ABCA1;DENND1A;RHEB;RAPGEF6;FNTA;NF1;STARD13;MAPKAP1;DENND4C;CGNL1;KRIT1;CSNK1A1;RALGAPA1;ERBB2;MYO9A;SOS1;RAP1A;ARHGAP31;ALS2;ARHGAP35;HACE1;RIT1;MAPKAPK5;FARP1;APOE;SQSTM1;RALGPS2;ARFGEF2;RALA;RHOB;FAM13A;TRIO;LRP4;ARFGEF3;GNA13;PREX2;LRRK2;RRAS2;RB1;ARHGAP19;DAG1;DOCK1;GNA12;ARHGAP29;FXR1;RHOA;ARHGEF7;DENND4A;DOK7;ABL1;TAX1BP3;CHM;PLEKHG1;FGD4;MYO6;DOCK3;SOS2;CUL3;RGL1;DOCK7;WNK1;RRAGC;ROBO1	Small GTPase	Astro	C9_ALS_vs_Ctrl_Occipital	regional_control	20866	72	37	0.459689963681544	0.000000781398296123534		0.00000189429889969341		family_result				
synapse_junction	0.0016973475190854	0.0039604775445326	0.45505986738723	-0.259976967278742	-1.40440636277817	441	RAP1B;AFDN;PARD3;PRKCA;PAK2;AGT;PKN2;CDH2;ADGRL3;RAPGEF2;DOCK4;ERBB4;OPHN1;MAP4K4;MPP7;CTNNA1;LIMCH1;LSAMP;PDLIM5;FERMT2;CLASP1;CTNNB1;PTPRK;ZDHHC2;SDC2;PCDH17;VCL;PTK2;CORO1C;PEAK1;EFNA5;TJP1;ROCK1;FER;GJA1;SMAD3;ARHGAP32;PTPN13;NRG3;APC;CDH20;ANK2;PATJ;PCDHB5;FAM107A;LIN7A;DLG1;NAE1;GABRG1;GPM6A;MYO9A;RAP1A;MYCBP2;CLASP2;GPHN;STRN;CDH11;FARP1;PCDHB3;GPM6B;SLK;ANKRD28;LRP4;PUM2;GNA13;SETD5;NRCAM;PTPRJ;SDK1;DAG1;WDR1;ADNP;DOCK1;PCDHB13;NLGN4X;RHOA;ARHGEF7;CDH4;TBCD;ABL1;ACTN2;ARMCX5-GPRASP2;IGSF11;ACE2;DST;NLGN1;ABI3;PDCD6IP;SORBS1;NRXN1;HIPK1;PLXNB2;SRGAP1;AMIGO1;ITGA2;NPHP1;ITGA6;SRGAP2;VSIG10;LATS1;EGFLAM;VMP1;RYK;TSC1;OGT;AMOT;PCDHB6;SEMA4D;SRGAP2C;NCKIPSD;SDC4;CAPZA1;RHOC;DSCAM;PCDHB10;PTPN1;GJB6;BCR;PKP4;STAU2;CUL5;MACF1;SLITRK2;CPEB3	Synapse/junction	Astro	C9_ALS_vs_Ctrl_Occipital	regional_control	20866	72	37	0.459689963681544	0.0039604775445326		0.00484584408130399		family_result				
axon_development	0.00411188721536018	0.00719580262688031	0.407017918923954	-0.255692695632346	-1.35434253799959	364	PARD3;PRKCA;PAK2;FYN;NOTCH2;CDH2;NEO1;AUTS2;OPHN1;RAB21;CTNNA1;RUFY3;SIN3A;BOC;USP33;SEMA3E;C9orf72;PTK2;ULK2;EPHA6;ZDHHC17;PALLD;EFNA5;STK24;USP9X;PICALM;ENAH;PTPRM;LGR6;RAB10;KIF13B;CAMSAP2;SOS1;NTRK2;MYCBP2;CLASP2;BSG;ARHGAP35;GSK3B;SEMA4F;APOE;SEMA4B;GPM6B;COBL;KLF7;HMCN2;TRIO;LRP4;SPAST;PAFAH1B1;LGI1;PUM2;NRCAM;PTPRJ;CDKL3;SEMA6D;CNTN1;DIP2B;DAG1;ADNP;FGFR2;NFIB;ABL1;GLI2;DOCK7;UNC5C;ROBO1;ADAM17;CTNNA2;OLIG2;B4GALT5;NRXN1;JAK2;TNR;NCAM1;PLXNB2;LRRC4C;GOLGA4;AMIGO1;PLEKHG4;TENM1;SCN11A;SMURF1;TSPO;MTR;DPYSL5;CERS2;RYK;MAP3K13;TUBB2B;SEMA4D;KIF5B;SEMA3B;BMPR2;DSCAM;ALCAM;RTCA;NFASC;DISC1;CDKL5;SMN1;MACF1;SLITRK2;PITPNA;ROBO4;ARHGAP4;NTN1;TIAM2;KIAA0319;PTCH1;FEZ2	Axon development	Astro	C9_ALS_vs_Ctrl_Occipital	regional_control	20866	72	37	0.459689963681544	0.00719580262688031		0.0102418988406109		family_result				
protein_stabilization	0.0395235433554023	0.0553329606975632	0.321775918075361	-0.260886435805047	-1.29692723457816	208	CLU;CBLB;EGLN3;RAB21;TBL1X;UBE2B;USP33;BAG3;COG3;SMAD3;USP9X;C10orf90;CTNND1;PRKN;GNAQ;ANK2;LAMP1;STK3;WFS1;EP300;NAA30;DBR1;HSPB1;LAMP2;CALR;CREB1;MCM8;SEL1L;PARVA;PLPP3;HSPA1A;ATP1B2;PDCD10;HERC2;CCNH;CREBL2;MORC3;HSPA1B;ATM;CBL;TSC1;BAG4;FLOT2;PPARGC1A;FBXW7;CSNK2A1;CDK7;NAA16;USP13;MDM4;CBX4;STX12;TRIM44;UFL1;SAV1;TAF1;BAG2;FLNA;SPAG1;HCFC1;MTMR9;SAXO1;CEP63;PTGES3;GTPBP4;HPS4;HIP1;MT3;SEC16A;SMAD7;PER3;VHL;HSP90AA1;WDR81;CDKN2A	Protein stabilization	Astro	C9_ALS_vs_Ctrl_Occipital	regional_control	20866	72	37	0.459689963681544	0.0553329606975632		0.0773887562203682		family_result				
protein_folding	0.567164179104478	0.661691542288557	0.0840745577910723	0.187687622936769	0.969844417615285	198	PFDN5;SNRNP70;PFDN2;DNAJC2;CLGN;PFDN6;PPIA;PDCL3;TBCB;PBDC1;MOGS;PDIA2;TTC4;TBCC;ARL2;FKBP8;PPIL1;CCT6A;SACS;METTL21A;NAA10;VBP1;CCT8;UNC45A;DNAJC10;PDCD5;ZPR1;TBCE;CDC37;MKKS;NUDCD2;FKBP1B;LTBP4;DNAJB2;GRPEL1;CHCHD4;AHSA1;COA3;ERP29;DNAJB7	Protein folding	Astro	C9_ALS_vs_Ctrl_Occipital	regional_control	20866	72	37	0.459689963681544	0.661691542288557		0.728467752978228		family_result				
heat_response	0.895495495495496	0.895495495495496	0.0459538081039063	-0.182470188459854	-0.777294592157293	78	BAG3;HMOX1;EP300;HSPB2;GSK3B;HSPB1;GCLC;MAPKAPK2;HSPA1A;SIRT1;PDCD6;HSPA1B;ATM;SCN11A;DHX36;HSF1;CREBBP;DNAJB1	Heat response	Astro	C9_ALS_vs_Ctrl_Occipital	regional_control	20866	72	37	0.459689963681544	0.895495495495496		0.973576727515212		family_result				
mitochondrial_energy	0.000000000625974468840758	0.00000000438182128188531	0.801215574617779	0.521959022091126	2.35849151116956	109	NDUFC1;ATP5MG;ATP5ME;NDUFS6;PARK7;VCP;NUPR1;ANTKMT;NDUFA13;NDUFS8;ATP5PD;NDUFB7;NDUFS7;NDUFA2;SNCA;ATP5PF;ATP5MF;UQCRH;COX7A1;UQCR11;ATP5F1E;UQCC2;CYCS;NDUFB2;NDUFA11;UQCRC1;NDUFA12;UQCRQ;RHOA;ATP5F1D;NDUFA1;NDUFA3;SHMT2;COX6B1;NDUFB4;NDUFB1;COX4I1;NDUFS2;NDUFB10;NDUFC2;CYC1;UQCR10;COX6A1;UQCRHL;NDUFA7;COX7B2;COX7C;NDUFA6;PPIF;ETFRF1;NDUFB9;SDHA;NDUFS5;SIRT3;COX6C;NDUFS1;ABCD1;COX5A;NDUFV3;COX7A2;ISCU;NDUFAB1;UQCC3;STOML2;SLC25A51;COX7B;COX8A;NDUFB11;C2orf69;COX5B;NDUFV1;ATP5PB;NDUFA8;ATP5PO;CHCHD2;NDUFB3;ATPSCKMT	Mitochondrial energy	Astro	C9_FTD_vs_Ctrl_Occipital	regional_control	20866	72	37	0.459689963681544	0.00000000438182128188531		0.00000000922488690923223		family_result				
small_GTPase	0.0000000185573659032371	0.0000000649507806613298	0.73376198835648	0.326814642630113	1.75799766364232	452	SIPA1;NOTCH1;RGL3;MYO9B;RASL12;EPHB2;DENND4B;FLCN;KCTD13;ARHGEF4;ARHGEF10;RAPGEF4;ARHGEF1;ARAP1;CRK;ARHGEF10L;RTKN;GIT1;RGL2;RAB9A;ARHGEF40;ABR;SYNPO2;KNDC1;CYFIP1;MADD;RAB4B;PARK7;WNT4;SIPA1L3;ADCYAP1R1;SGSM3;KSR2;ARHGAP9;TNK2;ARHGAP10;ARHGAP1;RAPGEF1;RAB35;AIF1;RHOBTB1;RAB39A;RND2;LAT;ARHGAP6;HEG1;BCAR3;DOK7;MCF2;LZTR1;KIF14;PSD2;TSC2;DOCK10;ARRB1;MCF2L;RB1;GABARAP;SNTA1;DOCK9;ARL3;FAM13A;SYNGAP1;SRGAP2;RASA4;PLXNB1;RAB15;DVL2;ERAS;TNFAIP1;NISCH;CHORDC1;RHOQ;CFL1;TGM2;SHTN1;SEMA4D;CCNA2;COL1A2;RAB33A;CCDC125;RHOC;RHOA;KANK1;RHOG;APOA1;ARHGAP39;DOK3;RAPGEF3;RAF1;RASAL1;ARHGEF17;PPP2CB;LIMK1;ARHGAP28;RIPOR2;ARHGAP23;HRAS;SYDE1;CDC42SE2;ELMO1;LAMA1;RASA4B;GDI1;GNA13;RASGEF1A;CYTH2;ARHGEF25;KANK2;WASF1;ARHGAP26;RAC3;F2R;MRAS;DOCK11;WNT5A;SQSTM1;NGEF;RAB9B;PKP4;MICALL2;ARHGEF18;NUP62;ARHGAP33;ARHGAP35;ARHGDIG;CDKN2A;LARGE1;RAC1;PLEKHG3;EPS8L2;GNB1;RACGAP1;CHML;FGD2;DBNL;GIT2;ARHGAP18;IGF1;RSU1;KBTBD6	Small GTPase	Astro	C9_FTD_vs_Ctrl_Occipital	regional_control	20866	72	37	0.459689963681544	0.0000000649507806613298		0.000000207842498116255		family_result				
protein_folding	0.0000710632791209632	0.000165814317948914	0.538434096309916	0.346439589021148	1.71405928700719	198	ZMYND10;COX19;CRYAB;DNAJB2;PFDN6;NAA10;LTBP4;DNAJC5;DNAJB6;ATPAF2;DNAJA1;AHSA1;HSPA1B;SACS;QSOX2;NUDC;SNRNP70;FKBP4;HSPBP1;HSPA1A;TBCB;CLGN;COA3;HSPH1;P4HB;DNAJB1;ENGASE;TBCD;CCT4;RUVBL2;HSP90B1;HSPB1;HSPA2;TAPBP;CHORDC1;ARL2;HSPE1;TTC1;FKBP8;BAG2;CHCHD4;PDCL3;HSPA4;HYPK;KHSRP;HSPB2;HSP90AA1;PFDN5;PTGES3;HSP90AB1;PDIA4;WDR83OS;CCT5;PDIA2;ST13;TELO2;PBDC1;COX14;GRN;HSPA9;PDIA5;DNAJC7;CCT2;PPIE;VBP1;HSPA8;HSPA5;PPIA;PPIF;CCT8;CDC123;CCT3;DNAJC4;CSNK2A1;PFDN2;ZPR1;TRAP1;DNAJC18;PDRG1;PPIL1;P3H1;HSPA14;HSPA6;MPDU1;GAK;NPPC;CCT7;TCP1	Protein folding	Astro	C9_FTD_vs_Ctrl_Occipital	regional_control	20866	72	37	0.459689963681544	0.000165814317948914		0.000292613502262789		family_result				
axon_development	0.000187821020651289	0.000328686786139756	0.518848077743792	0.291451105128518	1.53120852160221	364	LLGL1;NOTCH1;APP;WNT7A;PLXNA3;APOD;EPHB2;SEMA6C;SPP1;BAIAP2;EPHB3;SLITRK5;MEGF8;DNM2;RET;ECE1;PLP1;DCLK1;CASP3;ARHGEF40;VASP;MAPT;RGMA;ULK1;CYFIP1;EPHA3;RNF6;SEMA5B;SEMA3D;TAOK2;EFNB1;MAG;APLP1;MAPK8IP3;TENM3;DSCAML1;PLXND1;DHFR;CHODL;NPR2;MAP6;STK11;C12orf57;MCF2;DRD2;VEGFA;SMO;MT3;PTPRS;PRKG1;KIF5C;BOC;MARK2;PLXNC1;LYPLA2;BRSK2;SVBP;TNR;PLXNB1;STXBP1;PLXNB2;SPTBN4;KIFC2;SEMA3C;NFASC;NECTIN1;CELSR2;APBB1;SHTN1;SEMA4D;MAP1S;CNTN2;SEMA6A;RAB8A;S100A6;LIMK1;FEZ1;GDI1;NRP2;EPHB6;ARHGEF25;RAC3;MAP1B;PITPNA;WNT5A;CRTAC1;CTTN;GRN;GPM6B;CCK;METRN;BRSK1;LGI1;ZFYVE27;ROBO4;ARHGAP35;NOTCH3;VANGL2;NEUROD1;RAC1;CNTN1;EPHB1;EFNA4;ANAPC2;ADCY10;NEUROD6;ATL1;SKIL;TIAM1;PLEKHG4B;MAP2;ZPR1;WNT7B;S100B;CERS2;CELSR3;EFNA2;NOVA2;ACTB;NEXN;SZT2;PARD6B;SEMA6B;TRPV2;SSNA1;IGSF9;RELN;RAB10;PLXNA4;PALLD	Axon development	Astro	C9_FTD_vs_Ctrl_Occipital	regional_control	20866	72	37	0.459689963681544	0.000328686786139756		0.000674229304902065		family_result				
heat_response	0.000274109753594342	0.000383753655032079	0.49849310876659	0.43092073524751	1.85446273516765	78	EEF1D;MAP2K7;CRYAB;MAPT;TRPV1;DNAJB6;VCP;EIF2B5;DNAJA1;HSPA1B;YWHAE;HSPA1A;CREBBP;DNAJB1;HDAC6;HSPB1;HSPA2;SOD1;CHORDC1;PRKACA;HSBP1;HSPB2;HSP90AA1;HSP90AB1;MTOR;TRPV4;HDAC2;RBBP7;AKT1;DNAJC7;IGF1;EIF2B3;TCIM;SLU7;STUB1;GCLC;HSBP1L1;CXCL10;HSPA6;SUMO1;MAPKAPK2;HIKESHI;MICA;ATXN3	Heat response	Astro	C9_FTD_vs_Ctrl_Occipital	regional_control	20866	72	37	0.459689963681544	0.000383753655032079		0.000935984524468486		family_result				
synapse_junction	0.00359396236124651	0.00379985101141571	0.431707695803346	0.253201196070246	1.35787659278188	441	APP;PCDHB9;WNT7A;PLXNA3;APOD;AGRN;PLXNA1;CC2D1A;PIP5K1C;EPHB2;FLCN;PPM1F;MDGA1;EPHB3;SLITRK5;CRK;CASKIN1;DVL1;CDH24;MAPT;ACHE;SPOCK2;EPHA3;PLXNA2;TAOK2;WNT4;PLEC;RCC2;NRXN2;LRRC4;TSPAN11;TLN2;RAPGEF1;PLXND1;FAM107A;DUSP3;PPP1R9B;ZDHHC8;ARHGAP6;DRD2;VEGFA;PCDHB16;DOCK10;ASIC1;LRRC4B;SDK2;PTPRS;CDH4;SNCA;GJB1;ITGA2;SRGAP2;LIN7B;PLXNC1;UGT8;NLGN2;PLXNB1;TBCD;RAB29;PLXNB2;CARMIL3;CFL1;MMP14;NECTIN1;COL16A1;ARL2;SEMA4D;PRKACA;SFRP1;APLNR;RHOC;CLDN5;RHOA;RHOG;CLDN11;IKBKB;ELMO1;GRIA1;TLN1;GNA13;CHD4;CORO2B;FGFR1;RAB40C;FRMPD2;TRPV4;RAC3;SMAD7;CDH5;LRFN3;MAP1B;MYO1C;SYNDIG1;AMIGO2;WNT5A;LIN7A;CRTAC1;ACE2;CTTN;GPM6B;PKP4;MICALL2;EIF4G1;NEDD8;SKP1;ARHGAP33;CCDC141;RAC1;S100A10;LGI2;EPHB1;DBNL;DRD1;CAV1;NPHS1	Synapse/junction	Astro	C9_FTD_vs_Ctrl_Occipital	regional_control	20866	72	37	0.459689963681544	0.00379985101141571		0.0092508212005146		family_result				
protein_stabilization	0.00379985101141571	0.00379985101141571	0.431707695803346	0.293929887473099	1.45817548942405	208	USP2;TMC6;CRYAB;PFDN6;GPIHBP1;DVL1;PARK7;PFN2;MAPK8IP3;POLR2E;HSPA1B;WDR81;CFP;PEX6;FLNA;PRKCD;HSPA1A;MT3;RASSF2;TTI1;TRIM44;SYVN1;TTI2;NAPG;HIP1;ATP1B3;CCT4;RUVBL2;HSPB1;MSX1;NOP53;BAG6;PIK3R1;AKT2;USP19;GAPDH;BAG2;WFS1;TMEM88;PDCL3;APOA1;HYPK;USP7;HSP90AA1;PFDN5;PTGES3;HSP90AB1;USP36;NCLN;MTOR;CCT5;AAK1;SMAD7;TELO2;GRN;CDKN2A;TNIP2;CCT2;IGF1;VBP1;PYURF;SPAG1;CCT8;COA8;CCT3;PIH1D1;UXT;CSNK2A1;PFDN2;STUB1;PPARGC1A;CHEK2;USP13;DVL3;RASSF1;PDRG1;PFN1;CBL;PIM2;P3H1;PAK4;RUVBL1;PIN1;SUMO1;TYROBP;CCT7;TESC;TCP1;CBX4;IFT46;CCT6A;HIP1R;TBRG1;LAMP2	Protein stabilization	Astro	C9_FTD_vs_Ctrl_Occipital	regional_control	20866	72	37	0.459689963681544	0.00379985101141571		0.00967234802905817		family_result				
synapse_junction	0.0000129966947032352	0.0000909768629226464	0.593325476396405	-0.312355710194643	-1.56248577434059	480	FGFR1;LAMC1;CDH7;ACE2;GJC1;AFDN;PAK2;RAPGEF2;GPM6B;PLXNA2;CLASP1;CORO1C;PLXNA3;LRP4;PKN2;EFNA5;DOCK4;ARMCX5-GPRASP2;CLSTN2;PECAM1;FER;SLITRK5;CLDN9;EFNB2;EPHA7;TJP1;OPCML;RAP1B;SLITRK6;CDH26;CLDN19;NAE1;DLC1;PTPN13;WNT7A;GABRG1;APOD;ERBB4;PCLO;DRD1;SRGAP1;NRG3;ROCK1;GPBAR1;PTK2;JAM3;OGT;DLG1;PEAK1;GNA13;ADGRL3;CDHR3;CDH8;CDH10;RAP1A;DST;CLDN1;THSD1;LRRTM3;CDH6;IL1RAP;SRGAP2;RAB13;THBS2;DSCAM;EPHA3;GABRA3;NEGR1;CDH2;PCDHB6;CLDN6;NRP1;LIM2;OPHN1;PCDHB14;VCL;PDLIM5;GRIA1;ECT2;SLITRK3;SDK2;STAU2;S100A10;CAV1;CPEB3;LSAMP;ANK2;KDR;PDCD6IP;UGT8;SNAI1;PUM2;SORBS1;CORO2B;MAP4K4;FARP1;PCDHB16;PCDHB13;SEMA4D;IKBKB;PCDH17;ADNP;ARHGEF7;APC;DNM3;CLASP2;MPDZ;DNER;ZDHHC2;DOCK10;ROBO2;RAPGEF1;MACF1;NRXN1;ASIC2;PIP5K1C;SRGAP2C;CDH4;MDGA1;PTPRA;MARK1;ABL1;ACTN2;HIPK1;AMIGO3;HTR4;RAB29;SH3BP1;GABRG2;PLXNB2;TRPV4;SLIT1;LRRC15;ESAM;APP;IL1RAPL2;CDH12;SETD5;LIN7C;MYO9A;NPTX1;SNAI2;TLN2;PRICKLE1;NLGN1;ACTN1;EEF2K;DOCK1;LIMCH1;MYCBP2;SDK1;PLXNA4;GJB1;GABRB3;EPHA2;OXT;GABRA2	Synapse/junction	Exc	C9_ALS_vs_C9_FTD_Occipital_batch_bridged	regional_control	28949	71	37	0.453440254563402	0.0000909768629226464		0.0000699822022481896		family_result				
small_GTPase	0.00023983689278809	0.000839429124758314	0.518848077743792	-0.295647386572792	-1.48021286923567	478	RB1;ABCA1;ARRB1;CHN2;KRIT1;PLEKHG4B;CCNA2;DOCK11;SIPA1L2;STARD13;PICALM;AKAP13;ERAS;RAPGEF4;RALGPS2;RAPGEF2;EPS8L1;ARFGEF1;F2RL1;DOK3;RAF1;LRP4;NGFR;ARHGEF10;AUTS2;RAB9A;DOCK4;F2R;SOS2;FGF10;ARHGAP12;CDC42EP4;KSR1;RASA2;TRIO;WNK1;GMIP;RAP1B;ITSN1;ARHGAP5;DOCK7;DLC1;ITGAV;ALS2;SOS1;GPR55;ROCK1;RRAS2;KSR2;OGT;HACE1;RRAD;RALGAPA1;SHOC2;ABL2;FAM13A;NF1;GNA13;SYDE2;SWAP70;FXR1;RAP1A;VAV2;ARHGEF12;NCKAP1;TNS3;SRGAP2;TIAM2;DENND4C;RAP1GAP2;RALGAPA2;G3BP1;RALA;NRP1;OPHN1;SPRY3;ARHGAP20;CHORDC1;ARHGAP26;ECT2;RAB21;LARGE1;ARHGAP29;RAB39A;RAPGEF5;CCDC125;ARHGEF3;DENND4A;MAP4K4;FARP1;DOCK3;SEMA4D;IQSEC1;ARHGEF7;RASL12;SH2D3A;COL1A2;RALBP1;CDC42EP5;RAPGEF6;CSNK1A1;RAB30;DOCK10;ARFGEF2;RAPGEF1;ARHGAP21;C15orf62;CDK2;SYNPO2;FNTA;ABL1;SIPA1L3;RASAL3;RAB18;ADRA2A;ARHGAP44;DENND1A;KALRN;ARHGEF28;DOCK9;DENND4B;RACGAP1;SIPA1;CDKL5;SPRY2;SH3BP1;CCR7;CDKN1A;RHOJ;KANK1;PPP1CC;MCF2;CUL3;RALGAPB	Small GTPase	Exc	C9_ALS_vs_C9_FTD_Occipital_batch_bridged	regional_control	28949	71	37	0.453440254563402	0.000839429124758314		0.000829065802230434		family_result				
axon_development	0.00046672981164489	0.00108903622717141	0.49849310876659	-0.296753022135645	-1.45920427884817	388	NTN4;LGI1;PLEKHG4B;PICALM;PAK2;LHX9;GPM6B;KIF13B;EMB;PLXNA3;ADCY10;LRP4;SEMA3D;EFNA5;AUTS2;CNTF;LGR6;NPR2;SKIL;VASP;POTEI;TRIO;SLITRK5;EFNB2;EPHA7;NEO1;RUFY3;SLITRK6;MGARP;DOCK7;USP9X;WNT7A;VASH2;APOD;SOS1;SEMA3E;BCL11A;PTK2;NRDC;NEUROD2;STK24;DHFR;COBL;NMNAT2;ZDHHC17;CTNNA2;MAP2;NEUROG3;TIAM2;RET;DSCAM;EPHA3;CDH2;NRP1;DCHS2;OPHN1;MAP6;RAB21;SLITRK3;NELL2;DSCAML1;POTEJ;PUM2;TNFRSF21;KIF21A;SEMA4D;GSK3B;ADNP;TRPV2;NEUROG2;CLASP2;CNTN1;NFASC;ROBO2;DIP2B;TRAK2;MACF1;NRXN1;ECE1;NTRK2;CAMSAP2;ABL1;SPAST;KALRN;RAB10;PTK7;USP33;CDKL5;BAIAP2;TENM1;NCAM1;PLXNB2;SLIT1;MCF2;UNC5C;ENAH;EPHA4;APP;DCC;EPHA5;PRKCQ;SPTBN4;SPP1;SMURF1;NPTX1;PRICKLE1;SEMA3A;BOC;TENM3;EFNA4;ULK1;MYCBP2;PLXNA4;FZD3;VANGL2;SLC25A46;CSF1R;RNF6;ATL1;KIF5C;NFIB;SIPA1L1;PTEN;SIAH1;TRPC5;S100B;RTN4RL1;TENM4;NOTCH2;APLP2;SVBP	Axon development	Exc	C9_ALS_vs_C9_FTD_Occipital_batch_bridged	regional_control	28949	71	37	0.453440254563402	0.00108903622717141		0.00151958543326243		family_result				
heat_response	0.238165680473373	0.416789940828402	0.104343952581949	-0.285497075737067	-1.14385690593856	82	ATM;EP300;HSPA1A;CREBBP;HDAC2;CRYAB;CHORDC1;GSK3B;DNAJB1;ATXN3;HSPB2;RBBP7;HSPA1B;CLPB;SIRT1;TRPV4;DAXX;IL1A;MICA;TRPM2;DNAJA1;EIF2B3;PSIP1;HSPA6;HMOX1;HIKESHI;MAP2K7;DNAJB4;DNAJC2;IGF1;TPR;HSPB1	Heat response	Exc	C9_ALS_vs_C9_FTD_Occipital_batch_bridged	regional_control	28949	71	37	0.453440254563402	0.416789940828402		0.362426035502959		family_result				
mitochondrial_energy	0.385906040268456	0.540268456375839	0.126875729929857	0.210560219028521	1.02278878295427	115	DNAJC30;SLC25A33;DGUOK;CDK1;COX7A2L;SDHAF2;COX6B2;NUPR1;NDUFA7;ATP7A;ANTKMT;UQCRC1;NDUFB1;SDHC;NDUFS7;STOML2;NDUFV1;ABCD1;NDUFS6;NDUFS8;NDUFB9;NDUFS3;NDUFA11;UQCC2;COX7B2;NDUFC2;RHOA;PINK1;NDUFS2;CHCHD2;SDHD;NDUFB7;NDUFA13;COX7B;ATP5ME;ATP5PD;VCP;NDUFAB1	Mitochondrial energy	Exc	C9_ALS_vs_C9_FTD_Occipital_batch_bridged	regional_control	28949	71	37	0.453440254563402	0.540268456375839		0.5375805536078		family_result				
protein_stabilization	0.876106194690266	0.877828054298643	0.0304180507344859	-0.177130301803668	-0.820955392543284	217	STX12;AAK1;TSPAN1;CREB1;ATM;PARVA;ZSWIM7;EP300;STK4;USP9X;MCM8;EHMT1;TESC;CHEK2;NAA16;HSPA1A;SAV1;ZNF207;CBL;CCT3;IP6K2;HPS4;CRYAB;COG3;RAB21;RUVBL1;ANK2;CEP63;WDR81;BAG2;MORC3;DNAAF2;RPAP3;HIP1R;HERC2;HSPA1B;ATP1B3;PRKRA;GPIHBP1;USP33;C10orf90;TCP1;CCNH;CBLB;NOP53;EPHA4	Protein stabilization	Exc	C9_ALS_vs_C9_FTD_Occipital_batch_bridged	regional_control	28949	71	37	0.453440254563402	0.877828054298643		0.972632210937109		family_result				
protein_folding	0.877828054298643	0.877828054298643	0.0931454575337804	0.161468984198135	0.852992742186074	209	ENTPD5;ANP32E;POFUT2;CRTAP;PPIL3;CDC123;TOR1A;DNAJC4;ENGASE;NAA10;PPIL2;UNC45A;RIC3;PPIH;DNAJB12;CDC37;AGR2;PTGES3L;FKBP9;SDHAF4;ERP29;PEX19;CCT6B;DNAJB11;TUBA1A;RUVBL2;TELO2;DNAJA3;RIC8A;PDIA3;MOGS;MESD;DNAJC24;P4HB;ERO1A;LTBP4;DNLZ;SDF2L1;NUDCD3;PPIB;TBCB;TXNDC5;PFDN6;PDRG1;NKTR;PFDN5;NPPC;SIL1;DNAJC10;TTC4;BAG5;ARL2;FKBP1B;PDIA4;CLPX;PDILT;NPPA;HSPBP1;DNAJC18;TBCC;HSPB6;DNAJB7;PFDN1;WDR83OS;HSP90AB1;LMAN1;GAK	Protein folding	Exc	C9_ALS_vs_C9_FTD_Occipital_batch_bridged	regional_control	28949	71	37	0.453440254563402	0.877828054298643		0.972632210937109		family_result				
mitochondrial_energy	0.0000000001	0.0000000007		0.525275769962322	2.73311426885466	115	DNAJC30;COX7A2L;ATP5ME;NDUFB1;NDUFS7;UQCC2;ANTKMT;NDUFS8;UQCC3;SDHAF2;NDUFA7;NDUFA13;DGUOK;NDUFS2;ATP5PD;ATP5PF;COX6B2;CDK1;NDUFA12;NDUFA11;NDUFAB1;NDUFC2;COX4I1;NDUFV1;NDUFS3;NDUFB3;NDUFS6;NDUFB9;CHCHD2;NDUFB10;NDUFA6;SHMT2;COX5A;NDUFB7;PARK7;STOML2;UQCRQ;UQCRFS1;UQCR11;NDUFB8;NDUFA3;COX7B;ATP5IF1;NDUFB2;SDHD;SLC25A33;NDUFS5;ATP5MG;ISCU;UQCR10;UQCRB;NDUFA1;COX7C;NDUFB4;UQCRC1;ATP5MF;CYCS;COX7A2;NDUFA8;NDUFA2;UQCRH;NDUFC1;COX7B2;PINK1;CYC1;COX6B1;NDUFB5;COX7A1;ABCD1;ATP5F1E;COX8A	Mitochondrial energy	Exc	C9_ALS_vs_Ctrl_Occipital	regional_control	28949	71	37	0.453440254563402	0.0000000007		0.00000000215384615384615		family_result				
protein_folding	0.00177646505477908	0.00621762769172679	0.45505986738723	0.258607910254065	1.48203852187892	209	DNAJB11;NAA10;POFUT2;ERP29;SDF2L1;SDHAF4;PFDN5;ENGASE;TOR1A;PPIL3;PDRG1;RIC3;DNAJB12;PFDN6;DNAJB5;PFDN2;LTBP4;FKBP1A;TUBA1A;PPIB;PDIA4;TELO2;RIC8A;FKBP1B;SDF2;NPPC;CDC37;METTL21A;ENTPD5;MOGS;DNAJA3;MPDU1;PFDN1;MESD;CALR;DNAJC4;PEX19;GRN;COA3;PPIC;PDIA3;TBCC;P4HB;WDR83OS;NUDCD2;HSPA5;GFER;CCT6A;NPPA;BAG5;TXNDC5;BAG1;PPIE;PDCD5;CDC123;CCT7;UNC45A;MKKS;HSPD1;PDIA2;SIL1;AGR2;PDIA6;HSPE1;PTGES3L;COX14;SNRNP70;HSP90AB1;QSOX2;CCT5;TBCA;DNAJB4;NUDC;DNAJB6;DNAJB7;AHSA1;DNAJC24;ALG12;HSPA2;RUVBL2;PBDC1;HSPA4;PPIF;FKBP9;PPIL1	Protein folding	Exc	C9_ALS_vs_Ctrl_Occipital	regional_control	28949	71	37	0.453440254563402	0.00621762769172679		0.00497410215338143		family_result				
small_GTPase	0.00429960574232296	0.0100324133987536	0.407017918923954	-0.258631480065628	-1.35013350529256	478	ABCA1;DOCK11;ITSN1;RAP1B;SIPA1L2;CDC42EP4;RB1;F2RL1;KRIT1;RAB12;ALS2;CHN2;SOS2;RHOH;ARHGAP17;SHOC2;ARHGAP21;DENND4C;FGF10;ARFGEF1;ARRB1;RALGAPA2;CDKL5;CDC42EP5;RAPGEF4;TRIO;KSR1;MYO9A;DOCK7;RASL12;AIF1;RACGAP1;SYDE1;ARFGEF2;RALGPS2;G3BP1;STARD13;RAPGEF2;ITGAV;ROCK1;RASA2;ARHGEF12;RAF1;AKAP13;SOS1;WNK1;RAB18;ROCK2;PICALM;SH2D3A;RAPGEF5;ARHGAP40;DOCK4;RAPGEF6;ARHGAP12;DNMBP;RAB42;DOCK3;ADRA2A;RAB9A;USP8;PHACTR4;DENND4A;PLEKHG6;NOTCH2;PIK3CB;ARHGAP32;HACE1;KANK1;DENND1A;ARHGAP5;APOE;RASA4B;LRRK2;RALGAPA1;KIF14;NCKAP1;ECT2;RHOD;RAP1A;AUTS2;KALRN;SIPA1;RAP1GAP2;SPATA13;TNS3;ABL2;VAV2;RAB30;KSR2;CHM;SIPA1L3;ARHGAP35;RAB21;CDK2;NGFR;EPS8L1;PKP4;LRP4;BCAR3;FBXO8;OPHN1;ARHGAP25;KBTBD7;GMIP;CUL3;MAPKAPK5;ARHGAP29;RASAL3;COL1A2;GNA13;MYO9B;MAPKAP1;CTNNAL1;ARHGAP18;BRAP;RALGPS1;CDKN1A;CD2AP;KANK2;RIT2;FAM13A;RRAS2;SIPA1L1;FAM13B;ERAS;TIAM1;FARP2;DIRAS3;CYTH3;SWAP70;GRAP2;NF1;GNA12;FGD1;RALBP1;ARHGEF10;RAB35;RALGAPB;ARHGAP19;KBTBD6;F2R;RHOQ;MAPRE2;DLC1;CYFIP1;SLIT2;EPHB2;ARHGEF3;RAB3GAP1;CCR7	Small GTPase	Exc	C9_ALS_vs_Ctrl_Occipital	regional_control	28949	71	37	0.453440254563402	0.0100324133987536		0.0105073356731466		family_result				
axon_development	0.013334113566493	0.0233346987413628	0.380730400722792	-0.253784895933877	-1.31157167203395	388	NTN4;PAK2;NEO1;SIN3A;SLITRK3;VASH2;LGI1;LHX9;USP33;CNTF;SLITRK6;LGR6;SPAST;CDKL5;USP9X;TRIO;DOCK7;RUFY3;SLITRK5;KIF13B;NMNAT2;EFNA5;SEMA3A;PALLD;DHFR;MMP2;CLASP2;SOS1;C9orf72;PICALM;COBL;EMB;JAK2;POTEI;EPHA5;NELL2;MGARP;BCL11A;ZDHHC17;APOD;EPHA7;NOTCH2;S100B;ADCY10;FYN;TRAK2;NEUROG3;APOE;NEUROD2;SEMA3E;MTR;SPG11;PTK7;UNC5C;CAMSAP2;NRXN1;JUP;AUTS2;KALRN;POTEJ;PUM2;MACF1;CASP3;RET;ALCAM;ARHGAP35;RAB21;RAB10;GFRA3;GSK3B;LRP4;VANGL2;PTEN;OPHN1;DCC;POTEF;ULK2;FAT4;BMPR2;CSF1R;NRCAM;CNTN5;EFNA1;DIP2B;FGF13;TENM1;CNTN1;MYCBP2;EPHA4;SLITRK4;SEMA6A;SIPA1L1;PTK2;NEUROG2;NPTX1;B4GALT6;SEMA3D;CTNNA2;KREMEN1;TIAM1;SPTBN4;EPHA3;CNTN6;ROBO2;SKIL;AMIGO1;NFASC;WNT7B;VIM;CYFIP1;GOLGA4;SLIT2;ECE1;EPHB2;UNC5D;LHX1;FOXB1;RYK;VASP;CNTN4;EPHB1;DPYSL5;ACTL8;PARD3;NFIB;CDH2;DCHS2;NRDC;ANK3;PLXNC1;PLEKHG4B;SMURF1;ULK1;MAP2;TENM4;EDN3;GDI1;TSKU;MCF2;SEMA3G;MARK2;NTNG2;FZD3;CRTAC1;CELSR2	Axon development	Exc	C9_ALS_vs_Ctrl_Occipital	regional_control	28949	71	37	0.453440254563402	0.0233346987413628		0.0293980456584098		family_result				
synapse_junction	0.016737061913457	0.0234318866788398	0.352487857583619	-0.246737089837871	-1.28766969318426	480	ACE2;PAK2;CDH7;RAP1B;ZDHHC2;SLITRK3;NAE1;AFDN;PECAM1;LAMC1;GPBAR1;ERBB4;CDH26;SLITRK6;GJC1;IL1RAP;MPP7;APC;MYO9A;CLASP1;PKN2;TJP1;SLITRK5;CDHR3;CPEB3;FER;CDH3;RAPGEF2;EFNA5;LIM2;GJA5;ROCK1;SETD5;CLASP2;CLDN19;ARMCX5-GPRASP2;PCDHB6;PATJ;ROCK2;DST;PCLO;LRRTM2;DOCK4;GJA1;ANK2;GABRG1;NRG3;RAB13;APOD;CDH10;NEGR1;DRD1;EPHA7;OPCML;KDR;ARHGAP32;DLG1;TSC1;STAU2;GABRA2;VCL;CORO1C;LIN7A;ECT2;RHOD;NRXN1;CDH12;RAP1A;AMIGO3;JUP;PLXNA2;PUM2;MPDZ;HIPK1;PCDHB13;MACF1;AGT;ANKRD28;LSAMP;GPHN;PEAK1;PKP2;TBCD;PKP4;VMP1;LRP4;CDH6;MUSK;PTEN;OPHN1;THSD1;ADGRF1;LRRC15;CLDN1;ADGRL3;GNA13;ASIC2;CHD4;NRCAM;CNTN5;LIN7C;CLDN9;GABRB2;STRN;FGF13;GJB6;CORO2B;MYCBP2;NLGN1;OXT;DNM3;SLITRK4;FAM107A;MARK1;CAV1;PTK2;LRRC4;NPTX1;PTPRA;AMOT;PTPRD;GABRA4;ACTN3;GABRA3;EPHA3;PTPN13;LRFN5;ROBO2;TRIP6;CLSTN2;FGFR1;AMIGO1;CTNNB1;MEF2C;DLC1;PCDH17;TRPV4;CRB3;EPHB2;PDLIM5;NPHP4;PDCD6IP;RYK;ARHGEF7;EPB41L3;PPP1R9B;EPHB1;GABRG2;IL1RAPL2;PARD3;CDH2;PTPRK;ABI2;LRRTM3;CDH8;PLXNC1;LRRC4B;MAP4K4;SDK2;HRG;CDH4;PCDHB16;TLN2;LRRTM4;EEF2K;JAM3;NPHP1;LHFPL4;CDH15;ADGRL2;IL1RAPL1;NTNG2;IKBKB;CRTAC1;SRGAP1;ZNF703;CTNNA1;NLGN4X;OGT;CRKL;CNTNAP2;MARVELD2;COL17A1	Synapse/junction	Exc	C9_ALS_vs_Ctrl_Occipital	regional_control	28949	71	37	0.453440254563402	0.0234318866788398		0.0363285064788214		family_result				
protein_stabilization	0.676646706586826	0.789421157684631	0.0400845633477088	-0.186993710074607	-0.914097671264418	217	MCM8;ATM;USP33;COG3;HERC2;CBLB;USP9X;NAA30;CCNH;PARVA;ZNF207;RPAP3;STX12;HPS4;EP300;DSC3;MFSD1;MSX1;EHMT1;CEP63;CBL;PML;ANK2;NAA15;STK4;USP29;TSPAN1;TSC1;NAA16;USP7;AAK1;PYHIN1;ATP1B2	Protein stabilization	Exc	C9_ALS_vs_Ctrl_Occipital	regional_control	28949	71	37	0.453440254563402	0.789421157684631		0.830969639668032		family_result				
heat_response	1	1	0.0281514818960232	-0.136309775034859	-0.574014219779936	82	ATM;HDAC2;SIRT1;ATXN3;EP300;TPR;PSIP1;MAP2K7;CLPB;CREBBP;GSK3B;DAXX;EIF2B3;ANO1;MAPKAPK2;TRPV4;HSPB6	Heat response	Exc	C9_ALS_vs_Ctrl_Occipital	regional_control	28949	71	37	0.453440254563402	1		1		family_result				
mitochondrial_energy	0.0000518688098616299	0.000363081669031409	0.557332238758646	0.402107798123019	1.85326304073305	115	COX8C;SHMT2;NDUFB2;AK4;TEFM;ATPSCKMT;UQCRC2;UQCRB;ATP5F1E;ATP5ME;COX7A1;ATP5MG;NDUFA12;NDUFA8;ATP5PO;ATP5PF;NDUFB3;COX7C;SNCA;UQCRQ;NDUFB4;UQCC3;NDUFB11;UQCR11;ATP5MF;NDUFB10;COX6A1;PPIF;NDUFA3;NDUFC1;UQCC2;PARK7;COX6C;COX7A2;COX6B1;UQCRFS1;COX5A;NDUFA13;ATP5PD;UQCRH;CYCS;NDUFA6;C2orf69;CCNB1;NDUFA2;ATP5IF1;NDUFA1;NDUFS5;NDUFAB1;COX4I1;UQCR10;NDUFB8;NDUFS8;NDUFV2;NDUFS2;COX8A;COX5B;SIRT3;CHCHD2;NDUFA5;NDUFB7;NDUFC2;COX7B;ISCU;CYC1;NDUFS7	Mitochondrial energy	Exc	C9_FTD_vs_Ctrl_Occipital	regional_control	28949	71	37	0.453440254563402	0.000363081669031409		0.000220049496382672		family_result				
synapse_junction	0.00826021288069233	0.0289107450824232	0.380730400722792	0.23473794700484	1.28446045146138	480	FGFR1;GPM6B;PLXNA3;SEMA4D;VEGFA;EFNB2;MDGA1;LAMC1;WNT7A;S100A10;PLXNA2;SNAI1;GABRA5;RAB29;ESAM;CLSTN2;LRP4;PLXNB2;GRIA1;SRGAP1;ACHE;SH3BP1;CORO1C;OGT;JAM3;PIP5K1C;DSCAM;DLC1;LIMCH1;CLDN9;EPHB3;THBS2;PTPN13;NRP1;ACTN2;SRGAP2;APP;ITGB1BP1;SORBS1;CLDN11;OCLN;CDH8;RNF7;GABRE;DNER;RAPGEF2;DOCK10;UGT8;PRICKLE1;PCDHB14;PTK2;CLDN6;DOCK1;GREM1;SRGAP2C;FARP1;PLXNA1;LRRTM3;GRHL2;GJC1;PTPRJ;ADNP;PLXNA4;FN1;DOCK4;ACTN1;BSN;SHANK3;SYNDIG1;SDK1;CDH2;CLASP1;RAPGEF1;SNCA;SDK2;GABRB3;CDH7;GNA13;ADGRL3;HTR4;IKBKB;OPCML;EPHA7;TLN1;ABL1;CD9;LIN7B;ARMCX5-GPRASP2;PCDHB16;EFNA5;SLIT1;EPHA3;PDLIM5;GABRA3;MAP4K4;SNAI2;GABRG3;PEAK1;PKN2;CDH1;CLDN1;ST8SIA2;ITGA2;PDCD6IP;THSD1;TRIM47;CLDN3;AFDN;NPAS4;CDH6;PCDHB9;DVL1;APOD;CAV1;DRD1;ARHGEF7;PCDH17;CTTN;GAP43;NEDD8;WNT5A	Synapse/junction	Exc	C9_FTD_vs_Ctrl_Occipital	regional_control	28949	71	37	0.453440254563402	0.0289107450824232		0.0188037366389744		family_result				
small_GTPase	0.0254533014805771	0.0593910367880133	0.352487857583619	0.220713823662264	1.20937305046999	478	CCNA2;DOK3;SPRY2;PLEKHG4B;RAB39A;RAB15;SEMA4D;SPRY3;ERAS;EPS8L2;ARHGEF10;CHORDC1;EPS8L1;RRAD;F2R;RABIF;SYDE2;RB1;LRP4;ARHGEF4;ARRB1;GPR55;SH3BP1;OGT;NGEF;NGFR;STARD13;DVL2;PICALM;ARHGAP26;CCDC125;FXR1;DLC1;AKAP13;AUTS2;IQSEC3;PPP1CC;NRP1;SPRY4;TIAM2;CHN2;SRGAP2;LZTR1;GMIP;LARGE1;RHEB;SYNPO2;RALGPS2;RRAS2;RAPGEF2;RIN2;DOCK10;TP53;RRAS;DOCK1;RAB9A;DENND4B;SGSM3;FARP1;ARHGEF28;RALA;NF1;RAB38;RAPGEF4;C15orf62;SWAP70;RIPOR1;RAF1;DOCK4;ARHGAP20;FAM13A;SH2D3C;KRIT1;RASAL1;RHOJ;RASGRP4;RAPGEF1;ARHGAP12;GNA13;RASGEF1A;RAP1GAP;ARHGAP22;SIPA1L2;FNTA;ABL1;RTKN;ARHGAP5;ARFGEF1;MAP4K4;CSNK1A1;IQSEC1;KSR2;NKIRAS1;ARHGAP27;RGL2;TNFAIP1;DOCK8;ARHGEF3;RHEBL1;RASGRP2;ABL2;ARHGAP44;DIRAS2;PARK7;RASA2;RASGEF1C;ARHGEF7;PLCD4;VAV2;WNT5A;RASGRP3;WNK1;RND2;TAX1BP3;CDC42SE1;RAB9B;HACE1;SH3BP4;NISCH;RALGAPA1;ARHGDIG;ARHGEF17	Small GTPase	Exc	C9_FTD_vs_Ctrl_Occipital	regional_control	28949	71	37	0.453440254563402	0.0593910367880133		0.0527920327004563		family_result				
axon_development	0.0344407580893456	0.0602713266563548	0.321775918075361	0.227547008670052	1.21006168473925	388	GPM6B;PLXNA3;NPR2;PLEKHG4B;SEMA4D;NTN4;ISLR2;MAP6;VEGFA;EFNB2;TRPV2;SEMA3D;WNT7A;UNC5A;STK24;VASP;SKIL;LRP4;PLXNB2;BOC;SVBP;LLGL1;TNFRSF21;PICALM;DSCAM;CXCL12;KIF21A;NRDC;AUTS2;EPHB3;ADCY10;NRP1;TIAM2;APP;SEMA5A;PLP1;NEUROD6;LGI1;EMB;SIAH1;PRICKLE1;SPP1;PTK2;MAP2;GRN;SEMA6C;PTPRJ;ADNP;PLXNA4;DSCAML1;TNR;C12orf57;ENAH;CDH2;KIF13B;APLP2;DCHS2;CTNNA2;CCK;ADGRB1;BAIAP2;POTEI;EPHA7;ABL1;EFNA5;SLIT1;EPHA3;FGF8;OLIG1;NTRK2;ATL1;SLIT3;CDH1;SEMA3E;MGARP;NCAM1;L1CAM;LHX9;MT3;SHH;SSNA1;TRPC5;CERS2;NEUROD2;RNF6;PRKCQ;APOD;TSPO;CTTN;GAP43;WNT5A;LMO4;TENM3;RTN4RL1;OPHN1;DISC1;POU4F1;KIF5B;BCL11A;S100A6;RET;KIF5C;PLA2G10;NFASC;NEUROG2;ECE1;EFNA4;THY1;SLITRK5;CNTF;MCF2;ROBO2;LGR6	Axon development	Exc	C9_FTD_vs_Ctrl_Occipital	regional_control	28949	71	37	0.453440254563402	0.0602713266563548		0.0683929947873529		family_result				
protein_folding	0.062953995157385	0.0791393143690737	0.282013350011725	0.249865887695566	1.23367019489693	209	CLGN;ALG12;CCT3;CRYAB;RANBP2;CHORDC1;HSPA4;PPID;HSPA1A;DNAJB4;LMAN2L;BAG2;PFDN4;DNAJB1;APLF;PDIA6;DNAJA1;AHSA1;HSPH1;ERO1B;HSPE1;TCP1;PTGES3;DNAJC25;GRN;COX19;DNAJC2;CHCHD4;ST13;CCT5;QSOX2;CCT4;MPDU1;TBCEL;TAPBP;HDAC4;HSPB2;DNAJB5;HSPA5;HSPA1B;COX14;HSPA6;PBDC1;METTL21A;DNAJB11;WIPF1;CCT2;FKBP4;PPIL1;PPIF;PFDN5;PFDN2;NUDCD2;SDF2;P3H1;CCT7;CD74;CWC27;UGGT1;FKBP5;SDF2L1	Protein folding	Exc	C9_FTD_vs_Ctrl_Occipital	regional_control	28949	71	37	0.453440254563402	0.0791393143690737		0.119102153000458		family_result				
heat_response	0.0678336980306346	0.0791393143690737	0.257206466468838	0.305885349805507	1.31380167916219	82	CRYAB;CHORDC1;HSPA1A;MICA;DNAJB4;DNAJB1;DNAJA1;HIKESHI;TRPA1;DNAJC2;EIF2B5;IL1A;HSPB2;HSPA1B;HSPA6;LYN;NOS1;IER5;RBBP7;SOD1;EEF1D;IRAK1;SUMO1;TCIM;EP300;CREBBP;IGF1;HSBP1;HSPA2;HSP90AA1;STUB1;DNAJB6;TRPV4;GSK3B;TRPM2;HSBP1L1;HMOX1;EIF2B1;HSPB1;HSF1;BAG3;HTRA2;DAXX	Heat response	Exc	C9_FTD_vs_Ctrl_Occipital	regional_control	28949	71	37	0.453440254563402	0.0791393143690737		0.125784340719057		family_result				
protein_stabilization	0.829326923076923	0.829326923076923	0.0629394692018967	0.174316329095043	0.866324871768349	217	ZSWIM7;CCT3;RUVBL1;CRYAB;CREB1;TESC;SWSAP1;HSPA1A;UXT;ATP1B3;STX12;BAG2;AAK1;GET1;NAPG;WDR81;TMC6;GPIHBP1;PEX6;IFT46;TCP1;PTGES3;TSPAN1;GRN;URI1;CCT5;CCT4;HSPA1B;NOP53;CHEK2;CCT2;UBE2B;DNAAF2;STK4;SAV1;IP6K2;PRKRA;C10orf90;MT3;HIP1R;PARK7;PFDN5;PFDN2;PARVA;DVL1;SUMO1;SYVN1;P3H1;CCT7;PYURF;CD74;NAA16;EP300;STXBP4	Protein stabilization	Exc	C9_FTD_vs_Ctrl_Occipital	regional_control	28949	71	37	0.453440254563402	0.829326923076923		0.94249649368864		family_result				
small_GTPase	0.0000000001	0.00000000035		-0.349307300084007	-1.90141726468196	466	KANK1;SH3BP4;TEK;DOCK5;DOCK9;RASGEF1C;RTKN;KRIT1;DOCK11;RRAS2;RIT2;FAM13A;CCNA2;ARHGAP25;LARGE1;TRIO;LRP4;SEMA4D;PRAG1;ARHGAP26;ABCA1;PREX1;ARHGEF12;DENND4A;RAB39A;PICALM;ARFGEF1;CCDC125;WNT5A;SH2D3A;ARFGEF3;SOS1;RAF1;SOS2;DOCK1;MAP4K4;PREX2;DENND4C;DOCK7;RALGPS2;ARRB1;CDC42EP1;BCR;RHOH;ITGAV;AUTS2;ROCK1;DENND1A;RASA2;HACE1;SRGAP2;ARHGAP17;RB1;SPATA13;CHORDC1;PKP4;ALS2;MYO9A;RAPGEF2;ARHGEF7;RASA3;ROBO1;ARHGEF40;OPHN1;RALGAPA1;ABL1;WNK1;GRAP2;RALBP1;DOCK3;KALRN;VAV3;RAP1B;RIPOR2;ROCK2;CDH13;ARHGEF10;RHOU;EPS8;GNA13;FERMT2;FLCN;ARHGAP27;ARHGAP23;COL3A1;PLEKHG1;FXR1;G3BP1;ARHGAP21;DOK3;KSR2;CUL3;ABL2;RAB3GAP1;TIAM1;RERG;SHTN1;KSR1;RAPGEF1;SYDE2;RHOF;OGT;RAPGEF4;RASGEF1B;ARHGAP44;CYTH1;SWAP70;MYO9B;RAB21;FARP1;RAP1A;FAM13B;ARHGEF4;NCKAP1;ARHGAP33;COL1A2;EPHB2;NGF;PLEKHG4B;SHOC2;DOCK10;ARHGAP28;FGD5;SIPA1L2;C15orf62;RASAL3;CRK;MAPRE2;RDX;RABIF;RHOJ;TGFB2;RACGAP1;ARHGAP5;STARD13;ARHGEF16;ARHGEF3;SIPA1;RAB30;SIPA1L3;VAV2;TNS3;CDC42EP5;ARHGEF28;ARHGAP24;PPP1CB;DIRAS2;ARHGAP32;NF1;DOCK4;PSD2;RALGPS1;RASAL1;IQSEC2;TIAM2;CSNK1A1;SIPA1L1;GPR55;CXCL13;MCF2L;FGD3;CYTH3;ARL3;PIK3CB	Small GTPase	Inh	C9_ALS_vs_C9_FTD_Occipital_batch_bridged	regional_control	24471	70	37	0.404655588732688	0.00000000035		0.00000000215384615384615		family_result				
synapse_junction	0.0000000001	0.00000000035		-0.372992436550874	-2.02722534122607	457	TEK;GPM6B;PAK2;PDLIM5;ACE2;CLASP1;AFDN;CORO1C;LAMC1;PTPRJ;EFNB2;MARVELD2;LRP4;PCDH17;SEMA4D;PECAM1;TJP1;SMAD7;RAB29;THBS1;DLG1;PEAK1;WNT5A;DOCK1;LIMCH1;MAP4K4;ARMCX5-GPRASP2;ADGRL2;CDHR3;CLDN9;RCC2;ACTN2;BCR;RYK;PKN2;PLXNA4;TRIP6;JAM3;ITGA2;ROCK1;CNTNAP2;PTPRD;GABRA2;ZDHHC2;OPCML;NEGR1;SRGAP2;CPEB3;PRICKLE1;SETD5;GRIA1;CLASP2;CDH2;PKP4;GABRG1;GJA4;CDH4;LRRTM4;MYO9A;SDC2;SORBS1;IKBKB;RAPGEF2;EPHA7;SRGAP2C;FER;PTK2;MARK1;FGFR1;ARHGEF7;LRFN5;MPDZ;OPHN1;DNM3;ABL1;IL1RAPL1;ANK2;WDR1;NRG3;NRXN3;RAP1B;ROCK2;NAE1;CDH13;RAB13;PLXNA3;MACF1;CDH26;ANKRD28;CDH10;SLITRK5;LAMA3;GNA13;DST;NECTIN3;LSAMP;TESK2;FAM107A;FERMT2;FLCN;DRD2;ADGRL3;ERBB4;NLGN4X;DSCAM;APP;MYCBP2;SDK2;NRXN1;PPM1F;SNCA;VCL;CTNNA1;RAPGEF1;MYO1C;OGT;AMOT;CLDN1;PCLO;UGT8;SRGAP1;TLN2;NLGN1;FARP1;RAP1A;CDH8;GABRG3;ARHGAP33;PTEN;IL1RAP;EPHB2;NPHP4;DOCK10;ADNP;CRK;SLK;NRCAM;APC;ACTN3;ESAM;PRKCA;CSMD2;PDCD6IP;CORO2B;DRD1;STRN;EPB41L3;GPM6A;TBCD;PATJ;ARHGAP32;DOCK4;DUSP22;LRRTM3;CLDN11;GRID2;CDH19;PTPRO;MPP7;IQSEC2;GABRA3;PLXNA2;SLITRK3;NTRK3;JUP;PARD3;GABRB3;GABRB2;MDGA1;APOD;WHAMM;PKP1;NPTX1;KDR;ABI2;LHFPL4;SLIT1;WNT7A;SYNDIG1;NLGN4Y;ROBO2;CDH18;EPHA3;CLDN3;PLXNA1;IL1RAPL2;SHANK3;NTM;ACTN1;CDH1;ST8SIA2;CDH9;SRGAP3;PLXNB2;PTPRK;VLDLR;CDH20;ITGB4;CTNNB1;NPHP1	Synapse/junction	Inh	C9_ALS_vs_C9_FTD_Occipital_batch_bridged	regional_control	24471	70	37	0.404655588732688	0.00000000035		0.00000000215384615384615		family_result				
mitochondrial_energy	0.000000000179312729123747	0.00000000041839636795541	0.826657301178302	0.509543772929869	2.38264789940787	112	COX7A2L;NDUFB1;UQCRC1;NDUFA7;NDUFS8;CHCHD2;NDUFS6;SDHD;DNAJC30;GHITM;CYCS;PPIF;ATP5F1A;PINK1;NDUFB5;SDHAF2;ATP5PD;DGUOK;NDUFS3;ATP5F1C;VCP;ISCU;NDUFS2;ATP5F1B;NDUFA9;ATP5PB;SLC25A33;NDUFS7;COX8A;COX7B;SDHC;ATP5MG;RHOA;COX4I1;NDUFA5;COX7B2;UQCRH;NDUFA2;NDUFV1;UQCC3;SIRT3;NDUFA8;ATP5F1D;ATP5IF1;NDUFA6;NDUFAB1;NDUFA12;NDUFB3;NDUFB10;NDUFS5;COX7A2;SDHB;COX6B1;SLC25A51;STOML2;COX5A;ATP5PF;NDUFA11;UQCR10;NDUFB8;COX7A1;NDUFB7;NDUFA3;ANTKMT;NDUFB9;PARK7;CYC1;UQCC2;NDUFS1;COX5B	Mitochondrial energy	Inh	C9_ALS_vs_C9_FTD_Occipital_batch_bridged	regional_control	24471	70	37	0.404655588732688	0.00000000041839636795541		0.00000000358625458247494		family_result				
axon_development	0.000000555081135074042	0.000000971391986379574	0.659444398037935	-0.33125100880547	-1.77396394875507	374	FGFR2;GPM6B;PAK2;VASP;LHX1;PTPRJ;DIP2B;EFNB2;KIF13B;NEO1;TRIO;LRP4;COBL;SEMA4D;PICALM;EFNA4;WNT5A;KIF5C;SOS1;DPYSL5;SEMA5A;CTNNA2;DOCK7;USP9X;NRDC;RYK;SPP1;PLXNA4;AUTS2;MAP6;ADCY10;SLIT3;MAP2;PRKCQ;NRP2;NPR2;PRICKLE1;GRM7;LGR6;CLASP2;LGI1;CDH2;PALLD;MARK2;DCHS2;EPHA7;PTK2;SEMA5B;GLI2;ROBO1;ARHGEF40;OPHN1;ABL1;SEMA6D;PRKG1;KALRN;NRXN3;ANK3;PLXNA3;MACF1;SEMA6A;RUFY3;SLITRK5;UNC5A;EPHA5;NFIB;CNTN4;ZDHHC17;DRD2;DCC;UNC5D;CAMSAP2;DCLK1;DSCAM;NELL2;FAT4;LRRC4C;NTRK2;APP;MYCBP2;NRXN1;TIAM1;CTNNA1;KIAA0319;SHTN1;FYN;CNTN1;MAP3K13;TRPV2;FEZ2;EMB;STK24;NCAM1;TRPC5;RAB10;RAB21;PAK3;VANGL2;PTEN;EPHB2;PLEKHG4B;ADNP;NRCAM;CELSR3;EPHA4;PRKCA;MAG;SEMA3E;ITGA4;GSK3B;SEMA3B;WNT7B;TNR;EVL;PTPRO;SEMA3C;TIAM2;SLITRK3;SIPA1L1;JUP;BCL11A;S100B;PARD3;ENAH;DHFR;APOD;B4GALT5;NPTX1;NMNAT2;NREP;PLA2G10;TSPO;SLIT1;WNT7A;SEMA3A;DSCAML1;NTNG1;SLIT2;NFASC;DISC1;ROBO2;UNC5C;EPHA3;EFNB1;HMCN2;SMURF1;TENM3;PLP1;CDH1;EPHA6;SPAST;CDKL3;PLXNB2;KIF5B;KIF21A;PTK7;KIAA1755;ROBO3;PTPRM;ECE1	Axon development	Inh	C9_ALS_vs_C9_FTD_Occipital_batch_bridged	regional_control	24471	70	37	0.404655588732688	0.000000971391986379574		0.0000040900715215982		family_result				
protein_folding	0.0000408526093109453	0.0000571936530353235	0.557332238758646	0.319562150008135	1.64121142448259	203	PPIL1;TOR1A;DNAJB7;RUVBL2;BAG5;TBCC;PPIL2;CRTAP;CCT6B;DNAJC4;CDC37;FKBP9;P4HB;PPIL3;TBCB;HSPD1;SDHAF4;PTGES3L;SDF2;CDC123;PPIB;PPIF;PDRG1;ZPR1;RIC3;PFDN1;ENTPD5;GFER;UNC45A;DNAJB12;DNAJC7;COA3;CCT6A;DNAJA2;PFDN2;DNAJA3;DNAJC18;DNAJC10;ARL2;TAPBP;MESD;ANP32E;FKBP1A;ERP29;TTC4;PFDN4;FKBP8;DNAJB11;HSPA13;NUDCD3;GRN;WDR83OS;PEX19;CLU;LYRM7;CCT7;TXNDC5;PFDN6;HSP90AB1;CCT2;BAG1;DNLZ;PPIE;TELO2;VBP1;COX14;CALR;MKKS;PFDN5;GRPEL1;NUDCD2;PPIA;SELENOF	Protein folding	Inh	C9_ALS_vs_C9_FTD_Occipital_batch_bridged	regional_control	24471	70	37	0.404655588732688	0.0000571936530353235		0.000178730165735386		family_result				
heat_response	0.420783645655877	0.49091425326519	0.0797705918628453	-0.233171760520447	-1.0141755257989	81	ATM;THBS1;DNAJB1;BAG3;CREBBP;EP300;CHORDC1;CLPB;DHX36;HSPA1B;CRYAB;HSPB2;HSPA1A;HSPA2;DNAJB4;HSPB1;DNAJB6;GSK3B;PSIP1;NOS1;TPR;SIRT1;EIF2B3;IGF1;HDAC2	Heat response	Inh	C9_ALS_vs_C9_FTD_Occipital_batch_bridged	regional_control	24471	70	37	0.404655588732688	0.49091425326519		0.577546180311988		family_result				
protein_stabilization	0.507537688442211	0.507537688442211	0.0908241419007155	0.191243144244612	0.991079884483182	213	GLMP;TRIM39;RUVBL2;BAG5;PPP1CA;UFL1;MUL1;LAMP1;PIN1;CRTAP;RABL3;CDC37;HSPD1;STK3;PPIB;PDRG1;PIM2;CAMLG;PFDN1;PINK1;DVL3;CCT6A;PFN2;PFDN2;DNAJA3;PFN1;OTUD3;POLR2E;MYCNOS;RASSF1;USP2;WFS1;CHP1;ATP1B1;CBX4;GRN;TAF9B;PEX19;CLU;GTPBP4;APOA1;CCT7;PFDN6;PHB2;HSP90AB1;CCT2;BAG1;DNLZ;TELO2;VBP1;NCLN;A1CF;ZBED3;CALR;SEL1L;PIH1D1;PFDN5	Protein stabilization	Inh	C9_ALS_vs_C9_FTD_Occipital_batch_bridged	regional_control	24471	70	37	0.404655588732688	0.507537688442211		0.664068003569248		family_result				
mitochondrial_energy	0.0000000001	0.0000000007		0.597462147041776	2.89999235971841	112	COX7A2L;NDUFS8;NDUFS7;DNAJC30;NDUFB1;CHCHD2;NDUFS2;NDUFA7;CYCS;PPIF;UQCRC1;NDUFB5;NDUFS6;UQCC2;NDUFA12;ATP5PF;NDUFA8;COX4I1;ISCU;UQCRH;ANTKMT;PARK7;NDUFB8;ATP5PD;COX7A1;NDUFB3;NDUFS3;NDUFB9;NDUFA6;COX7B;UQCR10;NDUFAB1;UQCC3;PINK1;GHITM;ATP5MG;UQCR11;NDUFV1;ATP5IF1;COX8A;COX7A2;STOML2;NDUFA13;NDUFB10;COX5A;COX6B1;NDUFA2;NDUFA1;UQCRB;VCP;NDUFB7;NDUFA3;NDUFA11;ATP5ME;ATP5PB;SDHD;NDUFC2;SDHAF2;COX7C;SLC25A33;UQCRFS1;NDUFA5;NDUFB4;COX6C;NDUFB2;COX5B;UQCRQ;ATP5F1A;DGUOK;SIRT3;NDUFC1;CYC1;ATP5F1E;COX6A1;ATP5MF;ATP5F1C;CCNB1;SHMT2;NDUFS5	Mitochondrial energy	Inh	C9_ALS_vs_Ctrl_Occipital	regional_control	24471	70	37	0.404655588732688	0.0000000007		0.00000000215384615384615		family_result				
small_GTPase	0.00000000224702603309755	0.00000000786459111584144	0.774939030136436	-0.324674685438319	-1.81077718199015	466	KANK1;ITGAV;ARHGAP26;FAM13A;RAP1B;KRIT1;DENND4A;TEK;ARHGAP21;RALGPS2;ARHGAP25;ARHGAP17;DOCK11;ARHGAP28;DENND4C;DOCK4;ABCA1;RHOU;ROCK1;RIT2;ARHGEF12;ARFGEF1;TRIO;ABL2;AUTS2;GARNL3;DOCK9;PLCE1;ALS2;LRP4;ARHGEF10;GRAP2;WASF1;CXCL13;BCAR3;RTKN;RERG;ROCK2;PREX1;SIPA1L2;RASA2;RRAS2;MYO9A;OPHN1;BCR;COL1A2;ARRB1;RAPGEF2;FERMT2;DOCK5;KALRN;SEMA4D;SH3BP4;DOCK7;ROBO1;SOS2;TIAM1;LARGE1;RALBP1;RACGAP1;ARFGEF3;PREX2;RHOJ;PIK3CB;CDC42EP5;ADRA2A;PKP4;RB1;PICALM;SOS1;ARHGEF3;KSR2;DOCK1;RHOQ;DOCK3;FGD5;RALGAPA1;RAB30;RSU1;TNS3;STARD13;RAF1;G3BP1;RASGEF1C;RASGEF1B;MAPRE2;SHOC2;ARHGAP32;NCKAP1;RAB12;CCDC125;RIN2;FGD3;SIPA1L3;CD2AP;DENND1A;FGD4;RASA3;RAPGEF4;MAP4K4;SPATA13;RALGAPA2;WNK1;ARHGAP18;SIPA1;CYTH1;EPS8;ARHGEF7;ITSN1;SH2D3A;CDC42EP1;DNMBP;ARHGAP23;WNT4;LRRK2;PLD1;ARHGAP24;VAV3;CUL3;PLEKHG1;MYO9B;BRAP;SLIT2;F11R;ARL3;CYTH4;GPR55;RHOH;RALGPS1;RAB18;CDH13;ARHGAP12;RGL1;PTH;MAPKAPK5;FAM13B;ABI2;PSD4;RAB21;SYDE2;RHOC;RAB42;PHACTR4;ARHGAP35;ARHGAP27;ARHGAP44	Small GTPase	Inh	C9_ALS_vs_Ctrl_Occipital	regional_control	24471	70	37	0.404655588732688	0.00000000786459111584144		0.0000000299603471079674		family_result				
protein_folding	0.0000000381374468996331	0.000000088987376099144	0.719512826338911	0.37381129942352	1.98959746112453	203	TOR1A;PPIL1;DNAJB11;TBCC;PPIB;CDC37;MPDU1;CALR;DNAJB12;GRN;PFDN2;PFDN5;ERP29;PDRG1;PFDN4;CCT2;PPIF;CCT6A;PTGES3L;LTBP4;CCT7;HSPD1;COX14;WDR83OS;DNAJC4;DNAJB7;GFER;NAA10;SDF2;NUDCD2;PPIC;SDF2L1;BAG5;PEX19;HSP90AB1;P4HB;TUBA1A;FKBP1A;RIC3;PPIL3;NPPC;PFDN1;CCT5;COA3;TBCB;RUVBL2;FKBP9;FKBP1B;FKBP4;CCT8;ENGASE;DNAJA3;SDHAF4;TCP1;PBDC1;HSPA5;CHCHD4;NUDC;PPIE;HSPA4;DNAJA1;CRTAP;ARL2;BAG1;MESD;TELO2;HSPE1;TAPBP;DNAJA2;PPID;METTL21A;QSOX2;MOGS;VBP1;PDIA4;AHSA1;MKKS;NUDCD3;UNC45A;DNAJB5;HSPA13;PPIL2;DNAJB4;PDIA3;TTC1;PDIA2	Protein folding	Inh	C9_ALS_vs_Ctrl_Occipital	regional_control	24471	70	37	0.404655588732688	0.000000088987376099144		0.000000381374468996331		family_result				
synapse_junction	0.0000000588168707072206	0.000000102929523737636	0.719512826338911	-0.314423034985338	-1.7504087797947	457	PAK2;AFDN;RAP1B;CLASP2;TEK;SLITRK3;ACTN2;PRICKLE1;JUP;PATJ;LAMA3;ANKRD28;PDLIM5;SLK;SLITRK5;TESK2;CDH19;DOCK4;LIMCH1;SETD5;GPM6B;CLASP1;ROCK1;ACE2;PTK2;GJA4;PTPRD;CPEB3;CORO1C;LRP4;SMAD7;LAMC1;ROCK2;THBS1;EPHA7;NRCAM;ARMCX5-GPRASP2;STRN;NAE1;CDH10;EGFLAM;MYO9A;OPHN1;BCR;RAPGEF2;FERMT2;NPHP1;PECAM1;ZDHHC2;EPHB1;CDH8;TJP1;MARVELD2;DLG1;SEMA4D;ANK2;CDH2;DSCAM;NRXN3;MACF1;DST;NRG3;GABRA2;FER;GPHN;APC;RAB13;PKN2;PKP4;JAM3;OPCML;CDH4;DOCK1;PTEN;RYK;IL1RAPL1;CLDN9;UGT8;NEGR1;ROBO2;LSAMP;ADGRL3;PTPN13;ARHGAP32;AMOT;CNTNAP2;NLGN1;PEAK1;NRXN1;LATS1;KDR;MYCBP2;MAP4K4;CTNNA1;FAM107A;TBCD;VCL;CDH3;ARHGEF7;MPDZ;DNM3;WNT4;TLN2;DUSP22;PCLO;PARD3;DRD2;NPHP4;F11R;NTNG2;PTPRK;RAB29;EPB41L3;SDK2;LRRTM4;MPP7;CDH13;WDR1;ACTN3;ABI2;NLGN4X;EPHA3;RHOC;PRKCH;RCC2;IL1RAP;CDH20;TSC1;ERBB4;GABRB2;DOCK10;RAP1A;EFNA5;GRID2;PTPRA;CSMD2;NPTX1;SRGAP1;GNA13;LHFPL4;CDH26;NTRK3;CDHR3;PCDH17;CHD4;CDH18;SORBS1;CRK;SRPX2;ITGA2;ADGRL2;CDH5;NRXN2;GABRG3;LRRTM1;WHAMM;GRIA1;NLGN4Y;SRGAP2;CDH11;GABRA6;PLXNA4;ADNP;LRFN4;ARHGAP6;PTK2B;PCDHB5;CORO2B;MEF2C;RAPGEF1;GABRA4;TRIP6;MARK1;SYNDIG1;COL17A1;IQSEC2;PDCD6IP;PUM2;SLITRK2;LRFN5;PTPRO;LRRTM3;AGT;APOD;ITGB4;PCDHB2;CRIPT;SRGAP2C;LRRTM2	Synapse/junction	Inh	C9_ALS_vs_Ctrl_Occipital	regional_control	24471	70	37	0.404655588732688	0.000000102929523737636		0.000000567887027517992		family_result				
axon_development	0.0000266227447851592	0.0000372718426992229	0.575610261071129	-0.296343755803961	-1.61745166972528	374	PAK2;SIN3A;CLASP2;LHX1;FAT4;SLITRK3;DIP2B;PRICKLE1;JUP;KIF13B;USP9X;SLITRK5;NEO1;GPM6B;PTK2;PALLD;FYN;COBL;TRIO;AUTS2;KIF5C;LRP4;SEMA3E;NMNAT2;EPHA7;NRCAM;RUFY3;OPHN1;KIAA0319;S100B;USP33;GRM7;CTNNA2;EPHA4;EPHB1;KALRN;SEMA4D;CDH2;CNTN4;DSCAM;DOCK7;ROBO1;TIAM1;EFNB1;ANK3;CAMSAP2;NRXN3;SEMA6A;MACF1;B4GALT6;DPYSL5;NELL2;CNTN6;SPG11;PICALM;SOS1;PTEN;DCC;JAK2;DCLK1;RYK;ROBO2;RAB10;PAK3;ZDHHC17;PTN;NCAM1;ALCAM;NRXN1;MAG;BMPR2;MYCBP2;SEMA6D;NFIB;FGFR2;EPHA5;GOLGA4;LGR6;SEMA3C;CTNNA1;PTK7;FEZ2;MGARP;PARD3;DRD2;SLIT2;NTNG2;LRRC4C;LGI1;CNTN1;NRDC;ENAH;SPAST;MAP2;UNC5C;RAB21;EPHA3;ARHGAP35;CDKL3;SIPA1L1;TENM2;EFNA5;MAP3K13;EDNRA;NPTX1;EMB;UNC5D;B4GALT5;VASP;PAX2;TENM1;DHFR;EDN1;MMP2;CHODL;PRKCQ;ADCY10;PTCH1;PLXNA4;NTRK2;ADNP;KLF7;SEMA5A;NFASC;GSK3B;TIAM2;APOE;NOTCH2;SHTN1;RET;PRKG1;ARHGEF40;TSPO;SPTBN4;PUM2;SLITRK2;ITGA4;PTPRO;SEMA3B;FZD3;ECE1;APOD	Axon development	Inh	C9_ALS_vs_Ctrl_Occipital	regional_control	24471	70	37	0.404655588732688	0.0000372718426992229		0.000126345229488891		family_result				
protein_stabilization	0.105398457583548	0.122964867180806	0.222056046145248	0.223550802183863	1.20367299933529	213	LAMP1;PPIB;CDC37;NAPG;CALR;MYCNOS;GRN;PFDN2;PFDN5;PDRG1;IFT46;CCT2;CCT6A;ATP1B1;TRIM39;CCT7;HSPD1;ATP1B3;PIN1;PFN2;PEX6;PARK7;PIH1D1;DVL3;BAG5;PEX19;HSP90AB1;TUBA1A;GLMP;WNT10B;PFDN1;PPP1R10;PINK1;CCT5;TAF9;RUVBL2;CBX4;USP19;TMEM88;SYVN1;CCT8;PAQR4;MUL1;NOP53;DNAJA3;POLR2E;TCP1;DBR1;PHB2;CRTAP;FLNA;BAG1;PRKCD;GET1;TESC;TELO2;RTN4;PYURF	Protein stabilization	Inh	C9_ALS_vs_Ctrl_Occipital	regional_control	24471	70	37	0.404655588732688	0.122964867180806		0.187971771486582		family_result				
heat_response	0.714285714285714	0.714285714285714	0.0697792517076235	0.191356840835451	0.877703838244594	81	PDCD6;EIF2B5;HTRA2;HSBP1L1;EIF2B4;FGF1;HSBP1;TCIM;HSP90AB1;IRAK1;AKT1;EIF2S1;DNAJA3;VCP;DNAJA1;DNAJA2;MICA;HDAC6;SCN11A;PRKACA;DNAJB4;DAXX;SOD1;EIF2B2;IER5;STUB1;SUMO1;DNAJA4	Heat response	Inh	C9_ALS_vs_Ctrl_Occipital	regional_control	24471	70	37	0.404655588732688	0.714285714285714		0.857993035770814		family_result				
synapse_junction	0.001377638619092	0.009643470333644	0.45505986738723	0.25212400078135	1.39139927109446	457	PTPRJ;EFNB2;PLXNA3;MDGA1;FGFR1;PLXNA1;WNT5A;SDC2;PCDH17;AGRN;ESAM;GABRG1;GPM6B;ADGRL2;RAB29;CDHR3;GABRA5;WNT7A;FLCN;ST8SIA2;PLXNA2;TRIP6;ABL1;IKBKB;PLXNA4;GAP43;APP;FARP1;VEGFA;RCC2;ITGA2;PPM1F;SRGAP2C;PDLIM5;SRGAP2;SLIT1;ARHGAP33;CARMIL3;MYO1C;GRIA1;NECTIN3;LRFN5;PEAK1;MARK1;TEK;MAP4K4;BDNF;SNCA;EPHB2;TLR2;SORBS1;MARVELD2;CLDN11;CLDN1;DRD1;LIN7B;ACE2;SFRP1;SEMA4D;DOCK1;LAMC1;OGT;CORO1C;ECT2;PECAM1;TJP1;CLASP1;ITGB1BP1;IL1RAPL2;VLDLR;CLDN18;GABRA3;LRP4;CLDN9;CDH26;DVL1;LRRTM4;DLG1;NTM;BSN;GPC4;CNTNAP2;GNA13;ACHE;DUSP3;FBXO45;RYK;THBS1;GPM6A;WDR1;CDH1;RNF7;RAPGEF1;CDH9;SMAD7;SRGAP3;KIRREL3;MPDZ;NEGR1;THBS2;ARHGEF7;NPAS4;DNM3;CDH13;JAM3;DLG5;PKN2;PLXNB2;ERBB4;PRKCA;MARVELD3;CDH22;ARMCX5-GPRASP2;OPCML;PIP5K1C;CDC42;NLGN4X;SLITRK1;GABRA2;MICALL2;NR1H4;ADD2;MUSK;DRD2;ACTN1;BCR;SRGAP1;CTTN;PLEC;TLN1;CAV1;PDCD6IP;CDH4;ZDHHC2;CD9;ADNP;PKP1;SDK2;GABRG3;FAM107A;PKP4;TBX5;PTPN1;EPHB3;IL1RAPL1;CORO2B;CRK;FZD1;FN1;SHANK3;RAP1A;CLDN3	Synapse/junction	Inh	C9_FTD_vs_Ctrl_Occipital	regional_control	24471	70	37	0.404655588732688	0.009643470333644		0.00401811263901833		family_result				
small_GTPase	0.00501413944846433	0.0163016153952989	0.407017918923954	0.238571952388535	1.31941072162251	466	CCNA2;RASGEF1C;SH3BP4;DOCK5;WNT5A;RAB39A;DVL2;PRAG1;DOK3;RGS19;CHORDC1;DOCK9;RGL2;TP53;IQSEC3;RTKN;ARHGEF16;HACE1;RRAS2;RABIF;FLCN;ABL1;FARP1;SPRY2;SWAP70;FXR1;DENND4B;ARHGEF4;RASGRP3;SH2D3A;RIPOR2;DIRAS2;RAPGEF3;SRGAP2;ARHGAP33;CCDC125;RIT2;NGEF;ARHGEF40;TEK;MAP4K4;RHOH;LARGE1;IGF1;PLEKHG4B;LZTR1;EPHB2;RASGRP2;NGF;RASGRP4;PICALM;DOCK11;RAF1;LAT;SPRY4;CDC42EP1;RAB15;ARHGEF11;COL3A1;SEMA4D;RAB3GAP1;RAB9A;DOCK1;F2R;PSD2;SOS1;OGT;ECT2;ROPN1B;CDKN1A;MCF2;ERAS;LRP4;CYTH2;KSR1;C15orf62;ARHGEF28;ARFGEF3;ARHGAP20;PREX1;PREX2;SOS2;RND3;RHOF;NUP62;VAV2;GNA13;PLEKHG4;DENND1A;FGF2;TRIO;SHTN1;EPS8L2;SPATA13;ARHGAP31;SGSM3;RAPGEF1;KRIT1;CGNL1;RASIP1;DOCK7;SRGAP3;RASAL1;ARHGEF7;ARHGAP9;CDH13;ARHGAP27;RASGEF1A;OBSCN;DOCK8;DOCK2;VAV3;LPAR1;RHEBL1;KCTD13;ARHGAP25;RAP1GAP	Small GTPase	Inh	C9_FTD_vs_Ctrl_Occipital	regional_control	24471	70	37	0.404655588732688	0.0163016153952989		0.0121030952204311		family_result				
heat_response	0.00698640659798525	0.0163016153952989	0.407017918923954	0.350891539212599	1.52380663162672	81	DNAJB1;DNAJB4;HSPA1B;CRYAB;CLPB;HSPA1A;DNAJB6;CHORDC1;BAG3;HSPB2;DNAJA1;NOS1;TCIM;HSPB1;HIKESHI;IGF1;DNAJA4;EIF2B5;HTRA2;IER5;THBS1;DNAJC2;MICA;HSPA2;FGF1;HSP90AA1;SOD1;CREBBP	Heat response	Inh	C9_FTD_vs_Ctrl_Occipital	regional_control	24471	70	37	0.404655588732688	0.0163016153952989		0.0161668913011229		family_result				
axon_development	0.0117998853341822	0.0206497993348189	0.380730400722792	0.241622810157954	1.2918962924139	374	FGFR2;PTPRJ;NPR2;EFNB2;PLXNA3;VASP;UNC5A;SPP1;SLIT3;WNT5A;EFNA4;SEMA4F;DCHS2;NRP2;LLGL1;GLI2;SEMA5B;MAP6;SEMA5A;GPM6B;ATOH7;WNT7A;MARK2;CCK;ABL1;BOC;PLXNA4;GAP43;APP;VEGFA;SEMA3A;ADCY10;LHX9;PRKCQ;SLIT1;ARHGEF40;NRDC;BDNF;WNT7B;PLEKHG4B;TRPV2;EPHB2;TRPC5;PRKG1;NTNG1;VANGL2;PICALM;NTN4;L1CAM;SEMA4D;STK24;MAP2;SOS1;KIAA1755;MCF2;DPYSL5;EVL;LGI1;LRP4;CELSR3;NEXN;PLEKHG4;SIAH1;TRIO;RYK;SHTN1;CDH1;LGR6;NTRK2;KIF21A;PLP1;S100A6;DOCK7;UNC5D;TNR;COBL;CTNNA2;CNTN2	Axon development	Inh	C9_FTD_vs_Ctrl_Occipital	regional_control	24471	70	37	0.404655588732688	0.0206497993348189		0.0264317431485682		family_result				
protein_folding	0.0289803180839456	0.0405724453175238	0.352487857583619	0.264652493640005	1.31838982171745	203	CLGN;DNAJB1;DNAJB4;PDCL2;HSPH1;SDF2L1;HSPA4;HSPA1B;CRYAB;PDIA6;HSPA1A;DNAJB6;COX19;AHSA1;CHORDC1;BAG2;BAG3;HSPB2;DNAJA1;DNAJB5;DNAJC3;PTGES3;LMAN2L;CCT3;CCT5;PDIA4;CCT4;HSPB1;DNAJA4;WIPF1;METTL21A;TCP1;NFYC;DNAJC24;DNAJC25;HDAC4;LTBP4;MPDU1;ENGASE;RANBP2;PDIA5;PPID;HSPE1;HSPA4L;NAA10	Protein folding	Inh	C9_FTD_vs_Ctrl_Occipital	regional_control	24471	70	37	0.404655588732688	0.0405724453175238		0.0583776191619048		family_result				
protein_stabilization	0.802850356294537	0.936658749010293	0.0639271933359996	0.177762097771266	0.893770202712128	213	CHEK2;FLNA;HSPA1B;PEX6;CRYAB;HSPA1A;ATP1B3;BAG2;ZSWIM7;BAG3;TNIP2;FLOT2;PTGES3;CCT3;CCT5;PARVA;GPIHBP1;MORC3;CCT4;HSPB1;IGF1;CBL;CREB1;TCP1;HIP1;C10orf90;WDR81;HIP1R;DVL1;PAK4;IFT46;PRKRA;TMC8;PRKCD;NAPG;SMAD7;TSPAN1;NLK;RASSF2;UXT;DSC3;CALR;URI1;CDC37L1;AKT2;WNT10B;DSP;HSP90AA1;PFDN5;PYURF;SYVN1;UBE2B;STK4;EHMT1;MCM8;MTMR9;CREBL2;GET1;SAXO1;AAK1;IP6K2;TTI1;TTI2	Protein stabilization	Inh	C9_FTD_vs_Ctrl_Occipital	regional_control	24471	70	37	0.404655588732688	0.936658749010293		0.925095060750907		family_result				
mitochondrial_energy	0.938628158844765	0.938628158844765	0.0438879842863647	-0.172818116719554	-0.761261934253404	112	SDHC;NDUFA9;UQCRC1;ATP5F1A;SDHD;COX7B2;ATP5F1B;ATP5F1C;NDUFB1;DGUOK;COX7A2L;NUPR1;SDHAF2;NDUFA7;GHITM;NDUFS1;ATP5F1D;RHOA;SLC25A51;PINK1;SLC25A33;VCP;NDUFS6;SDHB;NDUFS4;ATP5PB;CHCHD2;NDUFS3;NDUFA5;PPIF;ATP5PD;NDUFA10;SIRT3	Mitochondrial energy	Inh	C9_FTD_vs_Ctrl_Occipital	regional_control	24471	70	37	0.404655588732688	0.938628158844765		0.995514713926266		family_result				
small_GTPase	0.000000309205841462274	0.00000216444089023592	0.674962860011025	-0.311934600536194	-1.74622198695705	408	SIPA1L1;ROCK1;AKAP13;CYTH1;FBP1;RASGEF1B;F11R;FGD4;RHOQ;ARHGAP18;RIPOR1;DOCK11;RALGAPA2;DAB2IP;MYO9B;FAM13A;RAPGEF1;DENND1A;CXCL13;SWAP70;DOCK7;PLEKHG1;ABCA1;GNA13;RASGRP3;NOTCH2;SOS1;ITSN1;LRRK2;MAPRE2;CHORDC1;RIN2;ARF6;APOE;USP8;FGF2;STARD13;RRAS;DENND4C;VAV2;ARAP1;TRIO;ARHGAP15;SOS2;RALGAPB;RAB9A;ARHGAP6;PPP1CB;FARP1;RAP1B;RAPGEF3;CCDC88A;ARHGAP24;DNMBP;DOCK5;RACGAP1;ELMO1;RAB3GAP1;PIK3CG;FBXO8;NF1;ARRB1;BRAP;WNK1;ARFGEF1;ARHGEF28;RALBP1;ARHGEF40;SRC;ROCK2;HACE1;LRP4;ARHGEF11;RASA2;LARGE1;PICALM;ARHGAP35;FXR1;DOCK3;CRK;GNA12;EPS8;RALGPS2;SH3BP4;PSD3;SH2D3C;CYTH2;RASSF1;MAP4K4;RAB21;ARHGDIB;RHOG;ARHGAP10;RB1;ARHGAP22;FGD3;GIT2;GABARAP;ARHGAP5;HEG1;RSU1;RAP2B;FERMT2;AIF1;RASA4;IQSEC1;TAX1BP3;GARNL3;TGFB2;NKIRAS2;RAB12;RAB30;ARHGEF2;KANK1;ARFGEF2;DOCK4;SIPA1L3;RAPGEF4;ARHGEF3;RALGPS1;DOCK1;AUTS2;RAP1GAP2;TNK2;RAP1A;CCR7;ARHGAP21;DOCK6;EPHB2;PLD1;KSR1;ARHGEF17;DOCK2;DVL2;RASGEF1A;CDKN1A;MRAS;RAF1;PLXNB1;PHACTR4;CCDC125;OPHN1;RASAL3;DOCK10;SPRY1	Small GTPase	Micro	C9_ALS_vs_C9_FTD_Occipital_batch_bridged	regional_control	14087	67	35	0.330833540620104	0.00000216444089023592		0.00000247364673169819		family_result				
mitochondrial_energy	0.000035577406837545	0.000124520923931407	0.557332238758646	0.409314586704984	1.86547001609959	106	SDHB;NDUFB5;NDUFA9;ATP5F1C;NDUFV1;STOML2;SDHA;CHCHD2;NDUFA8;ATP5PB;SIRT3;NDUFB9;VCP;NDUFA2;GHITM;UQCRFS1;PINK1;ATP5F1D;NDUFA5;MLXIPL;CYC1;NDUFAF1;UQCRC2;ATP5F1A;NDUFS5;NDUFS3;ANTKMT;NDUFB8;SLC25A51;NDUFAB1;COX7A1;TNF;NDUFB1;NDUFC2;ATP5F1B;UQCC3;ISCU;SLC25A33;COX6A1;NDUFS8;PPIF;ATP5IF1;NDUFV3;NDUFV2;NDUFA3;COX5B;NDUFS6;COX7A2;COX6C;UQCC2;COX4I1;CYCS;NDUFS2;C2orf69;NDUFA10;UQCRQ;PARK7;NDUFA7;UQCRC1	Mitochondrial energy	Micro	C9_ALS_vs_C9_FTD_Occipital_batch_bridged	regional_control	14087	67	35	0.330833540620104	0.000124520923931407		0.000160529366533663		family_result				
protein_folding	0.00610489678284907	0.0142447591599812	0.407017918923954	0.286952774230653	1.43223900941097	182	DNAJB11;CDC37;PPIL3;SDF2;DNAJB12;TBCEL;ZPR1;CANX;PPIL2;CSNK2A1;ANP32E;NUDCD3;PPIE;PPIL1;CLU;DNAJC10;FKBP1A;DNAJC18;NUDCD2;DNAJA2;VBP1;PFDN1;MPDU1;HSP90B1;CCT6A;PDIA6;PDCL3;ERP27;BAG5;PDIA2;DNAJC7;CDC123;POFUT2;QSOX1;TBCB;PPIA;DNAJC25;RIC8A;RIC3;DNAJC4;PDIA4;PPIH;CDC37L1;HDAC4;SDF2L1;TTC4;PDRG1;PBDC1;COA3;CCDC47;MESD;P4HB;RUVBL2;LMAN1;TRAP1;CCT7;PPIB;AIFM1;GRPEL1;HSPBP1;FKBP8;HSPA5;TBCE;UGGT1;SIL1;SACS;HYPK;DNAJB2;DNAJA3;PPIF	Protein folding	Micro	C9_ALS_vs_C9_FTD_Occipital_batch_bridged	regional_control	14087	67	35	0.330833540620104	0.0142447591599812		0.014486195755913		family_result				
axon_development	0.169144981412639	0.296003717472119	0.144630528034484	0.214789862092903	1.13314308068865	308	PRKCQ;ARHGEF25;SEMA4D;KIF21A;SCN1B;NMNAT2;CHN1;MAP1B;TENM2;DCLK1;KIF5C;KIF5A;PPP3CB;KALRN;NRXN1;ZPR1;CTTN;OLFM1;MAP2;CNTN5;CDK5R2;CNTN1;EPHA7;ROBO2;UNC5D;NTRK2;RAB3A;CDH2;CNTN4;MAP1S;NPTX1;SEMA6A;TUBB2B;NELL2;B4GALT6;DCC;PAK3;NEFH;NEUROD2;BRSK2;EPHA4;ZFYVE27;LGI1;CTNNA2;SPTBN4;PGRMC1;GDI1;PRKCA;SLITRK4;KIFC2;TUBB3;APLP1;NCAM1;CNTN6;AFG3L2;TNFRSF21;ADGRB1;ACTG1;FLRT3;STXBP1;NOVA2;PTPRO;RTCA;CSPG5;EFNA5;VASP;MAP1A;LIMK1;SEMA4C;MAP3K13;TAOK2	Axon development	Micro	C9_ALS_vs_C9_FTD_Occipital_batch_bridged	regional_control	14087	67	35	0.330833540620104	0.296003717472119		0.278591734091406		family_result				
synapse_junction	0.370093457943925	0.518130841121495	0.0919686140000427	0.19167054378623	1.03069479796525	356	CUX2;SEMA4D;ANK2;GPM6A;IL1RAPL2;CLSTN3;CDH12;MAP1B;ADD2;CDH18;NRXN1;GABRA1;OPCML;CTTN;FSCN1;GABRG2;LRRTM4;CLSTN1;HAPLN4;GRIA1;TLN2;CBLN4;CNTN5;NEGR1;EPHA7;ROBO2;CDH2;NRXN2;DBNL;LRRTM2;ANKRD28;NPTX1;DMTN;GABRA4;GABRB2;ABI2;ACTN1;PTPRD;NPHP1;ARHGEF9;SYNDIG1;CAPZA1;SKP1;ASIC2;PRKCA;RAP2A;NLGN1;SLITRK4;LRRC4;NRG3;DVL1;SIGMAR1;ACTG1;GABRA2;FLRT3;CDH22;CLSTN2;PTPRO;HOPX;ADGRL3;EFNA5;LRFN5;GABRB3;PATJ;C1QL3;IKBKB;SEMA4C;TAOK2;MICALL2;RAC3;NLGN2;ACTB;CDH8;DAPK3;LSAMP;PIP5K1A;UBE2M;LRRTM3;NRXN3;TNF;CNTNAP2;SLITRK5;EPHB3;SPTBN2;CDH10;PRKACA;PTPN1;THY1;FN1;MAPT;CNTNAP1;ADGRL2;NLGN4Y;IL1B;NAE1;NRCAM;CYFIP2;LATS1;GABRG3;EIF4G1;ARHGAP4;CDH9;CSMD2;CASKIN1;CDH4;NTRK3;LRRC4B;RTN4RL2;RELN;PLXNB2;GRID2;TRIP6;LIN7A;LHFPL4;ZDHHC12;LIN7C;PTPRA;LRFN1;PTPN13;GAP43;PTPRS;PTPRK;TLN1;ZDHHC8;RTN4R;SHANK2;BSN;SLITRK1;PRICKLE1;SPOCK2	Synapse/junction	Micro	C9_ALS_vs_C9_FTD_Occipital_batch_bridged	regional_control	14087	67	35	0.330833540620104	0.518130841121495		0.520734513689945		family_result				
protein_stabilization	0.693156732891832	0.808682855040471	0.0675188953767744	-0.176903819936723	-0.91122363603347	191	TBL1X;EGLN3;GRN;BAG1;CCNH;MORC3;CREBL2;PTGES3;EP300;ATP1B3;MFSD1;CREB1;CRTAP;BAG3;TYROBP;NAA16;USP9X;CBL;ATM;LAMP2;UBE2B;GNAQ;RASSF2;PFN1;HSPB1;STK4;TBRG1;NLK;C10orf90;TRIM44;RUVBL1;ZNF207;AAK1;WDR81;BAG2;RASSF1;RAB21	Protein stabilization	Micro	C9_ALS_vs_C9_FTD_Occipital_batch_bridged	regional_control	14087	67	35	0.330833540620104	0.808682855040471		0.845921450151058		family_result				
heat_response	0.895615866388309	0.895615866388309	0.0526973085708419	-0.178101606069861	-0.781602995484321	74	DNAJB6;HDAC2;CHORDC1;EP300;BAG3;CREBBP;ATM;GSK3B;HSPB1;DNAJB4;HSPA1A;ATXN3;HSF1;GCLC;DNAJB1;EEF1D;HSPA1B;CRYAB;DNAJA1;THBS1;CLPB;DNAJA4;HSP90AA1;HMOX1	Heat response	Micro	C9_ALS_vs_C9_FTD_Occipital_batch_bridged	regional_control	14087	67	35	0.330833540620104	0.895615866388309		0.973576727515212		family_result				
mitochondrial_energy	0.000000000317013705314735	0.00000000221909593720314	0.814035837847908	0.519145395507164	2.43904432520361	106	NDUFS8;SLC25A51;NDUFA8;NDUFS5;NDUFS1;NDUFAB1;NDUFV1;UQCRFS1;C2orf69;MLXIPL;SIRT3;NDUFA7;NDUFB8;STOML2;ANTKMT;UQCC3;ATP5F1A;NDUFB9;NDUFS3;NDUFC2;SLC25A33;NDUFA13;TNF;ISCU;COX6C;ATP5F1B;SDHA;CHCHD2;SDHB;NDUFB1;VCP;ATP5IF1;NDUFS2;NDUFA9;ATP5PF;COX7A1;NDUFV3;UQCR10;ATP5PD;NDUFA2;COX6A1;COX5B;NDUFAF1;UQCRC2;COX4I1;TEFM;NDUFC1;PARK7;NDUFA5;NDUFA12;CYCS;GHITM;COX6B1;NDUFS6;ETFRF1;NDUFA3;ATPSCKMT;ATP5ME;CYC1;NDUFB4;PPIF;ATP5F1D;PINK1;COX5A;NDUFB2;NDUFA11;NDUFB3;NDUFA10	Mitochondrial energy	Micro	C9_ALS_vs_Ctrl_Occipital	regional_control	14087	67	35	0.330833540620104	0.00000000221909593720314		0.00000000493132430489588		family_result				
small_GTPase	0.00000000751945400675609	0.0000000263180890236463	0.747739663149885	-0.353847967121924	-1.83782125791634	408	SIPA1L1;ABCA1;CYTH1;F11R;AKAP13;RAPGEF1;NOTCH2;FGD4;GNA13;ROCK1;DAB2IP;SOS2;RASA2;RHOQ;FAM13A;RAB21;APOE;RAP1B;DOCK5;ARHGAP6;PLEKHG1;RHOG;ITSN1;DENND1A;LRRK2;SWAP70;RIN2;RASGEF1B;RALGAPA2;LARGE1;DOCK11;CHN2;RASGRP3;ARHGAP18;ROCK2;PICALM;CXCL13;ARRB1;SOS1;MYO9B;ARHGAP15;PPP1CB;WNK1;FBP1;RASSF1;MAPRE2;DENND4C;DNMBP;RAF1;GIT2;SH3BP4;RB1;RALGPS2;SRGAP3;TRIO;RAB9A;PHACTR4;PPP1CA;ARFGEF2;RAB18;TAX1BP3;RAP2B;ARFGEF1;DOCK7;ARHGAP5;ARHGEF3;STARD8;RAPGEF3;GNA12;ARHGEF2;ARHGAP19;CUL3;SPRY1;AUTS2;DOCK1;NF1;PIK3CG;RAP1GAP2;PREX1;RAPGEF2;ELMO1;RAB12;FARP2;RRAS;DOCK2;RND3;ARAP1;RHOH;ARHGAP10;CRKL;ALS2;ARHGAP30;RASA4;IQSEC1;ARHGAP24;FERMT2;MRAS;FBXO8;IQSEC2;CDKN2A;CDKN1A;USP8;RASA4B;PSD3	Small GTPase	Micro	C9_ALS_vs_Ctrl_Occipital	regional_control	14087	67	35	0.330833540620104	0.0000000263180890236463		0.0000000957021419041684		family_result				
protein_folding	0.0000871138287577044	0.000203265600434644	0.538434096309916	0.336997734888573	1.70935029508033	182	PPIL2;DNAJB11;SDF2;DNAJC10;RIC3;CSNK2A1;VBP1;ARL2;PPIL1;CANX;ZPR1;CCT6A;TBCB;NUDCD2;NUDCD3;CCT7;AIFM1;CRYAB;HSPA13;HSPBP1;PDCL3;CLU;CDC37;DNAJA2;QSOX2;HSPA2;TBCA;DNAJC7;TTC1;COA3;PPIE;KHSRP;CDC123;PPIA;TELO2;TCP1;PFDN2;MOGS;DNAJC4;CCT5;TRAP1;SNRNP70;BAG4;PDIA5;HSP90B1;PFDN1;TBCEL;CCT2;RIC8B;PPIL3;GRPEL1;COX14;PDIA2;MKKS;DNAJB2;LYRM7;TBCE;FKBP1A;BAG5;FKBP4;SDF2L1;PDCD5;PFDN4;TUBA1A;ERP27;LTBP4;PDIA6;AHSA1;DNAJB12;TBCD;HSPA4L;ERP29;PPIF;DNAJA3;SIL1;POFUT2	Protein folding	Micro	C9_ALS_vs_Ctrl_Occipital	regional_control	14087	67	35	0.330833540620104	0.000203265600434644		0.000348455315030818		family_result				
axon_development	0.0264312020137332	0.0462546035240332	0.352487857583619	0.233908129589564	1.24927162919114	308	GDI1;ENAH;CTTN;ARHGEF25;KIF5A;YTHDF1;PTPRJ;PPP3CB;MAP1B;CDK5R2;NMNAT2;NRXN1;SEMA4D;CHN1;MAP2;APLP1;SCN1B;KIF5C;ZPR1;KIF21A;EPHA4;DCLK1;NCAM1;PGRMC1;FEZ1;EPHB6;BRSK2;GPM6B;RAB3A;KALRN;MAP1S;CNTN6;CDK5R1;OLFM1;EPHA7;LGI1;EPHB3;B4GALT6;NTNG2;APOD;THY1;TNFRSF21;ADGRB1;ANAPC2;MAPT;NEUROD2;CTNNA2;PAK3;ZDHHC17;CDH2;CNTN1;NPTX1;TUBB3;SEMA4C;VASP;CCK;PTN;NRCAM;ROBO2;APBB1;SLITRK4;MAP1A;TENM3;UNC5A;BCL11A;DPYSL5;STXBP1;SLIT1;SLITRK1;NEFH;TRPV2;AFG3L2;ACTG1;TAOK2;NTRK2;ACTB;RTCA;MT3;LIMK1;PLP1;CNTN4;GAP43;ZFYVE27;NFIB;MEGF8;CNTNAP1;KIFC2;SEMA3E;EVL;PLPPR4;CHODL;EPHA3;NFASC;PARD6B;SEMA7A;CYFIP1;FLRT3;EFNB3;CYFIP2;MCF2;TRAK2;ROBO1;SEMA6A;MAP3K13;PTPRS;PLXNA4;TENM2;CDKL3;PAFAH1B1;CELSR1;NPTN;RAC3;PRKCQ;NTNG1;DHFR;COBL;ROBO3;RTN4;BHLHE22;NREP;OLIG1;NELL2;NOVA2;MAP7D2;RNF6;RELN;SZT2	Axon development	Micro	C9_ALS_vs_Ctrl_Occipital	regional_control	14087	67	35	0.330833540620104	0.0462546035240332		0.0540199749185789		family_result				
heat_response	0.203579418344519	0.285011185682327	0.144630528034484	0.267624951456903	1.16590126457977	74	YWHAE;TRPV1;CRYAB;PDCD6;DNAJA2;EIF2B1;HSPA2;MAPT;DNAJC7;SOD1;SUMO1;EIF2S1;VCP;HTRA2;IL1A	Heat response	Micro	C9_ALS_vs_Ctrl_Occipital	regional_control	14087	67	35	0.330833540620104	0.285011185682327		0.32387634736628		family_result				
protein_stabilization	0.350649350649351	0.409090909090909	0.0870515867946735	-0.218859360497175	-1.04901157195224	191	TBL1X;RASSF2;RAB21;CRTAP;ATP1B3;GRN;CCNH;CREBL2;TAF1;PFN1;STK4;RASSF1;ZNF207;USP9X;USP36;TYROBP;MCM8;PPP1CA;MFSD1;TSC1;BAG1;STK3;WDR81;HPS4;PIK3R1;LAMP1;STX12;NOP53;DBR1;HERC2;NAA16;TBRG1;SEL1L;CBL;PAK4;BAG3;CDKN2A;CREB1;FLNA;GNAQ;FLOT2;EGLN3;PTGES3	Protein stabilization	Micro	C9_ALS_vs_Ctrl_Occipital	regional_control	14087	67	35	0.330833540620104	0.409090909090909		0.503496503496504		family_result				
synapse_junction	0.706870229007634	0.706870229007634	0.0491927521045191	-0.178517616003171	-0.914441785244285	356	F11R;RAPGEF1;PECAM1;GNA13;ROCK1;CTNNB1;RAP1B;CORO1C;ARHGAP6;VMP1;RYK;RHOG;CDH26;DNM3;EPB41L3;SLK;PEAK1;CLASP1;SRGAP1;ROCK2;CC2D1A;RAB13;ZDHHC2;DST;PKN2;TESK2;SRGAP3;PRKCH;TLR2;PPM1F;RTN4RL1;PLXNA2;SDC2;DUSP22;MYO1C;DLG1;WHAMM;PARD3;GPHN;TSC1;FER;PLXND1;DOCK1;CRIPT;LDB1;PDLIM5;CPEB3;RAPGEF2;ELMO1;PLXNA1	Synapse/junction	Micro	C9_ALS_vs_Ctrl_Occipital	regional_control	14087	67	35	0.330833540620104	0.706870229007634		0.853834276891405		family_result				
small_GTPase	0.0280403066959063	0.196282146871344	0.352487857583619	0.21503899089787	1.20165287443601	408	SRC;RIPOR1;RALGAPB;ARF6;BRAP;FBP1;CHORDC1;FARP1;VAV2;SH2D3C;FGF2;SGSM3;ROCK1;ARHGAP18;STARD13;RSU1;RASGEF1B;ARHGEF28;USP8;DOCK7;RAB3GAP1;FXR1;DOCK10;RTKN;DOCK6;ARHGEF40;RAP1GAP;DOCK11;RACGAP1;ARHGDIB;RRAS;GARNL3;ARAP1;EPHB2;ARHGAP35;MYO9B;CCDC88A;NKIRAS2;TGFB2;HEG1;RALGAPA2;ROBO1;RALBP1;SIPA1;ARHGAP22;IQSEC3;RHEB;ARHGAP24;NOTCH1;FGD3;KBTBD7;CRK;GABARAP;RHOQ;CXCL13;CYTH2;RALA;ARHGAP17;FBXO8;MICALL2;RASGEF1A;PSD4;RAB39A;ARHGAP21;AKAP13;RALGPS1;ARHGAP31;KANK1;TIAM2;ARHGEF11;LPAR1;LRP4;CSNK1E;CYTH3;SIPA1L1;MYO6;BCR;RAPGEF3;ARHGEF17;FAM13B;RGL3;DLC1;PPP1CC;VAV1;MAP4K4;ELMO1;ARHGEF18;MAPRE2;HACE1;DOCK3;RAB4B;SOS1;PIK3CG;NUCB2;TRIO;RAB30;SIPA1L3;FGD4;OPHN1;HRAS;NF1;ARHGEF10L;CDC42SE1;FNTA;WASF1;RAB9A;RAB4A;RAPGEF4;OBSCN;ARL3;KRAS;NISCH;RASGRP3;ABR;DENND1A;G3BP1;DENND4C;RASGRP1;RASGRP4;PLXNB1;ARHGAP1;SWAP70;EPS8;RASGRF1	Small GTPase	Micro	C9_FTD_vs_Ctrl_Occipital	regional_control	14087	67	35	0.330833540620104	0.196282146871344		0.0568933759047375		family_result				
heat_response	0.132124352331606	0.462435233160622	0.197822021315103	0.280622203776183	1.21685571437517	74	DNAJB6;CRYAB;CHORDC1;EP300;HDAC2;HSPA2;DNAJB4;EIF2B2;EEF1D;ATM;BAG3;HSPB1;DNAJA1;EIF2B5;HIKESHI;GSK3B;HSPA1B;HSPA1A;SOD1;HSF1;TPR;HTRA2;EIF2B4;HSBP1;GCLC;HSP90AA1;IL1A;HSBP1L1;THBS1	Heat response	Micro	C9_FTD_vs_Ctrl_Occipital	regional_control	14087	67	35	0.330833540620104	0.462435233160622		0.228363078104011		family_result				
synapse_junction	0.43046357615894	0.886036036036036	0.0658311958368866	-0.199431115251261	-1.01047176528508	356	CAPZA1;CBLN4;SIGMAR1;DBNL;CNTN5;TRIP6;SRGAP3;CUX2;PTPRA;LATS1;PRKCA;CSMD2;ADGRL2;IL1RAPL2;CLSTN3;ADD2;ANKRD28;EFNA5;CLSTN1;PTPN1;ARHGEF9;NRXN2;PRKACA;CDH18;CDH22;HIPK1;ANK2;NEGR1;WHAMM;LRRTM4;SEMA4D;LIN7C;TLN2;PTPRD;PTPRO;PRICKLE1;OPCML;CDH12;GPHN;RAP2A;GRIA1;NPHP1;SRGAP2B;NRG3;GABRG2;GABRA2;ROBO2;IKBKB;GABRB2;PRKCH;HAPLN4;TLN1;SLITRK5;FGF13;PIP5K1A;ARHGEF7;TSC1;DUSP22;NLGN4Y;SKP1;APP;NRP1;MYO1C;CRKL;DNM3;PLXND1;ASIC2;LIN7A;SEMA4A;GABRA4;CDH2;FLRT3;CC2D1A;EPHA7;EIF4G1;NPTX1;RHOG;NRXN1;ZDHHC12;NPHP4;RTN4RL2;EPB41L3;SHANK3;ARHGAP4;RAC3;LRFN5;VSIG10;NRXN3;CASKIN1;TLR2;MAP1B;LRFN1	Synapse/junction	Micro	C9_FTD_vs_Ctrl_Occipital	regional_control	14087	67	35	0.330833540620104	0.886036036036036		0.585096122934482		family_result				
protein_folding	0.707462686567164	0.886036036036036	0.0481183992657975	-0.19130212812316	-0.89523370808628	182	PPIL3;DNAJB12;DNAJC18;ANP32E;LMAN1;CDC37L1;TBCEL;CDC37;MPDU1;SACS;DNAJC25;HDAC4;FKBP1A;RIC8A;QSOX1;CLPX;HYPK;PDRG1;PDIA4;PDIA6;UGGT1;PEX19;PPIB;RUVBL2;TTC4;PPIH;NKTR;MESD;PPIE;P4HB;POFUT2;ERP27;PFDN1;FKBP8;SELENOF;TSC1;ATF6;CCDC47;PBDC1;ZPR1;BAG5;HSP90B1;CANX	Protein folding	Micro	C9_FTD_vs_Ctrl_Occipital	regional_control	14087	67	35	0.330833540620104	0.886036036036036		0.853834276891405		family_result				
protein_stabilization	0.717037037037037	0.886036036036036	0.0471642455670861	-0.190366879329121	-0.894882992124272	191	RABL3;PYURF;PER3;CDC37L1;DNAAF2;CTNND1;TMC6;CDC37;USP7;MTOR;ANK2;WFS1;ZSWIM7;STK3;HYPK;PDRG1;PHB2;GLMP;TAF1;CBLB;PLPP3;PEX19;PPIB;FLNA;PINK1;RUVBL2;RAB21;SWSAP1;PFDN1;OTUD3;TSC1;FBXW7;RASSF2;SEL1L;WIZ;PPP1CA;BAG5;COG3;PIM1;TRIM39;STX12;SEC16A;CALR;CLU;USP36;MDM4;DVL3;NAA30;GET1;PIK3R1;BAG6;IFT46;PPP1R10	Protein stabilization	Micro	C9_FTD_vs_Ctrl_Occipital	regional_control	14087	67	35	0.330833540620104	0.886036036036036		0.857993035770814		family_result				
axon_development	0.75945945945946	0.886036036036036	0.0403295396423143	-0.179772694529436	-0.898249201749924	308	PRKCQ;TENM2;TENM1;CNTN5;DCC;C9orf72;TUBB2B;UNC5D;PRKCA;STK24;SEMA6B;EFNA5;B4GALT5;NELL2;VIM;FYN;SPTBN4;GRM7;SEMA3A;SEMA6A;PRKG1;KIF21A;SEMA4D;SCN1B;PTPRO;PRICKLE1;METRN;NTRK2;SLC25A46;CNTN4;GOLGA4;KALRN;ROBO2;SEMA6C;NMNAT2;CNTN1;FZD3;RAB21;ZFYVE27;SLITRK5;OLFM1;FGF13;NEFH;DCLK1;CHN1;NOVA2;CSPG5;APP;NRP1;KIFC2;KIF5C;INPP5F;ARHGEF25;PLXND1;SEMA4A;ZPR1;SLIT3;CDH2;CELSR2;FLRT3;CSF1R;EPHA7;NPTX1;NRXN1;PTPRM;MAP3K13;RTN4RL2;PAK3;ARHGAP4;RAC3;NRXN3;MAP1B;NEUROD2;SLIT2;SCARF1;WNT5A;PPP3CB;TNR;AFG3L2;PITPNA;EPHA6;SLITRK4;B4GALT6;EPHB1;ACTG1;L1CAM;LMO4;MAP1S;NEXN;MAP2;RAB3A;RTCA;RYK;RTN4R;CTNNA2;SMURF1;LRRC4C	Axon development	Micro	C9_FTD_vs_Ctrl_Occipital	regional_control	14087	67	35	0.330833540620104	0.886036036036036		0.893481717011129		family_result				
mitochondrial_energy	0.998473282442748	0.998473282442748	0.0332359307785383	-0.138759614574467	-0.607865043614288	106	NDUFB5;SDHB;ATP5PB;ATP5F1C;NDUFA9;GHITM;PINK1;ATP5F1D;SDHA;NDUFA2;NDUFV2;CHCHD2;VCP;CYC1;NDUFA5;STOML2;DGUOK;SDHC;NDUFB9;UQCRC1;SDHAF2;NDUFV1;NDUFAF1;UQCRC2	Mitochondrial energy	Micro	C9_FTD_vs_Ctrl_Occipital	regional_control	14087	67	35	0.330833540620104	0.998473282442748		1		family_result				
mitochondrial_energy	0.00000281218600071497	0.0000196853020050048	0.627256739718528	0.430074012340487	1.99155734650465	108	COX7A2L;RHOA;SLC25A33;SDHAF2;NDUFA7;ATP5F1D;NDUFS8;PPIF;NDUFB1;NDUFC2;NDUFS6;NDUFAB1;NDUFS3;ATP5IF1;COX5A;DGUOK;UQCR10;SHMT2;NDUFA3;SDHD;COX7B;NDUFS7;NDUFB9;ATP5MF;GHITM;NDUFB5;NDUFB7;NDUFV1;NDUFA5;ATP5PD;COX4I1;ATP5F1B;NDUFA11;NDUFA6;ATP5PB;NDUFS5;COX6A1;UQCRH;STOML2;SLC25A51;PINK1;NDUFAF1;ATP5ME;MLXIPL;UQCRC1;CHCHD2;UQCRFS1;SIRT3;NDUFA8;UQCRQ;ISCU;NDUFB8;UQCC3;COX7C;NDUFA12;UQCR11;SDHC;UQCRHL;ATP5PF;ATP5F1A;VCP;NDUFB4;COX6B1;NDUFA1;PARK7;COX5B;TEFM;NDUFC1	Mitochondrial energy	OPC	C9_ALS_vs_C9_FTD_Occipital_batch_bridged	regional_control	17846	72	37	0.36347345044934	0.0000196853020050048		0.0000183119088418649		family_result				
synapse_junction	0.000175680051890073	0.000477910942183942	0.518848077743792	-0.277836255435327	-1.4968758917733	417	GPM6B;PTPRJ;MAPT;DST;PARD3;SLITRK5;CDH20;BCR;CUX2;CRTAC1;PCDHB13;SMAD7;RAPGEF2;CDH22;SRGAP3;SDK1;MPDZ;SLITRK4;EPHB2;NAE1;AFDN;CLASP1;EEF2K;PRKCA;UGT8;TLN2;OPHN1;ERBB4;PCDH17;ELMO1;PKP4;PEAK1;CORO1C;NLGN4X;GNA13;IGSF11;DKK1;PIP5K1C;PLXNA4;DOCK1;MYCBP2;CPEB3;NRCAM;IKBKB;ANKRD28;DSCAM;PTPN13;RTN4RL1;LRP4;ARMCX5-GPRASP2;GRID2;DOCK4;LIN7A;ADGRL3;IL1RAPL1;DNM3;IGLON5;CDH19;FER;ARHGEF7;TSC1;NLGN1;SETD5;LRRTM4;SLIT1;LRRTM3;OPCML;DLC1;ZNF703;NRXN1;GABRA5;RYK;SHANK3;CASKIN1;MAP4K4;ROCK2;SRGAP1;C1QL2;TBCD;ABI2;SEMA4D;CDH26;SLITRK1;LRRC4;NEGR1;PLXNB1;JUP;PTPRD;PLXNA3;LRRTM2;GABRA3;DOCK10;LSAMP;SNCA;CYFIP2;ITGA2;ARHGAP32;CDH18;ARHGEF9;PDLIM5;CDH4;CDH10;CDH2;S100A10;STRN;DLG1;FBF1;APOD;ROCK1;SRGAP2C;PTPRS;PTPRK;CRIPT;MARK1;EFNB2;DNER;NTRK3;PKN2;SNAI2;FZD5;GJB1;NECTIN3;ASIC1;JAM3;PCDHB9;WDR1;ANK2;TESK2;CLASP2;SRGAP2;FAM107A;CSMD2;EPHB3;DLG5;GABRG1;GABRB3;MACF1;DRD2;ITGB1BP1;AGRN;TJP1;RAB17;DUSP22;NRG3;PAK2;LZTS1;TEK;IL1RAPL2;RHOG	Synapse/junction	OPC	C9_ALS_vs_C9_FTD_Occipital_batch_bridged	regional_control	17846	72	37	0.36347345044934	0.000477910942183942		0.000647242296437111		family_result				
small_GTPase	0.000204818975221689	0.000477910942183942	0.518848077743792	-0.276474158556431	-1.49101676015187	414	ARHGEF10;DOCK11;GIT2;RAPGEF3;BCR;ARHGEF4;RIN2;DOCK9;RAPGEF2;RHOQ;CSNK1E;SRGAP3;ARFGEF3;ARHGEF19;IQSEC1;EPHB2;RIT2;ITGAV;FAM13A;RHOU;GIT1;ARHGAP21;PLD1;CCDC125;ARHGEF2;DENND1A;SPRY1;ARHGAP24;OPHN1;ELMO1;PKP4;SH3BP4;ARL3;ARHGAP1;FXR1;GNA13;RAPGEF4;KANK1;ARAP1;DOCK1;NET1;RASGEF1B;MRAS;SIPA1L1;RND2;RALGPS2;KSR2;GMIP;LRRK2;LRP4;FBP1;ARHGAP20;SHOC2;MAPRE2;DOCK4;DOCK5;DVL2;RALGAPA2;ARHGAP10;RB1;AKAP13;ARFGEF1;NGF;NOTCH2;HEG1;ITSN1;ARHGEF7;SOS2;GRAP2;SOS1;RAB9B;DLC1;SIAH2;KRIT1;CDC42EP4;HACE1;ARHGAP22;PICALM;KCTD10;RASSF1;MAP4K4;ROCK2;ABI2;MCF2L;CCNA2;ARHGAP17;CYTH1;SEMA4D;ARHGAP5;RASAL1;RALGAPA1;PLXNB1;KSR1;DOCK10;ARHGAP26;RAB39A;ARHGAP35;SH2D3C;ARHGAP32;ARHGEF9;KCTD13;LAT;DOCK8;RAB3GAP1;DENND4A;RASGRP3;ROCK1;CDKL5;WASF1	Small GTPase	OPC	C9_ALS_vs_C9_FTD_Occipital_batch_bridged	regional_control	17846	72	37	0.36347345044934	0.000477910942183942		0.00072594067167181		family_result				
axon_development	0.227272727272727	0.32234762979684	0.118287526124085	-0.205332887308214	-1.08896713196509	352	GPM6B;PTPRJ;MAPT;PARD3;RAB10;DIP2B;SLITRK5;DPYSL5;PALLD;KIAA1755;MAP2;CRTAC1;MT3;MMP2;COBL;GRM7;SLITRK4;EPHB2;SEMA6A;PRKCA;PTCH1;OPHN1;DSCAML1;FYN;LLGL1;PLXNA4;ALCAM;MYCBP2;SIPA1L1;NRCAM;KLF7;DSCAM;EVL;RTN4RL1;LRP4;NFASC;CNTN1;ATL1;TNR;NOTCH2;NCAM1;BOC;MARK2;NFIB;NRDC;SEMA3D;SEMA4G;SOS1;UNC5C;SLIT1;NRXN1;MAG;RYK;PICALM;SEMA4D;DCC;SLITRK1;BMPR2;NMNAT2;LRRC4C;PLXNB1;JUP;PLXNA3;VASP;SEMA6D;ARHGAP35;CYFIP2;DNM2;CDH2;NEO1;SPP1;BAIAP2;APOD;PTPRS;CDKL5;MAP6;PLP1	Axon development	OPC	C9_ALS_vs_C9_FTD_Occipital_batch_bridged	regional_control	17846	72	37	0.36347345044934	0.32234762979684		0.353535353535354		family_result				
protein_folding	0.230248306997743	0.32234762979684	0.135740943810425	0.217831296176456	1.09976896946981	189	ZPR1;PPIL3;NUDCD3;PPIH;MESD;DNAJA3;CCT6B;RIC3;GFER;FKBP1A;TTC4;FKBP9;RUVBL2;SELENOF;CCDC47;PFDN1;CRTAP;PPIF;ARL2;PPIA;RIC8B;CLPX;ANP32E;PFDN2;PPIE;COX14;PDCD5;DNAJC4;BAG5;DNAJC7;MOGS;TOR1A;CCT6A;NAA10;CDC123;HSPA13;PPIC;LTBP4;RIC8A;CCT7;ENTPD5;CDC37;BAG1;NUDC;MKKS;CD74;MPDU1;DNAJC10;NUDCD2;HSPBP1;PFDN5;DNAJC18;TBCB;TUBA1A;SDF2;UNC45A;CCT2;PDCL3	Protein folding	OPC	C9_ALS_vs_C9_FTD_Occipital_batch_bridged	regional_control	17846	72	37	0.36347345044934	0.32234762979684		0.356185226294851		family_result				
protein_stabilization	0.920704845814978	0.94392523364486	0.0538979025357319	0.161235813025563	0.823358621120432	201	CDKN2A;PDCD10;DNAJA3;CAMLG;COG7;ATP1B1;ATP1B2;RUVBL2;PFDN1;CRTAP;LAMP1;TESC;EPHA4;PPP1CA;PPP1R10;TTI2;RABL3;PFDN2;PHB2;SEC16A;PARVA;STX12;EFNA1;BAG5;NAA15;STXBP4;ZBED3;CTNND1;STK3;PLPP3;TRIM37;CCT6A;STK4;TAF1;RTN4;NAPG;CCT7;FBXW7;CDC37;STUB1;PTEN;BAG1;UXT;UFL1;SAXO1;CD74;RPAP3	Protein stabilization	OPC	C9_ALS_vs_C9_FTD_Occipital_batch_bridged	regional_control	17846	72	37	0.36347345044934	0.94392523364486		0.991528295493053		family_result				
heat_response	0.94392523364486	0.94392523364486	0.0452247443372884	-0.169236790576763	-0.71207753372054	71	TPR;MAPT;DNAJB1;ATM;CREBBP;PSIP1;CRYAB;DNAJB6;DNAJA1;HSPB1;BAG3;EP300;MAPKAPK2;NOS1;LRP11;CHORDC1;HSPA2;HSPA1A;HSF1;TRPV1;ATXN3;DNAJC2;RBBP7;HIKESHI	Heat response	OPC	C9_ALS_vs_C9_FTD_Occipital_batch_bridged	regional_control	17846	72	37	0.36347345044934	0.94392523364486		0.997076023391813		family_result				
mitochondrial_energy	0.0000000001	0.0000000007		0.59854017124065	2.84355870769757	108	COX7A2L;PPIF;NDUFAB1;ATP5PD;UQCRB;UQCRH;RHOA;NDUFB5;NDUFS3;UQCR10;GHITM;NDUFA7;NDUFS6;SDHAF2;ATP5ME;ATP5PF;VCP;NDUFB1;NDUFA3;COX7C;NDUFC2;STOML2;NDUFB9;NDUFS5;NDUFA12;NDUFS7;COX4I1;ISCU;NDUFA5;COX7A2;NDUFS8;ATP5F1D;UQCR11;COX6B1;UQCRFS1;ATP5PO;ATP5F1A;NDUFA8;NDUFB7;COX7B;ATP5IF1;NDUFA6;COX5A;ATP5MF;NDUFA1;SIRT3;ATP5PB;PINK1;SDHD;CYCS;UQCRC1;CHCHD2;SDHA;TEFM;PARK7;ATP5F1B;NDUFA11;NDUFV1;NDUFB10;NDUFB8;SLC25A51;DGUOK;NDUFA13;NDUFS2;NDUFB4;ETFRF1;COX6C;ABCD1;UQCRHL;NDUFAF1	Mitochondrial energy	OPC	C9_ALS_vs_Ctrl_Occipital	regional_control	17846	72	37	0.36347345044934	0.0000000007		0.00000000215384615384615		family_result				
synapse_junction	0.0000000154009529667961	0.0000000539033353837865	0.73376198835648	-0.335902863943426	-1.82986617484493	417	SLITRK5;DST;CDH20;DOCK1;RAPGEF2;SNCA;AFDN;PCDHB13;ANKRD28;DOCK4;RAB17;PKP4;PRKCA;TEK;LIN7A;MAPT;ERBB4;GRID2;FER;CYFIP2;RTN4RL1;PATJ;PARD3;ARMCX5-GPRASP2;CLASP1;DNM3;PTPRK;MACF1;CORO1C;CLASP2;NRCAM;NTRK3;IL1RAPL1;PTPRD;PCDH17;SETD5;ARHGAP32;PTPN13;MARK1;ADGRL3;CDH26;LGI2;MYCBP2;BCR;OPCML;TBCD;UGT8;CUX2;NLGN1;LRRC4;GPM6B;DOCK10;TJP1;JUP;PLXND1;NRG3;APOD;DLG1;CPEB3;IKBKB;RAP1B;STRN;NEGR1;NAE1;MPDZ;LRRTM4;NLGN4X;IL1RAPL2;C1QL2;TSC1;PTPRJ;DKK1;CRIPT;CTNNB1;PLXNA4;ARHGEF7;SLITRK4;SRGAP2;PCDHB6;NRXN1;SLIT1;TESK2;PCLO;EEF2K;SDC4;PAK2;CTNNA1;PLXNB3;ROCK2;LSAMP;ANK2;OCLN;PTPRS;AGRN;JAM3;CDH4;CDH19;LAMA3;SIGMAR1;EFNB2;CHD4;FSCN1;GABRG1;CDH2;ACTN1;ABI2;GPM6A;DSCAM;ELMO1;GPHN;CDH22;NECTIN3;SRGAP3;SRGAP1;SNAI1;DLC1;PRICKLE1;PDLIM5;APC;SMAD3;AMOT;CRTAC1;MMP14;PTK2;IGLON5;NTM;SDK1;FERMT2;ECT2;THSD1;RAPGEF1;PEAK1;LRP4;ARHGEF9;PRKCH;ITGB4;FBF1;FZD1;PUM2;MYO9A;SNAI2;CHRNB2;IQSEC2;ROCK1;ZNF703;SMAD7;APP;RAB13;SRGAP2C;SRGAP2B;MAP4K4;DUSP22;PIP5K1C;LRRTM3;PKP2;PLXNB1;GNA13;CRMP1;AMIGO1	Synapse/junction	OPC	C9_ALS_vs_Ctrl_Occipital	regional_control	17846	72	37	0.36347345044934	0.0000000539033353837865		0.000000179677784612622		family_result				
small_GTPase	0.000000346394406415218	0.000000808253614968843	0.674962860011025	-0.322111909130132	-1.75798352299816	414	SH3BP4;RHOQ;DOCK11;DOCK9;DOCK1;RAPGEF2;TRIO;KANK1;DOCK4;CDC42EP4;PLD1;PKP4;LRRK2;AKAP13;TEK;ARHGAP17;ITGAV;PICALM;DHCR24;ARHGAP10;GIT1;VAV3;DENND1A;RAPGEF4;ARHGEF2;GIT2;ARHGEF12;ARFGEF3;CSNK1E;NOTCH2;ROBO1;FAM13A;ARHGEF10;ARHGAP20;RAPGEF3;RIT2;ARHGAP32;GARNL3;RALGPS2;BCR;IQSEC1;NCKAP1;PSD3;CD2AP;KSR2;DOCK5;GMIP;DOCK10;TIAM1;ARHGAP35;EPS8;MAPRE2;RAP1B;ARHGAP26;RIN2;WASF1;CDKN1A;SIPA1L1;ARHGAP12;CYTH1;ARHGEF4;ARHGEF7;KCTD13;ITSN1;SRGAP2;SOS2;RASA2;RALGAPA1;SHOC2;ARHGAP22;DNMBP;KCTD10;ARAP1;ARHGAP21;HACE1;ARHGAP19;ROCK2;CGNL1;DENND4A;FBP1;RALGAPA2;DOCK7;RAP1GAP2;NOTCH1;DOCK3;SYDE2;RASA4B;ARHGAP5;KIF14;RALGPS1;SOS1;NET1;RAB9B;NGFR;TIAM2;TNS3;SIAH2;MRAS;RB1;ABI2;ARFGEF1;MAPKAPK5;ARHGAP24;GRAP2;SPRY1;RASGEF1B;RAPGEF6;ELMO1;IGF1;SRGAP3;NGF;RAB12;SIPA1L3;ARFGEF2;DLC1;SPATA13;LARGE1;FARP2;ARHGAP8;OBSCN;FERMT2;ECT2;RAPGEF1;LRP4;TAX1BP3;ARHGEF9;DENND3;SCAI;GBF1;MYO9A;ABR;IQSEC2;ARHGAP11B;MCF2L;ROCK1;ARHGEF28;ARHGAP1;DOCK6;ARHGDIA;SYDE1;MCF2;MYO9B;MAP4K4;CDKL5;PLCE1;RAB21;RIPOR1;SPRY4	Small GTPase	OPC	C9_ALS_vs_Ctrl_Occipital	regional_control	17846	72	37	0.36347345044934	0.000000808253614968843		0.00000262136307557463		family_result				
axon_development	0.0000916109915808914	0.00016031923526656	0.538434096309916	-0.288812215557201	-1.55750608431296	352	SLITRK5;FYN;SEMA3D;KIAA1755;C9orf72;TRIO;DIP2B;SEMA6A;PRKCA;MAPT;CYFIP2;MAP2;SEMA5A;RTN4RL1;PARD3;PICALM;GRM7;NFASC;DPYSL5;NTN4;COBL;MACF1;NOTCH2;ROBO1;NFIB;CLASP2;NRCAM;ITGA4;ULK2;ALCAM;MYCBP2;KLF7;UNC5C;MT3;GPM6B;TIAM1;JUP;PLXND1;ARHGAP35;APOD;USP33;RAB10;USP9X;DCC;SIPA1L1;DSCAML1;PTPRJ;PLXNA4;ATL1;SLITRK4;EFNB3;NRXN1;SLIT1;MMP2;LRRC4C;TENM1;CAMSAP2;EFNB1;PAK2;CTNNA1;PTPRM;KIF13B;PLXNB3;TSPO;CNTN1;DOCK7;PTPRS;NOTCH1;VASH2;MARK2;SOS1;RAB8A;NMNAT2;DNM2;PTCH1;BMPR2;EFNB2;NRDC;NEO1;CHODL;STK24;TIAM2;ECE1;CDH2;NTRK2;FEZ2	Axon development	OPC	C9_ALS_vs_Ctrl_Occipital	regional_control	17846	72	37	0.36347345044934	0.00016031923526656		0.000356264967259022		family_result				
protein_folding	0.00510225910669356	0.00714316274937098	0.407017918923954	0.276840075051809	1.42344925314286	189	GFER;PPIF;MESD;LTBP4;FKBP1A;PDCL3;ZPR1;TBCE;PPIH;PPIA;PFDN5;PFDN1;RUVBL2;CCT6A;PFDN2;CCT8;PPIL3;CCT7;NUDC;COX14;HSPBP1;NAA10;ENTPD5;CCT6B;FKBP4;DNAJB11;CD74;DNAJC2;PFDN6;DNAJC4;BAG5;TBCC;TOR1A;NUDCD3;MKKS;CCT5;ERP29;MOGS;NUDCD2;RIC3;PPIE;DNAJA3;SDF2;CCT4;GRPEL2;HSP90AB1;CDC37;HSPA2;COA3;DNAJB14;TCP1;DNAJB4;GRPEL1;PDCD5;CDC123;CDC37L1;CCT2;MPDU1;FKBP9;PDRG1;PDIA2;POFUT2;HSPA14;DNAJB6;HSPA4;DNAJA4;SELENOF;PDIA6;DNAJB5;PPIG;PPIC;HSPD1;PDIA3;CLPX;BAG1;TUBA1A;SNRNP70;CCDC47;ENGASE;RIC8A;FKBP1B;ARL2;RIC8B;HSP90AA1;FKBP10	Protein folding	OPC	C9_ALS_vs_Ctrl_Occipital	regional_control	17846	72	37	0.36347345044934	0.00714316274937098		0.0122105346143094		family_result				
protein_stabilization	0.734835355285962	0.796137339055794	0.0532386494755899	-0.178829451243401	-0.904410055511059	201	PIM2;TMC6;C10orf90;BAG3;PPARGC1A;USP13;SWSAP1;CCNH;AKT2;PIM1;PER3;MT3;GNAQ;USP33;USP9X;PIK3R1;FLOT2;MORC3;TSC1;DNLZ;HIP1;GLMP;MCM8;CBLB;ANK2;UBE2B;CEP63;ATM;PEX19;ZSWIM7;MFSD1;HCFC1;COG3;PRKN;IGF1;EP300;DBR1;USP36;SMAD3;RASSF2;EHMT1;ZNF207;STK3	Protein stabilization	OPC	C9_ALS_vs_Ctrl_Occipital	regional_control	17846	72	37	0.36347345044934	0.796137339055794		0.87296638512556		family_result				
heat_response	0.796137339055794	0.796137339055794	0.059476028695732	0.1932142602911	0.838588315697605	71	EIF2B2;PRKACA;SUMO1;VCP;IRAK1;STUB1;DNAJC2;YWHAE;AKT1;HSBP1;SLU7;DNAJA3;HSP90AB1;HSPA2;EIF2B4;SOD1;DNAJB4;HSF1;TRPM2;DNAJB6;SCN11A;DNAJA4;EEF1D;HSBP1L1;HTRA2;HSP90AA1;FGF1;EIF2B5;MTOR;EIF2B1	Heat response	OPC	C9_ALS_vs_Ctrl_Occipital	regional_control	17846	72	37	0.36347345044934	0.796137339055794		0.922551965940396		family_result				
heat_response	0.110204081632653	0.409433962264151	0.191892240384838	0.305606177463815	1.2556460575912	71	TPR;DNAJB6;DNAJC2;MAPT;HSPA2;CRYAB;HSF1;DNAJA1;DNAJB4;CREBBP;DNAJB1;ATM;CHORDC1;HSP90AA1;AKT1;VCP;HTRA2;RBBP7;HSPA1A;SUMO1;ATXN3;PSIP1;HIKESHI;NOS1;EIF2B5;SOD1;HSP90AB1	Heat response	OPC	C9_FTD_vs_Ctrl_Occipital	regional_control	17846	72	37	0.36347345044934	0.409433962264151		0.195298372513562		family_result				
protein_folding	0.118236472945892	0.409433962264151	0.183023938384487	0.24295238055894	1.18490832274488	189	SDHAF4;COX19;DNAJC21;APLF;DNAJB6;CLGN;DNAJC2;RANBP2;LMAN2L;HSPA2;CCT3;CRYAB;SDF2L1;DNAJA1;DNAJB2;TBCE;HSPH1;HDAC4;WIPF1;PTGES3;CWC27;DNAJB4;TCP1;DNAJB1;POFUT2;CCT4;FKBP5;PDIA6;AHSA1;DNAJB12;BAG2;HSP90B1;HSPA5;UGGT1;HSPA4L;CANX;CCT8;PDIA4;ENGASE;ATPAF2;CHORDC1;HSP90AA1;HSPA8;FKBP4;ST13;HSPA9;CDC37L1;CCT5;ERP44;PDCL3;PPID;TTC1	Protein folding	OPC	C9_FTD_vs_Ctrl_Occipital	regional_control	17846	72	37	0.36347345044934	0.409433962264151		0.206913827655311		family_result				
synapse_junction	0.175471698113208	0.409433962264151	0.142901149386948	-0.20635581874892	-1.09467710939519	417	ROBO2;IL1RAP;VSTM5;RAMP2;CDH3;RELN;SNAI1;PTPN1;PCDHB6;CLSTN3;CDH12;PHLDB2;MPP7;ITGA6;PRKCH;FGF13;GAP43;MEF2C;CDH9;FSCN1;SEMA4A;GABRA4;IQSEC2;CDC42;PIP5K1A;SDC2;APP;ARL2;SIGMAR1;RAB13;PCLO;PDCD6IP;ADGRL2;UBE2M;PTK2;ADD2;BSN;PDZD11;PCDHB10;NLGN3;CNTN5;AMOT;RHOC;LGI2;VPS35;FRMPD2;ACTB;SRPX2;DAPK3;RHOA;SEMA4C;HAPLN4;FARP1;TEK;EFNA5;CTNNB1;CD9;PATJ;EPHA7;RAC3;CDH8;DMTN;RAB17;DAG1;LIMCH1;CDH11;AGT;ASIC2;VCL;CLSTN1;NRP1;GABRG3;AKAP5;SNCA;WNT5A;FERMT2;CAPZA1;GABRB2;PTK2B;SLITRK2;ZDHHC8;OCEL1;CTNNA1;OCLN;PTPRA;THSD1;RTN4RL2;ARF6;ADNP;CBLN4;CDH13;RCC2;DUSP3;EPB41L3;TLN1;LDB1;PLXND1;LRRTM1	Synapse/junction	OPC	C9_FTD_vs_Ctrl_Occipital	regional_control	17846	72	37	0.36347345044934	0.409433962264151		0.284577812874733		family_result				
axon_development	0.282771535580524	0.494850187265918	0.108394255853397	-0.203041295800127	-1.06093412370738	352	ROBO2;C9orf72;RELN;RTCA;ENAH;SIN3A;TNFRSF21;NELL2;PPP3CB;TENM2;PRKG1;FGF13;SEMA4F;SLIT3;GAP43;SEMA3A;EFNA1;TRIO;SEMA4A;ZPR1;APP;PAFAH1B1;KREMEN1;PTK2;TWF2;SPAST;KALRN;NLGN3;CNTN5;RGMA;SCN11A;MTR;KIF13B;PAK1;SLC9A6;DCLK1;RAB8A;VIM;ACTB;SEMA4C;TUBB2B;EPHA4;NPTN;PAK3;METRN;GOLGA4;EFNA5;B4GALT5;EPHA7;TENM3;SPG11;RAC3;TUBB3;DRAXIN;DAG1;USP9X;SEMA5A;SMN1;CSPG5;EFNB3;ROBO1;NOTCH3;SEMA3D;NRP1;INPP5F;CASP3;PTK7;WNT5A;APOE;SLITRK2;TIAM1;APBB1;ANOS1;TENM1;BSG;CTNNA1;NTN4;AFG3L2;ULK2;PTN;RTN4RL2;FYN;ADNP	Axon development	OPC	C9_FTD_vs_Ctrl_Occipital	regional_control	17846	72	37	0.36347345044934	0.494850187265918		0.427978540338091		family_result				
small_GTPase	0.424015009380863	0.593621013133208	0.0845557442441281	-0.191061891143585	-1.01371472045559	414	CD2AP;RELN;RHOBTB1;ARHGAP29;RAP2C;DNMBP;RAB12;ARFGEF2;G3BP1;RGL1;VAV3;FNTA;RALGPS1;TRIO;CUL3;CDKN2A;SPRY2;RERG;IQSEC2;DHCR24;RHOF;CDC42;OBSCN;RASA4B;ARHGEF28;ARHGAP19;IGF1;GIPC1;PPP1CA;NRAS;PREX1;DAB2IP;KALRN;ADGRG1;ARHGEF12;RRAGC;ARHGEF3;RHOC;RASA4;NGFR;RABL3;GDI2;CDC42EP1;RHOA;SWAP70;FARP1;PLEKHG1;CDKN1A;TEK;RHEB;CADM4;GARNL3;SCAI;VAV2;RSU1;SPRY4;CDC42EP3;RAC3;PLK2;DAG1;ARHGAP27;CGNL1;RIPOR2;PRAG1;MYO6;RHOB;EPS8L2;ROBO1;RALB;ARHGDIA;DIRAS3;PSD3;BCAR3;DOCK6;NRP1;NCKAP1;GBF1;WNT5A;FERMT2;APOE;TIAM1;MAPKAPK5;CHM;RAPGEF6;RASGEF1A;RASGRF1;KNDC1;ARHGDIG;ERBB2;RASIP1;IQSEC3;RAB33B;RASGRP2;SYDE2;ARF6;CDH13;ARHGAP31;RASGRF2	Small GTPase	OPC	C9_FTD_vs_Ctrl_Occipital	regional_control	17846	72	37	0.36347345044934	0.593621013133208		0.579142451837276		family_result				
mitochondrial_energy	0.863917525773196	0.877263581488934	0.05378728077603	0.180961983010882	0.813013850264944	108	C2orf69;ABCD1;ATP5PO;NUPR1;UQCRB;ATPSCKMT;ETFRF1;ATP7A;NDUFB2;NDUFB10;ATP5PF;ATP5F1C;VCP;ATP5F1E;CYCS;NDUFB3;UQCRH;SDHB;COX7A2;COX7C;NDUFB6;ATP5PD;NDUFV3;NDUFB11;COX6C;COX6B1;ATP5ME;NDUFA12;NDUFA13;UQCC2;NDUFA1;UQCRC2;NDUFS2;ATP5F1A;ATP5MG;SDHA;UQCR11	Mitochondrial energy	OPC	C9_FTD_vs_Ctrl_Occipital	regional_control	17846	72	37	0.36347345044934	0.877263581488934		0.971473522957811		family_result				
protein_stabilization	0.877263581488934	0.877263581488934	0.0519512476197082	-0.173463417374695	-0.844482938300129	201	PDCD10;STK3;CRTAP;PER3;LAMP1;STX12;EFNA1;CDKN2A;DNAJA3;CTNND1;ATP1B2;TBL1X;IGF1;PPP1CA;GLMP;MDM4;CAMLG;DBR1;RABL3;PARVA;EPHA4;AKT2;TRIM37;SAXO1;USP13;SEC16A;HPS4;USP9X;TTI2;NAA30;UFL1;DNLZ;TELO2;PFN1;GTPBP4;STK4;PLPP3;FBXW7;STXBP4;TRIM39;PYURF;URI1;CBX4;ZBED3;COG7;PPP1R10;PRKN;BAG1;RUVBL2;WIZ;ATP1B3;PHB2;PAQR4;CBLB;USP33	Protein stabilization	OPC	C9_FTD_vs_Ctrl_Occipital	regional_control	17846	72	37	0.36347345044934	0.877263581488934		0.972632210937109		family_result				
protein_folding	0.00000427370368135121	0.0000299159257694585	0.610526878385931	-0.379471555980679	-1.80895429962958	201	CHCHD4;TXNDC5;COX19;ZMYND10;HSPA1A;DNAJB1;PDIA5;HSP90AA1;PTGES3;CWC27;HYPK;HSPA1L;HSPA1B;CRYAB;CCT4;CHORDC1;HSPA9;ATF6;CCT3;DNAJC3;FKBP6;ST13;ERP44;AHSA1;TTC1;GRN;BAG2;DNAJA1;PPID;ERO1B;PFDN4;FKBP5;TBCD;HSPH1;ATPAF2;RANBP2;TRAP1;PDRG1;PPIAL4G;ALG12;BAG3;HSPE1;P4HB;FKBP4;TCP1;DNAJB6;CANX;HSPA4;DNAJC21;PPIB;DNAJB4;TSC1;LYRM7;HSPA4L;PDIA6;NUDCD2;SDF2L1;ENGASE;DNAJC2;CCT5;WIPF1;HSP90B1;DNAJC25;HSPA5;GAK;PBDC1;DNAJC18;HSPB2;HSPB1;APLF;NAA10	Protein folding	Oligo	C9_ALS_vs_C9_FTD_Occipital_batch_bridged	regional_control	21399	72	37	0.45584110844829	0.0000299159257694585		0.0000260138484951813		family_result				
axon_development	0.0000189555292162629	0.0000663443522569202	0.575610261071129	0.274667673370097	1.55988936339216	367	KALRN;SEMA4A;NTNG1;MAP1B;SEMA3A;DCLK1;SCN1B;DRAXIN;PPP3CB;RTCA;MCF2;MAP6;MAP7D2;TWF2;TUBB3;PTPRO;TENM2;SLC25A46;EPHA10;EFNA2;CHN1;PALLD;EPHA5;CNTN5;CDK5R2;CSPG5;NPTN;PAK1;CNTN4;FGF13;NLGN3;NREP;TENM3;KIF5A;RAB3A;CDK5;ARHGAP4;OLFM1;NELL2;KREMEN1;FIGNL2;PAK3;PRKG1;UNC5D;CNTN6;NEFH;NTN1;NRCAM;DRD2;CDK5R1;EPHB1;MAP2;LIMK1;ARHGEF25;EPHA6;NEUROD1;MAP1A;ANAPC2;VASP;THY1;CXCL12;NRXN1;PRICKLE1;PLXNA4;CNTNAP1;METRN;BRSK1;ULK2;RTN4RL1;FLRT3;CDKL5;BHLHE22;EMB;LYPLA2;KIAA0319;GAP43;SEMA4C;LMO4;SLC9A6;PLPPR4;SLITRK4;L1CAM;RAB8A;EPHB6;SEMA3B;SEMA6B;VANGL2;SLIT3;EDN1;TIAM1;SCARF1;CDH1;TENM1;NTNG2;SMN1;EVL;CRTAC1;RTN4R;BDNF;RTN4RL2;BSG;CCK;ROBO2;DCC;APBB1;TRPV2;BRSK2;SKIL;CHRNB2;EFNA5;NMNAT2;LGI1;STXBP1;SEMA7A;PTN;TNFRSF21;NECTIN1;B4GALT6;KIFC2;ANOS1;GOLGA4;CTTN;SEMA3C;NOVA2;EPHA4;RET;INPP5F;TENM4;EFNA1;WNT7B;NPTX1;IGSF9;KIF21A;PARD6B;PLXNB1;PTK7;ADGRB1;DSCAM;NOTCH3;MYPN;UNC5A;PGRMC1;GDI1;NRP1	Axon development	Oligo	C9_ALS_vs_C9_FTD_Occipital_batch_bridged	regional_control	21399	72	37	0.45584110844829	0.0000663443522569202		0.0000982879292695114		family_result				
heat_response	0.0000344901031300581	0.0000804769073034689	0.557332238758646	-0.457754290906291	-1.91557375647605	77	MAPT;HSPA1A;DNAJB1;FGF1;HSP90AA1;CREBBP;EIF2S1;ATM;CLPB;HSPA1B;CRYAB;CHORDC1;EEF1D;HSF1;DNAJA1;TPR;BAG3;DNAJB6;DNAJB4;EIF2B1;EP300;GSK3B;DNAJC2;VCP;PSIP1;HSPB2;AKT1;EIF2B3;HSPB1;HDAC2;TRPV1;DAXX;TRPV4;MAP2K7;SIRT1;TCIM;DNAJA4	Heat response	Oligo	C9_ALS_vs_C9_FTD_Occipital_batch_bridged	regional_control	21399	72	37	0.45584110844829	0.0000804769073034689		0.000158315227482234		family_result				
protein_stabilization	0.000879030472093567	0.00153830332616374	0.477270815362862	-0.317990330007061	-1.5201651067346	209	ZSWIM7;UBE2B;HSPA1A;HSP90AA1;PTGES3;COG3;GTPBP4;HYPK;HCFC1;ATM;CCNH;HSPA1B;CRYAB;CCT4;PRKRA;CCT3;CHEK2;FLNA;GRN;WDR81;BAG2;MT3;RAB21;HIP1;NAA16;PIK3R1;CREB1;PDRG1;ZNF207;USP9X;BAG3;RTN4;OTUD3;PIH1D1;PYURF;CBLB;TCP1;PIM1;TBRG1;PPIB;TTI1;LAMP1;SPAG1;TSPAN1;TSC1;C10orf90;GNAQ;TAF9B;SEL1L;CBL;EP300;UXT;RASSF2;MORC3;CCT5;USP33;PDCD10;SYVN1;HSPB1;DNAAF2;AKT2;HSPD1;VHL;PRKCD;PIH1D2;CEP63;EHMT1;NAA15;DNLZ;POLR2E;SWSAP1;SEC16A;RPAP3;MFSD1;USP2;COG7	Protein stabilization	Oligo	C9_ALS_vs_C9_FTD_Occipital_batch_bridged	regional_control	21399	72	37	0.45584110844829	0.00153830332616374		0.00273476146873554		family_result				
synapse_junction	0.00388109945281078	0.00543353923393509	0.431707695803346	0.224126959524942	1.29011797928314	433	CBLN4;SEMA4A;MAP1B;LRFN1;PRKACA;CUX2;MEF2C;LHFPL4;HAPLN4;GABRB2;DMTN;TEK;LIN7A;PTPRO;GABRA1;EPB41L3;GABRA6;GABRA4;CAMSAP3;LRRTM4;VSTM5;VCL;CNTN5;LRFN5;CDH10;FGF13;CDH22;NLGN3;NRXN2;CDH18;NTRK3;CRMP1;CDK5;ARHGAP4;ITGA6;CDH12;FARP1;CLSTN3;GPM6A;FLOT1;IGLON5;GABRB3;HOPX;PRKCH;CDHR3;GABRG2;GABRA2;SPTBN2;NTN1;NRCAM;DRD2;LRRC4B;LAMA3;CDH3;EPHB1;UBE2M;SMAD3;ADD2;DAPK3;THY1;PATJ;PCDHB10;NRG3;NRXN1;FRMPD2;PRICKLE1;PLXNA4;CDC42;CNTNAP1;SLC12A5;STRN;SH3BP1;GABRA3;ADGRL2;DKK1;RTN4RL1;PIP5K1A;ICAM5;FLRT3;PCLO;AKAP5;CDH9;SDC4;CLSTN1;CAPZA1;LIN7C;GAP43;SEMA4C;LZTS1;GRIA1;CDH11;SLITRK4;VPS35;IL1RAP;LRRC24;ACTN1;CDH1;CASKIN1;SRGAP2B;IQSEC2;NTNG2;LRRTM2;CRTAC1;OPCML;RTN4R;BDNF;RTN4RL2;GABRG3;ROBO2;ARHGAP6;SRC;CHRNB2;EFNA5;TESK2;CDH13;PCDHB5;HTR4;NPHP4	Synapse/junction	Oligo	C9_ALS_vs_C9_FTD_Occipital_batch_bridged	regional_control	21399	72	37	0.45584110844829	0.00543353923393509		0.00979016078186502		family_result				
mitochondrial_energy	0.735785953177258	0.816425120772947	0.0860347242455604	0.184057397231099	0.898348924669648	111	COX7A2L;UQCRC1;NDUFS3;MLXIPL;NDUFS5;NDUFA5;PINK1;SLC25A33;DGUOK;ABCD1;STOML2;ATP5IF1;COX7A1;GHITM;NDUFAB1;NDUFS4;ATP5F1B;ATP5F1C;ATP5PD;UQCRH;NDUFB1;COX5A;ATP5F1A;ATP5PB;NDUFA9;COX4I1;NDUFA3;UQCRHL;NDUFB5;COX8A;DNAJC30;ISCU;COX6B2;ATP5F1D;SIRT3;UQCRB;NDUFS2;CHCHD2;NDUFC2;NDUFA11;NDUFA13;NDUFB8;SDHB;COX6C	Mitochondrial energy	Oligo	C9_ALS_vs_C9_FTD_Occipital_batch_bridged	regional_control	21399	72	37	0.45584110844829	0.816425120772947		0.87296638512556		family_result				
small_GTPase	0.816425120772947	0.816425120772947	0.031636972118622	-0.168372446218149	-0.875815293420046	451	KANK1;RB1;SIPA1L2;RELN;DOCK11;OGT;FXR1;RAPGEF2;SQSTM1;LRP4;TP53;CCDC125;ABCA1;ARHGEF12;KSR1;CHN2;CHORDC1;CDKN1A;SOS1;RAB9A;ARFGEF3;ARHGEF10;DOK1;FAM13A;RAPGEF4;DOCK4;RDX;CSNK1A1;ARRB1;DOCK9;SIPA1;ARHGEF3;RAB21;MAPKAP1;DENND1A;ROBO1;GNA13;FBXO8;CDC42EP4;RAB3GAP1;SHOC2;STARD13;CCNA2;KRIT1;ARHGEF11;GIT1;ARHGAP12;AUTS2;EPS8;DOCK5;CDC42SE2;PICALM;RAF1;RTN4;RASA4B;SHTN1;CUL3;ARHGAP5;DENND4B;RALBP1;DOCK10;RAPGEF1;SPRY2;FLCN;CRK;TNFAIP1;RAB30;RASA2;RHOH;RHOBTB1;ARHGAP32;SRGAP2;ELMO1;MYO6;RRAGC;PREX1;FOXM1;FERMT2;ARFGEF1;ROCK1;RGL1;TIAM2;ARHGAP1;NCKAP1;ARAP1;ARHGAP17;RALGAPA2;NF1	Small GTPase	Oligo	C9_ALS_vs_C9_FTD_Occipital_batch_bridged	regional_control	21399	72	37	0.45584110844829	0.816425120772947		0.93688128613289		family_result				
mitochondrial_energy	0.0000000001	0.0000000007		0.668622467592021	3.23876081237181	111	COX7A2L;SDHD;UQCRC1;NDUFS3;NDUFS5;COX5A;CYCS;ATP5PF;UQCRH;NDUFB1;COX8A;COX7A1;NDUFA8;ATP5MG;NDUFA5;UQCRB;NDUFB5;ATP5F1B;GHITM;NDUFA11;NDUFAB1;ISCU;SHMT2;CHCHD2;ATP5PD;NDUFS2;NDUFA2;PINK1;STOML2;NDUFC2;NDUFA13;PARK7;NDUFS8;NDUFB9;CCNB1;NDUFA1;NDUFS7;NDUFA6;NDUFA3;ATP5F1A;NDUFA12;COX4I1;UQCR10;NDUFB10;NDUFB11;RHOA;ATP5F1D;ATP5MF;NDUFAF1;ATP5PB;NDUFB8;COX7A2;ATP5IF1;UQCRFS1;ATP5PO;COX6B1;COX7C;COX7B;ATP5ME;ATP5F1C;UQCRQ;COX6C;NDUFA9;NDUFS6;UQCC3;NDUFC1;COX6A1;SIRT3;NDUFA7;COX5B;NDUFB2;UQCR11;NDUFB7;NDUFB3;SLC25A33;SDHB;SDHA;VCP;NDUFB4	Mitochondrial energy	Oligo	C9_ALS_vs_Ctrl_Occipital	regional_control	21399	72	37	0.45584110844829	0.0000000007		0.00000000215384615384615		family_result				
axon_development	0.0000000080431654750917	0.0000000281510791628209	0.747739663149885	0.309896599877718	1.80673178585658	367	SCN1B;CDK5R1;NPTN;KIF5A;TWF2;VANGL2;LMO4;CHN1;NTNG1;PTPRO;PALLD;DCLK1;TENM1;CDK5R2;THY1;CTTN;LYPLA2;RAB8A;OLFM1;MCF2;EPHA5;TRPC5;NLGN3;RAB3A;SEMA3A;TUBB3;MAP1S;MAP1B;CDK5;DCC;MAP7D2;VASP;PPP3CB;PGRMC1;BDNF;STK11;BSG;C12orf57;FLRT3;METRN;B4GALT6;MEGF8;MAP1A;SEMA4C;PARD6B;CCK;OLIG2;WNT7A;NREP;CRTAC1;PAK3;SLC25A46;APLP2;GDI1;STXBP1;SLC9A6;PLP1;PRKG1;NELL2;RGMA;GAP43;NOVA2;SEMA7A;RAC1;NRCAM;BRSK2;CSPG5;CNTNAP1;EPHA10;ZPR1;EFNA1;CNTN6;MAP2;KIAA0319;CDH1;CELSR2;MAP6;LLGL1;DRD2;KALRN;PLXNB1;EPHB6;ARHGEF25;L1CAM;SLITRK4;NEUROD6;PTPRS;RTN4RL2;NEFH;DAG1;LGI1;SPP1;TNR;BAIAP2;SLIT1;FGF13;PLXNA4;SEMA6B;ROBO2;CNTN4;SVBP;NEXN;NMNAT2;ADGRB1;UNC5A;EMB	Axon development	Oligo	C9_ALS_vs_Ctrl_Occipital	regional_control	21399	72	37	0.45584110844829	0.0000000281510791628209		0.0000000979167970880728		family_result				
synapse_junction	0.0000234464729217701	0.0000547084368174636	0.575610261071129	0.255626992899043	1.51929108694143	433	FBXO45;CLSTN1;CBLN4;LIN7C;POLDIP2;FLOT1;UBE2M;LHFPL4;PTPRO;MEF2C;GABRA1;VCL;EPB41L3;PRKACA;FARP1;THY1;CTTN;CRMP1;CDC42;LRRC24;NLGN3;GABRB2;ARL2;MAP1B;LRFN4;CDK5;DAPK3;GABRG2;CASKIN1;BDNF;CLSTN3;RAP2A;DMTN;CAMSAP3;ITGA6;FSCN1;FLRT3;VPS35;SEMA4C;SKP1;PARD6B;GABRA2;GPM6A;WNT7A;CRTAC1;NRXN2;ZDHHC8;HOPX;TEK;IL1RAP;CFL1;LRRTM4;ARF6;CDH10;GAP43;NEDD8;RAC1;CDH9;NRCAM;GABRB3;GRIA1;HAPLN4;CNTNAP1;LRFN1;NTRK3;SLC12A5;CDH12;CPEB3;GRID2;GABRA5;GABRA3;OCEL1;RHOA;CDH1;GABRG3;CUX2;DRD2;HIPK1;ECT2;ICAM5;CDH18;PLXNB1;DKK1;LIN7A;LRRC4;SH3BP1;RNF7;PCDHB10;AKAP5;CDH4;SLITRK4;PDZD11;PTPRS;RTN4RL2;DAG1;CLDN5;PPP1R9B;SLIT1;FGF13;PLXNA4;CD9;CLDN11;CDH22;ROBO2;GABRA4;CDH13;GJB1;PCDHB4;ACHE;GABRA6;ZNF703;IQSEC2;SIGMAR1;FN1;LRFN5;ADGRL2;SPTBN2;STRN;PHLDB2;FRMPD2;EPHB3;GREM1;RCC2	Synapse/junction	Oligo	C9_ALS_vs_Ctrl_Occipital	regional_control	21399	72	37	0.45584110844829	0.0000547084368174636		0.000115175656457818		family_result				
protein_folding	0.000159598431968124	0.000279297255944217	0.518848077743792	0.288424604225794	1.55162815315923	201	PFDN2;HSPA13;MPDU1;MKKS;RP2;GFER;GRPEL1;PPIA;PPIE;TBCC;TBCB;FKBP8;COA3;ARL2;TUBA1A;DNAJC4;PFDN5;HSPA14;CD74;DNAJA2;CCT2;ERP29;TAPBP;VBP1;BAG5;FKBP1A;PTGES3L;HSP90AB1;PFDN1;ZPR1;RIC8A;CCT8;COX14;LMAN1;PFDN6;CLGN;CDC37;CCT7;BAG1;NUDC;DNAJB2;ERO1A;BAG4;SDF2L1;FKBP1B;RUVBL2;CCT5;GRPEL2;SDF2;NPPC;PBDC1;FKBP4;PEX19;MOGS;HSPBP1;HSPA8;PPIL1;HSPA2;KHSRP;DNAJB6;CCT6A;TOR1A;MESD;PFDN4;FKBP9;PDCD5;DNAJC2;PDCL3;WDR83OS;QSOX2	Protein folding	Oligo	C9_ALS_vs_Ctrl_Occipital	regional_control	21399	72	37	0.45584110844829	0.000279297255944217		0.000603885958798308		family_result				
protein_stabilization	0.000514519331301637	0.000720327063822292	0.477270815362862	0.278523853684253	1.506335758252	209	PFDN2;TRIM37;GET1;PFN2;PIN1;LAMP2;NOP53;ATP1B1;TUBA1A;PFDN5;CAMLG;ATP1B3;CD74;CCT2;SUMO1;PINK1;TNIP2;RABL3;PHB2;DVL3;VBP1;PPARGC1A;PAQR4;CDK7;BAG5;BAG6;PARK7;PFN1;PPP1CA;USP19;GLMP;USP7;STUB1;HSP90AB1;PFDN1;EGLN3;EFNA1;CCT8;CHP1;PFDN6;CDC37;UXT;CDKN2A;CCT7;BAG1;TAF9;DNAAF2;CBX4;GAPDH;SYVN1;BAG4;GPIHBP1;PIM2;POLR2E;RUVBL2;CCT5;WNT10B;TMC6;NAA30;SMAD3;PEX19;MSX1;DVL1;TESC;CTNND1	Protein stabilization	Oligo	C9_ALS_vs_Ctrl_Occipital	regional_control	21399	72	37	0.45584110844829	0.000720327063822292		0.00165592428464895		family_result				
heat_response	0.115384615384615	0.134615384615385	0.261663521711573	0.261779858220368	1.22592234200403	77	YWHAE;HSBP1L1;SLU7;PRKACA;HTRA2;DNAJA2;SUMO1;SOD1;HSBP1;STUB1;HSP90AB1;RBBP7;EIF2B4;ATXN3;EIF2B2;IER5;DAXX;HSPA2;VCP;DNAJB6;HMOX1;HIKESHI;EIF2B5;TRPM2;DNAJC2;IGF1;DNAJC7;ANO1;HSPB2;HDAC2	Heat response	Oligo	C9_ALS_vs_Ctrl_Occipital	regional_control	21399	72	37	0.45584110844829	0.134615384615385		0.203193033381713		family_result				
small_GTPase	0.36	0.36	0.276500599254472	0.172538403997337	1.02905685156296	451	RASGRP1;KRAS;PPP1CC;RAB15;NRAS;NUCB1;CHN1;RAP2B;RAPGEFL1;PIN1;ABR;FARP1;ARHGAP31;CADM4;CDC42;MCF2;ARHGDIG;RIT2;RHOBTB2;NGEF;RAB39B;ARHGAP26;HACD3;RAP2A;RABL3;NKIRAS2;RAB6C;KBTBD6;DVL3;PLK2;HRAS;STMN3;RASIP1;PARK7;RUNDC3A;DIRAS1;TEK;GDI1;PPP1CA;CFL1;ARF6;TAX1BP3;RASGEF1A;PRAG1;BRK1;RAC1;CTNNAL1;PSD;ITGA3;NUCB2;CHP1;ARHGAP44;DIRAS2;ARHGAP15;GRB2;RHOA;RALA;ARHGAP20;ARHGDIA;ECT2;KALRN;KBTBD7;PLXNB1;CDKN2A;SYNPO2;SH3BP1;ARHGEF25;RIPOR2;CDC42EP3;ARHGEF17;ARHGAP9;PPP1CB;SYDE2;DAG1;RALGDS;CDH13;USP50;IQSEC2;LRRK2;ERAS;FAM13B;ARHGAP18;SYNGAP1;RAP2C;CHML;SRC;RND2;RTKN;ARHGAP11A;RND1;IQSEC3;DIRAS3;MADD;ARHGAP28;ADGRG1;NUP62;CDC42EP1;VAV3;NET1;STAMBP;RASGRP2;CDC42SE1;RAB35;RAP1GAP2;ADRA2A;ARHGAP24;ARHGAP27;CRKL;TAGAP;KNDC1;GABARAP;FGD1;RGL4;ARHGEF4;FGF2;CDC42EP2;USP8	Small GTPase	Oligo	C9_ALS_vs_Ctrl_Occipital	regional_control	21399	72	37	0.45584110844829	0.36		0.514285714285714		family_result				
mitochondrial_energy	0.0000000001	0.000000000233333333333333		0.557141201386481	2.61530048682109	111	C2orf69;SDHD;ATP5ME;ETFRF1;NDUFAF1;VCP;ATP5MG;ATP5PF;NUPR1;TEFM;NDUFS7;NDUFB2;ATP5F1E;UQCC3;RHOA;SDHA;NDUFB3;UQCR11;CYCS;NDUFB4;NDUFB6;COX7C;NDUFS1;NDUFA8;NDUFA1;NDUFC1;NDUFB9;COX7B2;PARK7;UQCR10;ATPSCKMT;NDUFB7;NDUFA12;SHMT2;COX6A1;NDUFA11;ATP5PO;UQCRFS1;UQCRB;NDUFA2;NDUFB11;NDUFS8;CHCHD2;CYC1;UQCRQ;COX7B;CCNB1;COX7A2;COX5A;NDUFS2;SDHAF2;NDUFB5;NDUFC2;COX8A;ISCU;NDUFA13;COX6B1;UQCC2;NDUFB10;NDUFA6;COX5B;ATP5MF;UQCRH;NDUFV3;NDUFB1	Mitochondrial energy	Oligo	C9_FTD_vs_Ctrl_Occipital	regional_control	21399	72	37	0.45584110844829	0.000000000233333333333333		0.00000000215384615384615		family_result				
protein_folding	0.0000000001	0.000000000233333333333333		0.530083519561051	2.737569874367	201	CHCHD4;TTC1;PFDN4;AHSA1;PFDN2;PTGES3;DNAJA1;CRYAB;GRN;TXNDC5;CCT3;FKBP4;ST13;DNAJB6;CHORDC1;PPID;HSPE1;DNAJB1;CCT5;SDF2L1;HSPA1A;GRPEL1;TCP1;HSP90AB1;HSPA9;CANX;HSPH1;CCT2;PDRG1;HSP90AA1;PPIB;PBDC1;DNAJC2;VBP1;DNAJB4;BAG5;CCT4;CCT7;HSPB2;TBCB;HSPA1B;ARL2;HSPA4;HSPBP1;HYPK;NUDC;BAG2;HSPA8;MOGS;WDR83OS;RANBP2;HSPA2;HSPA4L;HSP90B1;CCT6A;QSOX2;ERP29;PDIA5;CCT8;RIC8B;FKBP5;TOR1A;HSPA1L;MPDU1;NUDCD2;COX14;HSPA5;SDF2;TSC1;COA3;PDIA6;DNAJC18;DNAJA2;RUVBL2;PFDN1;ATPAF2;ERO1B;BAG1;P4HB;HSPA13;HSPD1;PEX19;FKBP6;METTL21A;ALG12;LYRM7;NAA10;CALR;ERP44;MKKS;PFDN6;BAG3;HSPB1;PDIA3;RIC8A;DNAJB12;TBCD;CWC27;PDIA4;PFDN5;DNAJC3;PPIA;MESD;DNAJC21;TBCC	Protein folding	Oligo	C9_FTD_vs_Ctrl_Occipital	regional_control	21399	72	37	0.45584110844829	0.000000000233333333333333		0.00000000215384615384615		family_result				
protein_stabilization	0.0000000001	0.000000000233333333333333		0.479816764744867	2.49494951517449	209	PFDN2;PTGES3;CRYAB;GRN;UXT;CCT3;LAMP2;ATP1B1;NOP53;PIH1D1;CCT5;SYVN1;DNAAF2;HSPA1A;TCP1;HSP90AB1;UBE2B;MT3;CCT2;POLR2E;PDRG1;HSP90AA1;PPIB;PFN1;RAB21;VBP1;TBRG1;BAG5;CCT4;CCT7;LAMP1;PYURF;NAA16;PRKRA;PHB2;SEL1L;HSPA1B;TMC6;ZSWIM7;HYPK;BAG2;RASSF2;TAF9B;HCFC1;GET1;EGLN3;CHEK2;CCT6A;MUL1;CCT8;OTUD3;SAV1;FLNA;STK4;TSC1;WDR81;RUVBL2;CAMLG;CDKN2A;PFDN1;RTN4;TNIP2;COA8;PRKCD;PARK7;BAG1;HIP1;PAQR4;PEX6;PIM1;VHL;SPAG1;HSPD1;ATM;CBX4;PEX19;EP300;CALR;DVL1;PFDN6;SMAD7;PIK3R1;USP33;BAG3;HSPB1	Protein stabilization	Oligo	C9_FTD_vs_Ctrl_Occipital	regional_control	21399	72	37	0.45584110844829	0.000000000233333333333333		0.00000000215384615384615		family_result				
heat_response	0.000000000197015318244042	0.000000000344776806927073	0.826657301178302	0.575619243006999	2.54088025312355	77	DNAJA1;CRYAB;DNAJB6;CHORDC1;EEF1D;DNAJB1;MAPT;HSBP1;HSPA1A;HSP90AB1;VCP;DAXX;EIF2S1;HSP90AA1;SOD1;DNAJC2;CREBBP;DNAJB4;HDAC2;HSPB2;CLPB;HSPA1B;HSPA2;FGF1;HTRA2;AKT1;PSIP1;IER5;HSBP1L1;DNAJA2;RBBP7;SLU7;ATM;EP300;TPR;YWHAE;BAG3;HSPB1;TRPV4;SIRT1;EIF2B5;HMOX1;SUMO1;DNAJA4;DNAJA3;HDAC6	Heat response	Oligo	C9_FTD_vs_Ctrl_Occipital	regional_control	21399	72	37	0.45584110844829	0.000000000344776806927073		0.00000000367761927388878		family_result				
axon_development	0.544943820224719	0.762921348314607	0.0931454575337804	0.176460397721868	0.973248839373886	367	GRN;MAPT;ATL1;LRP4;SLITRK1;SSNA1;RAC1;SPP1;MT3;APOD;PAK2;APLP2;GPM6B;EDNRA;RAB21;CERS2;ECE1;KIF5B;OLIG1;PLP1;CELSR2;RAB10;RUFY3;SIAH1;TIAM2;NCAM1;DHFR;SLITRK5;MEGF8;PTCH1;C12orf57;PLXNA3;TRPC5;PTPRM;RGMA;TSPO;KIF13B;S100A6;LLGL1;APP;VEGFA;ADAM17;SOS1;RNF6;OLIG2;ZFYVE27;SEMA6D;CAMSAP2;PLA2G10;APLP1;RTN4;FEZ1;DAG1;STK24;TAOK2;MARK2;SVBP;PTPRJ;MAP1S;CNTN2;ALCAM;NFASC;SEMA3E;ADCY10;MYOT;STK11;NEO1;ABL1;ULK1;USP33;EFNA4;SHTN1;SLIT1;WNT7A	Axon development	Oligo	C9_FTD_vs_Ctrl_Occipital	regional_control	21399	72	37	0.45584110844829	0.762921348314607		0.703153316418992		family_result				
synapse_junction	0.896604938271605	0.986111111111111	0.0387962208304479	-0.160023365009445	-0.857313294092999	433	SEMA4A;CDHR3;PATJ;CDH11;PRKCH;SHANK2;EPHB1;PCLO;ARHGAP4;F11R;VSIG10;ARHGAP6;PTPN1;CDH3;LRFN1;CUX2;MARK1;NPHP1;MAP1B;PRKCA;RAB40C;SRGAP3;NEGR1;NPHP4;VSTM5;HAPLN4;CBLN4;PCDHB13;SRGAP2B;PDCD6IP;PIP5K1A;PCDHB3;NTN1;CNTN5;GABRA6;GABRA4;LIN7A;LRFN5;NTNG2;LAMA3;CLSTN2;LSR;DUSP22;GPC4;MYO9A;OPHN1;PRKACA;CAPZA1;LRRC4B;CLASP2;IGLON5;PKP2;OPCML;PCDHB6;MPP7;JAM3;TEK;SLC39A9;MEF2C;SDK2;ANK2;PTK2;DMTN;CDH22;RTN4R;FGF13;ARHGEF9;COL17A1;CSMD2;GABRB2;NUMBL;PTK2B;WNT4;UBE3B;RTN4RL1;PCDHB9;LRRTM4;NRP1;PRICKLE1;SDC4;IL1RAPL1;CDH18;GHRL;ADD2;NRXN1;SMAD3;NRG3;SPTBN2;DBNL;SLC9A1;PCDHB5;LZTS1;LHFPL4;CDH10;LRRTM2;CAMSAP3	Synapse/junction	Oligo	C9_FTD_vs_Ctrl_Occipital	regional_control	21399	72	37	0.45584110844829	0.986111111111111		0.973576727515212		family_result				
small_GTPase	0.986111111111111	0.986111111111111	0.0615706755421678	0.145630788747505	0.826227291128813	451	RAB9A;PPP1CC;SQSTM1;SIPA1;CHORDC1;NKIRAS2;RDX;GIT1;RAPGEF4;LRP4;RAC1;TNFAIP1;CDC42SE2;ARHGEF3;FXR1;RAB21;RRAGC;FAM13B;CRK;DOK1;KBTBD6;RABIF;KBTBD7;RALGDS;RB1;SPRY2;TIAM2;RAP2A;ARF6;KANK1;DENND4B;RAB6C;RHOA;FLCN;HACD3;ARAP1;GABARAP;RACGAP1;HRAS;RAB33A;CCDC125;RAB3GAP1;KRIT1;RAB39B;CYTH2;SOS1;ARHGAP12;CSNK1A1;MRAS;DVL2;ARFGEF3;OGT;ARFIP2;PPP2CB;CRKL;ARRB1;CDKN2A;RTN4;SGSM3;DAG1;PARK7;MADD;KSR1;DOCK11;RALA;FBXO8;CFL1;DOCK5;ABCA1;CCNA2;KRAS;ARHGAP1;ABL1;DOCK9;SHTN1;RALBP1;RAP2C;BRK1;SIAH2;ARHGAP5;SPRY4;RAB30;RGL2;FAM13A;STARD13;PPP1CB;PREX2;RAB15;RHOB;SIPA1L2;CDKN1A;PREX1;RAPGEF1;NUP62;CUL3;ABI2;RHOG;KANK2;RELN;RALGAPA2;RASGRP1;PICALM;RAF1;RHEBL1;ARHGAP9;DENND4C;RTKN;ERAS;ARHGEF11;RASSF1;NF1;ARHGEF10;CDC42EP1;FBP1;SYNGAP1;FERMT2;LAT;KCTD10;DIRAS2;USP8;ARHGAP17;RASL10A	Small GTPase	Oligo	C9_FTD_vs_Ctrl_Occipital	regional_control	21399	72	37	0.45584110844829	0.986111111111111		1		family_result				
mitochondrial_energy	0.000000305347063762389	0.00000213742944633672	0.674962860011025	0.467936232619472	2.1220693923382	107	DGUOK;NDUFAF1;NDUFA9;GHITM;PARK7;NDUFA2;UQCRB;SNCA;ETFRF1;DNAJC30;NDUFS5;CYCS;ATP5PO;ATP5PD;ATP5F1D;ISCU;COX7A2L;NDUFB1;NDUFB5;ATP5PF;NDUFB8;CHCHD2;UQCRH;COX8A;SIRT3;NDUFB4;COX4I1;NDUFA10;ATP5IF1;NDUFA13;NDUFC2;NDUFA3;ATP7A;ATP5F1B;SDHC;COX6C;NDUFV1;UQCR11;COX7B;NDUFB11;NDUFB3;NDUFS6;PPIF;SDHAF2;NDUFAB1;PINK1;ATP5PB;NDUFS4;NDUFB9;COX7A2;NDUFB10;NDUFA7;NDUFA1;ANTKMT;ATP5F1A;NDUFA6;NDUFS7	Mitochondrial energy	Vascular	C9_ALS_vs_C9_FTD_Occipital_batch_bridged	regional_control	14637	54	34	0.278551726441978	0.00000213742944633672		0.00000247364673169819		family_result				
small_GTPase	0.00310943708531686	0.010883029798609	0.431707695803346	-0.246825038093782	-1.3617123950675	409	ABL1;MADD;RHOF;CYFIP1;ARHGEF7;TIAM2;MYO9A;GRAP;CDKN1A;FAM13A;ARFGEF1;DOCK9;RAB9A;ARAP1;RALGAPA2;KSR1;RHOU;RASSF1;ARHGAP26;CDC42EP4;RB1;RASA2;DENND4A;IQSEC1;CSNK1A1;DOCK4;RGL3;NGF;GIT1;RHOJ;MAP4K4;RAP2C;RHOG;ARF6;ARHGEF1;CHORDC1;BCR;SGSM3;SPRY3;KRAS;GNA13;ARHGAP5;ROCK2;ARHGEF10;RHOB;RRAGC;RASA4B;WNK1;DOCK6;PLEKHG3;ARHGAP4;SYDE2;AKAP13;RIT1;CDK2;RAP1A;NISCH;SIAH2;SPRY4;ARHGAP33;RAB18;RASIP1;CDC42EP2;ARHGEF2;ELMO1;ARHGAP23;RABIF;DENND3;HACE1;FGF10;DOCK1;ARHGEF40;MAPRE2;RAPGEF4;TRIO;CDC42SE1;NUP62;CDC42EP1;SQSTM1;ARHGAP21;MYO9B;PDPN;CRK;ARHGAP22;PLEKHG1;MCF2L;ARHGAP20;RHOQ;SOS2;CDC42EP3;GPR4;RALGDS;ARFIP2;ARHGEF19;CUL3;CCDC125;GDI2;FAM13B;NF1;SHOC2;RAPGEF3;RAB12;DENND1A;ITGAV;SIPA1L2	Small GTPase	Vascular	C9_ALS_vs_C9_FTD_Occipital_batch_bridged	regional_control	14637	54	34	0.278551726441978	0.010883029798609		0.00829183222751162		family_result				
axon_development	0.0540037243947858	0.1260086902545	0.266350657088526	0.224636386991472	1.19828918757969	332	USP33;RTN4RL1;LMO4;SLC9A6;NREP;KIF21A;LIMK1;SEMA4B;NTNG1;KIF5A;TUBB3;SEMA7A;SLIT3;PGRMC1;NEO1;NTN1;SZT2;ZDHHC17;CHN1;CNTN5;CXCL12;CDK5;CNTN1;NPTN;RTCA;ACTB;PTPRJ;B4GALT6;JAK2;NOTCH3;DCHS2;CCK;EVL;SEMA3G;EPHA3;PTCH1;TNR;TENM2;NELL2;VIM;BRSK1;CDK5R1;CTNNA2;EFNB2;NRP1;MAP7D2;LRRC4C;PLPPR4;MAG;TENM3;NRCAM;PRKCQ;SEMA6D;SEMA3B;ARHGEF25;NRXN1;KIF5B;RAB3A;MTR;MAP2;SEMA4F;ROBO4;ATL1;RUFY3;OLFM1;FZD3;NEFH;COBL;FAT4;PTN;ITGA4;APLP1;TIAM1;SHTN1;FLRT3;UNC5D;EPHA7;THY1;TENM1;DCC;PTPRO;NEUROD6;MEGF8;MAP6;SEMA3D;FEZ1;RAC3;KIAA1755;ANK3;BMPR2;GRM7;BRSK2;PRKG1;ANAPC2;NCAM1;PALLD;RTN4RL2;SSNA1;SLC25A46;SLIT2;ENAH;NMNAT2;DCLK1;PAK1;SLITRK4;NEXN	Axon development	Vascular	C9_ALS_vs_C9_FTD_Occipital_batch_bridged	regional_control	14637	54	34	0.278551726441978	0.1260086902545		0.102864236942449		family_result				
protein_folding	0.310810810810811	0.447396768402154	0.104343952581949	0.214377802891762	1.06017082056523	185	TAPBP;ENTPD5;FKBP9;AIFM1;DNAJC24;DNAJB12;NUDCD3;NUDCD2;ATPAF2;CCT7;DNAJC4;CCT6A;TBCB;CALR;BAG4;ERP29;NFYC;LMAN2L;ANP32E;DNAJA2;ARL2;FKBP8;PPID;CANX;UGGT1;BAG1;PPIG;CDC37;PPIL2;TUBA1A;MESD;LYRM7;NAA10;DNAJC10;CDC123;CLPX;UNC45A;SDHAF4;TTC4;TOR1A;HSPB6;HSPA4L;GFER;PFDN6;MOGS;CMC1;CLU;CSNK2A1;PPIH;PFDN5;HSPA4;PDRG1;DNAJC21;CCT6B;DNAJC25;DNAJA3	Protein folding	Vascular	C9_ALS_vs_C9_FTD_Occipital_batch_bridged	regional_control	14637	54	34	0.278551726441978	0.447396768402154		0.460628695922814		family_result				
synapse_junction	0.319569120287253	0.447396768402154	0.0982123351217438	0.190554679248392	1.04341192917985	401	CUL5;ARHGEF9;CLSTN3;RTN4RL1;LSAMP;NLGN4X;GABRB2;CDH6;GABRA2;SPOCK2;LIN7B;RAMP2;GRID2;ACTN2;FBXO45;ANK2;NTN1;THSD1;SDC4;DAPK3;CNTN5;CDK5;MEF2C;CDH18;PCDHB10;ACTB;PCLO;PTPRJ;LSR;CC2D1A;SNCA;TEK;SKP1;CDH13;GABRA1;VPS35;LRRTM4;TESK2;CRMP1;GPM6A;EPHA3;LIN7C;PDZD11;NRG3;SLC12A5;CRIPT;MARVELD2;CDH26;CTNNB1;PCDHB4;EFNB2;SRC;ARL2;NRP1;SDK2;ACVRL1;CDH10;CDH22;NRCAM;UBE3B;GABRG2;ROCK1;NAE1;NRXN1;SPTBN2;SLC39A9;NEGR1;CDH12;GABRB3;IL1RAPL2;PTK2B;ANKRD28;CFL1;NTM;CUX2;GABRA4;LATS1;FSCN1;LAMA3;TLN2;FLRT3;EPHA7;ERBB4;PATJ;ARHGAP32;THY1;CD9;ADD2;DOCK10;PTPRO;GJA5;GABRG3;SORBS1;CDH20;DST;PTPRA;PDLIM5;CAV1;RAC3;MPP7	Synapse/junction	Vascular	C9_ALS_vs_C9_FTD_Occipital_batch_bridged	regional_control	14637	54	34	0.278551726441978	0.447396768402154		0.468478291520581		family_result				
heat_response	0.790554414784394	0.922313483915127	0.0577308549299813	-0.192976670212958	-0.843611365575573	77	IRAK1;DAXX;MAPKAPK2;DNAJB1;DNAJB4;CHORDC1;EP300;TPR;DNAJA1;HSPB2;IER5;HDAC6;HSPA1B;HSPA1A;BAG3;HDAC2;STUB1;PRKACA;GCLC;CLPB;HSPB1;LRP11;CREBBP	Heat response	Vascular	C9_ALS_vs_C9_FTD_Occipital_batch_bridged	regional_control	14637	54	34	0.278551726441978	0.922313483915127		0.922313483915127		family_result				
protein_stabilization	0.960251046025105	0.960251046025105	0.0495901956956338	-0.157212465504681	-0.803512896297379	196	ATP1B3;USP7;STXBP4;PPP1R10;TAF9B;RASSF1;HYPK;TRIM44;EGLN3;LAMP2;MTMR9;MSX1;CREB1;PEX19;EP300;AKT2;MORC3;SYVN1;DVL1;IFT46;CCNH;RASSF2;CBL;MUL1;PRKRA;ZNF207;P3H1;SMAD7;USP9X;PTGES3;USP36;BAG5;DSC3;HSPA1B;TCP1;ATP1B2;PIM1;HSPA1A;BAG3;DNAAF2;CBLB;UBE2B;STUB1;PRKCD;RPAP3;CHEK2	Protein stabilization	Vascular	C9_ALS_vs_C9_FTD_Occipital_batch_bridged	regional_control	14637	54	34	0.278551726441978	0.960251046025105		0.998980632008155		family_result				
mitochondrial_energy	0.000000035172251928612	0.000000246205763500284	0.719512826338911	0.485962670358726	2.23326957400352	107	ATP5PF;DGUOK;NDUFAF1;CHCHD2;NDUFA9;UQCRB;GHITM;PINK1;ATP5PD;NDUFB4;NDUFB1;PARK7;ETFRF1;NDUFB3;ATP5F1B;SNCA;UQCRH;COX6C;ATP7A;COX7A1;CYCS;NDUFA13;NDUFS5;NDUFA1;NDUFC2;NDUFB8;NDUFB10;NDUFV1;ANTKMT;NDUFB11;ATPSCKMT;ATP5IF1;ISCU;COX6A1;DNAJC30;NDUFA8;NDUFA3;COX6B1;NDUFA2;UQCR11;COX7A2;NDUFS7;NDUFA6;NDUFC1;ATP5ME;NDUFA12;COX4I1;NDUFS6;ABCD1;PPIF;RHOA;ATP5F1A;SDHAF2;UQCC2;NDUFV3;ATP5PO;ATP5F1E;COX5A;SIRT3;MLXIPL;NDUFAB1;COX4I2;NDUFB6;NDUFA10;COX8A;TEFM;UQCC3;NDUFS2;UQCR10;NDUFA11;ATP5F1D;COX7B;UQCRFS1;SHMT2	Mitochondrial energy	Vascular	C9_ALS_vs_Ctrl_Occipital	regional_control	14637	54	34	0.278551726441978	0.000000246205763500284		0.00000036474927925968		family_result				
small_GTPase	0.00000158418890637353	0.00000554466117230734	0.643551836150722	-0.320463608633224	-1.67589808525188	409	ARHGAP26;ARHGEF7;SPRY4;MADD;ABL1;ARFGEF1;CYFIP1;TIAM2;ARAP1;BCAR3;DOCK4;DOCK6;RAB9A;MYO9A;RALGAPA2;RHOJ;NISCH;TRIO;RGL3;NGF;ARHGAP22;GDI2;SIPA1L2;RHOU;RASSF1;ITGAV;CSNK1A1;CDC42EP4;ROCK2;RB1;ARHGAP4;CDKN1A;KSR1;CUL3;SPRY1;ARHGEF10;SYDE2;AKAP13;GRAP;ARHGEF2;WNK1;DENND3;GNA13;DOCK1;DENND4A;HACE1;RASGRF2;ARHGAP5;RASGEF1C;RAPGEF4;RAP1B;LAMA1;RAB12;PKP4;CDC42EP2;ARHGEF11;RALGPS1;RHOF;RAB21;RND3;ARHGAP20;IQSEC1;NTRK1;ELMO1;PLEKHG3;CDK2;RAP2C;ARRB1;ARHGEF12;GBF1;DOCK7;WNT4;SOS2;MAP4K4;ARHGEF3;CCL19;MAPRE2;RASA2;RHOQ;NF1;ARHGAP24;LARGE1;ARF6;RIT1;GPR4;ARHGAP23;FAM13B;ABCA1;NCKAP1;RASA4B;ARL3;ABL2;CRK;FAM13A;CTNNAL1;MCF2L;BCR;RGS19;RHOB;RASIP1;ARHGAP6;PLEKHG1;DOCK9;CDC42EP3;RHOG;RAB18;KALRN;RAF1;ARFIP2;STARD13;RALGDS;SIAH2;ARHGEF40;PLK2;ARHGAP8;ABI2;RAPGEF2;SIPA1L1;CYTH3;CDC42SE1;RAP1A;IQSEC2;SGSM3	Small GTPase	Vascular	C9_ALS_vs_Ctrl_Occipital	regional_control	14637	54	34	0.278551726441978	0.00000554466117230734		0.0000105612593758235		family_result				
axon_development	0.533018867924528	0.864942528735632	0.0637845390312975	-0.19032771444854	-0.973679474106163	332	EFNA4;ABL1;C9orf72;DISC1;SEMA6B;CYFIP1;TIAM2;MMP2;SIN3A;TSKU;TRIO;SMN1;SMURF1;ECE1;CHRNB2;ARHGAP4;PUM2;MARK2;RNF6;CTTN;FEZ2;MAP1S;TRPV2;FYN;CHODL;EPHB1;CTNNA1;PAK2;PTK2;CAMSAP2;SEMA6C;KIF13B;CASP3;STK24;RAB10;VEGFA;PLXNA3;MACF1;SEMA3E;APOD;B4GALT5;RAB21;NRP2;NTRK1;SLITRK1;SLIT1;DOCK7;VASP	Axon development	Vascular	C9_ALS_vs_Ctrl_Occipital	regional_control	14637	54	34	0.278551726441978	0.864942528735632		0.690950384346611		family_result				
synapse_junction	0.596875	0.864942528735632	0.0580983576873206	-0.184153549783052	-0.956975980298103	401	ARHGEF7;PEAK1;ABL1;DOCK4;LGI2;SETD5;MYO9A;CDH11;PIP5K1A;S1PR2;THBS1;GJA4;CHRNB2;THBS2;GJA1;NLGN2;ROCK2;ARHGAP4;PUM2;NTRK3;ACTN1;VMP1;PPM1F;DLG5;CTTN;LAMC1;GNA13;EPHB1;CTNNA1;DOCK1;PAK2;PTK2;STAU2;VEGFA;CORO1C;PLXNA3;MACF1;RAP1B;MPDZ;AKAP5;PKP4;APOD;AMOT;LRRC4B;ARMCX5-GPRASP2;FGFR1;SRPX2;PTPN1;ELMO1;CORO2B;SLITRK1;GABRA3;SLIT1;WNT4;MAP4K4;PLXNA2;CDH5;NCKIPSD;ARF6;SDK1;AGRN;PECAM1;STRN;IGLON5;DUSP3;NRXN2;AMIGO1;GABRE;CRK;POLDIP2;MYCBP2;BCR;ARHGAP6;ADNP;RHOG;LIN7A;GPC4;LZTS1;OCEL1;GJC1;RAB13;ABI2;EIF4G1;DKK1;RAPGEF2;DUSP22;CDH2;RAP1A;IQSEC2	Synapse/junction	Vascular	C9_ALS_vs_Ctrl_Occipital	regional_control	14637	54	34	0.278551726441978	0.864942528735632		0.759659090909091		family_result				
heat_response	0.621359223300971	0.864942528735632	0.0778840111977068	0.211971189272213	0.920448278393731	77	ATXN3;EIF2B1;SOD1;ATM;PSIP1;DNAJA2;TRPA1;NOS1;SLU7;HSBP1;PDCD6;EIF2B3;HSBP1L1;RBBP7;HSP90AA1;FGF1;HIKESHI;HTRA2	Heat response	Vascular	C9_ALS_vs_Ctrl_Occipital	regional_control	14637	54	34	0.278551726441978	0.864942528735632		0.780181984413775		family_result				
protein_folding	0.741379310344828	0.864942528735632	0.0696133438850965	0.179016560946936	0.894791685740537	185	DNAJB12;ENTPD5;RIC3;DNAJC24;UNC45A;FKBP9;PPID;NAA10;DNAJC25;LMAN2L;CCT7;CALR;FKBP8;NUDCD2;AIFM1;DNAJA2;CANX;ERP29;ARL2;SDHAF4;PFDN5;CMC1;DNAJC10;MESD;DNAJC4;PFDN6;PPIA;PPIL3;TBCB;BAG1;HSP90AA1;CDC123;NFYC;CLPX;CDC37;CLU;MPDU1;TUBA1A;ALG12	Protein folding	Vascular	C9_ALS_vs_Ctrl_Occipital	regional_control	14637	54	34	0.278551726441978	0.864942528735632		0.875891168339881		family_result				
protein_stabilization	0.988195615514334	0.988195615514334	0.0383995813369433	-0.153423404286905	-0.733889283872954	196	ATP1B3;TRIM44;USP7;RASSF1;RASSF2;USP36;MUL1;CCNH;PRKCD;PPP1R10;ZNF207;TAF9B;CBL;SEC16A;CD74;NLK;RAB21;PIM1;EGLN3;PRKRA;AKT2;CBLB;MSX1;HYPK;DNAAF2;BAG5;CREB1;EP300;URI1;MAPK8IP3;NAA15;CDC37L1;FBXW7;COA8;HCFC1;ATP1B2;STK3;SYVN1;USP9X	Protein stabilization	Vascular	C9_ALS_vs_Ctrl_Occipital	regional_control	14637	54	34	0.278551726441978	0.988195615514334		1		family_result				
heat_response	0.06659091041728	0.282258064516129	0.287805130535564	0.308884023337975	1.36509605865047	77	DAXX;RBBP7;HSPA1A;IER5;DNAJB1;TPR;CHORDC1;NOS1;HSBP1;GCLC;HSPA1B;EIF2B5;DNAJA1;BAG3;ATXN3;IRAK1;EP300;HDAC6;SIRT1;CRYAB;HSBP1L1;HSP90AB1;DNAJB6;HSPB1;STUB1;ANO1;PRKACA;EEF1D;MAPKAPK2	Heat response	Vascular	C9_FTD_vs_Ctrl_Occipital	regional_control	14637	54	34	0.278551726441978	0.282258064516129		0.124303032778923		family_result				
axon_development	0.0806451612903226	0.282258064516129	0.190023305279108	-0.230813939188167	-1.18230145038367	332	JAK2;USP33;C9orf72;MAP6;ENAH;SZT2;TENM1;SIN3A;LRRC4C;FAT4;CSPG5;RUFY3;RTN4RL1;LIMK1;KIAA1755;TUBB3;CDK5;BMPR2;SEMA7A;KIF5C;PGRMC1;NOTCH3;NRP1;SEMA4F;DCLK1;RAC3;GRM7;PRKCQ;CHODL;EPHA3;DCHS2;CXCL12;NECTIN1;LMO4;MAPK8IP3;RTCA;ARHGEF25;TENM2;NEUROD6;KIF21A;MTR;KIF5A;SLC9A6;NRXN1;PALLD;ARHGAP35;UNC5D;CNTN5;B4GALT6;EPHB1;MMP2;NRCAM;SLIT3;PAFAH1B1;MACF1;SEMA3G;PTPRO;PRICKLE1;MYCBP2;RAB21;NELL2;MAP7D2;OLFM1;NTN1;SLITRK1;NTN4;FLRT3;SEMA6B;CCK;PRKG1;NTNG1;TRPV2;INPP5F;MAG;ANAPC2;BAIAP2;TENM4;ROBO4;AUTS2;PTPRS;MAP1S;TRIO;UNC5A;DOCK7;RAB8A;TNR;FGF13;ECE1;ADNP;NEFH;NPTN;SLIT1;SEMA4B;SPAST;PLPPR4;EDN1;MAPT	Axon development	Vascular	C9_FTD_vs_Ctrl_Occipital	regional_control	14637	54	34	0.278551726441978	0.282258064516129		0.148556876061121		family_result				
small_GTPase	0.334757834757835	0.781101614434948	0.0824344091527096	-0.199961556311798	-1.04524062363208	409	ARHGEF9;RALGPS1;ARHGAP32;RAB30;RGL1;FGD1;GIPC1;ARHGAP15;PLEKHG5;TP53;STMN3;SCAI;SRC;RASGEF1C;CCDC88A;RASA3;ARHGAP39;RAP1GAP;BCAR3;LIMK1;RAPGEF6;SPRY4;COL3A1;SYNPO2;ARHGAP27;ARHGDIB;TEK;ARHGAP26;PIK3CB;RAP1GAP2;MRAS;TAX1BP3;ARHGEF3;NRP1;KNDC1;ARHGAP29;FARP1;RIT2;RAC3;IQSEC2;SPRY1;GARNL3;NGEF;RHOBTB1;LAMA1;RRAS2;PPP1CB;NUCB1;CDH13;RASGRF2;PARK7;CCL19;EPS8L2;FGD4;ARHGEF25;RERG;ARHGEF10L;DNMBP;ABI2;ARHGAP35;RND3;ARHGAP8;DIRAS2;ARRB1;RAB4B;CCDC88C;STAMBP;SIPA1L2;GDI2;PLCE1;BRAP;ARHGEF11;ITGAV;NET1;PRAG1;RAB21;NTN1;KANK1;RALGAPB;ARHGDIA;TGM2;USP8;AUTS2;TRIO;RHOBTB2;SH3BP4;ARHGAP12;NKIRAS1;DOCK7;PSD3;ARHGAP22;RAP2B;ARHGAP28;RASGRP1;PKP4;ARL3;PSD2;ARHGEF12;ERBB2;DAB2IP;GBF1;CUL3;TNFAIP1;DOCK6;ARHGAP1;WNT4;RAP1B;ARHGAP25;WASF1;RAPGEF5;STARD13;RALA;DOCK11;LZTR1;SRGAP3;SH2D3C;NTRK1;RAB4A;PSD;RASGRP3;ROCK1;DOCK3;CHN1;SIPA1L3	Small GTPase	Vascular	C9_FTD_vs_Ctrl_Occipital	regional_control	14637	54	34	0.278551726441978	0.781101614434948		0.485659034881833		family_result				
synapse_junction	0.570815450643777	0.960753532182104	0.0560595875032335	-0.183146908849473	-0.955826673256098	401	ARHGEF9;SDC4;CUL5;THBS1;GABRA2;CDH11;LIN7B;NEGR1;ARHGAP32;VMP1;NLGN4X;NRXN2;PDLIM5;SRC;LAMC1;IGLON5;RTN4RL1;CDK5;MEF2C;CDH22;TEK;MARVELD2;CSMD2;CTNNB1;VSTM5;PCDHB4;SRPX2;NRP1;THBS2;MARK1;PTPRA;FARP1;CDH26;LAMA3;ASIC2;RAC3;IQSEC2;RAB40C;GABRB2;DUSP3;LRRTM4;EIF4G1;CUX2;ANKRD28;CC2D1A;PIP5K1A;EPHA3;SDK2;NECTIN1;CDH13;GABRA1;FZD1;CDH6;NTM;CAPZA1;ACTN2;CLSTN3;ABI2;NRXN1;GABRA4;ICAM5;CNTN5;PCLO;EPHB1;CNTNAP2;NRCAM;LHFPL4;MACF1;PTPRO;GABRG1;SLC12A5;PRICKLE1;MYCBP2;THSD1;TRIM47;NTN1;SLITRK1;FLRT3;CDH18	Synapse/junction	Vascular	C9_FTD_vs_Ctrl_Occipital	regional_control	14637	54	34	0.278551726441978	0.960753532182104		0.729809708585651		family_result				
protein_folding	0.897081413210445	0.960753532182104	0.0385579101998489	-0.168549009021523	-0.811007985166173	185	TAPBP;NUDCD3;TTC4;ATPAF2;CD74;TXNDC5;BAG4;RUVBL2;ANP32E;MOGS;CCT6A;PPIL2;PPIG;NKTR;ATF6;AIFM1;HSPB6;PDCD5;DNAJC4;MKKS;UGGT1;CCDC47	Protein folding	Vascular	C9_FTD_vs_Ctrl_Occipital	regional_control	14637	54	34	0.278551726441978	0.960753532182104		0.973576727515212		family_result				
protein_stabilization	0.947222222222222	0.960753532182104	0.0635007968065945	0.159418988268722	0.822649309673956	196	IFT46;STXBP4;DSP;SMAD7;LAMP2;PEX19;MORC3;MTMR9;HIP1R;HSPA1A;POLR2E;HYPK;DVL1;PTGES3;TAF9B;CCT4;DSC3;CHEK2;PPP1R10;HSPA1B;PAQR4;PAK4;MSX1;CREB1;SYVN1;EGLN3;BAG3;CDK7;MFSD1;UXT;TCP1;EP300;TMC6;CRYAB;FLOT2;PINK1;HSP90AB1;PFDN2;GET1;P3H1;TRIM39;HSPB1;STUB1;PPARGC1A;PDCL3;AKT2	Protein stabilization	Vascular	C9_FTD_vs_Ctrl_Occipital	regional_control	14637	54	34	0.278551726441978	0.960753532182104		0.997076023391813		family_result				
mitochondrial_energy	0.960753532182104	0.960753532182104	0.0363783055518278	-0.16594356138745	-0.739880797279361	107	SDHC;NDUFA2;COX7A2L;DGUOK;NDUFB5;SLC25A33;ATP5F1D;ATP5PO;NDUFAF1;PARK7;COX8A;NDUFA9;DNAJC30;NDUFA10;SIRT3;NDUFV2;NDUFB9;NDUFS5;NDUFA7;CYCS;SNCA;COX7B;SLC25A51;GHITM;NDUFS4	Mitochondrial energy	Vascular	C9_FTD_vs_Ctrl_Occipital	regional_control	14637	54	34	0.278551726441978	0.960753532182104		0.998980632008155		family_result				
axon_development	0.00242843241244473	0.0169990268871131	0.431707695803346	0.251132807658006	1.37417846278077	364	NTN1;TNR;EFNA2;SEMA3E;SEMA4F;PRKCA;COBL;GLI2;ULK2;DISC1;DSCAM;TENM1;EPHA3;HMCN2;DIP2B;SEMA4B;EFNB1;SEMA4D;CTNNA2;LRRC4C;PAFAH1B1;NFASC;SPG11;NPR2;FYN;DNM2;LGR6;MAPT;TAOK2;SOS1;PTCH1;PRKG1;EPHA5;TRIM46;BOC;DSCAML1;RAB10;MEGF8;MARK2;CELSR1;MACF1;LRP4;PLP1;SEMA3B;CDKL3;OLIG2;PAK2;NRP1;USP33;PALLD;EPHB1;NTNG2;NTN4;SEMA5A;TRIO;STK24;SZT2;EPHA6;PRICKLE1;FGFR2;CAMSAP2;EPHA10;MAG;ADGRB1;NOTCH1;UNC5B;RTCA;INPP5F;B4GALT5;DCC;AMIGO1;ENAH;ANAPC2;USP9X;ARHGAP35;AUTS2;KIAA1755;KLF7;SIN3A;TRAK2;RAB21;PTK7;PRKCQ;BMPR2;KIF13B;MAPK8IP3;LMO4;SKIL;DCHS2;ECE1;PITPNA;RTN4RL1;NEO1;PARD3	Axon development	Astro	C9_ALS_Frontal_minus_Occipital_interaction	regional_interaction	20866	72	37	0.459689963681544	0.0169990268871131		0.00660156383965558		family_result				
small_GTPase	0.00615929235638948	0.0215575232473632	0.407017918923954	0.230990807257422	1.28389226466076	452	BRAP;RASGRP2;NTN1;CDC42EP2;ARHGEF10;TGM2;RAB35;ARHGAP17;BCR;GMIP;RASA3;DAB2IP;RALA;ARHGAP21;NRAS;CYTH1;KIF14;KRIT1;GNB1;IQSEC1;MAPKAPK5;ARHGEF7;SRGAP2;ARHGEF2;STARD8;CCDC125;MAPKAP1;ITGAV;SEMA4D;PREX1;FARP2;AKAP13;FERMT2;DOCK4;MAP4K4;VAV2;SOS1;F11R;APOA1;RAPGEF1;RIN2;SPATA13;CHN2;ITSN1;CELSR1;LRP4;STARD13;RHOA;ARHGEF4;NRP1;DNMBP;RAB4A;GBF1;RALGAPA2;GDI2;PLD2;TGFB2;DOCK11;ARHGEF10L;SYDE1;NCKAP1;SH2D3C;TRIO;SIPA1L3;DENND4B;RASGRF1;FARP1;BCAR3;CXCL13;NOTCH1;PSD3;CYTH4;RALGDS;NGF;DOCK1;PPP1CB;ROCK1;RAPGEF2;PPP1CA;CDC42EP3;DENND1A;GRAP2;CGNL1;PLCE1;CHML;RRAS2;ARHGAP35;RTKN;DOCK3;AUTS2;PREX2;GIPC1;TNS3;ABR;CRK;RAB21;LARGE1;ARHGAP32;HACE1;WAS;ARHGAP39;NF1;GNA12;RAP1B;FGD1;ARHGEF16;ARHGAP19;RASL12;RASGRP3;FNTA;ABL1;OPHN1;MRAS;DENND4A;SH3BP4;RHOB;PLEKHG1;CUL3;FOXM1;FGF2;ARHGAP26;NET1;CDC42EP4;ALS2;TNK2;ARHGAP27;RAPGEF6;ABL2;PHACTR4;CDKL5;WNK1;PLEKHG3;ROCK2;RHOBTB1;RAP1A;MMD2;ARHGAP25;FAM13A;ABCA1;COL1A2;DOCK7;PSD4;DAG1;ARHGEF11;RAF1;RASA2;RAB4B;ARHGAP29;MYO9A;MYO9B;CDK2;NUCB1;SHOC2;PDPN;LRRK2;ARFGEF2;ARHGAP1;KALRN;RAB39B;RHEB;MAPRE2;ARHGAP23;FXR1;RAP2B;NTRK1	Small GTPase	Astro	C9_ALS_Frontal_minus_Occipital_interaction	regional_interaction	20866	72	37	0.459689963681544	0.0215575232473632		0.0144924526032694		family_result				
protein_folding	0.0170161914696467	0.0397044467625091	0.352487857583619	-0.279166385205168	-1.34162262815108	198	CLGN;PEX19;TBCC;CDC37L1;PBDC1;PFDN6;LYRM7;SDHAF4;DNAJB7;CLPX;PPIL1;GRPEL2;ARL2;PPID;PDCL3;DNAJB13;CRTAP;DNAJB5;ZPR1;NUDCD2;MKKS;DNAJB4;ZMYND10;TTC1;FKBP6;AIFM1;MPDU1;HSPA2;FKBP1B;TXNDC5;CCT3;UNC45A;DNAJA3;METTL21A;CCT8;PFDN4;DNAJC2;KHSRP;DNAJB6;CD74;PDRG1;PPIL3;FKBP8;AHSA1;DNAJB2;VBP1;RP2;PPIA;CCT4;PFDN5;RIC3;MESD;HSPA4;CCDC47;ERO1A;GRPEL1;MOGS;PPIC;NAA10;COA3;HSP90AB1;SDF2L1;PDIA4;HSPB2;HSPA4L;CANX;HSPA1B;GRN;CHORDC1;HSP90B1;PDIA6;NFYC;FKBP4	Protein folding	Astro	C9_ALS_Frontal_minus_Occipital_interaction	regional_interaction	20866	72	37	0.459689963681544	0.0397044467625091		0.0366502585500084		family_result				
mitochondrial_energy	0.0249575643434232	0.0436757376009906	0.352487857583619	-0.312310419156542	-1.36493838248733	109	ATP5MG;DNAJC30;NDUFA7;NDUFB3;SHMT2;SNCA;NDUFS3;COX7A2L;COX5A;TEFM;ETFRF1;NDUFB2;PARK7;UQCRFS1;NDUFB6;C2orf69;ISCU;STOML2;NDUFAF1;NDUFA6;NDUFA11;ATP5PB;NDUFA8;ATP5PO;DGUOK;NDUFA12;ATP5PF;COX5B;NDUFB5;NDUFV2;NDUFB8;UQCRC1;ATP7A;UQCRH;ATP5F1A;COX4I1;NDUFB7;ATP5PD;CHCHD2;NDUFS8;ATP5F1D;NDUFB11;NDUFA1;NDUFS2;COX6B1;ATP5IF1;NDUFS6;NDUFS5;UQCRB;VCP;ANTKMT;CYCS;GHITM;NDUFC1;UQCR11;PPIF;COX8A;SDHD;CYC1;NDUFS7;NDUFA3;COX7A2;MLXIPL	Mitochondrial energy	Astro	C9_ALS_Frontal_minus_Occipital_interaction	regional_interaction	20866	72	37	0.459689963681544	0.0436757376009906		0.052150134448944		family_result				
synapse_junction	0.154088050314465	0.215723270440252	0.20207170902116	0.197868866852013	1.09426031475839	441	NTN1;NLGN1;MMP14;FRMPD2;SMAD3;CDH22;BCR;PRKCA;PCDHB10;DSCAM;PTPRA;FAM107A;PEAK1;EPHA3;RAB17;SNAI1;UGT8;DST;ARHGEF7;GJB1;SRGAP2;NCKIPSD;AFDN;PCDHB16;SEMA4D;PCDHB3;FERMT2;DLG5;EGFLAM;DOCK4;PCDHB5;CLDN11;MAP4K4;VSIG10;SORBS1;MAPT;TAOK2;ITGA2;DUSP22;NTRK3;SDC2;F11R;RAPGEF1;MACF1;LRP4;APC;CDH24;PAK2;TSC1;RHOA;GABRE;CDH5;NRP1;HOPX;ZDHHC2;PTPRD;EPHB1;NTNG2;CORO1C;PRICKLE1;CTNNB1;PATJ;ACTN2;FGFR1;FARP1;LRRC4B;DOCK1;MARK1;ROCK1;SLK;DAPK3;PPM1F;RAPGEF2;PTPN13;RAB40C;AMIGO1;HIPK1;GPC4;LSAMP;TESK2;LRRTM2;ITGA6;CDH11;CRK;LATS1;ARMCX5-GPRASP2;ARHGAP32;VCL;CDHR3;CD9;SYNDIG1;PKN2;RAP1B;CUL5;ILDR1;NTM;ESAM;IKBKB;RTN4RL1;PARD3;CDH17;SEMA4C;ABL1;PCDHB13;OPHN1;MYCBP2;CC2D1A;SLITRK3;AGT;ASIC1;PLEC;NLGN4X;EPHA7;ACE;CLASP1;CORO2B;SETD5;ANKRD28;VMP1;CCDC141;NRCAM;EFNA5;JAM3;PLXNA2;CDH1;CHD4;ROCK2;GHRL;PRKACA;LIMCH1;RAP1A;NPHP1;NPHS1;GREM1;FER;SLC39A9;DNER;FN1;DAG1;PHLDB2;AMIGO2;ADGRL3;MYO9A;PCDHB4;MPP7;SMAD7;CDH4;AGRN;SRGAP2C;CLSTN1;CDH20;PLXNB2	Synapse/junction	Astro	C9_ALS_Frontal_minus_Occipital_interaction	regional_interaction	20866	72	37	0.459689963681544	0.215723270440252		0.258351222084134		family_result				
heat_response	0.91394148020654	0.925729442970822	0.0429311093452583	-0.179097667026016	-0.73968638536832	78	PSIP1;IRAK1;HDAC2;IGF1;EIF2B2;ANO1;DNAJB4;HSPA2;DNAJA3;LRP11;DNAJC2;SLU7;AKT1;DNAJB6	Heat response	Astro	C9_ALS_Frontal_minus_Occipital_interaction	regional_interaction	20866	72	37	0.459689963681544	0.925729442970822		0.98804484346653		family_result				
protein_stabilization	0.925729442970822	0.925729442970822	0.0623861492893626	0.163036964095567	0.827558309724043	208	SMAD3;PAQR4;HIP1;HERC2;UBE2B;CBL;TBL1X;FLOT2;STK3;TSPAN1;APOA1;GPIHBP1;TSC1;CFP;USP33;HYPK;DBR1;EGLN3;P3H1;CBLB;IRGM;MORC3;CSNK2A1;GLMP;BAG4;CTNND1;PPP1CA;USP9X;TAF9B;BAG3;CLU;BAG2;RAB21;AAK1;C10orf90;MAPK8IP3;HSP90AA1;COG3;SAV1;WDR81;ATP1B2;PER3;SEC16A;RUVBL2;NAA16;TUBA1A;PFN1;DNLZ;PARVA;BAG6;TMEM88;PIM2	Protein stabilization	Astro	C9_ALS_Frontal_minus_Occipital_interaction	regional_interaction	20866	72	37	0.459689963681544	0.925729442970822		0.993119708934215		family_result				
mitochondrial_energy	0.0000000001	0.0000000007		0.59748312397917	2.72802006797857	109	ATP5ME;NDUFC1;ATP5F1E;UQCR10;NDUFS6;NDUFA9;ATP5MF;NDUFA2;COX7A1;NDUFB4;ATP5PD;COX7B;UQCRC2;SLC25A51;COX7C;SDHA;COX7B2;UQCRQ;NDUFA3;SDHB;NDUFS1;NDUFV1;NDUFV3;ATP5F1C;UQCRH;NDUFA12;NDUFB10;NDUFS5;NDUFB1;NDUFS7;NUPR1;COX6C;NDUFA13;COX6B1;ATP5F1B;NDUFA6;UQCRC1;CYCS;NDUFB7;UQCRB;NDUFC2;COX4I1;ATP5MG;VCP;PARK7;NDUFS8;UQCR11;NDUFAB1;COX8A;UQCC3;NDUFA10;COX6A1;CYC1;ATP5PO;COX7A2;NDUFA1;UQCC2;NDUFS2;ATP5PB;ATP5IF1;GHITM;ANTKMT;ATP5PF;NDUFB6;ATP5F1D;PPIF;PINK1;NDUFA5	Mitochondrial energy	Astro	C9_ALS_vs_C9_FTD_Frontal_minus_Occipital_interaction	regional_interaction	20866	72	37	0.459689963681544	0.0000000007		0.00000000215384615384615		family_result				
axon_development	0.00000125778575133355	0.00000440225012966742	0.643551836150722	0.319319098337487	1.70182743828715	364	RET;ANAPC2;NFASC;PLP1;DSCAML1;MAG;EPHA3;MAPT;TNR;MEGF8;APOD;SEMA6A;SEMA5A;EPHB1;NOTCH1;TENM1;CASP3;NTN1;LMO4;MAPK8IP3;RTCA;DISC1;EPHB3;DNM2;TENM4;SEMA5B;SEMA4F;EFNA2;BRSK2;LIMK1;C12orf57;VEGFA;APP;PLXND1;SEMA4D;EFNB1;NPR2;MT3;TAOK2;SZT2;CRTAC1;PITPNA;CNTN2;SLITRK5;SPTBN4;RGMA;BOC;KIAA1755;PLXNA3;OLIG2;WNT7B;MYCBP2;SEMA3E;PRKG1;PAK2;PAFAH1B1;PALLD;ZFYVE27;MCF2;GDI1;NTRK1;AMIGO1;ECE1;APBB1;HMCN2;ULK1;PLXNA4;NTN4;MAP1B;RAC1;KALRN;USP33;USP9X;ARHGAP4;NREP;EPHA5;SCN1B;DSCAM;DHFR;KIF13B;RAB21;DCLK1;DRD2;PLXNB2;NEUROD6;SEMA6C;APLP1;NOTCH3;TRIO;ADGRB1;ARHGEF40;SPP1;CTTN;CELSR2;SLITRK3;TRIM46;CAMSAP2;CDH1;AFG3L2;PTPRM;SPG11;MACF1;PTK7;GOLGA4;S100B;ZPR1;EPHA7;KIF5B;TUBB3;OLFM1;SEMA7A;SVBP;B4GALT5;CDHR2;RAB10;DIP2B;EPHB6;SOS1;BRSK1;RAB8A;CDK5;CCK;PLXNB1;STK11;WNT7A;SEMA4C;SEMA3B;BAIAP2;GSK3B;PLXNB3;EVL;ARHGAP35;STXBP1;UNC5B;CNTNAP1;PTPRS;BMPR2;PLXNC1	Axon development	Astro	C9_ALS_vs_C9_FTD_Frontal_minus_Occipital_interaction	regional_interaction	20866	72	37	0.459689963681544	0.00000440225012966742		0.00000880450025933484		family_result				
heat_response	0.000397384148554807	0.000927229679961216	0.49849310876659	0.412005582759968	1.78929112077072	78	TPR;MAPT;EEF1D;DNAJC7;PRKACA;MAP2K7;DNAJA4;HSPB6;HDAC6;MICA;HSP90AA1;YWHAE;BAG3;DNAJB1;RBBP7;CRYAB;DNAJA2;FGF1;PDCD6;TRPV1;MAPKAPK2;SOD1;DNAJA1;VCP;HSPB1;HSP90AB1;EIF2B5;TCIM;MTOR;EIF2B3;HIKESHI;ATR;EIF2S1;HSPA1A;GSK3B;STUB1;HSF1;CREBBP;HSPA1B;HSPA6	Heat response	Astro	C9_ALS_vs_C9_FTD_Frontal_minus_Occipital_interaction	regional_interaction	20866	72	37	0.459689963681544	0.000927229679961216		0.00130903013641583		family_result				
protein_folding	0.0012861358418273	0.00225073772319778	0.45505986738723	0.30843351730589	1.54805798655788	198	CSNK2A1;DNAJC4;RUVBL2;DNAJC7;PPIE;QSOX2;P3H1;HYPK;DNAJA4;HSPB6;COX19;POFUT2;DNAJC21;TBCB;NPPC;HSP90AA1;HSPA14;ENGASE;COX14;HSPD1;TSC1;NUDC;DNAJB11;BAG3;HSPH1;DNAJB1;PPIL2;PDIA5;CDC37;UGGT1;BAG4;CRYAB;DNAJA2;HSPA9;TELO2;TBCD;PFDN2;DNAJA1;HSPBP1;PDCD5;DNAJB5;FKBP4;HSPB1;PFDN5;CDC123;CCT2;FKBP10;HSP90AB1;GAK;NGLY1;ATPAF2;SNRNP70;TTC4;FKBP9;HSPA4L;PFDN6;ZPR1;BAG1;PDIA3;TRAP1;DNAJC5;CCT6A;HSP90B1;HDAC4;SACS;HSPA1A;PPIA;PPIF;DNAJC10;CCT7;UNC45A;AHSA1;CALR;RIC8B;CCT5;HSPA8;HSPA1B;HSPA6;HSPE1;KHSRP;VBP1	Protein folding	Astro	C9_ALS_vs_C9_FTD_Frontal_minus_Occipital_interaction	regional_interaction	20866	72	37	0.459689963681544	0.00225073772319778		0.0038310429331026		family_result				
small_GTPase	0.00171335201446105	0.00239869282024547	0.45505986738723	0.252464082608002	1.37504937672001	452	KSR2;DAB2IP;ARHGEF10;KIF14;TGM2;RASL12;CDC42EP2;LAMA1;APOA1;WNT4;RAB4B;DENND4B;RAB35;RTKN;NOTCH1;ARHGEF10L;NTN1;RAPGEF4;MMD2;RASA3;ARHGAP17;ARHGAP21;PREX1;MYO9B;CRK;KNDC1;CHML;LIMK1;FARP2;BCR;RALGDS;SEMA4D;GNB1;CDKN2A;NET1;RAF1;ARHGAP10;GMIP;TNK2;IQSEC2;F11R;ARHGAP1;SIPA1L3;STARD8;MADD;DOK7;SPRY2;RAPGEF3;GABARAP;ARHGAP39;ARHGAP26;GBF1;ARHGAP6;COL1A2;LAT;SYDE1;MCF2;TNFAIP1;GDI1;NTRK1;KRIT1;ARHGEF11;RAPGEF1;ARHGEF1;SYNPO2;ADGRG1;PLEKHG3;NGF;SH3BP4;RGL3;RAC1;KALRN;NRAS;HRAS;DVL2;TSC2;DOCK10;LARGE1;ARHGEF4;ARHGEF17;ARHGAP4;MFN2;FERMT2;PARK7;RAB9B;RHOBTB2;RHOU;RAB21;FAM13A;ABR;DNMBP;PLD2;ARAP1;CDK2;CFL1;GIPC1;TRIO;ARHGAP11B;DOCK3;ARHGEF40;RALBP1;CCDC125;TEK;FARP1;ARHGAP28;PPP1CB;FGD1;CYTH3;SPRY4;RRAD;SGSM3;RHOJ;RB1;PPP2CB;ROCK2;ROCK1;SPRY3;USP50	Small GTPase	Astro	C9_ALS_vs_C9_FTD_Frontal_minus_Occipital_interaction	regional_interaction	20866	72	37	0.459689963681544	0.00239869282024547		0.00484584408130399		family_result				
protein_stabilization	0.00210299556281189	0.00245349482328054	0.431707695803346	0.29449723059916	1.47532457497887	208	APOA1;CSNK2A1;TMC6;GLMP;RUVBL2;WDR81;GPIHBP1;MAPK8IP3;P3H1;USP36;HYPK;SMAD7;AAK1;BAG6;SEC16A;SMAD3;HERC2;PAQR4;TMEM88;PIM2;MT3;CDKN2A;UBE2B;HSP90AA1;DVL1;USP7;HSPD1;TSC1;PYURF;BAG3;TBRG1;CDC37;USP2;AKT2;BAG4;CRYAB;GAPDH;NAPG;CBX4;PIH1D1;TELO2;PFDN2;USP33;RPAP3;USP9X;PARK7;TRIM44;HSPB1;RAB21;PFDN5;CCT2;FLOT2;HSP90AB1;USP19;POLR2E;PFN1;COA8;CFP;SOX4;PFDN6;MTOR;HIP1;BAG1;NCLN;GTPBP4;CHEK2;CCT6A;COG3;HSPA1A;NAA30;FLNA;CDK7;PINK1;RASSF2;CCT7;TTI2;NOP53;STUB1;CALR;CAMLG;CCT5;HSPA1B;IRGM;SYVN1	Protein stabilization	Astro	C9_ALS_vs_C9_FTD_Frontal_minus_Occipital_interaction	regional_interaction	20866	72	37	0.459689963681544	0.00245349482328054		0.00577292899595421		family_result				
synapse_junction	0.0328573298621918	0.0328573298621918	0.321775918075361	0.223575715323646	1.21269422914035	441	GJB1;MMP14;CDH24;WNT4;EPHA3;MAPT;RAB17;CC2D1A;APOD;EPHB1;NTN1;RAB40C;CDH22;UGT8;CORO2B;PCDHB9;EPHB3;PRKACA;CLDN11;SMAD7;CCDC141;CRK;SMAD3;PPM1F;ITGA2;SLK;CHD4;BCR;JAM3;LRRC24;VEGFA;APP;PLXND1;SEMA4D;TAOK2;CDH5;DUSP3;AGRN;CRTAC1;DVL1;PIP5K1C;IQSEC2;F11R;SLITRK5;CORO1C;ACTN2;PPP1R9B;TSC1;EPB41L3;CARMIL3;PLXNA3;MYCBP2;PAK2;ARHGAP6;PCDHB3;PCDHB10;FAM107A;GABRE;NCKIPSD;ASIC1;PEAK1;PLXNA2;AMIGO1;WHAMM;RAPGEF1;TLN1;PLXNA4;FBF1;DNER;LGI2;MAP1B;TBCD;VLDLR;RAC1;DST;DOCK10;SETD5;ARHGAP4;FERMT2;CASKIN1;DSCAM;PTPRA;EIF4G1;CLDN5;DRD2;PLXNB2;PCDHB16;FGFR1;CFL1;COL16A1;PLXNA1;CTTN;SLITRK3;PKN2;CTNNB1;CDH1;TEK;FARP1;LRRTM2;CDHR3;GJC1;SLC39A9;MACF1;MARK1;ROCK2;ROCK1;LRFN3;NRXN2;DAPK3;EPHA7;FLOT1;SFRP1;OGT;ITGB4;EGFLAM;MAP4K4;THBS2;CDH4;SLC9A1;NEDD8;SNAI1;RAB29;EPHA2;CDK5;PLXNB1;WNT7A;DUSP22;SEMA4C;PLXNB3;SRGAP3;ACTN1;PLEC;SKP1;CNTNAP1;PTPRS;CD9;PLXNC1;DLG5;PKP4;MICALL2;NUMBL;NECTIN1;POLDIP2;ACHE;MPP7;RHOA;NPHP4;ACE2;PRICKLE1	Synapse/junction	Astro	C9_ALS_vs_C9_FTD_Frontal_minus_Occipital_interaction	regional_interaction	20866	72	37	0.459689963681544	0.0328573298621918		0.0657146597243836		family_result				
mitochondrial_energy	0.0000000001	0.0000000007		-0.704122473705851	-3.15553434740339	109	ATP5ME;ATP5MG;NDUFC1;NDUFS6;ATP5PD;NDUFA2;ATP5MF;NDUFA12;UQCR10;COX7B;COX7A1;ATP5F1E;NDUFA3;UQCRH;NDUFA6;NDUFB4;SLC25A51;PARK7;UQCRC1;UQCRQ;NDUFS5;NDUFV1;NDUFB7;SHMT2;COX4I1;NDUFS7;COX7C;COX6B1;NDUFV3;NDUFA7;ATP5PO;UQCRB;CYCS;NDUFA13;NDUFB6;NDUFS8;ATP5PB;ATP5PF;COX6C;VCP;NDUFB3;SNCA;COX5A;NDUFA9;NDUFB10;UQCR11;NUPR1;NDUFB2;NDUFS1;NDUFB1;NDUFA1;COX8A;COX5B;ATP5F1B;SDHB;UQCRC2;NDUFC2;ATP5IF1;NDUFS2;ISCU;CYC1;ATP5F1D;NDUFA11;NDUFA8;COX7A2;ANTKMT;COX6A1;GHITM;SDHA;UQCC2;CHCHD2;PPIF;NDUFAB1;COX7A2L	Mitochondrial energy	Astro	C9_FTD_Frontal_minus_Occipital_interaction	regional_interaction	20866	72	37	0.459689963681544	0.0000000007		0.00000000215384615384615		family_result				
protein_folding	0.000000000298015580359414	0.00000000104305453125795	0.814035837847908	-0.441573249790334	-2.17563756009577	198	DNAJC7;PFDN6;DNAJC4;DNAJB5;CSNK2A1;RUVBL2;TBCB;QSOX2;DNAJA4;ZPR1;PFDN5;DNAJB1;NUDC;ENGASE;UNC45A;CRYAB;HSPA9;COX19;CDC37;HSPD1;HSPH1;DNAJA2;FKBP4;HSP90AB1;P3H1;KHSRP;COX14;HSPBP1;PPIA;PDCL3;HYPK;GAK;AHSA1;HSPA4L;HSP90B1;TELO2;PPIL2;PDCD5;PPIE;CCT6A;DNAJA1;POFUT2;CCT2;VBP1;SNRNP70;MPDU1;PFDN2;TTC4;NPPC;CLGN;HSP90AA1;DNAJC21;HSPA1B;ATPAF2;HSPA1A;CCT8;DNAJB2;HSPA14;PFDN4;HSPB1;CHORDC1;PPIF;BAG1;PBDC1;PDIA3;HSPE1;HSPB6;NGLY1;CCT4;DNAJC18;TXNDC5;TBCD;FKBP8;FKBP9;DNAJC5;PDIA5;BAG3;COA3;CCT7;ARL2;FKBP10;CDC123;TSC1;CCT5;HSPA4;TCP1;HSPA8;DNAJC10;DNAJB11;BAG4;RIC8A;PPIL1;DNAJC2;PPIB;FKBP1B;NAA10;P4HB;DNAJB6	Protein folding	Astro	C9_FTD_Frontal_minus_Occipital_interaction	regional_interaction	20866	72	37	0.459689963681544	0.00000000104305453125795		0.00000000490849191180211		family_result				
heat_response	0.00000505564907428951	0.0000117965145066755	0.610526878385931	-0.479366211611535	-2.05682541135323	78	DNAJC7;EEF1D;TPR;HDAC6;MAPT;PRKACA;RBBP7;DNAJA4;EIF2B2;DNAJB1;CRYAB;DNAJA2;HSP90AB1;EIF2B5;MAP2K7;SOD1;VCP;YWHAE;DNAJA1;HSF1;HDAC2;HSP90AA1;SLU7;HSPA1B;HSPA1A;HSPB1;TRPV1;CHORDC1;HSBP1;HSPB6;STUB1;BAG3;MICA;PDCD6;EIF2S1	Heat response	Astro	C9_FTD_Frontal_minus_Occipital_interaction	regional_interaction	20866	72	37	0.459689963681544	0.0000117965145066755		0.0000288894232816543		family_result				
protein_stabilization	0.000183051125149801	0.000320339469012153	0.518848077743792	-0.331293874505456	-1.64372093182392	208	TMC6;PFDN6;USP36;DVL1;CSNK2A1;RUVBL2;TBRG1;APOA1;WDR81;PARK7;MAPK8IP3;SMAD7;USP2;GLMP;TTI2;PFDN5;BAG6;CDKN2A;CRYAB;RASSF2;USP19;SEC16A;CDC37;AAK1;HSPD1;GAPDH;MT3;HSP90AB1;P3H1;USP7;TMEM88;GPIHBP1;NAPG;PDCL3;HYPK;PFN2;PYURF;POLR2E;PIM2;TELO2;CCT6A;PIH1D1;CCT2;VBP1;SOX4;PFDN2;AKT2;RPAP3;PRKCD;HSP90AA1;COA8;SYVN1;HSPA1B;TRIM39;HSPA1A;CCT8;DVL3;CBX4;GTPBP4;HSPB1;BAG1;STUB1;CCT4;PINK1;CAMLG;PRKRA	Protein stabilization	Astro	C9_FTD_Frontal_minus_Occipital_interaction	regional_interaction	20866	72	37	0.459689963681544	0.000320339469012153		0.000665640455090187		family_result				
axon_development	0.00296538423450751	0.00415153792831052	0.431707695803346	-0.263763238295561	-1.39585780007025	364	RET;ANAPC2;SEMA6A;VEGFA;EPHB3;APOD;APP;CASP3;NFASC;PLP1;MAG;BRSK2;DSCAML1;PLXND1;WNT7B;APLP1;MAPT;TENM4;LMO4;C12orf57;MAPK8IP3;ZPR1;SEMA5A;NOTCH1;SEMA5B;EPHB1;MEGF8;ARHGEF40;NREP;LIMK1;RTCA;MAP1B;NECTIN1;RGMA;EPHB2;MT3;WNT7A;ZFYVE27;SLITRK5;EPHA3;CNTN2;PLXNA3;CRTAC1;PLXNC1;S100B;NEUROD6;PLXNA4;MCF2;MAP1A;DCLK1;APBB1;ULK1;GAP43;DNM2;BAIAP2;SPTBN4;TENM1;SEMA7A;NOTCH3;RAC1;CCK;PITPNA;STK11;IGSF9;SPP1;ADCY10;RNF6;CDHR2;SEMA6C;GDI1;NEFH;NTRK1;ACTB;KIF5B;ARHGAP4;ANK3;CTTN;EPHB6;MYCBP2;DHFR;PLXNB3;CDK5;EFNA3;TNR;KIAA1755;SZT2;DISC1;CELSR2;SCN1B;KALRN;EVL	Axon development	Astro	C9_FTD_Frontal_minus_Occipital_interaction	regional_interaction	20866	72	37	0.459689963681544	0.00415153792831052		0.00798372678521254		family_result				
small_GTPase	0.1808	0.210933333333333	0.128142916898415	-0.204899457816716	-1.10671543639659	452	KSR2;WNT4;LAMA1;RAPGEF4;KNDC1;RASL12;RAB4B;APOA1;RTKN;MMD2;PARK7;ARHGAP10;DENND4B;MYO9B;GABARAP;DAB2IP;NOTCH1;SPRY4;KIF14;SIPA1;RHOBTB2;ARHGEF40;ERAS;ARHGEF10L;DOK7;CFL1;CDKN2A;LIMK1;EPHB2;PPP2CB;TSC2;CRK;SYNPO2;TNFAIP1;ARFIP2;MADD;ARHGAP9;RAPGEF3;IQSEC2;ARHGEF10;RAF1;SPRY2;CHML;DIRAS2;TGM2;ADGRG1;ARHGAP1;MCF2;MFN2;HRAS;EPS8L2;RGL3;NET1;ARHGAP11B;FLCN;TNK2;ARHGEF1;ARHGAP6;CYTH2;LAT;PRAG1;RALGDS;RAC1;RSU1;RAB9B;RHOJ;PREX1;DVL3;GDI1;ARHGAP28;DVL2;ARAP1;BRK1;ARFGAP1;COL1A2;NTRK1;ARHGAP26;CHORDC1;ARHGAP4;RAPGEF5;DOCK10;DHCR24;ARHGDIG;ARHGAP39;ARHGEF17;ADRA2A;ARHGEF11;RALBP1;LZTR1;SGSM3;RAB35;PSD;RB1;RRAD;ARHGAP21;RGL2;KALRN;SPRY3;PLEKHG3;SIPA1L3;RHOU;FARP2;PIN1;OGT;SRGAP3	Small GTPase	Astro	C9_FTD_Frontal_minus_Occipital_interaction	regional_interaction	20866	72	37	0.459689963681544	0.210933333333333		0.28928		family_result				
synapse_junction	0.214968152866242	0.214968152866242	0.115734447701689	-0.201420019873972	-1.08808582432758	441	PCDHB9;WNT4;VEGFA;EPHB3;APOD;APP;DUSP3;DVL1;CC2D1A;GJB1;CDH24;PLXND1;PIP5K1C;CORO2B;PPP1R9B;LRRC24;MAPT;CASKIN1;PRKACA;SMAD7;TLN1;RAB40C;CCDC141;EPHB1;C1QL2;EIF4G1;CFL1;ACHE;MAP1B;PCDHB2;NECTIN1;EPB41L3;EPHB2;WNT7A;LGI2;SLITRK5;EPHA3;CRK;PLXNA3;CHD4;CRTAC1;EPHA2;RAB17;PLXNC1;JAM3;PPM1F;MMP14;SNCA;IQSEC2;CARMIL3;PLXNA1;PLXNA4;AGRN;COL16A1;SLK;POLDIP2;NEDD8;GAP43;RAB29;FLCN;CLDN11;UGT8;CLDN5;WHAMM;ARHGAP6;ACTN1;RAC1;LSR;SKP1;VLDLR;ITGA2;ACTB;ARHGAP4;ITGB1BP1;FBF1;CTTN;DOCK10;UBE2M;MYCBP2;HTR4;GJC1;PLXNB3;CDK5;ZNF703;PLXNA2;TBCD;ASIC1;DNER;CDH5;SIGMAR1;SLC9A1;ACTN2;LAMA3;LRRC4;OGT;SRGAP3;SFRP1;CORO1C;CDH22;DRD2;TAOK2;LIN7C;ARL2;CNTNAP1;THY1;C1QL3;PLXNB2;SETD5;TSC1;SEMA4D;ITGB4;DBNL;NLGN2;FLOT1;F11R;TEK;ACE2;LIN7B;PLXNB1	Synapse/junction	Astro	C9_FTD_Frontal_minus_Occipital_interaction	regional_interaction	20866	72	37	0.459689963681544	0.214968152866242		0.34006261470366		family_result				
mitochondrial_energy	0.0000000299485240430871	0.000000209639668301609	0.719512826338911	-0.457427775564516	-2.20136681784926	115	NDUFS7;NDUFS8;MLXIPL;SDHAF2;NDUFA11;SDHB;NDUFA7;COX7A2L;DNAJC30;STOML2;UQCRC1;SIRT3;NDUFV1;NDUFS2;NDUFA3;UQCC3;NDUFB6;NDUFV3;NDUFA6;RHOA;NDUFB7;NDUFS3;NDUFA13;SLC25A33;NDUFAB1;ATP5F1D;SLC25A51;COX7A2;ANTKMT;CYC1;NDUFB4;COX8A;COX5A;NDUFB1;UQCRFS1;COX7B;NDUFA10;ATP5F1C;COX6B2;NDUFB10;ATP5MG;PARK7;NDUFB9;CHCHD2;ATP5PO;NDUFA12;UQCRC2;NDUFS6;ATP5PD;NDUFB3;NDUFAF1;ATP5IF1;ATP5ME;NDUFC2;ATP5F1B;SDHC;UQCC2;NDUFB8;ATP5F1A	Mitochondrial energy	Exc	C9_ALS_Frontal_minus_Occipital_interaction	regional_interaction	28949	71	37	0.453440254563402	0.000000209639668301609		0.000000322522566617861		family_result				
protein_folding	0.00000464265652307926	0.0000162492978307774	0.610526878385931	-0.337795020426328	-1.74810124923521	209	NAA10;DNAJC4;ENTPD5;ENGASE;PEX19;GRN;MPDU1;POFUT2;TOR1A;RIC8A;PPIL3;DNAJC5;WDR83OS;QSOX1;FKBP1B;PPIC;ARL2;QSOX2;TELO2;RUVBL2;P4HB;LTBP4;PPIL2;UNC45A;TBCB;DNAJA3;PPIH;PDIA3;MOGS;BAG3;SDHAF4;SNRNP70;PDRG1;TAPBP;BAG1;MESD;DNAJB12;TTC1;HSPB1;PFDN6;FKBP6;SDF2;ERP29;TBCE;DNAJC2;PTGES3L;PDIA2;SIL1;FKBP1A;RIC3;P3H1;FKBP9;GAK;TRAP1;CDC37;DNAJB2;CDC123;PFDN5	Protein folding	Exc	C9_ALS_Frontal_minus_Occipital_interaction	regional_interaction	28949	71	37	0.453440254563402	0.0000162492978307774		0.0000272752018674944		family_result				
heat_response	0.175084175084175	0.408529741863075	0.195789002148949	-0.259701729190526	-1.17552795065333	82	EIF2B5;HTRA2;TCIM;IRAK1;HSBP1L1;HSF1;EEF1D;HDAC6;MAPKAPK2;EIF2B1;DNAJA3;BAG3;THBS1;EIF2B4;AKT1;HSPB1;MICA;DNAJC2;PRKACA;EIF2B3;GCLC;TRPM2;RBBP7;HSP90AB1;LRP11	Heat response	Exc	C9_ALS_Frontal_minus_Occipital_interaction	regional_interaction	28949	71	37	0.453440254563402	0.408529741863075		0.284577812874733		family_result				
protein_stabilization	0.341708542713568	0.579310344827586	0.169570644405628	-0.197232602410649	-1.03169156180171	217	GLMP;PIN1;TNIP2;PEX19;GRN;NCLN;PPP1CA;SMAD3;MAPK8IP3;TMC6;POLR2E;TELO2;PAQR4;RUVBL2;UXT;EGLN3;PHB2;WIZ;DNAJA3;DVL3;CFP;COA8;BAG3;FLNA;PDRG1;BAG1;PPP1R10;COG7;SAXO1;MYCNOS;WFS1;PIH1D1;WDR81;PRKN;HSPB1;PFDN6;TMC8;WNT10B;PIM2;LAMP1;P3H1;FBXW7;RASSF1;CDC37;PFDN5;SWSAP1;GAPDH;CBX4;FLOT2;PPARGC1A;MDM4;AKT2;PARK7;SEC16A;USP2;HSP90AB1;TTI1;USP19;CLU;HCFC1;TTI2;TESC;CALR;ZSWIM7;IFT46;PPIB;HIP1R;OTUD3;TAF9	Protein stabilization	Exc	C9_ALS_Frontal_minus_Occipital_interaction	regional_interaction	28949	71	37	0.453440254563402	0.579310344827586		0.493187587421644		family_result				
synapse_junction	0.413793103448276	0.579310344827586	0.237793834423688	-0.1772753985407	-1.00698530000859	480	RELN;GRID2;CDH13;ACE;SIGMAR1;GPC4;GREM1;MICALL2;OCEL1;IGLON5;DSG2;LRRC24;COL16A1;RAC3;DOCK10;PCDHB3;CARMIL3;CNTNAP1;FLCN;LSR;LZTS1;SMAD3;CLSTN3;SLITRK2;PLXNA3;PTPRK;MARVELD3;DMTN;ZDHHC8;FBF1;DKK1;ARL2;CTTN;PIP5K1A;CHRNB2;DAPK3;CC2D1A;RTN4RL2;NRXN2;RAB17;CDK5;SNAI2;ARHGAP4;ACHE;EEF2K;SPTBN2;C1QL2;LIMCH1;POLDIP2;CDH19;THBS1;ESAM;DNER;EPHA7;NCKIPSD;VEGFA;CLDN18;PLXNA1;RAB29;NEDD8;ST8SIA2;PTK2B;ADGRL2;ASIC1;ICAM5;AGRN;CDH5;PDZD11;PPM1F;CBLN4;LRFN3;PCDH17;ITGB1BP1;TSPAN11;RHOA;TRIM47;LATS1;LRFN1;HAPLN4;PRKCA;LIN7B;CAMSAP3;PRKACA;DBNL;PLXNB3;CDH9;CRTAC1;NECTIN3;CASKIN1;PTPRS;FLOT1;ARHGEF15	Synapse/junction	Exc	C9_ALS_Frontal_minus_Occipital_interaction	regional_interaction	28949	71	37	0.453440254563402	0.579310344827586		0.573574598839194		family_result				
small_GTPase	0.632183908045977	0.737547892720307	0.190023305279108	-0.169356563290856	-0.96141202045222	478	TAX1BP3;RELN;CDH13;PIK3CG;PIN1;GIPC1;ARHGEF16;LZTR1;STARD8;MICALL2;PLCE1;PLEKHG4;MMD2;EPS8L2;ERBB2;SPRY1;PLEKHG4B;RAPGEFL1;RAB38;RIPOR1;ARFGAP1;FGD3;TNK2;PPP1CA;RAC3;ARHGAP45;DOCK10;PREX2;SYNGAP1;CCDC88C;RAB4B;FLCN;TNS3;ROBO1;SNTA1;KCTD10;WAS;PSD;SIPA1L3;NUCB1;RASGRP2;ARHGEF25;TAGAP;RUNDC3A;DVL2;EPO;LIMK1;ARHGEF1;ARHGEF11;FGD4;ITGA3;RAP1GAP;ARHGAP4;RGL2;DVL3;FGD1;ARHGAP9;RGS19;ARHGAP31;ARHGAP1;ARHGEF4;OBSCN;CHN1;ARHGAP8;ARHGAP18;ARHGEF10L;RHEBL1;LAT;DHCR24;RHOA;MFN2;NKIRAS2;SGSM3;PLEKHG5;RHOF;DENND4B;PSD2;FGD5;GBF1;FGD2;ARHGDIG;DBNL;SH2D3C;ARHGDIA;GIT2;RASGRF2;ARHGEF15;DOCK1;NISCH;SPRY4;SLIT2;RALGDS;RASSF1;TSC2;CFL1;VAV1;KSR2;PLXNB1;RSU1	Small GTPase	Exc	C9_ALS_Frontal_minus_Occipital_interaction	regional_interaction	28949	71	37	0.453440254563402	0.737547892720307		0.786712284256197		family_result				
axon_development	0.834782608695652	0.834782608695652	0.140406238523342	-0.162347408449308	-0.905576178435481	388	RELN;PLEKHG4;GRN;ITGA4;SEMA5A;ANOS1;PLEKHG4B;RAC3;SLIT3;FGF8;CNTNAP1;TRIM46;EPHA10;ROBO1;KIFC2;FGFR2;SLITRK2;PLXNA3;PTPRM;MAPK8IP3;PAX2;ARHGEF25;EDNRA;FIGNL2;BSG;CTTN;MYPN;LIMK1;CHRNB2;RAB8A;UNC5B;RGMA;CNTN4;TUBB3;RTN4RL2;CDK5;ARHGAP4;SEMA6C;NEFH;CDK5R2;GDNF;EPHA7;CNTN6;ANAPC2;VEGFA;LYPLA2;ISLR2;STK11;CHN1;PTCH1;SEMA3C;DNM2;CERS2;ROBO4;SEMA4B;BRSK1;ULK1;SZT2;OLIG1;PRKCA;ZFYVE27;TNFRSF21;PITPNA;PLXNB3;ADGRB1;CRTAC1;PRKG1;PTPRS;HMCN2;MAP6;CTNNA2;SLIT2;SEMA7A;SEMA6B;PLXNB1;SCARF1;THY1;BDNF;NEUROD1;EFNB3;PLXNB2;DSCAML1;MAP7D2;LLGL1;BRSK2;SPTBN4;CNTN2	Axon development	Exc	C9_ALS_Frontal_minus_Occipital_interaction	regional_interaction	28949	71	37	0.453440254563402	0.834782608695652		0.94249649368864		family_result				
synapse_junction	0.0000106488604766728	0.0000745420233367093	0.593325476396405	-0.276227530240012	-1.53758887010165	480	CDH13;GRID2;GPC4;EEF2K;CDH5;C1QL2;PARD3;DOCK10;LZTS1;PKP2;FZD1;ACE;RELN;NRXN2;LRRC4B;TBX5;GJA1;SDK1;TEK;CDH3;SMAD3;CARMIL3;WDR1;PIP5K1A;SDC4;MICALL2;CDH18;VLDLR;AMOT;NECTIN3;PTPRK;FAM107A;CDH20;COL16A1;IGSF11;FLCN;ASIC1;ICAM5;LATS1;PLXNB3;PPM1F;RTN4RL2;ADGRL2;SDC2;EPHA7;MDGA1;MARVELD2;CC2D1A;GJA4;AKAP5;SIGMAR1;DMTN;DSG2;PKP4;MEF2C;PLXNA3;AGT;RHOC;ITGA6;ZNF703;MPP7;PTPRS;CUX2;LIN7A;THBS1;ERBB4;PRKCA;PTPRO;SLITRK2;ZDHHC8;TAOK2;SLC39A9;PLXND1;NLGN4X;CBLN4;SPTBN2;PCDH17;SNAI2;PEAK1;CHRNB2;LRRTM4;F11R;ASIC2;LRFN1;JUP;NPHP1;SRGAP1;PCDHB3;CDH9;SRC;MARVELD3;CRTAC1;LRFN3;HAPLN4;LSAMP;WNT3A;HOPX;LRFN4;PTK2B;NLGN3;CRMP1;IL1RAPL1;CDH22;DAG1;NRP1;PRKACA;SLC12A5;BCR;CLSTN3;FZD5;SHANK2;SLITRK4;TSPAN11;CRK;AMIGO1;EPHB2;PCDHB11;GABRA3;WNT5A;CRKL;KIRREL3;DKK1;MAPT;CLDN5;PPP1R9B;PLXNB1;ACTN1;LRRC24;CYFIP2;ARL2;SLITRK5;NRXN1;PRKCH;PLEC;ARHGAP33;IQSEC2;PCDHB5;RAB40C	Synapse/junction	Exc	C9_ALS_vs_C9_FTD_Frontal_minus_Occipital_interaction	regional_interaction	28949	71	37	0.453440254563402	0.0000745420233367093		0.0000596336186693674		family_result				
small_GTPase	0.0000361191074700741	0.00012641687614526	0.557332238758646	-0.274270971273653	-1.52482547438559	478	CDH13;PIK3CG;MMD2;SPRY1;STARD8;PREX2;SIPA1L3;CCDC88C;DOCK10;ERBB2;RAP2B;ARHGDIB;RAPGEFL1;RELN;TAX1BP3;SLIT2;ARHGAP19;TNS3;TGFB2;RASGRF2;ARHGAP31;ADCYAP1R1;ROPN1B;SYNGAP1;TEK;SH3BP4;PSD2;MICALL2;ROBO1;GIPC1;FGD4;SNTA1;ARHGAP1;ARHGAP24;ARFGEF3;FGD3;FGD2;PLEKHG5;TGM2;FLCN;PLD2;VAV1;FGD1;ARFGAP1;NISCH;ARHGEF18;MYO9B;PKP4;PSD;GIT1;LZTR1;SHTN1;ARAP1;RHOC;ARHGAP45;CDC42EP3;DEF6;RASGEF1C;ARHGAP23;KCTD13;ARHGEF10L;OBSCN;ARHGAP10;APOE;GBF1;KCTD10;GIT2;PPP1CA;TNK2;PDPN;ARHGEF25;PIN1;MAPKAPK5;CXCL13;FGF2;ARHGEF16;NUP62;RIT2;DOCK9;RAB4B;RHOV;RAPGEF3;ITGA3;KBTBD6;RASSF1;GARNL3;F11R;ABR;GRAP;NUCB1;ARHGAP44;EPO;SRC;RGS19;NUCB2;KANK1;RUNDC3A;HEG1;PPP1CB;PHACTR4;PSD3;ITGAV;DAG1;NRP1;ARHGEF3;GRB2;BCR;RIPOR1;PPP2CB;RIPOR2;ADGRG1;CRK;ARHGEF40;EPHB2;PLCE1;DNMBP;WNT5A;DVL3;PLK2;CRKL;SIPA1L1;LAT;IGF1;MFN2;RGL1;PLEKHG4;RSU1;SOS1;PLXNB1;RAB38;SGSM3;ARL3;CCDC125	Small GTPase	Exc	C9_ALS_vs_C9_FTD_Frontal_minus_Occipital_interaction	regional_interaction	28949	71	37	0.453440254563402	0.00012641687614526		0.000160529366533663		family_result				
axon_development	0.0002140055192844	0.000499346211663601	0.518848077743792	-0.272346125368633	-1.48869579351825	388	ITGA4;NEUROD1;UNC5B;FGFR2;SEMA3C;EPHA6;ANOS1;PARD3;FAT4;RELN;CNTN6;SLIT2;SEMA5A;LRRC4C;PRKG1;FIGNL2;ADAM17;VIM;DRAXIN;ROBO1;GDNF;BSG;SLIT3;PAX2;EFNB1;PLPPR4;EPHA10;PLXNB3;DNM2;RTN4RL2;STK11;POTEF;EPHA7;GLI2;HMCN2;EPHA8;SHTN1;PLXNA3;MAPK8IP3;PTPRS;PRKCA;PTPRO;SLITRK2;CDK5R2;SMO;APOE;KIFC2;GRN;SPTBN4;CNTN4;TAOK2;CELSR3;TRIM46;METRN;PTPRM;ARHGEF25;PLXND1;SEMA3F;PAK3;GRM7;BAIAP2;CNTN1;ISLR2;ALCAM;NOVA2;MARK2;ANK3;BRSK2;CHRNB2;TNFRSF21;JUP;PTCH1;SEMA6B;TENM1;SEMA6A;BRSK1;MAP6;CRTAC1;ROBO4;SEMA7A;SEMA4B;NLGN3;KIAA1755;DAG1;NRP1;CDK5R1;KIF13B;SEMA4G;TENM2;SLITRK4;ARHGEF40;AMIGO1;EPHB2;PALLD;WNT5A;JAK2;MAPT;SIPA1L1;EFNB3;PLEKHG4;SOS1;PLXNB1;LYPLA2;MYPN;YTHDF1;TNR;CYFIP2;SLITRK5;NRXN1;DSCAML1;MGARP;EPHA4	Axon development	Exc	C9_ALS_vs_C9_FTD_Frontal_minus_Occipital_interaction	regional_interaction	28949	71	37	0.453440254563402	0.000499346211663601		0.000749019317495401		family_result				
mitochondrial_energy	0.0163162188978059	0.0285533830711603	0.352487857583619	0.327240786281339	1.43035406896157	115	SDHD;TEFM;NDUFA9;NDUFA5;PPIF;COX8C;CCNB1;COX7A1;ATP5MG;ATPSCKMT;COX6C;COX4I2;UQCRH;ETFRF1;COX6A1;NDUFB5;PINK1;NDUFB2;NDUFA8;NDUFB8;UQCRC2;COX7C;NDUFA1;ATP5F1B;NDUFC1;NDUFS4;ATP5PB;ATP5PO;CYCS;COX6B1;NDUFB11;NDUFS6;COX7B2;SDHA;NDUFS5;ATP5F1E;NDUFV2;UQCR11;COX5B;ATP5PF;ISCU;GHITM;COX4I1;ACTN3;VCP;PARK7;NDUFA12;ATP5IF1;UQCR10;ATP5F1C;ATP5MF;NDUFB4;C2orf69;UQCRQ;UQCRB;COX7A2;COX5A;NDUFAB1;ATP5PD;NDUFB1;ATP5F1A;DGUOK	Mitochondrial energy	Exc	C9_ALS_vs_C9_FTD_Frontal_minus_Occipital_interaction	regional_interaction	28949	71	37	0.453440254563402	0.0285533830711603		0.0356917288389503		family_result				
protein_stabilization	0.616224648985959	0.862714508580343	0.0565299525056311	0.195030925270511	0.938915151677319	217	RPAP3;HPS4;HERC2;GTPBP4;URI1;ATP1B3;C10orf90;RTN4;DNAAF2;CCT2;TSPAN1;HSPD1;PDCL3;TSC1;STX12;A1CF;GET1;AAK1;CDKN2A;SAXO1;ATP1B2;ZSWIM7;PDCD10;CEP63;UBE2B;HSPA1A;PFN2;VBP1;HIP1R;RABL3;PFDN1;MCM8;PFDN2;TBRG1;NAA16;GPIHBP1;OTUD3;MYCNOS;TCP1;SOX4;USP19;NAA15;CCT8;MORC3;PINK1;CREB1;CRYAB	Protein stabilization	Exc	C9_ALS_vs_C9_FTD_Frontal_minus_Occipital_interaction	regional_interaction	28949	71	37	0.453440254563402	0.862714508580343		0.777220278000309		family_result				
protein_folding	0.969745222929936	0.978547854785478	0.0366082221336689	0.160155791016318	0.765276283292192	209	APLF;TBCEL;ST13;PFDN4;PPID;PPIL1;HSPA1L;ZPR1;RANBP2;PDIA6;CCT2;PPIF;HSPD1;PDCL3;TSC1;UNC45B;DNAJC25;HSPA1A;ALG12;VBP1;DNAJA1;CLGN;PFDN1;PFDN2;FKBP4;METTL21A;HSPA4L;HDAC4;TCP1;HSPA9;CCT8;PBDC1;CRYAB;CHORDC1;DNAJA2;HSPA6;HSP90AA1;DNAJB5;CDC37;CCT6B;CHCHD4;RIC3;HSPH1;PPIAL4H;ERP44;GRPEL2;CMC1	Protein folding	Exc	C9_ALS_vs_C9_FTD_Frontal_minus_Occipital_interaction	regional_interaction	28949	71	37	0.453440254563402	0.978547854785478		1		family_result				
heat_response	0.978547854785478	0.978547854785478	0.037848772270503	0.162268666453271	0.67573742357438	82	HIKESHI;DHX36;EIF2S1;TRPV4;HSPA1A;EIF2B2;DNAJA1;TPR;TRPA1;SOD1;HDAC2;CRYAB;IER5;CHORDC1;DNAJA2;HSBP1;HSPA6;HSP90AA1;DAXX;GSK3B;ATM;FGF1;SUMO1;PSIP1;IL1A	Heat response	Exc	C9_ALS_vs_C9_FTD_Frontal_minus_Occipital_interaction	regional_interaction	28949	71	37	0.453440254563402	0.978547854785478		1		family_result				
mitochondrial_energy	0.0000000001	0.0000000007		-0.60935466684609	-2.83911701311631	115	SDHD;ATP5MG;TEFM;PPIF;CCNB1;COX6C;NDUFA9;NDUFA5;UQCRH;UQCRC2;COX7A1;NDUFB8;ATP5PO;SDHB;ATP5F1B;NDUFS6;NDUFA8;ETFRF1;NDUFB4;NDUFB5;PARK7;PINK1;COX7A2;ATP5F1C;NDUFAB1;ATPSCKMT;NDUFA7;NDUFA12;NDUFB2;ATP5IF1;NDUFS8;NDUFB1;COX5A;NDUFV1;NDUFV3;NDUFB11;COX6B1;COX7B2;COX5B;COX6A1;CYCS;ISCU;COX7B;NDUFV2;COX4I1;NDUFB9;ATP5PB;NDUFA10;ATP5PD;COX8A;UQCR11;ATP5PF;NDUFC1;NDUFB7;UQCR10;COX7C;NDUFA11;NDUFA3;ATP5F1D;CHCHD2;NDUFA13;ATP5MF;ATP5F1A;DGUOK;SDHA;UQCRFS1;UQCRQ;NDUFB3;NDUFC2;NDUFA1;NDUFB10;COX8C;NDUFA6;ANTKMT;ATP5F1E;SLC25A33;CYC1;NDUFS2;NDUFS7;ATP5ME;UQCC2;NDUFS5;NDUFA2	Mitochondrial energy	Exc	C9_FTD_Frontal_minus_Occipital_interaction	regional_interaction	28949	71	37	0.453440254563402	0.0000000007		0.00000000215384615384615		family_result				
small_GTPase	0.0000895933746402013	0.000238004899746923	0.538434096309916	0.277870401740881	1.50374542854738	478	TGFB2;TGM2;CDH13;RAP2B;MMD2;ARHGAP10;PIK3CG;ARHGAP19;ARHGDIB;ARHGAP24;TEK;SH3BP4;KBTBD6;ARFGEF3;SLIT2;ADCYAP1R1;ROPN1B;SPRY1;RASGRF2;SIPA1L3;APOE;PREX2;PSD4;ITGAV;RIT2;PSD3;CCDC88C;ARHGAP31;SYDE1;PSD2;RAB42;DOCK10;KANK1;AIF1;PLD2;STARD8;SIPA1;DOK1;ARHGAP23;ARHGAP6;ARHGEF3;RHOC;TNS3;EPHB2;DEF6;ARHGAP35;RASL12;ERBB2;CDC42EP3;PLEKHG5;ARHGAP1;FGD2;GIT1;RAPGEF3;ABR;BCR;HEG1;RAPGEFL1;CXCL13;SHTN1;VAV1;FGF2;MYO9B;CRKL;FGD4;ARHGEF18;COL3A1;PKP4;KCTD13;RND3;GARNL3;F11R;ARAP1;SIPA1L1;MAPRE2;RASA4B;ARHGAP17;TIAM2;RASGEF1C;NUP62;PHACTR4;NISCH;PPP1CB;MAPKAPK5;SYNGAP1;GRAP;ABCA1;IGF1;ARHGEF19;DNMBP;DOCK9;PLEKHG6;RAB6C;ROBO1;PDPN;SOS1;SNTA1;RASAL3;GNA12;GNA13;WASF1;TIAM1;FGD1;IQSEC2;DAG1;PLK2;GIT2;RHOV;NUCB2;SRC;GBF1;CDKN1A;RHOQ;ABL1;NRP1;KBTBD7;ARHGAP44;ARHGEF10L;FBXO8;RELN;ROCK1;CCDC125;OBSCN;FGF10;RIPOR2;CCR7;RHOD;FLCN;CELSR1	Small GTPase	Exc	C9_FTD_Frontal_minus_Occipital_interaction	regional_interaction	28949	71	37	0.453440254563402	0.000238004899746923		0.000353325984496569		family_result				
protein_folding	0.000102002099891539	0.000238004899746923	0.538434096309916	-0.327254430624318	-1.64871336442172	209	APLF;PPIF;PPIL3;TBCEL;HSPD1;DNAJC4;PPIL1;RIC3;HSPA1L;CDC37;PPID;PFDN4;PDCL3;ZPR1;TTC1;PBDC1;TSC1;RANBP2;PDRG1;CDC123;UNC45B;CCT2;DNAJC25;HSPA6;HSPA9;PDIA6;HSPE1;ST13;PPIA;PFDN1;PFDN2;TCP1;ALG12;AHSA1;CCT8;DNAJA1;SDF2;UNC45A;PDCD5;VBP1;FKBP4;CLGN;HSPA4L;NAA10;MOGS;METTL21A;HSPA1A;DNAJB13;HSPA8;DNAJA3;CCT3;MPDU1;NUDCD2;CHORDC1;FKBP6;COA3;CRYAB;TUBA1A;ERP29;QSOX1;NUDC;TBCC;HSPA4;PFDN6;COX14;TOR1A;HSP90AA1;GFER;CCT7;TBCA;BAG1;DNAJC18;CMC1;FKBP9;HSP90AB1;DNLZ;MESD;CCT6A;PTGES3;CHCHD4;PPIG;CLU;HSPH1;PTGES3L;GRPEL1;WIPF1;CCT4;WDR83OS;TXNDC5;BAG5;DNAJC2;PFDN5;DNAJB5;HSPB2;DNAJB6;DNAJB11	Protein folding	Exc	C9_FTD_Frontal_minus_Occipital_interaction	regional_interaction	28949	71	37	0.453440254563402	0.000238004899746923		0.000391240931090833		family_result				
synapse_junction	0.000168029468985183	0.00029405157072407	0.518848077743792	0.271645014473018	1.46937051515674	480	PKP2;CDH13;GJA1;CDH5;EEF2K;PARD3;AMOT;FAM107A;GRID2;FZD1;CLDN5;CDH3;LRRC4B;C1QL2;TEK;CDH20;SDK1;TBX5;GJA4;GPC4;JUP;ERBB4;WDR1;PLXND1;CUX2;SDC4;VLDLR;NRXN2;CDH18;PEAK1;NLGN4X;AKAP5;LZTS1;DOCK10;CNTN5;IGSF11;NECTIN3;ACVRL1;MARVELD2;MEF2C;AGT;ARHGAP6;RHOC;ZNF703;EPHB2;SLITRK4;MPP7;SDC2;PCDHB5;MDGA1;LIN7A;GABRA4;SLC39A9;BCR;SRPX2;PECAM1;WNT3A;CRKL;SHANK2;PLXNB3;PKP4;PTPRO;LATS1;ICAM5;ASIC1;F11R;SLITRK5;PIP5K1A;GABRA3;ITGA6;GABRE;LRRTM2;NLGN3;MAPT;PPM1F;IL1RAPL1;NPHP1;SMAD3;TJP1;TAOK2;ADGRL2;TESK2;CARMIL3;FZD5;PTPRS;OXT;PTPRK;GNA13;NPTX1;SRGAP1;APLNR;PKP1;PRKCH;IQSEC2;EPHA7;ASIC2;PRKCA;DAG1;GABRB3;CRMP1;RTN4RL2;HOPX;CLASP1;ACE;CDH22;SRC;ABL1;LRRTM4;S1PR2;NRP1;AMIGO1;NEGR1;DRD2;LRFN4;PTPN13;DRD1;RELN;ROCK1;RTN4RL1;LIN7C;RHOD;FLCN;THBS1;CC2D1A;NTRK3;CPEB3;DUSP22;ADNP;SLITRK3;KIRREL3;GABRA2;LSAMP;SETD5;PDLIM5;CSMD2;RAP1B;CRK;GABRB2;MYO9A;NRXN1;ILDR1;PCDHB11;TRIP6;LHFPL4	Synapse/junction	Exc	C9_FTD_Frontal_minus_Occipital_interaction	regional_interaction	28949	71	37	0.453440254563402	0.00029405157072407		0.000627310017544682		family_result				
axon_development	0.00122561697677668	0.00171586376748735	0.45505986738723	0.274642827102295	1.45244991253584	388	ITGA4;NEUROD1;VIM;EPHA6;SEMA3C;UNC5B;FAT4;PARD3;FGFR2;EFNB1;LRRC4C;SLIT2;ADAM17;DRAXIN;APOE;JUP;PLXND1;CNTN6;PRKG1;EPHA4;EPHA8;MGARP;POTEF;PLPPR4;ALCAM;ANOS1;PALLD;CNTN5;GLI2;MARK2;EPHB2;SLITRK4;SEMA3F;ARHGAP35;SMO;FIGNL2;GDNF;TENM2;SHTN1;PLXNB3;PTPRO;GRM7;FZD3;SLITRK5;RAB10;SIPA1L1;SEMA6D;TIAM2;NLGN3;NOVA2;MAPT;DNM2;SEMA5A;NFIB;BSG;HMCN2;PAK3;KLF7;CELSR3;BAIAP2;CASP3;TAOK2;STK11;NRP2;ANK3;CDK5R1;ROBO1;SOS1;SPTBN4;PTPRS;METRN;CNTN1;EFNA1;TENM1;NPTX1;TNR;TIAM1;WNT7B;SEMA4G;EPHA7;PRKCA;DAG1;RTN4RL2;RUFY3;SHOX2;TRAK2;ABL1;PAX2;NRP1;AMIGO1;SEMA6A;DRD2;KIAA1755;RELN;MAP1S;BRSK2;RTN4RL1;BHLHE22;SIN3A;CELSR1;SLIT3;ADNP;USP9X;SLITRK3;NTNG1;CDK5R2;BMPR2;EDN3;JAK2;EPHA10;SEMA6B;KIF13B;NRXN1;TUBB2B;GDI1;ARHGEF40;PLXNC1;TNFRSF21;NOTCH3;SMN2;MMP2;MAP6;YTHDF1;ADCY10;PTEN;NCAM1;TENM4;PTN;CYFIP1;AUTS2;ISLR2;CRTAC1;SEMA7A;VASH2;WNT5A;PUM2;OPHN1;UNC5D;NTRK1	Axon development	Exc	C9_FTD_Frontal_minus_Occipital_interaction	regional_interaction	28949	71	37	0.453440254563402	0.00171586376748735		0.00369002960749967		family_result				
protein_stabilization	0.0248649778588911	0.0290091408353729	0.352487857583619	-0.250153907425968	-1.26655479036539	217	SAXO1;ZSWIM7;HSPD1;MYCNOS;C10orf90;STX12;HIP1R;HERC2;USP19;CDC37;OTUD3;GTPBP4;RPAP3;PDCL3;ATP1B3;TSC1;PDRG1;HPS4;TBRG1;WDR81;CCT2;DNAAF2;PARK7;PINK1;GET1;TAF9B;TESC;RTN4;PFDN1;PFDN2;PAQR4;TCP1;A1CF;FBXW7;TMC6;PFN2;CCT8;PIH1D1;RABL3;UBE2B;PDCD10;TAF9;SWSAP1;VBP1;TMC8;SYVN1;URI1;HSPA1A;PPP1R10;RUVBL1;NAPG;DNAJA3;GLMP;UXT;CCT3;NAA16;COA8;PYURF;USP33;CTNND1;CRYAB;TUBA1A;PFDN6;PIK3R1;CEP63;HSP90AA1;TRIM37;SUMO1;CCT7;AAK1;BAG1;PIH1D2;HSP90AB1;DNLZ;CHEK2;GPIHBP1;CCT6A;PTGES3;POLR2E;NOP53;GAPDH	Protein stabilization	Exc	C9_FTD_Frontal_minus_Occipital_interaction	regional_interaction	28949	71	37	0.453440254563402	0.0290091408353729		0.052150134448944		family_result				
heat_response	0.491452991452991	0.491452991452991	0.0835990603684159	-0.223307740919996	-0.97637484159071	82	HIKESHI;TRPA1;EIF2B4;EIF2B2;EIF2B1;HSPA6;HSBP1L1;FGF1;SOD1;TRPM2;DNAJA1;DHX36;IRAK1;HSPA1A;EIF2B5;DNAJA3;CHORDC1;TRPV4;CRYAB;EIF2S1;HSP90AA1;TPR;SUMO1;HSP90AB1;HSBP1;HSF1;STUB1;DNAJC2;PDCD6;PSIP1;HSPB2;DNAJB6;NOS3	Heat response	Exc	C9_FTD_Frontal_minus_Occipital_interaction	regional_interaction	28949	71	37	0.453440254563402	0.491452991452991		0.646041491111914		family_result				
small_GTPase	0.064040363146212	0.247513812154696	0.287805130535564	0.196784256083558	1.12977315897444	466	ADRA2A;COL1A2;RAP1B;KRIT1;WASF1;RHOU;RALBP1;ARF6;CDC42EP5;GRAP2;GDI2;RHOJ;TGM2;RALGPS2;RAB21;ITGAV;CUL3;SOS2;SHTN1;LRRK2;CD2AP;PTH;SH2D3A;DOCK1;RALA;SH3BP4;KANK1;FGD3;RAPGEF6;CDC42EP1;DOCK11;LRP4;NF1;G3BP1;RACGAP1;ALS2;CDKN2A;DENND4C;RASA2;PICALM;RTKN;TIAM1;BRAP;ARFGEF1;CDKL5;DOCK5;SIPA1L2;DENND4A;RASA3;ROCK1;ARHGAP32;NCKAP1;RAPGEF5;CTNNAL1;PLEKHG3;ARHGAP10;RRAGC;CELSR1;CYTH3;MYO6;ARHGAP12;RAB9B;GNA13;SCAI;SIPA1;DOCK4;NET1;RASGRF2;RALGAPA1;ROCK2;CSNK1A1;RELN;TRIO;ARHGAP15;SRGAP2;RTN4;TEK;WNK1;RALGAPB;KRAS;ARHGAP26;CCNA2;ARHGAP25;FAM13B;KBTBD6;WNT5A;FERMT2;PREX1;PLK2;MAPRE2;ARFGEF2;ARL3;RASGEF1C;RASGEF1B;F11R;CYTH1;PRAG1;FNTA;TNS3;ABCA1;ABI2;CHORDC1;FGD5;PPP1CB;ARHGAP5;RAB18;DOCK3;WAS;ARRB1;USP8;RB1;GNB1;FOXM1;FAM13A;RAB38;RHOF;RASGRP3;RAB35;ARHGEF12;RABIF;PPP1CC;CHM;RAB30;SIPA1L1;NOTCH2;FBXO8;NTN1	Small GTPase	Inh	C9_ALS_Frontal_minus_Occipital_interaction	regional_interaction	24471	70	37	0.404655588732688	0.247513812154696		0.120344306583486		family_result				
synapse_junction	0.10350322975357	0.247513812154696	0.287805130535564	0.191986810481499	1.09962441569427	457	CDH19;PAK2;EGFLAM;PDCD6IP;GJA4;MARVELD2;SLITRK2;PRICKLE1;RAP1B;SLK;NPHP1;SRPX2;PCDHB4;ARF6;PCDHB2;ACE2;CDH7;RAB29;SLITRK3;APC;CLASP2;CDH12;HTR4;DOCK1;WHAMM;MYCBP2;LRP4;LAMC1;STRN;PTEN;CLDN5;CUL5;PUM2;SETD5;ITGA2;UGT8;CDH5;CDH8;ADNP;WDR1;EFNB2;ROCK1;ARHGAP32;GABRA6;EPB41L3;NLGN4X;CDH2;PTPRJ;GJC1;PATJ;PCLO;SMAD7;GNA13;ABI3;FLRT3;DUSP3;DOCK4;PCDHB11;LIMCH1;GPM6B;PEAK1;RYK;CTNNA1;CDH9;ROCK2;CDH10;PDLIM5;RELN;NAE1;LRFN4;SLITRK5;DLG1;EPHB1;SRGAP2;RTN4;TEK;FBXO45;DUSP22;TLN2;PCDHB5;DST;VCL;NEGR1;ANKRD28;WNT5A;AFDN;FERMT2;MACF1;CDH1;CHD4;F11R;ARMCX5-GPRASP2;CBLN1;ABI2;LDB1;MEF2C;TSC1;GABRA2;TESK2;PARD6B;MPDZ;ACTN3	Synapse/junction	Inh	C9_ALS_Frontal_minus_Occipital_interaction	regional_interaction	24471	70	37	0.404655588732688	0.247513812154696		0.185775027762817		family_result				
axon_development	0.129916118927513	0.247513812154696	0.249246554383295	0.193337109506037	1.08258359646704	374	PAK2;LHX1;SLITRK2;PRICKLE1;SEMA6A;ENAH;SIN3A;FZD3;USP9X;SLITRK3;BCL11A;CLASP2;RAB21;SHTN1;ANOS1;AFG3L2;CAMSAP2;MYCBP2;SPG11;LRP4;ATL1;NEO1;S100B;PTEN;MGARP;NREP;PUM2;RUFY3;PICALM;EDNRA;TIAM1;KIF21A;CDKL5;SEMA3E;PALLD;DIP2B;MAG;NRDC;ADNP;EFNB2;KIF13B;ZDHHC17;CDH2;CELSR1;PTPRJ;EDN1;PAK1;FLRT3;GPM6B;KIF5C;RYK;FAT4;CTNNA1;KIAA0319;KIF5B;RELN;ZPR1;PAFAH1B1;TRIO;ITGA4;SLITRK5;EPHB1;RTN4;NOTCH3;TENM1;JAK2;ISLR2;SLC25A46;WNT5A;GLI2;MACF1;CDH1;PLP1;MAP1S;OLFM1;CDKL3;MAP3K13;METRN;DHFR;PARD6B;SEMA3C;GSK3B;SEMA3B;APOD;TENM2;JUP;NLGN3;SIPA1L1;NOTCH2;EFNB1;NTN1;OLIG2;PTN;PPP3CB;SOS1;EMB;SEMA4D;EPHA6;RAB10;CXCL12;PTPRM;EFNA4;B4GALT5;PAX2;DOCK7;GOLGA4;ACTB;CHN1;GDI1;EPHA7;PLXND1	Axon development	Inh	C9_ALS_Frontal_minus_Occipital_interaction	regional_interaction	24471	70	37	0.404655588732688	0.247513812154696		0.225941076395675		family_result				
protein_stabilization	0.163265306122449	0.247513812154696	0.252961123069611	0.215724737406255	1.13706156626704	213	RPAP3;NAA30;USP7;TYROBP;USP9X;CREBL2;ATM;PIK3R1;RAB21;CREB1;CSNK2A1;ZNF207;C10orf90;PTEN;CDKN2A;AAK1;LAMP2;GPIHBP1;EP300;NAA15;MTMR9;STK4;NLK;COG3;MORC3;TSPAN1;SMAD7;MCM8;PRKRA;PDCD10;CDK7;URI1;PPARGC1A;SAXO1;UBE2B;RTN4	Protein stabilization	Inh	C9_ALS_Frontal_minus_Occipital_interaction	regional_interaction	24471	70	37	0.404655588732688	0.247513812154696		0.272108843537415		family_result				
mitochondrial_energy	0.176795580110497	0.247513812154696	0.119348440591015	-0.274421344251067	-1.17477917586154	112	NDUFS7;NDUFS8;PPIF;MLXIPL;SIRT3;NDUFA7;DNAJC30;STOML2;NDUFB6;NDUFA2;NDUFS2;NDUFS6;NDUFA6;CCNB1;COX7A2L;COX8A;RHOA;CHCHD2;NDUFB3;PARK7;NDUFB7;ATP5F1C;NDUFV1;UQCRC1;ANTKMT;NDUFAB1;AK4;COX7A2;NDUFB9;NDUFB10;NDUFA3;NDUFA8;ISCU;ATP5PD;NDUFB8;SDHAF2;NDUFS3;SHMT2;NDUFA11;UQCC3;COX7A1	Mitochondrial energy	Inh	C9_ALS_Frontal_minus_Occipital_interaction	regional_interaction	24471	70	37	0.404655588732688	0.247513812154696		0.284577812874733		family_result				
protein_folding	0.326302729528536	0.380686517783292	0.0764767053228531	-0.229028840129709	-1.06167397190784	203	TOR1A;TBCB;PPIL1;DNAJB7;FKBP1B;MPDU1;CD74;GRN;PPIL2;PPIC;PPIF;P4HB;CDC37;DNLZ;ZMYND10;PEX19;PFDN4;PBDC1;RUVBL2;PTGES3L;FKBP1C;CHCHD4;PPIE;PDRG1;ATPAF2;LMAN2L;WDR83OS;CALR;TBCC;SDF2;BAG1;DNAJC4;NAA10;ENGASE;PPIB;FKBP1A;COX14;HSPA6;UNC45A;CRTAP;SNRNP70;PDIA5;DNAJC7;DNAJB12;ARL2;GRPEL1;TELO2;DNAJB2;MOGS;NUDCD3;NUDC;PDIA2;PFDN5;LTBP4;GFER;PFDN2;DNAJB11;BAG5;FKBP9;NUDCD2	Protein folding	Inh	C9_ALS_Frontal_minus_Occipital_interaction	regional_interaction	24471	70	37	0.404655588732688	0.380686517783292		0.475858147229115		family_result				
heat_response	0.951612903225806	0.951612903225806	0.0706196247122591	0.16326502084289	0.747146659811961	81	DHX36;ATM;HIKESHI;TPR;EP300;TRPA1;ATR;NOS1;PSIP1;HDAC2;HSPA2;DNAJC2;SUMO1;CHORDC1;GSK3B;BAG3;HSPA1B;HSP90AA1;TRPV4;IGF1;LYN	Heat response	Inh	C9_ALS_Frontal_minus_Occipital_interaction	regional_interaction	24471	70	37	0.404655588732688	0.951612903225806		0.997946115742419		family_result				
mitochondrial_energy	0.00360121253877175	0.0252084877714023	0.431707695803346	0.33194667967195	1.55611941029271	112	TEFM;ATPSCKMT;SDHD;COX6C;NDUFS4;ATP5ME;NDUFA10;UQCRC2;ABCD1;ACTN3;NDUFA12;NDUFA9;SDHA;COX6B2;NDUFA13;NDUFV2;NDUFB8;NDUFC2;UQCRFS1;ATP5F1E;NDUFV1;STOML2;COX7C;NDUFC1;NUPR1;SDHB;NDUFA1;UQCRH;ATP5PO;NDUFV3;NDUFA5;NDUFB2;ATP5PB;COX4I1;NDUFB9;ANTKMT;UQCRQ;NDUFS5;SNCA;COX6A1;NDUFB11;ATP5F1B;COX5B;SDHC;NDUFB6;NDUFAB1;NDUFAF1;ATP5MG;AK4;CCNB1;ATP7A;NDUFB5;SHMT2	Mitochondrial energy	Inh	C9_ALS_vs_C9_FTD_Frontal_minus_Occipital_interaction	regional_interaction	24471	70	37	0.404655588732688	0.0252084877714023		0.0092508212005146		family_result				
heat_response	0.0219601902178317	0.0768606657624108	0.352487857583619	0.311226011139387	1.35653658845903	81	NOS1;DHX36;GCLC;ATM;LYN;BAG3;HSPB2;HSPA1B;DNAJC2;DNAJB1;TPR;HSPA1A;HIKESHI;HSP90AA1;CRYAB;SUMO1;CLPB;CHORDC1	Heat response	Inh	C9_ALS_vs_C9_FTD_Frontal_minus_Occipital_interaction	regional_interaction	24471	70	37	0.404655588732688	0.0768606657624108		0.0465822216741884		family_result				
synapse_junction	0.0419753086419753	0.0979423868312757	0.245041785430996	-0.243719255764407	-1.22228464842604	457	PCDHB13;NRP1;FRMPD2;SEMA4A;ARHGAP4;CDH20;OCLN;ITGA6;PARD3;CCDC141;CLSTN2;RELN;OPHN1;CDH6;RHOA;AGT;SNAI2;GJA1;S100A10;CDHR3;PKP2;TESK2;CLDN6;IGLON5;PCDHB14;FGF13;DOCK10;DMTN;NTNG2;SLITRK4;APLNR;PTPRO;PCDHB16;DSCAM;SPOCK2;CNTN5;ASIC1;MARVELD3;NRXN1;ACE;GABRA1;AMIGO1;CDK5;DNER;DSG2;ACTN1;EPHA3;RAP2A;NECTIN1;UBE3B;LSAMP;LZTS1;CASKIN1;NLGN1;LAMA3;TAOK2;CSMD2;RHOG;ROBO2;C1QL2;RTN4R;DAPK3;PIP5K1A;SRC;VLDLR;RHOC;OXT;POF1B;PHLDB2;NRG3;TLR2;IGSF11;ZDHHC8;RHOD;HAPLN4;ARHGEF15;DOCK4;THBS2;LRRC4B;DUSP22;NRXN2;CBLN4;PLXND1;LIN7C;JUP;PCDHB6;ARL2;KIRREL3;EIF4G1;PLXNB2;SDK1;SH3BP1;EFNA5;GABRG2;UBE2M;DKK1;CC2D1A;CLSTN3;NUMBL;CDH10;ZDHHC12;MUSK;ASIC2;WNT4;LHFPL4;NTRK3;LRFN3;PRKCA;CYFIP2;GABRA5;IKBKB;NR1H4;FZD1;LRRTM2;AMIGO2;CAPZA1;SIGMAR1;LIN7A;CLDN18;GABRB3;SDC4;TBX5;TSPAN11;PCDHB3;FAM107A;PTPRS;ARHGAP6;CAMSAP3;FGFR1;LRRTM3;GRID2;RAC1;NRXN3;COL16A1;PRKACA;PLEC;CLDN9;SHANK2;KDR;RAC3;GABRB2;SLITRK5;SLC12A5;LRRTM1;THY1	Synapse/junction	Inh	C9_ALS_vs_C9_FTD_Frontal_minus_Occipital_interaction	regional_interaction	24471	70	37	0.404655588732688	0.0979423868312757		0.0810557684120903		family_result				
protein_stabilization	0.0933534089556431	0.163368465672375	0.287805130535564	0.231884949704501	1.19123628827854	213	RPAP3;SAXO1;GPIHBP1;PPARGC1A;ATM;HPS4;BAG3;MORC3;TNIP2;HYPK;PDCD10;CEP63;PPP1R10;HSPA1B;MCM8;PYHIN1;AAK1;C10orf90;NLK;DSP;CSNK2A1;RTN4;UBE2B;HSPA1A;PARVA;CDK7;IRGM;USP9X;ATP1B3;HSP90AA1;CRYAB;HERC2;SUMO1;COA8;COG3;ATP1B1;STK4;HSPD1;CHEK2;CREBL2;TYROBP;WDR81;RAB21;URI1;TSPAN1;POLR2E;CCT5;NAA30;LAMP2;USP19;PRKRA;PIK3R1;NAPG;GET1;TSC1;HIP1R;USP7;TMEM88;RASSF2;IGF1;CCT4;TTI2;TUBA1A;TAF9;CDC37L1;SMAD7;PTGES3	Protein stabilization	Inh	C9_ALS_vs_C9_FTD_Frontal_minus_Occipital_interaction	regional_interaction	24471	70	37	0.404655588732688	0.163368465672375		0.168638416177936		family_result				
axon_development	0.176844783715013	0.247582697201018	0.11378726182188	-0.226115830240459	-1.11702564063757	374	CSF1R;NRP1;STK11;NEUROD1;RGMA;SEMA4A;ARHGEF25;NOTCH1;ARHGAP4;PARD3;TNR;RELN;BSG;OPHN1;PLEKHG4;NTNG1;EFNB1;ECE1;FGF13;FEZ2;VIM;NTNG2;EPHA4;SLITRK4;PTPRO;DSCAM;CNTN5;UNC5B;NRXN1;TIAM2;FAT4;AMIGO1;CSPG5;SVBP;CDK5;BRSK2;DISC1;EPHA3;NFIB;ALCAM;NECTIN1;BHLHE22;ADGRB1;ISLR2;B4GALT6;DCC;APBB1;EFNA3;TAOK2;GRM7;KALRN;ROBO2;BAIAP2;GRN;RTN4R;MARK2;NMNAT2;COBL;DRAXIN;EPHA10;UNC5C;RAB8A;EPHA5;PLXND1;CNTN6;KLF7;PTCH1;MMP2;CDK5R1;JUP;NCAM1;NOVA2;PTPRH;SEMA4G;PLXNB2;EPHA8;MAP7D2;LIMK1;EFNA5;SEMA6B;ANAPC2;C9orf72;SEMA4F;FYN;NOTCH2;LGI1;SMO;KIFC2;NTRK1;VASH2;PRKCA;CYFIP2;LMO4;SEMA4B;AUTS2;SLC9A6;CELSR2;TRIM46;TENM4;DNM2;MAPK8IP3	Axon development	Inh	C9_ALS_vs_C9_FTD_Frontal_minus_Occipital_interaction	regional_interaction	24471	70	37	0.404655588732688	0.247582697201018		0.284577812874733		family_result				
small_GTPase	0.444306930693069	0.518358085808581	0.0610363728309177	-0.200525935143084	-1.00580441346798	466	NRP1;DOK1;RAP2B;ARHGEF25;RHOQ;NOTCH1;ARHGAP4;ARHGAP24;FGF10;RELN;RND1;OPHN1;ARHGAP19;PREX2;RHOA;SYNPO2;PLEKHG4;RIN2;ARHGAP18;VAV1;RRAS;DOCK10;RERG;ITGAV;SIPA1L2;TAX1BP3;STARD8;RASL12;ARHGAP28;TIAM2;RASSF1;CHN2;STARD13;PLEKHG5;DHCR24;RHOBTB1;ARHGAP45;PHACTR4;ARHGEF3;RAP2A;ERBB2;F2R;ARHGEF18;NUCB1;ARHGDIB;CGNL1;SNTA1;TGFB2;RHOG;KALRN;RTN4R;SWAP70;SPRY1;CADM4;FGD1;LZTR1;F2RL1;SRC;ARFIP2;ARHGDIA;GIT1;RHOC;ERAS;KANK2;GBF1;SGSM3;RHOD;ARHGEF15;RRAGC;DOCK4;RUNDC3A;ARHGAP39;PSD2;NGEF;FGD2;MMD2;PLCE1;CDKN2A;RAPGEFL1;ARHGAP31;CDC42EP4;DOK7;PIN1;ARHGAP1;PLK2;TNFAIP1;SPRY3;SH3BP1;LIMK1;RASA4B;RASIP1;TNK2;STMN3;DIRAS1;ARHGAP11B;NOTCH2;WNT4;MADD;RAB39B;NTRK1;RAB33B;CCDC88C;RHEBL1;RALGAPA2;AUTS2;USP50;KBTBD7;TNS3;GRB2;PLD2;HEG1;DENND3;ITGA3;FGF2;ARHGAP11A;ABL2;PSD;ADCYAP1R1	Small GTPase	Inh	C9_ALS_vs_C9_FTD_Frontal_minus_Occipital_interaction	regional_interaction	24471	70	37	0.404655588732688	0.518358085808581		0.600994882096905		family_result				
protein_folding	0.82036775106082	0.82036775106082	0.038875878582578	-0.183207240634891	-0.852052931187256	203	P4HB;CD74;PPIL1;TTC4;TBCB;DNAJB7;TOR1A;RUVBL2;TAPBP;PFDN4;CRTAP;PPIL2;ATPAF2;FKBP1B;LMAN2L;DNLZ;CALR3;FKBP8;TBCC;DNAJB2;PDRG1;PPIF;HSPA13;GRN;TXNDC5;ZMYND10;COX14;WDR83OS;SDHAF4;CALR;PBDC1;ARL2;DNAJC7;DNAJC5;PPIE;NUDCD3;PPIC;SDF2;PDIA5;PTGES3L;FKBP5;PPIB;CHCHD4;HSPB6;BAG5	Protein folding	Inh	C9_ALS_vs_C9_FTD_Frontal_minus_Occipital_interaction	regional_interaction	24471	70	37	0.404655588732688	0.82036775106082		0.937563144069509		family_result				
mitochondrial_energy	0.0000000721489762990513	0.000000505042834093359	0.704975715167238	-0.478130834260753	-2.18528164639815	112	TEFM;ATPSCKMT;SDHD;STOML2;NDUFV1;NDUFB8;NDUFA10;NDUFA12;COX6C;NDUFA13;NDUFB6;ANTKMT;DNAJC30;NDUFB9;NDUFS8;MLXIPL;SDHA;CCNB1;NDUFS6;SDHB;NDUFC2;NDUFAB1;UQCRC2;AK4;ABCD1;ATP5ME;ATP5PO;NDUFS7;UQCRFS1;NDUFV2;PARK7;NDUFV3;COX7A2;UQCRH;SHMT2;NDUFB2;COX5B;SNCA;COX4I1;ATP5F1E;ATP5MG;ACTN3;ISCU;CYC1;NDUFB7;COX7C;UQCRQ;COX7A2L;NDUFA9;ATP5PD;NDUFA8;NDUFA1;NDUFB10;CHCHD2;NDUFS3;NDUFA6;ATP5IF1;ATP5F1B;NDUFC1;NDUFA3;COX6A1;NDUFB5;NDUFB4;COX7B;UQCR10;COX5A;COX6B2;NDUFS2	Mitochondrial energy	Inh	C9_FTD_Frontal_minus_Occipital_interaction	regional_interaction	24471	70	37	0.404655588732688	0.000000505042834093359		0.000000673390445457812		family_result				
synapse_junction	0.0000221693162307648	0.0000734448170305434	0.575610261071129	0.291101191535968	1.53701073804205	457	RELN;PCDHB13;TESK2;NRP1;CLSTN2;SLITRK4;CCDC141;DOCK4;OCLN;CDH20;S100A10;FRMPD2;PCDHB14;LAMA3;DUSP22;AGT;CDH10;PTPRO;ITGA6;NTNG2;RHOC;CNTN5;RHOG;GJA1;DOCK10;RAP2A;GABRA1;OPHN1;ARF6;ROBO2;RHOA;PARD3;PLXND1;JUP;SLITRK5;PCDHB6;LIN7C;NLGN1;CDH8;PCDHB16;DNER;CDH6;ARHGAP4;PAK2;NRXN1;EPHA3;ANKRD28;ARHGEF15;DSCAM;PCDHB4;GABRG2;WNT4;ABI3;FERMT2;SPOCK2;EFNA5;STRN;AFDN;GJA4;SDK1;PCDHB2;CRKL;LRRC4B;FAM107A;SLITRK3;NRXN2;SEMA4D;RAP1B;SRC;LATS1;CRK;CBLN4;PATJ;CYFIP2;MEF2C;AMIGO1;SLK;LRFN3;LRRTM1;GRID2;IGLON5;SEMA4A;NRG3;CDHR3;LRRTM3;PUM2;SDK2;RTN4R;ROCK2;ARHGAP6;ASIC1;PLXNB1;GJC1;GABRB2;CSMD2;SHANK2;CLSTN1;THSD1;APLNR;PTPN13;EPHB1;VPS35;WDR1;LSAMP;PCDHB10;FGF13;HIPK1;CLDN5;GPM6B;LRFN4;CDH12;CLDN9;AMIGO2;UBE2M;PTPRS;PARD6B;LRRTM2;DSG2;PKP2;CDH24;SDC4;FSCN1;PTPRD;MAP4K4;SRPX2;TAOK2;RYK;ACTN1;RAB13;EPHA7;CLASP2;VSIG10;PTEN;ABI2;HAPLN4	Synapse/junction	Inh	C9_FTD_Frontal_minus_Occipital_interaction	regional_interaction	24471	70	37	0.404655588732688	0.0000734448170305434		0.000110846581153824		family_result				
axon_development	0.0000314763501559472	0.0000734448170305434	0.557332238758646	0.301569627308303	1.56173982738589	374	RELN;NEUROD1;EFNB1;FAT4;STK11;NRP1;SLITRK4;FZD3;ISLR2;EPHA4;RGMA;VIM;CSF1R;TNR;PTPRO;NTNG2;CNTN5;SIN3A;B4GALT6;OPHN1;ROBO2;PARD3;PLXND1;JUP;SLITRK5;NOTCH2;NOTCH1;BSG;CDK5R1;ARHGEF25;PALLD;TIAM2;ARHGAP4;ALCAM;DISC1;PAK2;NRXN1;NFIB;EPHA3;KIAA0319;GRM7;NCAM1;TIAM1;DSCAM;FEZ2;CSPG5;ANOS1;NMNAT2;C9orf72;ZPR1;METRN;EFNA5;KALRN;ECE1;DRAXIN;SIPA1L1;MARK2;SLC9A6;BHLHE22;MGARP;SLITRK3;SEMA4D;OLFM1;CELSR2;PTCH1;EFNA3;ROBO1;CYFIP2;AUTS2;SEMA3C;AMIGO1;MMP2;NOVA2;KLF7;SLC25A46;DCC;SEMA4A;ARHGAP35;PUM2;RTN4R;PLXNB1;TENM4;PPP3CB;LGI1;RAB8A;APOE;BMPR2;EPHB1;FGF13;EPHA5;GPM6B;DIP2B;BRSK2;PTPRS;PARD6B;SPAST;CXCL12;SEMA6B;ANK3;UNC5C;EMB;JAK2;RET;COBL;LYPLA2;TAOK2;RYK;VASH2;ENAH;SEMA3E;PLA2G10;ULK2;GDI1;RAB10;MAP1S;EPHA7;CLASP2;PTEN;NECTIN1;SEMA6D;CTNNA2;KREMEN1;NPTX1;DPYSL5;NRXN3	Axon development	Inh	C9_FTD_Frontal_minus_Occipital_interaction	regional_interaction	24471	70	37	0.404655588732688	0.0000734448170305434		0.000146889634061087		family_result				
small_GTPase	0.0000729385900788368	0.000127642532637964	0.538434096309916	0.280865084069815	1.48580970384287	466	ITGAV;RELN;SIPA1L2;ARHGAP24;SYNPO2;RHOQ;RAP2B;NRP1;CDKN2A;RIN2;DOCK4;RRAGC;DOK1;ARHGAP28;RND1;RERG;RHOJ;RHOC;TGFB2;RHOG;ARHGAP10;PLK2;ARHGAP18;PREX2;DOCK10;RAP2A;DHCR24;STARD13;OPHN1;TAX1BP3;ARF6;RACGAP1;RHOA;TNS3;VAV1;FGF10;NOTCH2;RAB33B;RRAS;CHN2;ADRA2A;ARHGEF3;ARHGAP15;NOTCH1;ARHGAP19;WASF1;ARHGEF25;PHACTR4;TIAM2;STARD8;ARHGAP4;KBTBD6;GIT1;ARHGAP21;TIAM1;ARHGEF15;WNT4;FERMT2;ABL2;CHML;RASGEF1B;HEG1;ARHGEF18;GNB1;RASA4B;KALRN;RASL12;RASSF1;SIPA1L1;CRKL;RHOBTB1;SPRY1;PPP1CC;SEMA4D;RAP1B;SRC;LRRK2;KBTBD7;CRK;NET1;ROBO1;RALGPS2;ARHGAP12;AUTS2;FGD4;PLCE1;KANK1;ARHGAP35;RTN4R;ROCK2;DIRAS1;SPRY3;ARHGAP6;PLXNB1;PLEKHG3;RAB39B;TGM2;EPS8;DENND4A;APOE;RAF1;RIT1;RAB9B;ARHGAP45;RGL4;NUCB2;RALGAPA2;PSD4;PPP1CB	Small GTPase	Inh	C9_FTD_Frontal_minus_Occipital_interaction	regional_interaction	24471	70	37	0.404655588732688	0.000127642532637964		0.000295982684377889		family_result				
heat_response	0.0401036326932895	0.0561450857706054	0.321775918075361	-0.323860089560848	-1.38377872298134	81	EIF2B4;NOS1;GCLC;HSPB2;LYN;ANO1;HTRA2;BAG3;HSPA1A;DNAJB1;EIF2B5;EIF2B2;HSPA1B;PDCD6;CLPB;DNAJA1;TRPM2;CRYAB;HSF1;MICB;DNAJC2;TCIM;SOD1;HSP90AA1;HDAC6;HSPA6;DNAJA4;FGF1;DNAJB6;THBS1;ATM;SLU7;SUMO1;CHORDC1	Heat response	Inh	C9_FTD_Frontal_minus_Occipital_interaction	regional_interaction	24471	70	37	0.404655588732688	0.0561450857706054		0.0779792857925074		family_result				
protein_folding	0.233820459290188	0.272790535838553	0.128788713061714	-0.221783798744132	-1.09611941093999	203	PDCL2;DNAJC24;HSPBP1;DNAJB5;HYPK;HSPA1L;HSPB2;HSPD1;TBCEL;ENGASE;CDC37;HSPA9;BAG3;SDF2L1;PDIA6;HSPA1A;HSPH1;DNAJB1;COX19;BAG1;DNAJB12;CLGN;NAA10;PFDN5;TUBA1A;AIFM1;HSPA1B;DNAJA1;PDCD5;HSPA8;LTBP4;CRYAB;UNC45A;MOGS;RIC3;MPDU1;HSPE1;DNAJC2;SIL1;P3H1;WIPF1;DNAJC25;POFUT2;CDC123;FKBP9;NFYC;DNAJC4;HSP90AA1;PEX19;AHSA1;HSPA6;FKBP1C;CCT5;GAK;DNAJA4;RIC8A;HSPA4	Protein folding	Inh	C9_FTD_Frontal_minus_Occipital_interaction	regional_interaction	24471	70	37	0.404655588732688	0.272790535838553		0.359723783523366		family_result				
protein_stabilization	0.895966029723992	0.895966029723992	0.053457214108991	-0.169755411169956	-0.842461752678523	213	TNIP2;PPP1R10;HYPK;SAXO1;TAF9;HPS4;IRGM;WDR81;HSPD1;ATP1B3;POLR2E;HIP1R;RPAP3;NAPG;GPIHBP1;CDC37;BAG3;HSPA1A;COA8;PPARGC1A;FLNA;BAG1;USP19;PFDN5;TUBA1A;PYHIN1;HSPA1B;PARVA;USP2;CHEK2;HERC2;CRYAB;DSP;PYURF;MORC3;CEP63;PEX6;PARK7;CBL;P3H1;TESC;PDCD10	Protein stabilization	Inh	C9_FTD_Frontal_minus_Occipital_interaction	regional_interaction	24471	70	37	0.404655588732688	0.895966029723992		0.973576727515212		family_result				
protein_stabilization	0.00054568266617806	0.00381977866324642	0.477270815362862	0.306524174540302	1.58163895540235	191	MCM8;HSPD1;BAG3;CCT3;PFDN5;BAG1;CCT8;USP36;HSP90AA1;FLNA;SPAG1;RASSF2;USP13;TBL1X;RAB21;HSP90AB1;CRTAP;PAK4;PTGES3;NAA16;RASSF1;HSPA1A;PLPP3;EGLN3;TAF1;ATP1B3;HSPA1B;SMAD7;CDC37L1;TMC8;TMC6;HSPB1;PYHIN1;OTUD3;SMAD3;SYVN1;TUBA1A;TBRG1;PFDN6;WFS1;CCT2;URI1;NAA15;AKT2;FLOT2;NCLN	Protein stabilization	Micro	C9_ALS_Frontal_minus_Occipital_interaction	regional_interaction	14087	67	35	0.330833540620104	0.00381977866324642		0.00173626302874837		family_result				
heat_response	0.00821302760373839	0.0287455966130844	0.380730400722792	0.341768296452052	1.49132557254971	74	DNAJA4;BAG3;HSP90AA1;DNAJB1;HSP90AB1;HSPA1A;HSPA6;EIF2B4;MAP2K7;HSBP1;CHORDC1;HSPA1B;DNAJA1;HSPB1;LRP11;DNAJB6;HDAC2;TRPV4;DNAJC2;STUB1;EIF2B5;GCLC;CLPB;MICB;SLU7;DNAJB4;IER5;FGF1	Heat response	Micro	C9_ALS_Frontal_minus_Occipital_interaction	regional_interaction	14087	67	35	0.330833540620104	0.0287455966130844		0.0188037366389744		family_result				
synapse_junction	0.0849478390461997	0.198211624441133	0.186432558434075	-0.230393785863955	-1.19950186108838	356	MICALL2;TLN2;UGT8;ZDHHC12;ROBO2;MEF2C;DLC1;LHFPL4;NTNG2;PTEN;ARL2;MYCBP2;ACTN1;PATJ;LSAMP;IL1RAPL2;FSCN1;EPHA7;NLGN1;SH3BP1;ARHGAP6;CDH12;CDH18;GJA1;PTPRO;STAU2;RAP2A;NRXN1;TLR2;RAB29;LRRTM3;OPCML;CDH4;SDK1;SRGAP2;HOPX;CLASP2;CDH10;ASIC2;EPHB3;NLGN4Y;MYO9A;PCDH17;PLXNA4;FER;DOCK10;SRGAP2C;CDHR3;DVL1;LRRTM4;NAE1;NPTX1;CDH2;ADGRL3;GABRA1;CDH9;PARD6B;ANKRD28;CDH8;THBS1;FZD1;NRG3;LRRC4;PTPRK;NECTIN3;APC;IGSF11;IL1RAPL1;DMTN;IKBKB;LRFN1;SLC9A1;GPM6A;ELMO1;ZDHHC8;SYNDIG1;NRXN3;SPTBN2;CDC42;ABI2;LIN7B;JUP;SNCA;ADGRL2;ZDHHC2;GABRA4;CTTN;PTPRD;CUX2;SRC;ERBB4;TJP1;SRGAP1;HIPK1;AMOT;IL1RAP;LAMC1;OPHN1;CAPZA1;OGT;CTNNA1;CLSTN2;NECTIN1;PUM2;SLIT1;GPM6B;ITGA6;MPDZ;WNT5A;CNTNAP2;CYFIP2;ANK2;SRGAP2B;RNF7;SLITRK5;CDH20;NPHP4;NCKIPSD;GRIA1;CRMP1;ADD2;PTPRJ	Synapse/junction	Micro	C9_ALS_Frontal_minus_Occipital_interaction	regional_interaction	14087	67	35	0.330833540620104	0.198211624441133		0.155460097600888		family_result				
protein_folding	0.136612021857924	0.239071038251366	0.199915231309662	0.226864871969382	1.16318644535323	182	DNAJA4;HSPD1;BAG3;CCT3;PFDN5;BAG1;CCT8;HSP90AA1;HSPA4;DNAJB1;HSPH1;HSP90AB1;ST13;CRTAP;PTGES3;CHCHD4;HSPA1L;HSPA1A;HSPA6;CHORDC1;HSPA9;HSPA1B;CDC37L1;DNAJA1;MESD;HSPB1;PPIH;METTL21A;TUBA1A;HSPE1;PFDN6;DNAJB6;CCT2;NFYC;WDR83OS;FKBP1A;TTC4;DNAJC2;ANP32E;TBCD;CALR;DNAJC5;PDRG1;DNAJB4;RANBP2;PDCD5;TSC1;HSPA8;CCT4;FKBP8;ATPAF2;PDIA3;TRAP1;LMAN1;ALG12;SNRNP70;HSPA5;TCP1;COX14;PEX19;FKBP4;GRPEL1;PDIA4;P4HB;CCDC47	Protein folding	Micro	C9_ALS_Frontal_minus_Occipital_interaction	regional_interaction	14087	67	35	0.330833540620104	0.239071038251366		0.233240037318406		family_result				
axon_development	0.222390317700454	0.311346444780635	0.110122263835536	-0.211729949200674	-1.08507438961275	308	JAK2;TIAM2;ROBO2;CHODL;PPP3CB;MCF2;NTNG2;ZDHHC17;PTEN;MYCBP2;CSF1R;DSCAML1;FEZ2;EPHA7;DCLK1;NFIB;PTPRO;ANAPC2;DIP2B;NRXN1;CYFIP1;NCAM1;EVL;ADGRB1;NFASC;CNTN6;ARHGEF25;VASP;EMB;B4GALT6;CLASP2;CDK5R2;PRKCQ;EPHB3;KALRN;PLXNA4;ZFYVE27;ENAH;MAP1S;ZPR1;CTNNA2;SHTN1;SLIT2;NPTX1;CDH2;PARD6B;RAB3A;TRPV2;TENM3;KIF5A;LGI1;TENM4;COBL;NMNAT2;ULK2;RTCA;NRXN3;TENM2;JUP;TRAK2;CNTN1;CTTN;METRN;CXCL12;YTHDF1;AUTS2;CELSR1;LRRC4C;LIMK1;MAP2;EPHA5;DOCK7;OPHN1;CTNNA1;NECTIN1;PUM2;SLIT1;SEMA5A;CNTN2;MAP3K13;GPM6B;SKIL;DCC;CNTN4;KLF7;WNT5A;CYFIP2;TIAM1;EPHB6;MARK2;KIF21A;FGFR2;SLITRK5;ANOS1;OLFM1;MT3;PTPRJ;APLP1;OLIG1;NTRK2;CSPG5;BCL11A;NEO1;S100B;GSK3B;MAPT;GDI1;MAP1A;ACTB;MAP1B;ALCAM	Axon development	Micro	C9_ALS_Frontal_minus_Occipital_interaction	regional_interaction	14087	67	35	0.330833540620104	0.311346444780635		0.347873122659928		family_result				
small_GTPase	0.694864048338369	0.81067472306143	0.0835990603684159	0.166962661930599	0.94034164793588	408	DVL2;DOCK5;RALGDS;CYTH1;RAPGEF3;SH3BP4;RABIF;ALS2;SYNGAP1;RND3;RAB21;MADD;DAB2IP;RASGEF1A;CXCL13;RAB9A;ARHGAP29;SWAP70;TNK2;GNB1;RASSF1;IQSEC1;RASAL3;BCR;MYO9B;RASL10A;CRK;ARHGAP10;RASGRP1;ARHGAP30;F11R;CHORDC1;MAPKAPK5;RAC2;NOTCH2;TSC2;MRAS;RASA2;LARGE1;CYTH2;RAC1;DNMBP;IQSEC3;CRKL;SH2D3C;FNTA;RHOF;RALBP1;LAT;RIPOR1;VAV2;DIRAS1;CHML;GNA13;ARRB1;RASGEF1B;G3BP1;SIPA1L1;CHN2;RASA4;ABCA1;ARHGEF3;SGSM3;RASGRF2;ARFIP2;USP8;GDI2;ARHGEF17;RAB9B;ARHGEF1;ROCK1;ARAP1;RAF1;ARHGEF10L;CDKN1A;KCTD13;RHOA;RAP1GAP2;ARFGEF2;STARD8	Small GTPase	Micro	C9_ALS_Frontal_minus_Occipital_interaction	regional_interaction	14087	67	35	0.330833540620104	0.81067472306143		0.845921450151058		family_result				
mitochondrial_energy	0.937086092715232	0.937086092715232	0.0400031517498194	-0.169623728346427	-0.757744236725283	106	ETFRF1;SDHB;SIRT3;ATP5F1C;NDUFA9;SDHA;SLC25A51;UQCRFS1;ATP7A;NDUFB9;STOML2;C2orf69;CYC1;NDUFS8;NDUFS3;NDUFAB1;NDUFA8;SNCA;NDUFS4;NDUFA11	Mitochondrial energy	Micro	C9_ALS_Frontal_minus_Occipital_interaction	regional_interaction	14087	67	35	0.330833540620104	0.937086092715232		0.995514713926266		family_result				
heat_response	0.0035531591670253	0.0248721141691771	0.431707695803346	0.376430086005928	1.66580038435778	74	DNAJB6;EIF2B5;BAG3;HSF1;EIF2B2;HSP90AA1;DNAJA4;DNAJB4;CRYAB;CHORDC1;HSPA1A;LRP11;IL1A;HSPA2;HSPA1B;FGF1;DNAJA1;HSP90AB1;SLU7;EIF2B3;SOD1;EIF2B4;HDAC2;ATR;HSBP1;HSPB1;DNAJA3;TPR;DNAJB1;HSPA6;DNAJC2	Heat response	Micro	C9_ALS_vs_C9_FTD_Frontal_minus_Occipital_interaction	regional_interaction	14087	67	35	0.330833540620104	0.0248721141691771		0.0092508212005146		family_result				
synapse_junction	0.0128439522150699	0.0449538327527447	0.380730400722792	-0.270638913062546	-1.34029280923943	356	GJA1;ACTN1;CUX2;ADGRL2;CDH18;CDH12;OPCML;ANKRD28;ZDHHC12;CNTN5;NRXN1;GRIA1;EPHA7;LRRTM4;NPTX1;DVL1;LAMC1;IL1RAPL2;EFNA5;ROBO2;NRG3;MICALL2;SIGMAR1;GRID2;ADD2;ASIC2;ADGRL3;FSCN1;GPM6A;CDH8;MYCBP2;DUSP22;HIPK1;ABI2;PTEN;SLITRK5;CDH2;GABRA2;PATJ;LIN7C;PTPRO;CDH4;LRFN1;AGT;FER;LSAMP;LRRC4;NLGN1;GABRA1;PLXNA4;RELN;FGFR1;ZNF703;ARHGEF9;CDH9;CASKIN1;SLITRK4;PDLIM5;CAPZA1;GABRB2;LRFN5;HOPX;PRKCH;RAP2A;CDH13;CDH10;CLDN5;IKBKB;CTTN;FN1;PARD6B;FZD1;STAU2;NRP1;CSMD2;GABRA4;LRFN4;GABRA5;SEMA4C;TLN1;PTPRD;TRIP6;EPHB3;STRN;CRIPT;APC;CLSTN3;ARHGAP6;NLGN2;ARL2;DMTN;UBE3B;GABRG2;NEGR1;ACTB;ELMO1;NTNG2;GABRG3;PUM2;GPHN;PRICKLE1;THSD1;SH3BP1;CBLN4;SLITRK1;UGT8;JUP;RAC3;CLSTN2;SPTBN2;MYO9A;NPHP4;SDK1;SLIT1;NLGN4X;RYK;PTPRK;CNTNAP2;ZDHHC2;NRXN2;PLXNB2;SORBS1;EPHB1;THBS1;RHOC;PTPN13	Synapse/junction	Micro	C9_ALS_vs_C9_FTD_Frontal_minus_Occipital_interaction	regional_interaction	14087	67	35	0.330833540620104	0.0449538327527447		0.0285421160334887		family_result				
axon_development	0.140567200986437	0.267561983471074	0.127505315300183	-0.236186582882474	-1.15386647387574	308	UNC5D;TENM2;CXCL12;ZPR1;CNTN5;NRXN1;SLIT2;NMNAT2;EPHA7;CNTN4;METRN;VIM;ARHGEF25;NPTX1;NTRK2;EFNA5;ROBO2;DCC;PPP3CB;DCLK1;ADGRB1;CTNNA2;CNTN1;LGI1;PRKG1;EMB;SPTBN4;MYCBP2;CSF1R;MAP1S;ZFYVE27;PTEN;SLITRK5;TUBB2B;CDH2;MAP2;NELL2;SLIT3;APOE;SEMA5A;CELSR1;PTPRO;FEZ2;KALRN;PRKCQ;PLXNA4;RELN;OLFM1;PAK3;SLITRK4;CNTN6;TRAK2;VASP;CTTN;PARD6B;NRP1;KIF21A;KLF7;CELSR2;SEMA4C;ANAPC2;EPHB3;RAB3A;NCAM1;RNF6;LRRC4C;EPHA4;BCL11A;TRPV2;KIFC2;ACTB;GRM7;SOS1;NTNG2;TNR;CSPG5;PUM2;PRICKLE1;NFIB;CHODL;JAK2;B4GALT6;TIAM2;SLITRK1;EPHA6;JUP;RAC3	Axon development	Micro	C9_ALS_vs_C9_FTD_Frontal_minus_Occipital_interaction	regional_interaction	14087	67	35	0.330833540620104	0.267561983471074		0.238538280461832		family_result				
protein_folding	0.152892561983471	0.267561983471074	0.234392647294686	0.221239602700363	1.14864461062809	182	HSPA4;BAG1;DNAJB6;BAG3;HSPD1;CCT4;CCT3;CCT8;PTGES3;RANBP2;HSP90AA1;PDCD5;DNAJA4;DNAJB4;PDIA5;ATPAF2;ST13;CRYAB;TUBA1A;CHORDC1;HSPA1A;CHCHD4;TBCD;PFDN6;PPIG;PPID;NFYC;HSPA2;HSPA1B;HSPBP1;HSPH1;TELO2;ERO1A;COX14;DNAJA1;HSP90AB1;HSPA4L;GAK;CCT2;MESD;PFDN2;DNAJC5;PPIH;PFDN5;HSPB1;DNAJA3;HSPA9;METTL21A;DNAJC3;HSPE1;PDIA3;DNAJB1;TTC4;HSPA6;TBCB;DNAJC2;BAG4;SNRNP70	Protein folding	Micro	C9_ALS_vs_C9_FTD_Frontal_minus_Occipital_interaction	regional_interaction	14087	67	35	0.330833540620104	0.267561983471074		0.257891068405855		family_result				
protein_stabilization	0.310924369747899	0.435294117647059	0.161978948883402	0.201799405187853	1.05877886710707	191	EGLN3;BAG1;GTPBP4;TMC8;BAG3;HSPD1;CCT4;NAA15;CCT3;CCT8;PTGES3;SMAD3;SMAD7;COA8;HSP90AA1;RTN4;NAA16;RUVBL1;RASSF2;CRYAB;TUBA1A;HSPA1A;PFDN6;FLOT2;HSPA1B;USP36;MORC3;TAF1;TELO2;TBRG1;HSP90AB1;USP9X;URI1;PYHIN1;CCT2;PFDN2;ATP1B3;HIP1R;HERC2;C10orf90;PFDN5;CHEK2;HSPB1;TRIM44;DNAJA3;MCM8;USP2;PARK7;UBE2B;RASSF1;TMC6;BAG4;HPS4;TBL1X;RPAP3	Protein stabilization	Micro	C9_ALS_vs_C9_FTD_Frontal_minus_Occipital_interaction	regional_interaction	14087	67	35	0.330833540620104	0.435294117647059		0.460628695922814		family_result				
small_GTPase	0.452702702702703	0.528153153153153	0.170932335370056	0.176934591833891	1.00147467830444	408	RIPOR1;SH2D3C;GDI2;IQSEC3;USP8;CRK;RASL10A;HACE1;MYO9B;RALGDS;CYTH2;LARGE1;HEG1;VAV2;RAC1;RTN4;SIPA1L1;SH3BP4;ARHGEF17;HRAS;RALGAPB;TNK2;RND1;BRAP;SRC;RASAL3;ARFGEF2;DNMBP;RASGRP1;SGSM3;ARHGEF40;CHORDC1;GNA13;SWAP70;RAPGEF3;KSR1;RAB3GAP1;CDKN1A;CYTH1;DAB2IP;GNB1;FBP1;AKAP13;ARHGAP35;ARRB1;ITGAV;ARF6;RAB9A;ARFGEF1;RRAS2;CXCL13;ARHGAP23;RACGAP1;RHOU;ARL3;RAPGEF2;ARHGAP18;ARHGEF11;RASA4;RASA4B;SPATA13;DOK3;RASGEF1A;RAB4A;G3BP1;BCR;RHEB;DENND1A;CCDC88A;FXR1;ARHGAP25;RALA;ROBO1;GRB2;NOTCH1;RALBP1;ARHGEF10L;RHOQ;PSD4;AIF1;MRAS;NKIRAS2;RASA3;ARAP1;CYTH4;ROCK2;RGL3;FERMT2;GNA12;RASGRF1;F11R;CUL3;PARK7;RAC2;RAB9B;RASSF1;ABL2;ROCK1;PKP4;TSC2;ARHGAP17;LPAR1;RASGRF2;FAM13B;DOCK6;PPP1CB;GMIP;CCR7;FGF2;VAV1;KANK1;RND3;MAP4K4;ABL1;ARHGAP4;ARHGAP39;MYO6;DOCK3;FNTA;DENND3;ARHGAP26;RALGPS2;DHCR24;ARHGAP30;ARHGEF28;RSU1;IQSEC2;RAP1GAP2;HACD3;RHOB;SYNGAP1;PLXNB1;RAB39A;ARHGAP29;TNS3;GARNL3;NUCB1;RAPGEF1;RAPGEF4;RAB33A;WAS;RRAS;ARHGEF2	Small GTPase	Micro	C9_ALS_vs_C9_FTD_Frontal_minus_Occipital_interaction	regional_interaction	14087	67	35	0.330833540620104	0.528153153153153		0.609407484407484		family_result				
mitochondrial_energy	1	1	0.069119845655101	0.136644876690838	0.641560698146749	106	ATP5F1E;UQCRB;SLC25A33;UQCRH;NDUFC1;COX8A;NDUFB4;SDHD;ATP5ME;SDHAF2;ATP5PO;ATP5MF;NDUFV3;COX7C;NDUFB6;COX6C;ATP5MG;NDUFA1;CYCS;NDUFA12;COX7B;COX5A;PARK7;TEFM;NDUFA13;COX6B1;UQCRC1;NDUFB8;MLXIPL;NDUFAB1;TNF;NDUFB3;COX5B;NDUFS5;ATPSCKMT;COX7A2L	Mitochondrial energy	Micro	C9_ALS_vs_C9_FTD_Frontal_minus_Occipital_interaction	regional_interaction	14087	67	35	0.330833540620104	1		1		family_result				
small_GTPase	0.0386822318037133	0.160053945245866	0.321775918075361	-0.213255440138525	-1.20029214937669	408	RIPOR1;BRAP;SH2D3C;RALGAPB;SPATA13;SRC;GDI2;HEG1;RHOU;DENND3;RAB3GAP1;HACE1;MYO6;RAB4B;IQSEC3;USP8;FAM13B;ARHGAP25;RHEB;CYTH4;VAV1;ARHGEF40;RTN4;KSR1;ITGAV;ARF6;PDPN;RAB4A;ARHGAP31;CRK;RALGAPA1;GARNL3;HRAS;RASL10A;DLC1;DOCK3;RND1;CYTH2;VAV2;ARHGEF11;MCF2;ARL3;ARHGAP17;DOCK6;ARHGEF17;LARGE1;TNS3;NOTCH1;MYO9B;FERMT2;RHOQ;ARFGEF2;FBP1;SIPA1L1;GRB2;SIPA1L2;LPAR1;SRGAP2;MCF2L;DENND1A;CSNK1A1;ARHGAP18;PLEKHG3;RAC1;RRAS2;NKIRAS2;ROBO1;ARHGAP35;DOCK8;GDI1;RTKN;SGSM3;RALA;RAB39A;ARHGAP12;MAP4K4;ABL1;CYFIP1;RGL3;BCAR3;AKAP13;CCDC88A;PREX1;ARHGAP26;RASGEF1C;RAB12;CDKN1A;ARHGAP23;ABR;RALGPS2;ARFGEF1;SEMA4D;GMIP;DOCK4;GNA12;EPS8;TIAM2;RACGAP1;WNT5A;KRAS;DOK3;DOCK11;NF1;IGF1;RAP1GAP;PIN1;GNA13;FGD4;DNMBP;CD2AP;ARHGAP39;FXR1;RAB33A;ABL2;ARHGAP32;DOCK10;RASGRF1;RB1;ROCK2	Small GTPase	Micro	C9_FTD_Frontal_minus_Occipital_interaction	regional_interaction	14087	67	35	0.330833540620104	0.160053945245866		0.0762748232749276		family_result				
heat_response	0.045729698641676	0.160053945245866	0.321775918075361	-0.310317021186696	-1.36223095053618	74	IL1A;CRYAB;HSF1;EIF2B5;HSPA2;DNAJB6;EIF2B2;MTOR;DNAJB4;GSK3B;DNAJC7;SUMO1;EP300;BAG3;ATR;FGF1;IGF1;TRPM2;DNAJA3;TPR;SOD1;EIF2B3;LRP11;LYN;TRPV1;SLU7;CHORDC1;HIKESHI	Heat response	Micro	C9_FTD_Frontal_minus_Occipital_interaction	regional_interaction	14087	67	35	0.330833540620104	0.160053945245866		0.087700791915543		family_result				
protein_stabilization	0.362808842652796	0.638456937799043	0.0734381410838857	0.225027258661136	1.03771427270171	191	GLMP;PYURF;WFS1;BAG6;DNAAF2;MTMR9;PLPP3;PEX19;CRTAP;PRKRA;WIZ;NOP53;PHB2;PDRG1;DVL1;MCM8;LAMP1;NAA30;CBLB;ZSWIM7;TNIP2;BAG5;SPAG1;RAB21;SWSAP1;DVL3;PPP1CA;CALR;PINK1;EPHA4;CDC37;CDC37L1;FLNA;CLU;P3H1;PDCL3;OTUD3;TTI1;USP7;USP13;HYPK;CBX4;SOX4;GRN;PEX6;IP6K2;MAPK8IP3;PER3;IFT46;TSC1;CD74;NCLN;CHP1;PAK4;STXBP4;TBL1X;GET1	Protein stabilization	Micro	C9_FTD_Frontal_minus_Occipital_interaction	regional_interaction	14087	67	35	0.330833540620104	0.638456937799043		0.515667390572502		family_result				
synapse_junction	0.364832535885167	0.638456937799043	0.0689567351672811	0.211174092743107	1.03842720552059	356	SIGMAR1;CNTN5;CUX2;EFNA5;TRIP6;ADGRL2;GJA1;GRIA1;CBLN4;ANKRD28;FN1;ACTN1;DUSP22;CSMD2;LAMC1;GRID2;PDLIM5;CDH18;OPCML;CDH12;ADD2;PLXNC1;GABRA5;GABRA2;CASKIN1;LRRTM4;ZNF703;GABRB2;C1QL3;NRXN2;CLDN5;NPTX1;LRFN4;DVL1;ARHGEF9;NRG3;NRXN1;TLN1;NRP1;UBE3B;PRICKLE1;NTRK3;AGT;RELN;SEMA4A;LIN7A;SLITRK5;RHOA;LIN7C;LRFN5;GPM6A;EPHB1;ADGRL3;HIPK1;SEMA4C;EPHA7;CLSTN3;SLITRK4;CDH8;DBNL;PRKCH;ASIC2;ABI2;PLXND1;FGFR1;SPOCK2;CDH13;RAC3;PLXNA1;TESK2;IL1RAPL2;GABRB3;CLSTN1;RTN4RL2;RHOC;LRFN1;CDH2;CDH22;PPM1F;CC2D1A;NEGR1;ZDHHC12;GPHN;NLGN2;FAM107A;GABRG2;SLITRK1;CAPZA1;CRKL;STRN;NLGN4X;CRIPT;PLXNA2;RYK;LATS1;FSCN1;PLXNB2;CFL1;ACTB;ACTG1;TSC1;WDR1;FER;LRRC4;CNTNAP1;BSN;DAPK3;EEF2K;GABRA1;DOCK1;PARD3	Synapse/junction	Micro	C9_FTD_Frontal_minus_Occipital_interaction	regional_interaction	14087	67	35	0.330833540620104	0.638456937799043		0.515924798221449		family_result				
mitochondrial_energy	0.458904109589041	0.642465753424658	0.116234148779716	-0.211500206938406	-0.990791121411314	106	SLC25A33;UQCRB;SDHD;NDUFAB1;ETFRF1;NDUFB6;ATP5F1E;NDUFB4;COX8A;NDUFA13;NDUFC1;TEFM;ATP5ME;SNCA;NDUFB8;NDUFA7;MLXIPL;COX7A2L;COX6B1;NDUFS5;CYCS;COX6C;NDUFS8;COX7B;ATP5MG;COX5A;NDUFB3;ATP5PO;COX7C;ATPSCKMT	Mitochondrial energy	Micro	C9_FTD_Frontal_minus_Occipital_interaction	regional_interaction	14087	67	35	0.330833540620104	0.642465753424658		0.610942270772675		family_result				
axon_development	0.609815950920245	0.711451942740286	0.0459538081039063	0.196299238347974	0.953405306212565	308	UNC5D;PRKG1;VIM;CNTN5;EFNA5;TENM2;CXCL12;NELL2;CNTN4;APOE;NTRK2;TUBB2B;SEMA6C;SLIT3;METRN;ZPR1;DCC;NMNAT2;SLIT2;SPTBN4;KIFC2;PLXNC1;NOTCH2;GRM7;NPTX1;CELSR2;NRXN1;NRP1;CNTN1;PRICKLE1;ARHGEF25;RELN;SEMA4A;SLITRK5;ECE1;EPHB1;SCN1B;PAK3;CTNNA2;LGI1;SEMA4C;EPHA7;MAP2;RNF6;SEMA5A;RAB21;SLITRK4;EPHA4;FYN;PLXND1;CELSR1;OLFM1;RAC3;EPHA6;ADGRB1;MAP1S;SEMA6A;RTN4RL2;CDH2;EMB;NEUROD2;TWF2;ZFYVE27;MMP2;DCLK1;FZD3;TNR;SLITRK1;KIF21A;GRN;TUBB3;L1CAM;SOS1;BCL11A;RYK;KLF7;MAPK8IP3;PLXNB2	Axon development	Micro	C9_FTD_Frontal_minus_Occipital_interaction	regional_interaction	14087	67	35	0.330833540620104	0.711451942740286		0.772617494378592		family_result				
protein_folding	0.976158940397351	0.976158940397351	0.0273074724591201	0.161637022844899	0.740128074817247	182	FKBP1A;PEX19;CRTAP;ZPR1;FKBP9;ANP32E;PDRG1;DNAJB12;FKBP4;TOR1A;PDIA4;QSOX1;MPDU1;BAG5;PDIA6;PBDC1;COX19;CALR;FKBP5;PDIA2;CDC37;CDC37L1;CLU;FKBP8;TBCEL;P3H1;CANX;HSPA1L;RIC8A;COA3;SELENOF;PDCL3;LMAN1;HYPK;ENTPD5;LYRM7;GRN;UGGT1;DNAJB2;TSC1;CD74;P4HB;NGLY1;DNAJC25;WDR83OS;QSOX2;NUDCD3;TAPBP;GRPEL1;CSNK2A1;PPIL3	Protein folding	Micro	C9_FTD_Frontal_minus_Occipital_interaction	regional_interaction	14087	67	35	0.330833540620104	0.976158940397351		1		family_result				
mitochondrial_energy	0.00413333774638938	0.0289333642247257	0.407017918923954	-0.344730024337856	-1.54623478440355	108	NDUFB5;RHOA;COX7A2L;NDUFA7;NDUFS7;ATP5F1D;C2orf69;PPIF;NDUFS3;UQCR10;NDUFA3;STOML2;SHMT2;ATP7A;NDUFB7;GHITM;NDUFS2;COX6B1;ETFRF1;NDUFA5;NDUFB9;NDUFAB1;ATP5PF;NDUFS6;UQCRH;NDUFA11;COX7C;UQCRB;ATP5MF;NDUFA1;NDUFC2;NDUFB4;VCP;COX5A;COX7B;NDUFS8;ATP5PD;UQCRHL;COX7A2;COX8A;SLC25A51;NDUFB10;NDUFV2;PARK7;PINK1;SIRT3;ATP5IF1;UQCRC1;NDUFA13;ATP5F1C;NDUFB6;ATP5PO;ISCU	Mitochondrial energy	OPC	C9_ALS_Frontal_minus_Occipital_interaction	regional_interaction	17846	72	37	0.36347345044934	0.0289333642247257		0.0102418988406109		family_result				
heat_response	0.135238095238095	0.473333333333333	0.165656695205483	0.297429918380477	1.21518591026991	71	HMOX1;TPR;IGF1;LRP11;TRPV1;MAPT;IER5;CLPB;BAG3;DNAJB1;HSBP1L1	Heat response	OPC	C9_ALS_Frontal_minus_Occipital_interaction	regional_interaction	17846	72	37	0.36347345044934	0.473333333333333		0.232310838445808		family_result				
protein_stabilization	0.309477756286267	0.722114764667956	0.104732821580651	0.217606609036629	1.05281830860661	201	SWSAP1;PIM2;TRIM39;IGF1;GLMP;TMC6;DBR1;MCM8;MORC3;EHMT1;CBX4;PER3;CSNK2A1;SYVN1;RABL3;ZSWIM7;TELO2;TSC1;BAG3;USP36;PLPP3;AKT2;SMAD7;PTGES3;TTI1;USP19;PEX6;CREB1;FLOT2;CLU;MDM4;CTNND1;MFSD1;GTPBP4;MTMR9;LAMP1;CEP63;MUL1;EP300;USP9X;CREBL2;DVL3;UBE2B;CHP1	Protein stabilization	OPC	C9_ALS_Frontal_minus_Occipital_interaction	regional_interaction	17846	72	37	0.36347345044934	0.722114764667956		0.460628695922814		family_result				
synapse_junction	0.513464991023339	0.898563734290844	0.0721797965581253	0.186491730955168	0.987112591581329	417	PCDHB13;PLXNB3;LRRC4;CDH22;PTPRS;CHD4;ITGA2;SDC4;MMP14;IL1RAPL2;PLXND1;FBF1;SHANK3;SEMA4A;CHRNB2;CUX2;LGI2;FGF13;GJB1;FERMT2;PCDHB6;RTN4RL1;SPOCK2;WHAMM;PIP5K1C;IKBKB;EFNB2;RAB17;ARMCX5-GPRASP2;TSPAN11;WNT5A;EPHB2;AMOT;MAPT;TESK2;CASKIN1;LRFN4;LAMA3;PCDHB3;TSC1;SH3BP1;SPTBN2;ZNF703;PLXNA4;CDH4;IGLON5;CTNNB1;RAB13;CLDN18;RTN4R;ACTN1;PATJ;DST;CNTN5;DUSP22;SMAD7;LIN7A;GABRA5;PIP5K1A;BSN;BCR;ELMO1;PCDHB2;LRRTM1;SLITRK4;CYFIP2;AGRN;DKK1;GHRL;VSTM5;PKP2;FZD1;MACF1;CLSTN1;LRRC4B;CRTAC1;NTN1;CRMP1;C1QL2;THY1;MARVELD3;SLIT1;TAOK2;SRGAP2;PCDHB11;RCC2;SHANK2;SRGAP3;JAM3;RELN	Synapse/junction	OPC	C9_ALS_Frontal_minus_Occipital_interaction	regional_interaction	17846	72	37	0.36347345044934	0.898563734290844		0.668698592960628		family_result				
axon_development	0.834782608695652	0.984732824427481	0.0578529757032509	-0.168764383197048	-0.892974850141567	352	PPP3CB;PTEN;NEUROD2;ZPR1;NPTX1;SMO;NREP;NRP1;DCLK1;SEMA4B;CNTN4;CSF1R;RNF6;SEMA3A;SIN3A;SMN1;KIF5B;PLP1;PARD6B;AUTS2;S100B;NRXN3;SEMA7A;SLC25A46;PTK2;RGMA;ADCY10;ACTB;EDN1;SIAH1;PAK3;KIAA0319;ADNP;JAK2;CERS2;FGFR2;NEFH;EPHA3;SHTN1;NPTN;MTR;SEMA4F;SLITRK1;CCK;FZD3;DRD2;RYK;SEMA6A;SLITRK3;MAP1S;UNC5A;RUFY3;SEMA3B;KIF13B;PLEKHG4B;INPP5F;L1CAM;PLXNA3;ULK1;SEMA4C;ARHGEF25;NRP2;SLIT3	Axon development	OPC	C9_ALS_Frontal_minus_Occipital_interaction	regional_interaction	17846	72	37	0.36347345044934	0.984732824427481		0.94249649368864		family_result				
small_GTPase	0.878842676311031	0.984732824427481	0.0469758727821845	0.167626467511596	0.88579835142617	414	GMIP;RAB33B;IGF1;KCTD10;SIAH2;KIF14;STAMBP;RABIF;CDC42SE1;FERMT2;IQSEC3;GARNL3;RIPOR1;DNMBP;RHOQ;KNDC1;RABL3;WNT5A;IQSEC1;EPHB2;DENND3;WASF1;FBP1;OBSCN;DIRAS2;SYDE2;SH3BP4;PHACTR4;RASGEF1C;RHEB;KALRN;SH3BP1;RASA3;NKIRAS2;ABR;RAPGEF3;ARHGEF19;NOTCH1;NET1;KSR2;SH2D3C;RAB39B;STARD8;CHML;RTN4R;SCAI;ARHGAP19;ARAP1;MCF2L;RHOBTB2;KCTD13;KRIT1;BCR;ELMO1;PLD1;ITGA3;ARHGEF4;PSD3;ARHGAP35;DVL2;RIN2;RIT1;RGL1;BRAP;ARHGAP8;DHCR24;RASGEF1A;MAPKAPK5;NTN1;ARHGAP17;RIPOR2;MYO9B;ABCA1;SRGAP2;CADM4;SRGAP3;DVL3;RELN;CYTH1;CHP1;SPATA13;ARF6;RGS19;RALGPS1;ARHGEF18;GBF1	Small GTPase	OPC	C9_ALS_Frontal_minus_Occipital_interaction	regional_interaction	17846	72	37	0.36347345044934	0.984732824427481		0.972632210937109		family_result				
protein_folding	0.984732824427481	0.984732824427481	0.0442407423477375	0.15665827824588	0.755889881426481	189	SACS;DNAJC10;P4HB;APLF;DNAJC24;LMAN1;TRAP1;CSNK2A1;SDHAF4;WIPF1;TBCEL;DNAJC25;QSOX1;ANP32E;TELO2;TSC1;ERO1B;BAG3;DNAJB1;RP2;PPIL2;PDIA5;PPIL1;DNAJB12;LYRM7;SIL1;HSPH1;PTGES3;NPPC;PPIAL4G;CLU;NGLY1;DNAJC18;ATPAF2;CHCHD4;ERO1A;HDAC4;BAG2;DNAJC5;AHSA1;DNAJC2;HSP90AA1;HSPA5;UNC45A;CRYAB;TAPBP;GAK	Protein folding	OPC	C9_ALS_Frontal_minus_Occipital_interaction	regional_interaction	17846	72	37	0.36347345044934	0.984732824427481		1		family_result				
axon_development	0.000595041732046644	0.00361881047804368	0.477270815362862	-0.280509491706974	-1.46311015956085	352	ACTB;BSG;PLP1;SEMA4C;KIF21A;PPP3CB;NRXN3;DCLK1;ROBO2;VIM;SMN1;NRP1;EPHA5;TENM2;EFNA5;NLGN3;AUTS2;NPTN;FGFR2;ZPR1;SLIT3;EPHB1;TENM3;SEMA3A;SEMA4B;NREP;PRICKLE1;ADNP;SEMA4F;PRKG1;SLC9A6;SIN3A;PTK7;CSF1R;NEUROD2;EPHA4;RGMA;EPHA3;SEMA4D;CDK5;RELN;CNTN2;EPHA7;ADGRB1;NFASC;KIAA0319;CERS2;KIF13B;RUFY3;CASP3;JAK2;FYN;EDN1;METRN;LIMK1;SHTN1;PTEN;RAB3A;RAB8A;ACTG1;ROBO1;SLC25A46;UNC5C;SEMA6A;RAC3;B4GALT6;S100B;DAG1;PLXNB1;APOE;SEMA5A;SEMA7A;PICALM;CNTNAP1;CYFIP1;CDK5R2;RTN4RL2;EPHA6;MGARP;CNTN1;EFNB1;APLP1;TENM1;UNC5A;NTNG1;TRIO;GDI1;PAK3;MAP1S;EFNA3;ARHGEF25;APBB1;ADCY10;NPTX1;PLXNA3;CNTN4;CELSR1;RTN4;SEMA5B;UNC5D;PUM2;MARK2;MCF2;TRAK2;AMIGO1;NOTCH3;CELSR2;EFNA2;YTHDF1;PTN;FGF13;PTPRO;TNFRSF21;CNTN5;RNF6	Axon development	OPC	C9_ALS_vs_C9_FTD_Frontal_minus_Occipital_interaction	regional_interaction	17846	72	37	0.36347345044934	0.00361881047804368		0.00187204140419169		family_result				
synapse_junction	0.00103394585086962	0.00361881047804368	0.45505986738723	-0.263122222188185	-1.39405554912847	417	MPP7;ACTB;PHLDB2;RHOA;GABRB2;FSCN1;PTK2B;CDH9;DLG1;STRN;SEMA4C;NRXN3;IGSF11;ROBO2;RHOC;GJA1;NRP1;GABRA2;ADGRL2;SDC2;CDH8;RAPGEF1;EFNA5;HAPLN4;PDZD11;NLGN3;GABRA4;DMTN;FBXO45;CLDN11;DOCK4;EPHB1;MAP4K4;PRKACA;ZDHHC8;MYO1C;PRICKLE1;CDH3;PTPN1;RAP2A;UBE2M;SFRP1;ADNP;UGT8;PKP4;GABRA1;SRC;EPHA3;SEMA4D;S1PR2;CDK5;RELN;VLDLR;CORO2B;EPHA7;LIN7C;LRFN1;FRMPD2;ITGA6;CRKL;TLN1;CDH7;ECT2;RAB29;PCDH17;PTEN;LSAMP;DUSP3;ACTG1;CLSTN1;CDH12;SIGMAR1;CUL5;RAC3;GABRG2;DAPK3;DAG1;PLXNB1;VPS35;GPM6A;RAMP2;ZDHHC2;CLSTN3;OGT;ARHGAP33;GPHN;FN1;GRIA1;CNTNAP1;PTPRK;RTN4RL2;LRFN5;DBNL;FER;ARL2;RAP1A;FLOT1;IQSEC2;PCDHB16;LZTS1;LAMC1;APC;VMP1;SRGAP1;TLR2;NLGN1;ANK2;DVL1;NPTX1;CDHR3;PLXNA3	Synapse/junction	OPC	C9_ALS_vs_C9_FTD_Frontal_minus_Occipital_interaction	regional_interaction	17846	72	37	0.36347345044934	0.00361881047804368		0.00314679172003799		family_result				
small_GTPase	0.0213552186630719	0.0498288435471677	0.352487857583619	-0.237685163094154	-1.25603549813274	414	PLEKHG1;KANK2;RHOA;PRAG1;CDC42EP3;RRAGC;ARHGDIA;ARRB1;RHOC;NRP1;RAB38;ARHGAP5;RAPGEF1;FNTA;ADCYAP1R1;AUTS2;CDKN2A;PPP1CA;PLK2;RASGEF1B;DOCK4;ARFIP2;MAP4K4;SPRY3;RAP2A;RHOF;RAPGEFL1;RHOJ;SNTA1;GIPC1;FBXO8;KANK1;RAP2C;ARHGAP25;PKP4;NGFR;SYDE1;SRC;TP53;RRAS2;SEMA4D;RELN;RND1;RALB;EPS8L2;CCDC88C;RASGRP1;STARD13;CRKL;DAB2IP;RAP1GAP;NRAS;NCKAP1;DOCK6;RAPGEF6;ECT2;CSNK1E;SGSM3;ARHGDIG;LIMK1;SHTN1;RASGRP2;ARFGAP1;RAB4B;ROBO1;CDKN1A;SWAP70;GABARAP;MMD2;DENND4A;ARHGEF28;RAC3;KBTBD7;RSU1;DAG1;SIPA1L3;PLXNB1;RND2;EPS8;APOE;OGT;ARHGAP33;PICALM;CYFIP1;ERBB2;RHOBTB1;NISCH;NUCB2;HRAS;DBNL;LAMA1;RASA4B;SPRY4;RAP1A;RASGRF2;IQSEC2;ARHGEF12;TRIO;GDI1;MYO6;ARHGEF25;TGFB2;RALGPS2;VAV3;RALBP1;CXCL13;DIRAS3;ADGRG1;ARHGAP27;RAB33A;CELSR1;PIK3CB;RTN4;RIPOR2;DOCK11;GDI2;CCDC88A;RDX;ARHGEF10L;MCF2;GNB1;ARHGAP18;RAP1GAP2;PLEKHG3;PLCD4;HACD3;RAB15;TNFAIP1;ARHGAP31;RASGRF1;CGNL1;DOCK5;TNS3;CSNK1A1;CCNA2;SPATA13;CADM4;KBTBD6;STMN3;FGD4;OBSCN;RALGPS1	Small GTPase	OPC	C9_ALS_vs_C9_FTD_Frontal_minus_Occipital_interaction	regional_interaction	17846	72	37	0.36347345044934	0.0498288435471677		0.0456447421806116		family_result				
heat_response	0.221388367729831	0.387429643527205	0.125033367555272	0.278624223200361	1.14778636896324	71	TPR;DNAJC2;HMOX1;PSIP1;MAPT;LRP11;HSBP1L1;HSPA2;DNAJB1;BAG3;DNAJB6;CRYAB;HSP90AA1;SUMO1;CREBBP;HDAC2;DNAJA1;IGF1;DHX36;DNAJA2;TRPV1;EP300;HSP90AB1;CHORDC1;IER5	Heat response	OPC	C9_ALS_vs_C9_FTD_Frontal_minus_Occipital_interaction	regional_interaction	17846	72	37	0.36347345044934	0.387429643527205		0.347873122659928		family_result				
protein_folding	0.305283757338552	0.427397260273973	0.106323255932708	0.220224305730536	1.06714367311727	189	SDHAF4;APLF;PPIL2;TBCEL;LMAN1;DNAJC2;DNAJC24;RANBP2;DNAJC25;HSPH1;DNAJC10;DNAJB12;COX19;UGGT1;ERO1B;TSC1;CHCHD4;HSPA2;HDAC4;SIL1;DNAJC21;CSNK2A1;PPIL1;HSPD1;CCT3;PTGES3;DNAJB1;BAG3;QSOX1;DNAJB6;SACS;ERO1A;CRYAB;TRAP1;HSPA4L;HSP90AA1	Protein folding	OPC	C9_ALS_vs_C9_FTD_Frontal_minus_Occipital_interaction	regional_interaction	17846	72	37	0.36347345044934	0.427397260273973		0.459566946531153		family_result				
protein_stabilization	0.455252918287938	0.531128404669261	0.0826646449123753	0.204010015268485	0.992748508203641	201	SWSAP1;MORC3;ZSWIM7;PER3;SYVN1;TRIM39;PIM2;USP36;SMAD7;CREB1;TSC1;EHMT1;HERC2;TTI1;CDK7;PLPP3;PIM1;RABL3;CEP63;SMAD3;DBR1;TRIM44;CSNK2A1;HIP1R;DNAAF2;TMC6;HSPD1;CTNND1;CCT3;PTGES3;BAG3;MCM8;GTPBP4;CRYAB;MTMR9;BAG6;SPAG1;HSP90AA1;PML;CHP1;MT3;USP19;UBE2B;SUMO1;USP9X;NAPG;USP33;RASSF1;COG3;OTUD3;LAMP2;RUVBL1;IGF1;IFT46;HYPK;CBL;CREBL2;POLR2E	Protein stabilization	OPC	C9_ALS_vs_C9_FTD_Frontal_minus_Occipital_interaction	regional_interaction	17846	72	37	0.36347345044934	0.531128404669261		0.609908215888146		family_result				
mitochondrial_energy	0.937768240343348	0.937768240343348	0.0518457624865066	-0.169830446390199	-0.760827264208302	108	RHOA;SHMT2;PPIF;ATP5F1D;UQCRHL;NDUFS7;NDUFA7;NDUFS8;NDUFS3;NDUFA11	Mitochondrial energy	OPC	C9_ALS_vs_C9_FTD_Frontal_minus_Occipital_interaction	regional_interaction	17846	72	37	0.36347345044934	0.937768240343348		0.995514713926266		family_result				
axon_development	0.000000599361642726031	0.00000419553149908222	0.659444398037935	0.336118496859816	1.75248793010115	352	BSG;ACTB;PRKG1;TENM2;RELN;EPHA5;KIF21A;EFNA5;VIM;ROBO2;PRICKLE1;SEMA4C;EFNB1;CASP3;FGF13;EPHA4;CNTN2;LIMK1;TENM3;NFASC;METRN;PTK7;NLGN3;FYN;EPHB1;SEMA4D;PLP1;SLC9A6;CNTN5;APOE;TRAK2;NRXN3;RAB8A;RTN4RL1;ADGRB1;EPHA7;PLXND1;DAG1;ARHGAP35;SLIT3;MARK2;OLIG2;NPTN;SEMA6D;GDI1;CDK5;FGFR2;SLIT1;SMN1;DCLK1;SEMA5A;CELSR1;APLP1;ATL1;TWF2;AMIGO1;SEMA4F;ROBO1;NRP1;PLXNB1;AUTS2;EFNA3;PTPRS;UNC5C;BAIAP2;SHH;NOVA2;RET;ADNP;DNM2;CYFIP1;CDK5R2;CNTN1;APBB1;TENM1;RAC3;NOTCH3;MAP6;KIF13B;RUFY3;NPR2;EPHA3;OLIG1;EPHA6;PAFAH1B1;SPTBN4;RTN4RL2;CNTNAP1;RAB3A;ACTG1;SEMA3A;TRIO;KALRN;B4GALT6;BRSK2;PTN;EFNB3;CDHR2;EFNA2;CHODL;CSPG5;CELSR2;EPHB6;SEMA4B;CELSR3;CERS2;CLASP2;TNFRSF21;CAMSAP2;PICALM;TAOK2;NOTCH1;RGMA;NEXN;BDNF;SMN2;KIAA0319;PITPNA;RTN4;MCF2;KIFC2;PTPRO;SIN3A;THY1;SEMA6B;NREP;CHN1;ZPR1;GAP43;EFNB2;PTPRM;UNC5D;SPAST;RTN4R;VASH2;SLITRK5;JAK2;CHRNB2;SHTN1;TENM4;MAPK8IP3	Axon development	OPC	C9_FTD_Frontal_minus_Occipital_interaction	regional_interaction	17846	72	37	0.36347345044934	0.00000419553149908222		0.00000430310922982791		family_result				
synapse_junction	0.00000289467212017852	0.0000101313524206248	0.627256739718528	0.312091176531645	1.65706461170056	417	FSCN1;STRN;MPP7;ACTB;PHLDB2;RELN;GJA1;EFNA5;ROBO2;RAPGEF1;ADGRL2;PRICKLE1;SEMA4C;GABRB2;CLSTN1;SDC2;FGF13;PIP5K1C;AMOT;DLG1;SDC4;CDH8;SIGMAR1;UGT8;GABRA2;RHOA;ITGA6;NLGN3;ZDHHC8;CDH9;IGSF11;EPHB1;PTPN1;SEMA4D;FBXO45;DOCK4;LRFN1;DMTN;SFRP1;CNTN5;MYO1C;CDH3;RAB13;NRXN3;RTN4RL1;EPHA7;PLXND1;DAPK3;VSTM5;DAG1;PKP4;CDH12;AGRN;IQSEC2;CLDN11;GABRA4;FZD1;LRFN5;SRC;CDK5;RAP2A;SLIT1;LAMA3;CDH7;PTK2B;MAP4K4;AMIGO1;GABRG3;PCDHB6;C1QL2;NRP1;UBE2M;PLXNB1;PTPRS;VLDLR;ECT2;FER;DVL1;FRMPD2;OCEL1;SRGAP1;ADNP;CDHR3;PCDH17;TSPAN11;LRRC4B;ACE;RAMP2;RAC3;GABRA1;TESK2;RCC2;SYNDIG1;EPHA3;SH3BP1;LRRTM1;KIRREL3;MEF2C;BSN;RAP1A;LIN7C;RTN4RL2;CNTNAP1;ACTG1;VSIG10;LSAMP;CORO2B;AMIGO2;NECTIN3;TLN1;ARHGAP33;AGT;CDH20;GRIA1;DOCK10;GPM6A;RHOC;ARF6;TEK;APC;RAPGEF2;HAPLN4;LHFPL4;CLASP2;TAOK2;PTPRK;FN1;CLDN5;SRGAP2;GABRA3;PDZD11;BDNF;TLR2;CLSTN3;RTN4;NLGN1	Synapse/junction	OPC	C9_FTD_Frontal_minus_Occipital_interaction	regional_interaction	17846	72	37	0.36347345044934	0.0000101313524206248		0.0000184206407647724		family_result				
small_GTPase	0.0000634232682472029	0.00014798762591014	0.538434096309916	0.29286356083309	1.55442729720948	414	PLEKHG1;RRAGC;KANK2;RELN;PPP1CA;RAPGEF1;PRAG1;CDC42EP3;PLK2;GIPC1;RASGEF1B;ARHGAP5;DOCK6;SYDE1;LIMK1;OBSCN;ARHGDIA;ARHGEF28;NGFR;RHOA;RHOF;SEMA4D;DOCK4;APOE;RIPOR2;EPS8L2;RHOBTB1;ARFIP2;CSNK1E;DAG1;ARHGAP35;ARHGAP25;CADM4;PKP4;SPRY3;CDKN1A;RALGPS1;SPATA13;IQSEC2;SH3BP4;GDI1;IGF1;RAPGEFL1;ARHGAP8;SRC;IQSEC3;SCAI;RAP2A;RND1;CGNL1;RGL1;DNMBP;ARHGAP19;NRAS;MAP4K4;CELSR1;SPRY4;RASA4B;SIPA1L3;TNFAIP1;FBXO8;RASGRP2;ROBO1;KBTBD6;KIF14;RRAS2;STMN3;NRP1;USP8;GIT1;DIRAS2;PLXNB1;AUTS2;MMD2;ARRB1;CCDC88C;ECT2;VAV3;ADCYAP1R1;RAB4B;ARHGDIG;KANK1;RAP2C;KBTBD7;FNTA;RASGRF1;RAPGEF6;CYFIP1;EPS8;ARFGAP1;DAB2IP;RERG;RAC3;NCKAP1;RALBP1;GBF1;SGSM3;GABARAP;RND2;PLD1;PLEKHG3;SH3BP1;RALGPS2;KCTD13;WASF1;NKIRAS2;RAP1A;RAP1GAP;RASGRF2;CD2AP;TRIO;KALRN;PHACTR4;NISCH;DOCK11;ABR;RDX;ARHGAP33;DOCK10;PSD;RASGRP1;ARFGEF3;RGS19;RHOB;ADGRG1;RHOC;ARF6;FGD4;KNDC1;RHOJ;TEK;RAPGEF2;CCDC88A;STARD13;RSU1;GNB1;PICALM;LAMA1;NOTCH1;CYTH3;ARHGAP29	Small GTPase	OPC	C9_FTD_Frontal_minus_Occipital_interaction	regional_interaction	17846	72	37	0.36347345044934	0.00014798762591014		0.000265052464316669		family_result				
mitochondrial_energy	0.00431551286575662	0.00755214751507409	0.407017918923954	-0.341657112143396	-1.52379887543197	108	ATPSCKMT;NDUFB1;ATP5PO;TEFM;SDHB;UQCRB;ATP5F1A;NDUFS4;COX6C;COX7C;NDUFA5;NDUFB10;SDHC;NDUFV1;COX7A2L;UQCRC2;NDUFB2;NDUFV2;NDUFA6;ATP5PF;NDUFAB1;UQCC3;NDUFB3;COX6B1;NDUFB5;GHITM;ATP5F1E;ABCD1;ISCU;NDUFB8;COX7A1;ATP5F1C;COX8A;UQCR11;CYCS;NDUFA13;PINK1;NUPR1;UQCRH;NDUFA12;NDUFA10;UQCR10;DNAJC30;UQCRFS1;SDHD;NDUFB6;ATP5PD;C2orf69;SLC25A51;STOML2;ETFRF1;NDUFB11;DGUOK	Mitochondrial energy	OPC	C9_FTD_Frontal_minus_Occipital_interaction	regional_interaction	17846	72	37	0.36347345044934	0.00755214751507409		0.0105073356731466		family_result				
protein_folding	0.237991266375546	0.333187772925764	0.130777137971974	-0.223776549976609	-1.09593976838849	189	DNAJC21;SDHAF4;RANBP2;APLF;DNAJC2;COX19;UGGT1;PPIL2;CLGN;HSPH1;TBCEL;CHCHD4;TCP1;DNAJB12;LMAN1;DNAJC25;PDCL3;HSPA9;HSPD1;CCT8;HSPA2;POFUT2;DNAJC24;CCT4;DNAJB6;HDAC4;ENGASE;ERO1B;CCT3;TSC1;HSPA4L;COA3;DNAJA1;CCT5;QSOX2;PPIA;FKBP10;DNAJC10;HSPE1	Protein folding	OPC	C9_FTD_Frontal_minus_Occipital_interaction	regional_interaction	17846	72	37	0.36347345044934	0.333187772925764		0.362426035502959		family_result				
heat_response	0.489451476793249	0.571026722925457	0.083129129135339	-0.236846485208715	-0.993818330319988	71	TPR;DNAJC2;PSIP1;HSPA2;RBBP7;DNAJB6;SUMO1;DNAJA1;MAPT;HSBP1L1;SCN11A;HSP90AB1;CRYAB;IRAK1;HSF1;HDAC2;HSP90AA1;DNAJA2;DNAJB4;EIF2B3;EIF2B1;HDAC6;DHX36;HSBP1;ATR;LRP11;HIKESHI;CREBBP;GSK3B;EIF2S1;HSPB1;DNAJB1;CHORDC1	Heat response	OPC	C9_FTD_Frontal_minus_Occipital_interaction	regional_interaction	17846	72	37	0.36347345044934	0.571026722925457		0.646041491111914		family_result				
protein_stabilization	0.778584392014519	0.778584392014519	0.0526973085708419	0.180495224896792	0.883519779144685	201	PDCD10;GLMP;STX12;CD74;LAMP1;PPP1CA;CBX4;WFS1;RUVBL2;EPHA4;TELO2;SEC16A;WIZ;MUL1;IGF1;CAMLG;PEX6;STXBP4;PAQR4;NAA30;CALR;STK3;BAG1;PYURF;ATP1B2;DVL1;TNIP2;P3H1;CBLB;TAF9B;PAK4;TTI2;PFN1;TESC;TUBA1A;MFSD1;WDR81;BAG4;NOP53;PRKCD;ATP1B1;VHL;SAXO1;SOX4;HIP1;PRKRA	Protein stabilization	OPC	C9_FTD_Frontal_minus_Occipital_interaction	regional_interaction	17846	72	37	0.36347345044934	0.778584392014519		0.912149078510734		family_result				
axon_development	0.0000014475152098577	0.0000101326064690039	0.643551836150722	-0.29943126592578	-1.64680293372811	367	SEMA3A;CNTN4;PALLD;MCF2;RET;ROBO2;EPHA5;MAP7D2;B4GALT6;FLRT3;PTPRO;DCLK1;NEFH;KALRN;MAP6;NTNG1;ARHGEF25;GRM7;PRKG1;NELL2;ANOS1;EPHA6;MAP1B;CNTN6;SLIT3;SLITRK4;PLXNA4;SCN1B;PAK3;NTRK2;DRAXIN;CDK5;CYFIP2;CHN1;PARD6B;NREP;TENM1;OLFM1;MAP2;KIF5A;NTN1;CNTNAP1;NRCAM;NRXN1;TUBB3;NMNAT2;GAP43;SLIT2;LRRC4C;EMB;THY1;L1CAM;BSG;LMO4;CDK5R2;FIGNL2;CCK;LIMK1;CRTAC1;TIAM1;TRPC5;PTPRS;SCN11A;TENM2;FGF13;LGI1;EFNA5;EPHA3;ADGRB1;NTNG2;NEUROD1;CNTN5;FZD3;TWF2;TIAM2;RTN4RL2;BDNF;MGARP;PRICKLE1;STXBP1;SEMA6B;SIPA1L1;KIAA0319;NEUROD2;CNTN1;EPHB6;NEUROD6;CSF1R;DRD2;SPTBN4;SLC9A6;RAB3A;SEMA6D;SLIT1;WNT5A;PTPRJ;UNC5A;PLPPR4;CDK5R1;MAPK8IP3;SCARF1;ANK3;SLC25A46;BCL11A;AMIGO1;NLGN3;SMO;COBL;ZPR1;NPTX1;EPHB3;SEMA6A;UNC5D;BAIAP2;TNR	Axon development	Oligo	C9_ALS_Frontal_minus_Occipital_interaction	regional_interaction	21399	72	37	0.45584110844829	0.0000101326064690039		0.00000988546972585746		family_result				
protein_folding	0.0000449382712194985	0.000157283949268245	0.557332238758646	0.360477096893143	1.69020837619922	201	DNAJC25;PDRG1;NGLY1;DNAJB12;GRPEL2;CHCHD4;POFUT2;TXNDC5;HSP90AA1;ZMYND10;CCDC47;DNAJC18;HSPA2;FKBP10;DNAJC3;PDCL2;CDC123;UGGT1;UNC45A;BAG3;TTC4;NUDCD2;ALG12;CRYAB;CCT6A;LTBP4;DNAJB11;HYPK;HSPA9;ATF6;CCT4;RIC3;LMAN1;HSPA4;COX19;TBCE;MESD;DNAJC2;PPIAL4G;HSPA1A;P3H1;PPIL3;GRN;TUBA1A;DNLZ;ERP44;DNAJA4;BAG2;HSPD1;TSC1;TCP1;CLPX;CDC37L1;CANX;DNAJC21;ERO1A;FKBP4;PBDC1;CHORDC1;FKBP6;SELENOF;DNAJA1;PFDN1;RUVBL2;AHSA1;PPIB;PFDN2;DNAJC24;PDIA2;PPIL1;PTGES3;HSP90B1;P4HB;HSPE1;LYRM7;CSNK2A1;PPID;CRTAP;HSP90AB1;HSPA4L;FKBP1C;PPIF;HSPH1;CCT8;DNAJA2;WDR83OS;TELO2;HSPA6;ST13;LMAN2L;BAG5;DNAJC10;NUDCD3;PFDN4;ENGASE;HSPBP1;HSPA1B;DNAJB7;GFER;HSPA1L;GAK;PDIA4;NAA10;TTC1;TBCD;TBCEL;CCT3;CMC1;QSOX2;HSPB6;PDIA5	Protein folding	Oligo	C9_ALS_Frontal_minus_Occipital_interaction	regional_interaction	21399	72	37	0.45584110844829	0.000157283949268245		0.000193580245253224		family_result				
synapse_junction	0.000976869901219069	0.00227936310284449	0.45505986738723	-0.241121528014364	-1.34644128347469	433	CBLN4;CDH12;LHFPL4;ROBO2;CDH10;FLRT3;PTPRO;VCL;ADGRL2;GABRB2;CDH18;GABRA1;PRKACA;GABRA3;IGLON5;CLSTN3;PTK2B;CASKIN1;LIN7A;CAMSAP3;MAP1B;LRRTM4;DMTN;MEF2C;IL1RAP;SH3BP1;GABRG2;NLGN1;OPCML;SLITRK4;PLXNA4;HOPX;CDH5;FARP1;CDK5;CYFIP2;HAPLN4;PARD6B;ADGRL3;GABRA2;NRG3;NTN1;CPEB3;CUX2;NTRK3;CNTNAP1;NRCAM;CRMP1;NRXN1;RNF7;CDH9;LRFN5;GAP43;GABRB3;GABRA4;GPM6A;THY1;KDR;SLC12A5;CDH4;CRTAC1;ADD2;GRIA1;CDH22;ACTN1;LIN7C;PTPRS;ASIC2;FGF13;RAP2A;PLXNA2;ICAM5;LRFN1;EFNA5;GABRA6;EPHA3;NTNG2;CNTN5;AMOT;VSIG10;RTN4RL2;BDNF;OCEL1;GABRA5;ITGA6;PRICKLE1;DKK1;CLSTN2;LAMA3;DRD2;SRGAP1;MPP7;DRD1;ECT2;PPP1R9B;SLIT1;WNT5A;PHLDB2;PTPRJ;STAU2;LIN7B;DOCK1;PCDHB13;FLOT1;ABI2;UBE2M;RAPGEF1;PDLIM5;MARK1;GJB6;BSN;AMIGO1;NLGN3;CNTNAP2;NLGN4X;GRID2;CDH11;NPTX1;POLDIP2;LZTS1;EPHB3;SNCA;PCDHB5;IQSEC2	Synapse/junction	Oligo	C9_ALS_Frontal_minus_Occipital_interaction	regional_interaction	21399	72	37	0.45584110844829	0.00227936310284449		0.00300575354221252		family_result				
protein_stabilization	0.00621991836598459	0.010884857140473	0.407017918923954	0.305842852924038	1.44492337738264	209	COG3;TSPAN1;PDRG1;GTPBP4;PYHIN1;PRKCD;TRIM39;HSP90AA1;CBL;RTN4;SYVN1;DVL1;FLNA;BAG3;OTUD3;MYCNOS;STX12;NAPG;URI1;RAB21;AAK1;CRYAB;CCT6A;LAMP1;PIH1D1;HYPK;CFP;PAQR4;RPAP3;ZSWIM7;NAA15;CCT4;CEP63;MFSD1;PEX6;PIM1;ATM;NAA30;CHEK2;HSPA1A;SAV1;PTEN;P3H1;GRN;TUBA1A;DNLZ;TMC8;CBLB;BAG2;USP2;MT3;HSPD1;WDR81;ATP1B1;LAMP2;TSC1;TCP1;CDC37L1;STK4;HCFC1;USP9X;TTI1;UBE2B;DNAAF2;EHMT1;PFDN1;RUVBL2;UFL1;PPIB;PFDN2;MUL1;COG7;NAA16;TNIP2;PTGES3;TBRG1;SMAD7;CSNK2A1;CRTAP;HSP90AB1;SPAG1;GET1;PRKRA;PDCD10;SOX4;EFNA1;CCT8;SEL1L;APOA1;PLPP3;WIZ;TELO2	Protein stabilization	Oligo	C9_ALS_Frontal_minus_Occipital_interaction	regional_interaction	21399	72	37	0.45584110844829	0.010884857140473		0.014513142853964		family_result				
heat_response	0.00864115822901541	0.0120976215206216	0.380730400722792	0.377526120461558	1.5569286047202	77	DHX36;HSP90AA1;HSPA2;TRPV4;LYN;VCP;BAG3;TCIM;TPR;CLPB;EIF2B1;CRYAB;EIF2B5;GSK3B;TRPV1;MAPKAPK2;ATM;DNAJC2;HSF1;HSPA1A;ATR;EIF2S1;AKT1;DNAJA4;HSBP1;CREBBP;GCLC;CHORDC1;DNAJA1;HDAC2;HMOX1;IRAK1;SIRT1;HSP90AB1	Heat response	Oligo	C9_ALS_Frontal_minus_Occipital_interaction	regional_interaction	21399	72	37	0.45584110844829	0.0120976215206216		0.0195122927751961		family_result				
mitochondrial_energy	0.02615825384678	0.0305179628212433	0.352487857583619	-0.301293368036248	-1.4294378806463	111	SIRT3;NDUFS3;COX7A2L;SDHB;ATP5F1C;COX5A;NDUFA6;SLC25A33;CCNB1;UQCRC1;NDUFA11;NDUFAB1;UQCRFS1;CYCS;NDUFA7;ATP5F1B;SHMT2;COX8A;NDUFA5;NDUFA12;NDUFA8;GHITM;UQCRH;MLXIPL;COX7A1;ATP5PO;ATP5PD;NDUFAF1;NDUFS8;ATP5PF;NDUFB5;SNCA;NDUFA3;ATP5F1A;STOML2;NDUFS7;PARK7;NDUFA2;COX7B	Mitochondrial energy	Oligo	C9_ALS_Frontal_minus_Occipital_interaction	regional_interaction	21399	72	37	0.45584110844829	0.0305179628212433		0.0538552285080764		family_result				
small_GTPase	0.632446134347275	0.632446134347275	0.04577044581081	0.185148691068326	0.945095628585064	451	DOK1;CHN2;TP53;RRAS;EPS8;SYDE1;RHOH;PLD2;EPS8L2;GDI2;KANK2;TGM2;RHOJ;PSD2;RASL12;KCTD10;GMIP;RAB33B;VAV1;GNA13;CXCL13;ROCK1;PLCD4;CDKN1A;NTRK1;COL1A2;BCAR3;RALBP1;WNT4;RTN4;PREX2;CCDC125;RRAGC;CDK2;SIPA1L2;SQSTM1;MYO6;ARHGAP11B;MICALL2;SH2D3A;LAMA1;RAB21;RAC1;RGL3;DOCK8;RASA3;ARHGEF18;RAB39B;ARHGAP21;SRGAP2;ABCA1;GRAP2;RAB39A;MAP4K4;WAS;TNFAIP1;FOXM1;ARHGAP17;RALGAPA2;KRIT1;RAF1;DOCK6;RHOBTB1;RB1;TNS3;PDPN;GRB2;SPRY4;RAB4A;PIK3CB;CUL3;RALGAPA1;F11R;ARHGAP29;DOCK7;RHOG;PLEKHG4;MADD;RALB;RAP1B;RDX;CDC42EP4;FXR1;SPATA13;FGD2;NKIRAS1;ITGAV;KSR1;RASL10A;EPHB2;MAPRE2;CDC42;CYTH3;RASGRP3;MAPKAP1;DENND1A;FNTA;CCDC88C;ARF6;BCR;RASGEF1C;VAV2;LZTR1;RAB4B;ARHGAP19;RALA;RACGAP1;RGL2;ARHGEF16;RRAD;CHORDC1	Small GTPase	Oligo	C9_ALS_Frontal_minus_Occipital_interaction	regional_interaction	21399	72	37	0.45584110844829	0.632446134347275		0.786712284256197		family_result				
protein_folding	0.000000000250896080654509	0.00000000175627256458156	0.814035837847908	0.432235513776494	2.19445541914409	201	CHCHD4;DNAJC25;NGLY1;PPIL3;CDC123;DNAJC24;RANBP2;CCT6A;PPID;ZMYND10;ERO1A;DNAJC2;POFUT2;PFDN2;HSPA4;HSPA9;UGGT1;HSP90AA1;TXNDC5;HSPH1;DNAJC3;BAG5;ERP44;ATF6;DNAJA4;HSPD1;HSPA4L;DNAJC21;CCT4;CHORDC1;PDRG1;AIFM1;HSPB2;NUDCD2;HYPK;WIPF1;DNAJB1;BAG3;MESD;TBCEL;SACS;HSP90AB1;TBCD;TCP1;DNAJC18;RIC3;DNAJB12;DNAJA1;PBDC1;CDC37L1;PDCL2;SDF2L1;CSNK2A1;NUDCD3;UNC45A;HSPE1;DNAJC10;TTC4;HSPBP1;CCT8;CCT2;TSC1;PDIA5;ERO1B;AHSA1;ATPAF2;CWC27;DNAJB4;SDF2;TTC1;GAK;CCT3;HSPA1A;PFDN4;DNAJB11;CRYAB;CMC1;PTGES3;DNAJA2;TRAP1;DNAJA3;CLPX;BAG2;FKBP4;FKBP6;COX19;PDIA2	Protein folding	Oligo	C9_ALS_vs_C9_FTD_Frontal_minus_Occipital_interaction	regional_interaction	21399	72	37	0.45584110844829	0.00000000175627256458156		0.00000000439068141145391		family_result				
heat_response	0.00000467574889157047	0.0000163651211204966	0.610526878385931	0.474468791996796	2.06932901384558	77	EIF2S1;DHX36;ATR;GCLC;TRPV4;DNAJC2;TPR;GSK3B;ATM;HSP90AA1;VCP;DNAJA4;CHORDC1;HSPB2;HSF1;CLPB;MTOR;DNAJB1;HIKESHI;BAG3;HSP90AB1;DNAJA1;TRPV1;FGF1;SIRT1;EIF2B1;DNAJB4;HSPA1A;CRYAB;DNAJA2;DNAJA3;HDAC6;CREBBP;EIF2B5;TCIM;EIF2B2;AKT1;HSBP1;DAXX;HMOX1;HDAC2;HSBP1L1;MAPT;HSPA2;HSPA1B;EIF2B3;MAPKAPK2	Heat response	Oligo	C9_ALS_vs_C9_FTD_Frontal_minus_Occipital_interaction	regional_interaction	21399	72	37	0.45584110844829	0.0000163651211204966		0.0000272752018674944		family_result				
protein_stabilization	0.0000154764951592681	0.0000361118220382922	0.575610261071129	0.335365125155842	1.71591099726153	209	GTPBP4;COG3;NAA15;MYCNOS;ZSWIM7;MFSD1;CCT6A;OTUD3;TBRG1;PFDN2;RTN4;NAA16;RPAP3;CEP63;ATM;HSP90AA1;COG7;BAG5;ZBED3;NAPG;DNAAF2;PER3;USP33;HSPD1;RAB21;EHMT1;PIH1D1;WDR81;AAK1;CCT4;SYVN1;NAA30;PDRG1;TRIM39;HERC2;HYPK;COA8;UFL1;MTOR;TAF1;CBL;URI1;BAG3;STK4;SEL1L;MORC3;NLK;UBE2B;CHEK2;HSP90AB1;TCP1;ATP1B1;CDC37L1;CSNK2A1;PRKCD;CCT8;CCT2;TSC1;ATP1B3;HIP1R;DVL1;RABL3;CCT3;HSPA1A;TTI1;CRYAB;VHL;PTGES3	Protein stabilization	Oligo	C9_ALS_vs_C9_FTD_Frontal_minus_Occipital_interaction	regional_interaction	21399	72	37	0.45584110844829	0.0000361118220382922		0.000081762615935756		family_result				
axon_development	0.0000208359454272628	0.0000364629044977099	0.575610261071129	-0.307069403716902	-1.58149051479901	367	FLRT3;FIGNL2;CNTN4;PALLD;NTNG1;PRKG1;ANOS1;DCLK1;CTNNA2;PTPRO;ITGA4;EPHA6;MAP2;TENM2;CNTN5;PRICKLE1;EPHA10;ARHGEF25;NRCAM;KREMEN1;ROBO2;NRXN1;NTN1;SMO;ARHGAP4;PLXNA4;TENM1;TWF2;EPHA5;PTPRM;EFNB1;SLIT2;DRAXIN;BSG;MAP7D2;EFNA5;SEMA3A;DCC;CXCL12;SLIT3;LIMK1;TRPV2;EDN1;SEMA4A;MCF2;RET;UNC5D;MAP6;CDK5;NELL2;DRD2;LGI1;MYPN;CRTAC1;EPHB3;GRM7;MGARP;PAK3;DSCAM;CNTN6;NEFH;RTN4RL1;TENM4;KIAA0319;KALRN;NEUROD1;WNT7B;EMB;AMIGO1;LRRC4C;MAP1S;LMO4;CYFIP2;NOTCH3;CNTN1;EPHA7;PLXNB2;PARD3;NLGN3;KIFC2;NREP;CSF1R;FZD3;LYPLA2;NMNAT2;UNC5A;SLITRK4;RAB8A;CNTNAP1;VIM;GDI1;EFNA1;EPHA4;SCN1B;TNR;BAIAP2;B4GALT6;EFNA3;NOTCH1;FGF13;TUBB3;SVBP;PLPPR4;ADGRB1;EPHB6;NTNG2;KIF5A;INPP5F;SEMA3F;SCARF1;NRP1;OPHN1;SEMA3D;NOTCH2;NTN4;PTK7;BMPR2;NTRK2;JUP	Axon development	Oligo	C9_ALS_vs_C9_FTD_Frontal_minus_Occipital_interaction	regional_interaction	21399	72	37	0.45584110844829	0.0000364629044977099		0.000106073903993338		family_result				
synapse_junction	0.000395860927488443	0.000554205298483821	0.49849310876659	-0.27388187165826	-1.43545563905078	433	FLRT3;PRKACA;CUX2;VCL;LIN7A;CDH18;CDH12;LRFN1;CDH10;CBLN4;PTPRO;MPP7;DKK1;LRFN5;SDK1;LRRTM4;IGLON5;LIN7C;CNTN5;PRICKLE1;FZD1;NRG3;IL1RAP;ADGRL2;GABRB2;CDH5;NRCAM;ROBO2;NRXN1;NTRK3;NTN1;CDH22;ARHGAP4;PLXNA4;LHFPL4;ITGA6;S100A10;GABRA2;CAMSAP3;GABRA4;MEF2C;GABRA6;EFNA5;VSTM5;PCDHB4;DMTN;GPM6A;PTK2B;SEMA4A;GABRA3;PCDHB6;FARP1;CSMD2;ACTN1;CLSTN3;GABRB3;CASKIN1;OPCML;CDK5;GRIA1;ASIC2;APLNR;ADD2;GPC4;DRD2;CRTAC1;SRGAP2B;CDHR3;EPHB3;EGFLAM;DSCAM;HAPLN4;SDC2;RTN4RL1;SMAD3;CARMIL3;PATJ;GABRA1;AMIGO1;SH3BP1;ZNF703;CDH9;CYFIP2;SLC12A5;ICAM5;EPHA7;PLXNA2;PLXNB2;OCEL1;PARD3;NLGN3;PCDHB3;LAMA3;RHOC;GJC1;SDC4;TEK;SLITRK4;CNTNAP1;GABRG2;NEGR1;SRC;CRMP1;AMOT;NLGN1;ECT2	Synapse/junction	Oligo	C9_ALS_vs_C9_FTD_Frontal_minus_Occipital_interaction	regional_interaction	21399	72	37	0.45584110844829	0.000554205298483821		0.00130903013641583		family_result				
small_GTPase	0.460388639760837	0.537120079720977	0.0684714904492088	-0.190406159498009	-1.00310810070501	451	ARHGAP31;ARHGAP28;ARHGAP24;ARHGAP18;SYDE2;ARHGAP26;NGF;FGF10;ARHGEF17;AKAP13;CDC42EP3;IQSEC3;SPRY1;KNDC1;ERBB2;ARHGEF25;PPP1CA;RAPGEFL1;RIT2;NTN1;ARHGAP4;FGD1;RASGRP1;SLIT2;NUCB2;RALGPS2;ITGA3;CHP1;RERG;RASGEF1A;ARHGAP15;LIMK1;RAB35;RND2;PIN1;ARHGAP11A;FARP1;FGD5;PSD;MCF2;SYNPO2;RAP2B;KSR2;PLK2;ARHGAP27;SH2D3C;ARHGAP20;FGD3;LRRK2;CDK2;CSNK1E;RIPOR2;FAM13A;PSD4;PTH;ARHGAP44;RAB15;RHOBTB2;KALRN;ARHGEF10L;RIPOR1;FGF2;SH3BP1;AIF1;DENND3;ERAS;ADGRG1;RABIF;ABR;NISCH;DIRAS1;F2R;NUP62;RAP1GAP2;RHOC;FGD2;ARHGAP30;NGEF;RASIP1;TEK;ARHGDIG;KRAS;ADRA2A;GDI1;SRC;ECT2;RND1;CHML;ARHGAP39;NOTCH1;RAP2A;RUNDC3A;OBSCN;SCAI;RHEBL1;CDC42EP1;LARGE1;CTNNAL1;PRAG1;NRAS;BRAP;NRP1;CGNL1;OPHN1;GPR55;NOTCH2;ADCYAP1R1	Small GTPase	Oligo	C9_ALS_vs_C9_FTD_Frontal_minus_Occipital_interaction	regional_interaction	21399	72	37	0.45584110844829	0.537120079720977		0.610942270772675		family_result				
mitochondrial_energy	0.963302752293578	0.963302752293578	0.0536769600638127	0.160517618236821	0.750657190647054	111	TEFM;C2orf69;NDUFA9;VCP;ATPSCKMT;ATP5F1E;SDHC;ATP5ME;AK4;UQCRC2;SDHA;NDUFB4;NDUFS1;UQCC3;NDUFB6;NDUFV3;NDUFS4;NDUFAF1;NDUFB2;COX7B2;NDUFV2;COX6C;UQCC2;SDHAF2;ATP7A;NDUFB3;DGUOK;SNCA;SLC25A51;SDHD;COX7C;NDUFA8;ATP5MG;COX7B;COX6B1;NDUFC1;UQCR11;NDUFB8;NDUFB7;NDUFB5;COX6A1;NDUFV1	Mitochondrial energy	Oligo	C9_ALS_vs_C9_FTD_Frontal_minus_Occipital_interaction	regional_interaction	21399	72	37	0.45584110844829	0.963302752293578		0.998980632008155		family_result				
protein_folding	0.00000012727649262809	0.000000890935448396629	0.690132458796796	-0.367731937897012	-1.92016528032569	201	RANBP2;DNAJC24;PPID;CHCHD4;PPIL3;HSPB2;AIFM1;PFDN2;ERO1A;BAG5;HSPH1;DNAJC2;APLF;CCT6A;SACS;WIPF1;DNAJB1;ATPAF2;CDC123;HSPA4L;HSPA4;CWC27;ZPR1;ERP44;TBCEL;METTL21A;MKKS;DNAJC25;NGLY1;HSPA9;HSPD1;CCT2;DNAJA4;TBCD;SDF2;SDF2L1;ZMYND10;CHORDC1;DNAJC21;NKTR;DNAJB4;DNAJA3;ATF6;ERO1B;POFUT2;HSP90AB1;NUDCD3;UGGT1;DNAJC10;PDIA6;PDIA5;HSPBP1;RIC8B;CCT6B;SDHAF4;CCT4;TRAP1;CSNK2A1;TTC1;PPIG;CCT8;GAK;CCT3;DNAJA1;HSPE1;CMC1;DNAJC3;PBDC1;HSP90AA1;TCP1;PFDN4;DNAJB14;TXNDC5;MESD;CDC37L1;HYPK;AHSA1;SNRNP70;COX14;NUDC;DNAJA2	Protein folding	Oligo	C9_FTD_Frontal_minus_Occipital_interaction	regional_interaction	21399	72	37	0.45584110844829	0.000000890935448396629		0.00000111366931049579		family_result				
heat_response	0.000012882420333632	0.0000450884711677122	0.593325476396405	-0.45728774456859	-2.02475269685477	77	EIF2S1;HSBP1L1;ATR;GCLC;HSPB2;DHX36;MTOR;DNAJC2;GSK3B;HIKESHI;DNAJB1;ATM;TPR;FGF1;LRP11;TRPV4;DNAJA4;HDAC6;CHORDC1;DNAJB4;DNAJA3;HSP90AB1;EIF2B3;IGF1;HSF1;DNAJA1;VCP;SIRT1;HSP90AA1;NOS1;SUMO1;SCN11A	Heat response	Oligo	C9_FTD_Frontal_minus_Occipital_interaction	regional_interaction	21399	72	37	0.45584110844829	0.0000450884711677122		0.0000699822022481896		family_result				
mitochondrial_energy	0.00169974623569506	0.00334031040904816	0.45505986738723	-0.32336079235071	-1.54209261465526	111	TEFM;NDUFA9;ATPSCKMT;NDUFAF1;C2orf69;SDHA;AK4;SNCA;NDUFS1;NDUFB4;NDUFV3;NDUFA8;SDHC;CYCS;UQCRC2;NDUFB5;SDHB;SDHD;COX7B;ATP5F1E;NDUFS4;NDUFB2;ATP5F1C;NDUFB3;NDUFB6;ATP5MG;VCP;UQCC3;COX7A1;COX8A;COX5A;NDUFV2;ATP5ME;NDUFA12;UQCRH;NDUFV1;COX7C;ATP5F1A;NDUFC1;SLC25A33;NDUFA5;SLC25A51;DGUOK;NDUFA1;NDUFB11;NDUFB1;PARK7;COX6C;UQCC2;CCNB1;ETFRF1;NDUFS3;NDUFB8;NDUFB9;NDUFA6;UQCRFS1;NDUFS6;NDUFA7;NDUFA11;COX6B1;ATP5PF;NDUFS5;NDUFB7;COX7A2	Mitochondrial energy	Oligo	C9_FTD_Frontal_minus_Occipital_interaction	regional_interaction	21399	72	37	0.45584110844829	0.00334031040904816		0.00484584408130399		family_result				
protein_stabilization	0.00190874880517038	0.00334031040904816	0.45505986738723	-0.274697592652646	-1.44748238716163	209	GTPBP4;ZBED3;PER3;USP33;NAA15;TBRG1;PFDN2;TRIM37;ZSWIM7;MYCNOS;BAG5;NAA16;MFSD1;MTOR;TAF1;CCT6A;COG7;HERC2;ATP1B3;NLK;OTUD3;CDKN2A;ATM;DNAAF2;MORC3;COA8;COG3;CEP63;RPAP3;EHMT1;HSPD1;CCT2;SEL1L;CTNND1;WDR81;UFL1;RABL3;RTN4;HPS4;DNAJA3;VHL;RASSF2;HSP90AB1;MAPK8IP3;ANK2;IGF1;RUVBL1;NAA30;NAPG;TESC;HIP1R;STK4;CCT4;RAB21;USP36;CSNK2A1;UBE2B;CCT8;PIH1D1;CCT3;AAK1;HSP90AA1;HIP1;TCP1;C10orf90;ATP1B1;SUMO1;CDC37L1;CHEK2;CCNH;HYPK;ZNF207	Protein stabilization	Oligo	C9_FTD_Frontal_minus_Occipital_interaction	regional_interaction	21399	72	37	0.45584110844829	0.00334031040904816		0.00529158084601688		family_result				
synapse_junction	0.166475315729047	0.233065442020666	0.11101149245045	0.227970665886552	1.13434097974453	433	SDK1;FZD1;FLRT3;CDHR3;SRGAP2B;CUX2;S100A10;LRFN1;APLNR;PRKACA;PLXNB2;SDC4;MPP7;SEMA4A;ARHGAP4;DKK1;LIN7A;PCDHB4;PRICKLE1;SDC2;CNTN5;RHOC;RAMP2;LIN7C;PCDHB3;SMAD7;MMP14;PATJ;SFRP1;VCL;PRKCH;LRFN5;RTN4RL1;GJC1;VSTM5;PCDHB6;ITGA6;DUSP22;CDH18;MARVELD2;EGFLAM;NEGR1;JUP;CSMD2;GPC4;CARMIL3;CDH8;S1PR2;SRC;NRG3;NRCAM;CDH22;OPHN1;TLN1;PARD3;GABRA6;ZNF703;EFNA5;NRXN1;FZD5;NTRK3;GJA1;NRP1;LRRTM4;DSCAM;EPHB3;CDH5;AMIGO2;WDR1;NTN1;IL1RAP;SMAD3;CDH10;EPHA7;GABRA4;DRD2;TEK;IGLON5;CDH12;MDGA1;GABRA2;PTPRO;SLC9A1;PLXNA4;AMIGO1;ACTN1;CAV1;GPM6A;LSR;ESAM;ASIC2;RAB13;ACTG1;COL17A1;CLDN11;WNT4;GRIA1;NLGN3;GABRB2;ADD2;CBLN4;GABRB3;DAPK3;SPTBN2;CRTAC1;VPS35;HIPK1;APOD;ADGRL2;RAB40C;MEF2C;SIGMAR1;DBNL;RELN;CAMSAP3	Synapse/junction	Oligo	C9_FTD_Frontal_minus_Occipital_interaction	regional_interaction	21399	72	37	0.45584110844829	0.233065442020666		0.275817091148717		family_result				
axon_development	0.31404958677686	0.366391184573003	0.0758886900606117	0.216416924258161	1.06076516672242	367	ITGA4;KREMEN1;FLRT3;EPHA10;CTNNA2;FIGNL2;EFNB1;CXCL12;PTPRM;PLXNB2;SEMA4A;ARHGAP4;NOTCH3;PRICKLE1;TRPV2;CNTN5;SMO;DCC;TENM2;EFNA1;GLI2;RTN4RL1;TENM4;EDN1;DOCK7;TWF2;ANOS1;SEMA4F;JUP;UNC5D;MYPN;MAP2;PRKG1;NTNG1;NRCAM;OPHN1;NTRK1;PARD3;KIFC2;MAP1S;EFNA5;GDI1;STK11;SSNA1;NRXN1;RAB8A;EPHA6;NRP1;DSCAM;WNT7B;EFNA3;EPHB3;OLIG1;DCLK1;PLEKHG4;NTN1;NOTCH1;SLIT2;BSG;ISLR2;EPHA7;DRD2;PALLD;TENM1;GDNF;EFNA2;PTK7;NRP2;CNTN4;CELSR3;LIMK1;METRN;PTPRO;PLXNA4;AMIGO1;SEMA5A;ROBO4;LYPLA2;NTN4;MGARP;ARHGEF25;LGI1;KIAA0319;DRAXIN;ACTG1;NLGN3;VIM;MAG;S100A6;ROBO3;SPP1;CRTAC1;NOTCH2;MYOT;INPP5F;APOD;IGSF9;ATOH7;EPHA4;CNTN1;NEUROD1;RELN;SLIT3;SEMA3E;PLXNB3;TUBB2B;HMCN2;NECTIN1;CSF1R;RTN4R;SEMA4B;UNC5A;LLGL1;CERS2	Axon development	Oligo	C9_FTD_Frontal_minus_Occipital_interaction	regional_interaction	21399	72	37	0.45584110844829	0.366391184573003		0.462809917355372		family_result				
small_GTPase	0.416284403669725	0.416284403669725	0.0605092988656667	0.203691415027686	1.01711186362406	451	ARHGAP24;ARHGAP31;CDK2;ARHGAP28;SYDE1;ERBB2;RND2;PPP1CA;FGD5;COL1A2;FGD2;FAM13A;AKAP13;IQSEC3;ARHGAP4;RAB33B;KNDC1;SPRY1;FGF10;SH2D3A;PSD4;ARHGAP18;RHOC;ARHGEF17;NGF;RAPGEFL1;ARHGAP11A;CCDC88C;ARHGAP27;RAB35;FGD3;NUP62;F2R;PTH;ARHGDIA;DOCK7;ARHGAP15;WAS;AIF1;SYDE2;DOCK6;RIPOR1;ADGRG1;CDC42EP4;SRC;PDPN;NISCH;OPHN1;NTRK1;RASGEF1A;GDI1;OBSCN;TNS3;RGL3;NRP1;VAV2;DENND3;CDC42EP1;SH2D3C;CDC42EP3;PLEKHG4;CGNL1;NTN1;NOTCH1;ITGA3;CSNK1E;SLIT2;ARHGAP30;RIT1;CADM4;GRAP2;ARHGAP10;RALGPS2;NRAS;TEK;RALA;RERG;CXCL13;FGF2;LIMK1;BRAP;RHOH;RIPOR2;NGFR;RABIF;RND3;ARHGEF25;ARHGAP11B;LRRK2;RASIP1;WNT4;ARHGAP39;ARHGAP20;SNTA1;GIT1;RAB39A;GABARAP;ADRA2A;ARHGAP26;RHOJ;KSR2;RRAS2;CHML;RAP1GAP2;ARHGEF10L;PSD;SPRY4;FGD1;NOTCH2;TGM2;DNMBP;PLEKHG5;BRK1;DOCK11;ARHGAP29;DBNL;RELN	Small GTPase	Oligo	C9_FTD_Frontal_minus_Occipital_interaction	regional_interaction	21399	72	37	0.45584110844829	0.416284403669725		0.574185384372034		family_result				
mitochondrial_energy	0.000000333341642040041	0.00000233339149428029	0.674962860011025	-0.464361936723924	-2.13335864775726	107	ATP5F1C;ATP5PF;COX6A1;NDUFA5;COX7A1;NDUFA12;NDUFC1;SHMT2;COX6C;ATP5ME;COX5B;COX5A;NDUFB7;COX6B1;NDUFS6;ANTKMT;NDUFS5;NDUFA11;MLXIPL;NDUFB3;NDUFV3;NDUFC2;CHCHD2;ABCD1;NDUFA1;NDUFV2;ATP5F1E;NDUFS8;UQCRH;ATP5MF;UQCRC1;NDUFB8;NDUFB4;ATP5F1A;ISCU;SDHD;NDUFA8;NDUFB1;UQCC3;NDUFS1;NDUFA9;NDUFB10;NDUFS2;COX7C;NDUFB11;UQCR11;NDUFS7;SDHB;COX7A2;NUPR1;CYC1;NDUFA3;ATP5F1B;NDUFB6;SDHA;UQCRB;ATP5IF1	Mitochondrial energy	Vascular	C9_FTD_Frontal_minus_Occipital_interaction	regional_interaction	14637	54	34	0.278551726441978	0.00000233339149428029		0.00000259265721586699		family_result				
small_GTPase	0.00137419524486806	0.0048096833570382	0.45505986738723	0.263291897815157	1.40250992770009	409	RGS19;FGD1;RAPGEF6;NTN1;RAB30;SIPA1L3;EPS8L2;ARHGAP32;ARHGEF10L;MRAS;LAMA1;ARHGAP27;RRAS2;RASGEF1B;ARHGEF19;RHOQ;ARHGAP1;RGL1;DOCK11;ARAP1;RALGPS1;CDC42EP4;AUTS2;RALGAPB;PSD2;FGF10;TP53;ARRB1;SRGAP2;CSNK1E;SYDE1;ARHGAP12;AGTR1;RAPGEF2;GARNL3;DENND4C;ARHGDIB;EPS8;GNA13;DOCK5;SRC;ARHGAP15;RASA3;PPP1CB;ARHGEF2;GIPC1;ARHGEF12;DOCK7;ERBB2;SYNPO2;CCL19;DOCK1;FGF2;LRP4;SCAI;GDI2;ARHGAP6;ARHGAP31;NUCB1;COL3A1;KSR1;ARHGAP28;SOS2;LZTR1;RGL3;CDH13;TAX1BP3;SH2D3C;ARHGEF3;RAB21;DVL3;TIAM2;IQSEC2;OGT;GNA12;RELN;TEK;FGD4;ARHGAP33;PLEKHG5;RALGAPA2;DOCK6;OBSCN;RAF1;ROCK1;ARL3;KNDC1;ARHGAP24;CHM;MAPKAPK5;NRP1;ARHGAP44;ARHGEF11;DENND3;RAB12;KANK2;ARHGEF9;PIK3CB;RERG;ARHGAP18;CRK;ARHGAP26;NKIRAS1;HACE1;CRKL;VAV3;ITGAV;RB1;PLEKHG4B;PRAG1;FAM13B;DOCK4;ARHGAP35;SNTA1;RAP1B;DOK1;ARFGEF2;RTKN;RACGAP1;FARP1;RHOBTB2;CCNA2;RABL3;DOCK2	Small GTPase	Vascular	C9_FTD_Frontal_minus_Occipital_interaction	regional_interaction	14637	54	34	0.278551726441978	0.0048096833570382		0.00401811263901833		family_result				
heat_response	0.0879828326180258	0.205293276108727	0.222056046145248	-0.299645177656093	-1.2868549644228	77	IRAK1;STUB1;TRPA1;DNAJA2;TRPM2;HDAC6;MAPKAPK2;HMOX1;HSPA2;HSBP1;IER5;GCLC;SIRT1;DNAJA1;LRP11;HSF1;DNAJA4;RBBP7;MAP2K7;TPR;NOS1;HSP90AA1;DNAJC2;PRKACA	Heat response	Vascular	C9_FTD_Frontal_minus_Occipital_interaction	regional_interaction	14637	54	34	0.278551726441978	0.205293276108727		0.159968786578229		family_result				
synapse_junction	0.372302158273381	0.651528776978417	0.0894366833718621	0.192380015855714	1.02396820120211	401	NTN1;SDC4;PLXNB2;NLGN4X;NUMBL;LIN7B;CDH11;SDK1;ARHGAP32;RTN4RL1;STRN;SDK2;RAB40C;LRFN4;SRGAP2;MARK1;EPHB1;CC2D1A;RAPGEF2;CDH20;HTR4;GABRA2;NECTIN1;THBS1;GNA13;SRC;SRGAP2C;ACTN2;TESK2;PLXNA3;GABRG1;CTNNA1;PCDHB9;DOCK1;LRP4;FER;ARHGAP6;MARVELD2;CSMD2;LAMA3;ARMCX5-GPRASP2;NECTIN3;EIF4G1;AMOT;NTRK3;PCDH17;NEGR1;CDH13;PATJ;IQSEC2;VSTM5;OGT;LAMC1;RAB13;IGLON5;RELN;TEK;PLEC;JAM3;CLASP1;SRGAP1;ARHGAP33;DLG1;PKP2;PDLIM5;SORBS1;PTPRS;ROCK1;FZD1;PRKCA;ADNP;NRP1;CHD4;ARHGEF9;CLDN11;NRXN2;SDC2;FBXO45;CRK;THSD1;DUSP3;DNM3;PRICKLE1;ITGB4;ANKRD28;CRKL;PARD3;SLC39A9;PTPRJ;MPDZ;CLSTN3;EPHA7;DOCK4;ZNF703;PTEN;RAP1B;CTNNB1;ASIC2;APLNR;FARP1;TSC1;LATS1;EEF2K;LRRTM4;VMP1;PAK2;ACTN1;PEAK1;GJA1;VSIG10;PLXNB1;PARD6B;FLCN;SRGAP2B;ECT2;ACE;DKK1;PCDHB14;AFDN;DLG5;CDH18;EPHA3;DUSP22;SLK;OCLN;LRRC4B;RHOA;MYO9A;GRID2;PCDHB4;CNTN5;APP;CNTNAP2;PTPRD;ELMO1;PLXND1;PUM2	Synapse/junction	Vascular	C9_FTD_Frontal_minus_Occipital_interaction	regional_interaction	14637	54	34	0.278551726441978	0.651528776978417		0.521223021582734		family_result				
protein_folding	0.634989200863931	0.76401179941003	0.0707899094502623	-0.191059117877192	-0.944689677160838	185	PEX19;FKBP1B;HYPK;PPIE;DNAJA2;DNAJB11;UNC45A;SDF2;PPIL3;RIC3;ALG12;TBCC;PPIC;MPDU1;TCP1;HSPA2;SDF2L1;FKBP8;AHSA1;HSPA9;ARL2;PDIA4;ENTPD5;WDR83OS;PDIA6;DNAJA1;POFUT2;SACS;TBCE;TBCA;HSPD1;DNAJA4;HSPA8;HSPA13;FKBP1A;RIC8A;NUDC;PDIA2;HSP90AA1;HSPE1;CANX;DNAJC2;DNAJC24;CCT4;HSP90AB1;ERO1A;PPIH;VBP1;CCT3;COX19;PTGES3;RP2;PPIA;CMC1;CDC123;QSOX1;COX14;DNAJC21;FKBP10;CCT2;CCT8;DNAJC3;BAG1;HSPH1;CWC27;ZPR1	Protein folding	Vascular	C9_FTD_Frontal_minus_Occipital_interaction	regional_interaction	14637	54	34	0.278551726441978	0.76401179941003		0.786712284256197		family_result				
axon_development	0.654867256637168	0.76401179941003	0.0704500850658419	-0.176631493035531	-0.938917741840267	332	GAP43;SPP1;EFNB3;CNTN2;MAP1A;ZFYVE27;NEUROD2;TWF2;STXBP1;CDK5R2;THY1;RAC1;BHLHE22;MAP2;SVBP;NREP;SEMA5B;ROBO2;BDNF;SEMA3A;ANOS1;EPHA5;SCN1B;RNF6;AFG3L2;APLP1;BRSK1;FEZ1;SLITRK1;RAB3A;PRKCQ;RTN4RL2;NEFH;SEMA6D;EVL;SLIT2;MAP7D2;MCF2;FLRT3;TRPC5;ARHGAP4;GDI1;LMO4;STK11;LGI1;CDKL5;NRXN3;BSG;NEUROD6;DCLK1;INPP5F;DSCAML1;OLFM1;NMNAT2;KIF5C;SKIL;OLIG2;CYFIP2;CCK;CDK5R1;CTTN;ADGRB1;ACTG1;MAP1B;UNC5C;PAK1;RGMA;PPP3CB;SLITRK4;CHN1;METRN;PITPNA;CHRNB2	Axon development	Vascular	C9_FTD_Frontal_minus_Occipital_interaction	regional_interaction	14637	54	34	0.278551726441978	0.76401179941003		0.807765779111925		family_result				
protein_stabilization	0.797348484848485	0.797348484848485	0.0535669384770951	0.179152769433904	0.878348130433404	196	USP33;PDCL3;CSNK2A1;MAPK8IP3;TAF1;ATM;PRKN;PEX6;SOX17;ZSWIM7;VHL;PDRG1;TELO2;CBL;ZNF207;TTI1;IP6K2;FLNA;PLPP3;RUVBL2;ZBED3;GNAQ;EPHA4;PARVA;EP300;MUL1;RAB21;DVL3;RASSF2;COG7;TESC;CEP63;C10orf90;CDC37L1;STK3;WFS1;PTEN;USP2;CD74;SEC16A;HCFC1;MCM8;TSC1;USP36;USP19;RABL3;AAK1;SAV1;LAMP1;COA8;NOP53;SUMO1;P3H1;FBXW7	Protein stabilization	Vascular	C9_FTD_Frontal_minus_Occipital_interaction	regional_interaction	14637	54	34	0.278551726441978	0.797348484848485		0.922551965940396		family_result				
mitochondrial_energy	0.00422701335578525	0.0230686833809265	0.407017918923954	0.321892902560761	1.53653471115856	109	ATP5F1C;RHOA;NDUFB1;SDHA;ATP5F1E;UQCRC2;COX8A;NDUFA12;ATP5ME;COX7C;ATP5MF;UQCR10;NDUFAF1;SDHD;SLC25A33;COX7B2;UQCR11;UQCRH;NDUFS4;ATP5PF;NDUFB4;SHMT2;NDUFV1;NDUFS1;C2orf69;VCP;NDUFAB1;COX7A2;NDUFA9;ATPSCKMT;NDUFV3;COX6C;UQCRQ;UQCRFS1;ATP5F1B;NDUFC1;NDUFV2;NDUFA13;ANTKMT;SLC25A51;UQCRC1;NDUFS5;NDUFS6;COX7A2L;COX6B1;COX7A1;STOML2;NDUFB5;NDUFA5;NUPR1;UQCRB;ISCU;COX6A1;COX7B;NDUFA2;NDUFS8;NDUFA11;ATP5PD;NDUFB9;SDHAF2;NDUFS7;NDUFA1	Mitochondrial energy	Astro	C9_ALS_FTD_Frontal_minus_Occipital_transition	transition_background	20866	72	37	0.459689963681544	0.0230686833809265			0.0108113995446046	family_result				
small_GTPase	0.00659105239455043	0.0230686833809265	0.407017918923954	0.219006536768888	1.24696843193383	452	BRAP;ARHGAP21;DNMBP;ARHGEF2;SYDE2;NKIRAS1;MAPKAPK5;RASGRP2;STARD13;GNB1;DOK7;ROCK2;SIPA1L3;CXCL13;MAPKAP1;RAPGEF2;NTN1;RAPGEF1;RALA;PPP1CA;FNTA;DOCK3;F11R;RHOA;NKIRAS2;LIMK1;RAB4A;AKAP13;CTNNAL1;CCDC88A;PSD3;ITGAV;TRIO;APOA1;CRK;ABL2;CDC42SE2;TAGAP;NET1;MYO9B;SOS1;NRAS;PHACTR4;BRK1;CYTH1;GRAP2;ARHGAP29;CD2AP;DOCK4;ARHGAP5;RHEBL1;TEK;CGNL1;RTN4R;ARHGAP1;MCF2;RIPOR2;RASGRF1;NGF;KRIT1;CUL3;MAP4K4;FGD2;NGFR;FAM13A;CHN2;ARHGAP35;SHOC2;TGM2;CDC42EP1;GMIP;RAP2B;SH2D3A;CSNK1A1;RASGRP3;RAP1A;RAPGEF6;SEMA4D;RAB9B;PLEKHG4B;RAB18;RAC1;STARD8;ARHGEF10;CSNK1E;OPHN1;RAP1B;NCKAP1;CDKN2A;FGD1;RTN4;KRAS;RIT1;ITSN1;ARHGAP44;PICALM;RALGAPA2;EPS8;SGSM3;KIF14;PSD4;ARFGEF2;CHM;PPP1CC;SIPA1L2	Small GTPase	Astro	C9_ALS_FTD_Frontal_minus_Occipital_transition	transition_background	20866	72	37	0.459689963681544	0.0230686833809265			0.0159383630631856	family_result				
synapse_junction	0.148000733401969	0.345335044604594	0.249246554383295	0.191285390665108	1.09864989542203	441	NLGN1;SLK;VMP1;PTPN13;SRGAP1;PRKCA;DST;CDH6;APC;CDH22;EPHA3;ROCK2;RAPGEF2;GJC1;NTN1;RTN4RL1;RAPGEF1;NRCAM;LRRTM2;F11R;PEAK1;CDH17;RHOA;PCDHB3;PTPRA;SHANK3;CDH5;SYNDIG1;SNAI1;RAB17;ESAM;MUSK;FBXO45;MACF1;PATJ;NECTIN3;PKN2;CLDN11;CRK;HOPX;PCDHB10;LAMC1;CDH11;CLDN5;PTPN1;MYCBP2;DOCK4;AFDN;TEK;CDH2;PTPRD;PAK2;RTN4R;PDCD6IP;DAPK3;LIN7A;LSAMP;PECAM1;MAP4K4;DLG5;CDH7;ACTN2;PTPRJ;LRFN3;DSCAM;PUM2;NCKIPSD;ADGRL3;SKP1;PDLIM5;ITGB1BP1;PKP2;RAP1A;SEMA4D;RAC1;SORBS1;NLGN4X;STRN;OPHN1;RAP1B;ARMCX5-GPRASP2;CD9;RTN4;EFNA5;NRXN2	Synapse/junction	Astro	C9_ALS_FTD_Frontal_minus_Occipital_transition	transition_background	20866	72	37	0.459689963681544	0.345335044604594			0.254720382136902	family_result				
heat_response	0.296428571428571	0.51875	0.152144922367565	0.240788494296485	1.07248649418821	78	TPR;FGF1;ATR;EIF2B3;EEF1D;DAXX;HSPA6;YWHAE;SUMO1;HDAC2;HSPB6;TCIM;HSPB2;MAPKAPK2;HSP90AA1;DNAJA2;MAP2K7	Heat response	Astro	C9_ALS_FTD_Frontal_minus_Occipital_transition	transition_background	20866	72	37	0.459689963681544	0.51875			0.457172631546203	family_result				
axon_development	0.711111111111111	0.99492385786802	0.140406238523342	0.170361120506654	0.944624914213988	364	PRKCA;ATL1;SEMA3E;EPHA3;NTN1;RTN4RL1;NRCAM;PAFAH1B1;TRAK2;ULK2;ROBO4;LIMK1;PRKG1;SVBP;FYN;PTK7;LYPLA2;GOLGA4;SPG11;SKIL;TWF2;MACF1;ENAH;MEGF8;TRIO;EFNA2;SOS1;SEMA5A;DIP2B;MYCBP2;CDH2;PAK2;RTN4R;KIF21A;MCF2;BRSK1;RAB10;TRIM46;DISC1;LRRC4C;MARK2;PTPRJ;TENM1;KIF5A;ARHGAP35;DSCAM;PUM2;CTNNA2;KIF13B;TNR;DPYSL5;UNC5D;SEMA4D;PLEKHG4B;ADAM17;RAC1;COBL;OPHN1;PTCH1;EDN1;RTN4;PRKCQ;EFNA5;VASP;STK24;ZFYVE27;CDKL3	Axon development	Astro	C9_ALS_FTD_Frontal_minus_Occipital_transition	transition_background	20866	72	37	0.459689963681544	0.99492385786802			0.918230852211435	family_result				
protein_stabilization	0.967213114754098	0.99492385786802	0.0985499803531691	0.153954855924193	0.803121366556284	208	TSPAN1;BAG4;BAG2;PDCL3;MUL1;PPP1CA;MORC3;BAG1;TBL1X;HIP1;CBL;APOA1;PFDN2;SUMO1;FBXW7;HYPK;COA8;PFN1;GPIHBP1;RUVBL2;EGLN3;HSP90AA1;PFDN1;DBR1;HERC2;AAK1;CREBL2;CDKN2A;UBE2B;RTN4;STK3;MDM4;MAPK8IP3;CCT5;NOP53;PTGES3;VBP1;POLR2E;PDCD10;CCT2;DNLZ;CALR;PARVA;PAQR4;IRGM	Protein stabilization	Astro	C9_ALS_FTD_Frontal_minus_Occipital_transition	transition_background	20866	72	37	0.459689963681544	0.99492385786802			1	family_result				
protein_folding	0.99492385786802	0.99492385786802	0.0925528864684773	0.14606121182145	0.760675193562889	198	BAG4;BAG2;PDCL3;DNAJC21;BAG1;SACS;HSPA1L;ENTPD5;NKTR;RANBP2;TRAP1;HSPA6;PFDN2;TOR1A;HYPK;TBCE;CDC123;SIL1;CMC1;PPIE;HSPB6;DNAJB11;HSPB2;RUVBL2;HSP90AA1;DNAJA2;PFDN1;DNAJC5;APLF;ERP29	Protein folding	Astro	C9_ALS_FTD_Frontal_minus_Occipital_transition	transition_background	20866	72	37	0.459689963681544	0.99492385786802			1	family_result				
mitochondrial_energy	0.0000000001	0.0000000007		0.536511974576494	2.59696674127513	109	NDUFB1;ATP5ME;NDUFS5;UQCRH;NDUFAB1;UQCRB;COX7A2L;ATP5MF;COX7B2;ATP5IF1;SNCA;NDUFB8;NDUFA13;NDUFS6;UQCRQ;ATP5PF;COX6C;COX4I1;NDUFA12;NDUFS3;COX7C;NDUFS2;NDUFC2;SDHD;ATP5PD;COX6B1;COX5A;UQCR10;CYCS;ATP5MG;ATP5F1E;NDUFB9;COX7A1;NDUFB2;NDUFA5;ATP5F1D;NDUFA8;COX8A;NDUFB11;NDUFA1;NDUFA6;NDUFS8;NDUFV1;CHCHD2;COX7A2;UQCR11;ISCU;COX5B;ANTKMT;COX6A1;NDUFB10;NDUFA11;NDUFA3;TEFM;COX7B;NDUFB7;ATP5PO;NUPR1;NDUFA7;NDUFAF1;PINK1;NDUFA2;UQCRFS1;NDUFS7;NDUFB3;STOML2;PARK7	Mitochondrial energy	Astro	C9_ALS_FTD_vs_Ctrl_Frontal_transition	transition_background	20866	72	37	0.459689963681544	0.0000000007			0.00000000095	family_result				
small_GTPase	0.00097827076239215	0.00342394766837252	0.45505986738723	-0.254866203713274	-1.43065696597809	452	NOTCH2;FBXO8;RAB30;ARFGEF3;BCAR3;LRP4;DAG1;ARHGAP31;ARHGAP5;FGD4;NCKAP1;OPHN1;DOCK5;DENND1A;NUCB2;ARHGAP32;AUTS2;SEMA4D;ARHGAP35;SNTA1;RIPOR2;PLEKHG1;ARHGEF9;ALS2;LRRK2;RALGPS1;ARHGAP19;OGT;PLEKHG4;ARHGAP12;TNS3;DENND4C;CSNK1E;RALBP1;SH3BP4;TAX1BP3;VAV3;SRGAP3;RALGAPB;SQSTM1;FARP1;ARHGAP26;F2R;PLCD4;EPS8;RABL3;SPRY1;SWAP70;RB1;RGL2;FAM13A;KANK1;CCDC125;DOCK1;ARL3;MYO6;RASA2;GNA13;ARHGAP29;CGNL1;ARRB1;RALGAPA1;ARHGEF16;HACD3;ROBO1;RAB3GAP1;RAB4A;SRC;ARHGEF12;ITGAV;MRAS;GARNL3;ERBB2;DOCK11;ABL1;PICALM;RRAS2;GIT2;RAPGEF2;PLXNB1;KBTBD6;ARHGEF7;RAB18;ARHGEF4;ARHGAP24;RAPGEF3;FERMT2;DENND3;DOCK4;RIT1;DOCK3;DOCK9;ARAP1;RERG;ARHGEF1;RIN2;HEG1;SOS2;HACE1;DOK7;TIAM2;NUP62;RGL1;ABI2	Small GTPase	Astro	C9_ALS_FTD_vs_Ctrl_Frontal_transition	transition_background	20866	72	37	0.459689963681544	0.00342394766837252			0.00276829811485438	family_result				
synapse_junction	0.126829268292683	0.261423550087874	0.157402899305283	-0.201306720449025	-1.12906122306384	441	AFDN;CLASP1;CDH20;GABRG1;PAK2;PTK2;MPP7;ADGRL3;GJA1;LRP4;DAG1;PARD3;SDK1;PCDH17;GPM6A;OPHN1;AGT;ARHGAP32;PTPRK;CYFIP2;CLASP2;SEMA4D;LIN7A;PKN2;CDH2;ERBB4;ARHGEF9;MYCBP2;LIMCH1;LIN7C;OGT;NAE1;PLXNA3;TBCD;TJP1;FER;CPEB3;NPHP1;TSC1;PTPRJ;PDLIM5;GPM6B;PTPN13;SRGAP3;UBE3B;FARP1;NRXN1;GJB6;PLXNB2;PIP5K1C;SLITRK2;GPHN;JUP;LSAMP;NCKIPSD;PCDHB6;DOCK1;NRG3;GNA13;ARMCX5-GPRASP2;CDH10;SRC;AMOT;PLXNA2;ANK2;ABL1;LATS1;RAPGEF2;PLXNB1;MARK1;IGLON5;CORO1C;ARHGEF7;EFNB2;CTNNA1;PCDHB13;AMIGO1;DNM3;LAMA3;SDC2;DLG1;LDB1;FERMT2;STAU2;PATJ;NLGN3;DOCK4;EFNA5	Synapse/junction	Astro	C9_ALS_FTD_vs_Ctrl_Frontal_transition	transition_background	20866	72	37	0.459689963681544	0.261423550087874			0.224910569105691	family_result				
protein_stabilization	0.149384885764499	0.261423550087874	0.150169802128406	-0.225052104231152	-1.14760963074555	208	C10orf90;EGLN3;CBLB;WFS1;STXBP4;USP13;SEL1L;HCFC1;PPARGC1A;ATM;PLPP3;TSC1;ZBED3;CLU;PEX19;RABL3;WIZ;LAMP2;TBL1X;CREBL2;COG3;EP300;EHMT1;PIH1D2;USP33;PER3;HERC2;CDK7;VHL;TRIM37;ANK2;HPS4;BAG2;WDR81;AKT2;PARVA;LAMP1;NCLN;PPP1R10;PRKN;CALR;PTEN;MSX1;PDRG1;MCM8;GRN;HIP1R;GNAQ;IFT46;MFSD1	Protein stabilization	Astro	C9_ALS_FTD_vs_Ctrl_Frontal_transition	transition_background	20866	72	37	0.459689963681544	0.261423550087874			0.254720382136902	family_result				
axon_development	0.362903225806452	0.508064516129032	0.0847985102819124	-0.18732240739099	-1.02985568349624	364	NOTCH2;LGI1;BSG;PAK2;PTK2;NEO1;LRP4;DAG1;PARD3;NTRK2;OPHN1;FYN;CNTN1;CYFIP2;AUTS2;CLASP2;SEMA4D;CDH2;BOC;ARHGAP35;MYCBP2;NPR2;SEMA4B;ZDHHC17;SEMA4F;PLEKHG4;PLXNA3;KIAA0319;NPTN;NCAM1;PTCH1;DPYSL5;PTPRJ;GPM6B;CERS2;NRXN1;PTPRM;PLXNB2;EPHA6;SLITRK2;JUP;ROBO1;USP33;NFIB;RAB10;ABL1;PICALM;DCHS2;PLXNB1;ULK2;PTN;EFNB2;CTNNA1;ROBO3;AMIGO1;VANGL2;GSK3B;SIN3A;NLGN3;SPAST;PALLD;EFNA5;PTEN;TIAM2;SCN11A;PLXNB3;C9orf72;ULK1;STK24;GRN;ALCAM;PLEKHG4B;TSPO;SEMA6D;ROBO4;LLGL1;EPHB2;JAK2;SLC9A6;CDKL3;ADNP;SZT2;ARHGAP4;KIFC2;LGR6;SPTBN4	Axon development	Astro	C9_ALS_FTD_vs_Ctrl_Frontal_transition	transition_background	20866	72	37	0.459689963681544	0.508064516129032			0.542316056542226	family_result				
protein_folding	0.802405498281787	0.936139747995418	0.0487989701682839	-0.170916104225108	-0.871078848010543	198	COX19;CANX;CWC27;TBCD;TSC1;CLPX;P4HB;ERP44;DNAJB14;NFYC;CLU;PEX19;QSOX2;RIC8A;HSPB2;DNAJB13;FKBP5;SIL1;LMAN1;HSPA1L;PTGES3L;BAG2;CMC1;TAPBP;HSPA14;PDIA4;ERO1B;TBCEL;QSOX1;HSPA2;HSPA5;CALR;PDRG1;RIC3;ATPAF2;NUDCD3;GRN;ATF6;PPIAL4G;MESD	Protein folding	Astro	C9_ALS_FTD_vs_Ctrl_Frontal_transition	transition_background	20866	72	37	0.459689963681544	0.936139747995418			0.97243488475716	family_result				
heat_response	0.961945031712474	0.961945031712474	0.0499913914024592	0.155514350284659	0.713155246258456	78	SUMO1;EEF1D;YWHAE;DNAJC2;HDAC2;EIF2B4;ANO1;HSBP1L1;STUB1;MICA;HSBP1;IGF1;TCIM;IER5;HTRA2;EIF2S1;HSPA6;DNAJA2;ATR	Heat response	Astro	C9_ALS_FTD_vs_Ctrl_Frontal_transition	transition_background	20866	72	37	0.459689963681544	0.961945031712474			1	family_result				
small_GTPase	0.0000000564215379691532	0.000000394950765784073	0.719512826338911	-0.311087330062391	-1.72861048826557	452	ARHGAP5;NCKAP1;OPHN1;RAB30;ARHGAP31;ARFGEF3;NOTCH2;ARHGAP35;FGD4;ARHGAP21;LRP4;RIPOR2;SEMA4D;ARHGAP32;ARHGEF2;AUTS2;RAPGEF2;FBXO8;BRAP;RAB4A;PLEKHG1;OGT;CSNK1E;DENND1A;DOCK3;ARHGAP29;ITGAV;CGNL1;FAM13A;LRRK2;DOK7;ALS2;STARD13;EPS8;KANK1;SNTA1;VAV3;DOCK4;NUCB2;ARHGEF9;ARHGAP12;MAPKAP1;ARHGAP26;CCDC125;TNS3;SYDE2;SWAP70;RALA;DAG1;DOCK5;PICALM;BCAR3;RALBP1;FARP1;MYO6;RAB18;ABL1;RASA2;RHOA;RB1;SPRY1;DNMBP;ROBO1;FNTA;GNA13;MAP4K4;MRAS;CCDC88A;DOCK1;SOS1;SQSTM1;RABL3;RIT1;ARHGEF7;ARHGEF4;DENND4C;RAPGEF6;SHOC2;RERG;ARRB1;SH3BP4;PLEKHG4B;RALGAPA1;RALGPS1;FXR1;RAB3GAP1;CHM;DOCK11;ARHGAP24;FERMT2;PSD3;NKIRAS1;ARHGAP19;ARFGEF2;KRIT1;RIN2;CD2AP;WNK1;MAPKAPK5;RRAS2;RTN4R;ROCK1;SRGAP3;SGSM3;CSNK1A1;GIT2;DOCK9;RAP1B;PIK3CB	Small GTPase	Astro	C9_ALS_FTD_vs_Ctrl_Occipital_transition	transition_background	20866	72	37	0.459689963681544	0.000000394950765784073			0.000000341093843177154	family_result				
mitochondrial_energy	0.00000357581343787614	0.0000125153470325665	0.627256739718528	0.428475053908347	1.99765880029814	109	NDUFS3;SNCA;NDUFS5;NDUFB8;COX5A;UQCRB;COX4I1;ATP5MG;ATP5ME;ATP5IF1;COX5B;NDUFA6;NDUFS6;NDUFA13;NDUFB2;COX7A2L;NDUFS2;NDUFB1;DNAJC30;CHCHD2;NDUFA3;UQCRQ;NDUFAB1;UQCRH;NDUFC2;COX7A1;COX6C;ATP5PO;COX7B2;CYCS;NDUFA8;ATP5PD;ATP5F1D;NDUFB11;NDUFB7;ATP5PF;COX6B1;NDUFA7;ATP5MF;NDUFA1;NDUFS8;NDUFA5;NDUFB9;NDUFB3;TEFM;PPIF;PARK7;COX6A1;NDUFB10;PINK1;ISCU;NDUFA11;COX7B;UQCRHL;SIRT3;ANTKMT;COX7C;NDUFA12;CYC1;NUPR1;NDUFV1;UQCR10;SDHD;COX7A2;NDUFA2;NDUFS7	Mitochondrial energy	Astro	C9_ALS_FTD_vs_Ctrl_Occipital_transition	transition_background	20866	72	37	0.459689963681544	0.0000125153470325665			0.0000153413931366944	family_result				
synapse_junction	0.000507258304342894	0.00118360271013342	0.477270815362862	-0.260548143693812	-1.44950353059459	441	AFDN;PTPN13;ADGRL3;PAK2;CDH20;GABRG1;OPHN1;PKN2;CLASP1;CDH2;PARD3;MYCBP2;PTK2;MPP7;GPM6A;PCDH17;LRP4;PTPRK;SEMA4D;ARHGAP32;CLASP2;LIN7A;RAPGEF2;PTPRJ;LIMCH1;PDLIM5;LSAMP;ERBB4;SDK1;OGT;NCKIPSD;CPEB3;PRKCA;DOCK4;PATJ;TJP1;ARHGEF9;FER;ARMCX5-GPRASP2;GJA1;NRG3;DAG1;GPM6B;CYFIP2;GPHN;FARP1;SLK;PEAK1;NRXN1;ABL1;TSC1;EFNA5;AGT;RHOA;APC;LATS1;ANK2;DLG1;GNA13;MARK1;MAP4K4;NRCAM;DOCK1;STRN;CTNNA1;ARHGEF7;HOPX;NPHP1;SLITRK2;TBCD;AMOT;CDH10;SDC2;DNM3;SRGAP1;SHANK3;JUP;PUM2;NLGN4Y;FERMT2;MPDZ;FAM107A;EFNB2;ACE2;AMIGO1;PLXNA3;IGSF11;NAE1;LAMC1;GJB6;RTN4R;ROCK1;SRGAP3;STAU2;PCDHB3;WDR1;NTM;CDH4	Synapse/junction	Astro	C9_ALS_FTD_vs_Ctrl_Occipital_transition	transition_background	20866	72	37	0.459689963681544	0.00118360271013342			0.00153330351085466	family_result				
axon_development	0.0068020354145239	0.0119035619754168	0.407017918923954	-0.24797708351477	-1.36199499076194	364	FYN;LGI1;PAK2;OPHN1;CDH2;PARD3;MYCBP2;NOTCH2;ARHGAP35;PTK2;LRP4;SEMA4D;CLASP2;NEO1;AUTS2;PTPRJ;CNTN1;PTCH1;ULK2;NCAM1;NTRK2;DPYSL5;KIAA0319;PRKCA;RAB10;PTPRM;ZDHHC17;ROBO4;DAG1;EPHA6;PICALM;GPM6B;NPTN;CYFIP2;LGR6;SEMA4F;BOC;NRXN1;ABL1;BSG;EFNA5;SEMA4B;NFIB;ROBO1;NRCAM;TRAK2;ATL1;NPR2;SOS1;USP33;CTNNA1;SLITRK2;STK24;PLEKHG4B;CDKL3;GSK3B;SEMA3E;KIF21A;PALLD;KIF13B;JUP;TSPO;PUM2;SPAST;EFNB2;AMIGO1;PLXNA3;RUFY3;ALCAM;SZT2;RTN4R;LRRC4C;GOLGA4;PAFAH1B1;MGARP	Axon development	Astro	C9_ALS_FTD_vs_Ctrl_Occipital_transition	transition_background	20866	72	37	0.459689963681544	0.0119035619754168			0.0161548341094943	family_result				
protein_stabilization	0.141372141372141	0.197920997920998	0.169570644405628	-0.226479510254696	-1.16673328580427	208	EGLN3;TBL1X;CBLB;BAG2;C10orf90;HERC2;CREBL2;PPARGC1A;ATM;MORC3;CLU;BAG4;TSC1;SEL1L;ANK2;USP33;RABL3;PARVA;EP300;CBL;EHMT1;HCFC1;CALR;CDK7;PLPP3;PIH1D2;LAMP1;WFS1;DBR1;WDR81;HIP1;MCM8;COG3;TRIM37;PER3;USP13;GLMP;UBE2B;PDCD10;PRKN;CREB1;PDRG1;FLNA;GNAQ;WIZ;PTGES3;COG7;MT3;FBXW7;NCLN;CTNND1;CDKN2A;LAMP2;MUL1	Protein stabilization	Astro	C9_ALS_FTD_vs_Ctrl_Occipital_transition	transition_background	20866	72	37	0.459689963681544	0.197920997920998			0.247401247401247	family_result				
protein_folding	0.691056910569106	0.806233062330623	0.0636424081651019	-0.178761785225178	-0.918705426082275	198	BAG2;CWC27;HSPA1L;SIL1;HSPB2;CMC1;COX19;CLU;NKTR;BAG4;TSC1;ERP44;P4HB;NFYC;FKBP5;TBCD;CALR;ATF6;TRAP1;APLF;DNAJB14;HSPA5;ERO1B;HSPA4L;CLPX;TAPBP;ATPAF2;CANX;PDRG1;LMAN2L;PDIA4;DNAJC5;QSOX2;ENTPD5;TBCEL;PPIL2;UGGT1;HSPA8;PTGES3;LMAN1	Protein folding	Astro	C9_ALS_FTD_vs_Ctrl_Occipital_transition	transition_background	20866	72	37	0.459689963681544	0.806233062330623			0.901084010840108	family_result				
heat_response	0.995833333333333	0.995833333333333	0.0477342401407188	-0.13666828270871	-0.594756811256321	78	GCLC;HSPB2;ATM;EP300;GSK3B;TPR;CREBBP;EIF2B3;FGF1;HMOX1;IRAK1;DHX36;HSP90AA1;HIKESHI;DNAJA4;LRP11;PDCD6;DNAJB4;HSPA2;DNAJB6;PRKACA;SIRT1;SCN11A;ATR	Heat response	Astro	C9_ALS_FTD_vs_Ctrl_Occipital_transition	transition_background	20866	72	37	0.459689963681544	0.995833333333333			1	family_result				
mitochondrial_energy	0.0000000001	0.00000000035		-0.605943533007326	-3.00933493549168	115	SDHAF2;NDUFS7;NDUFS8;UQCRC1;ATP5F1A;NDUFA7;NDUFA10;NDUFA3;MLXIPL;STOML2;NDUFA11;NDUFV3;ATP5F1B;COX7A2L;PARK7;UQCC3;NDUFS1;SDHC;NDUFB5;ATP5PD;SDHB;NDUFB7;NDUFB1;COX7B;NDUFA12;RHOA;NDUFA6;NDUFA13;NDUFB4;COX8A;ATP5IF1;NDUFA2;COX7A1;UQCRH;ATP5ME;UQCR10;ATP5PB;DNAJC30;NDUFC2;NDUFS2;UQCRC2;NDUFA8;CCNB1;COX5A;ATP5F1C;ANTKMT;PINK1;COX7A2;ATP5F1D;GHITM;NDUFB3;NDUFB10;NDUFB6;ISCU;ATP5MG;ATP5MF;ATP5PO;SIRT3;COX4I1;COX6C;NDUFS3;CHCHD2;UQCRB;CYCS;UQCRQ;COX5B;DGUOK;NDUFC1;SLC25A51;NDUFB11;ATP5PF;NDUFB8;NDUFAB1;COX6A1;ATP5F1E;NDUFS6;SDHA;NDUFV1;NDUFB9;UQCR11;NDUFA5;NDUFB2;COX6B1;NDUFA1;UQCRFS1	Mitochondrial energy	Exc	C9_ALS_FTD_Frontal_minus_Occipital_transition	transition_background	28949	71	37	0.453440254563402	0.00000000035			0.00000000095	family_result				
protein_folding	0.0000000001	0.00000000035		-0.491910893425032	-2.68989251705992	209	PEX19;DNAJC5;DNAJC4;QSOX1;TAPBP;PPIH;RIC8A;WDR83OS;TOR1A;FKBP1B;PFDN6;MPDU1;LMAN1;HSPA13;POFUT2;DNAJB11;CLU;PDIA4;NAA10;TBCB;FKBP9;NUDCD3;PPIL3;ERO1A;FKBP1A;ARL2;SNRNP70;PPIA;HSP90B1;CDC37L1;HSP90AB1;P4HB;SDHAF4;RUVBL2;MKKS;CALR;LYRM7;QSOX2;BAG4;APLF;PPIC;PFDN5;HSPB6;MESD;BAG1;CANX;BAG5;ENTPD5;GRN;FKBP8;NUDC;HSPA14;NFYC;HSPA1L;CDC37;CSNK2A1;GRPEL2;HSPBP1;COA3;PFDN1;AHSA1;CDC123;DNAJC10;DNAJB12;PPIE;TCP1;DNAJB2;PFDN2;ERP29;UGGT1;TTC1;TELO2;LTBP4;PPIB;PBDC1;ENGASE;FKBP1C;GAK;PDCD5;HSPA4L;DNAJC2;ANP32E;DNAJB6;HSPA5;TXNDC5;CCT8;CCT6A;DNAJA4;DNLZ;CCT4;HSPB1;TBCC;PPIL2;PDIA3;PDRG1;CLPX;MOGS;CRTAP;COX14;RANBP2;HSPA6;PPIG;HSPA4;SELENOF;FKBP5;TBCA;HSPH1	Protein folding	Exc	C9_ALS_FTD_Frontal_minus_Occipital_transition	transition_background	28949	71	37	0.453440254563402	0.00000000035			0.00000000095	family_result				
axon_development	0.000000000227112595552641	0.000000000529929389622829	0.826657301178302	-0.317460862805347	-1.84810192946054	388	ITGA4;ARHGEF25;PARD3;CNTNAP1;CHN1;SLITRK2;CHRNB2;PLEKHG4B;CELSR2;NEUROD1;KIFC2;RAB8A;MEGF8;STXBP1;CDK5R2;KIF13B;CYFIP2;THY1;NOTCH2;OLFM1;RGMA;SEMA7A;ANAPC2;RAB3A;SEMA4F;BDNF;CELSR3;SCN1B;RELN;ADGRB1;NEFH;FGFR2;MAP7D2;ULK1;SEMA3C;GAP43;CNTN2;B4GALT5;PRKCA;MAP1B;APLP2;INPP5F;BSG;APLP1;CDK5;PTCH1;VEGFA;GDI1;NPTN;EDNRA;AMIGO1;SLC9A6;YTHDF1;ROBO1;EPHA10;MAP1A;SEMA4C;RTN4RL2;RAC3;CDK5R1;BRSK1;LYPLA2;TNFRSF21;TUBB3;MAPK8IP3;GRN;LMO4;UNC5A;PITPNA;SLIT3;CCK;LIMK1;EPHB6;KIF5A;SEMA5B;SEMA6C;LLGL1;MAP1S;ZFYVE27;PAK1;EPHA6;SLITRK4;TAOK2;RAC1;PTPRO;FIGNL2;STK11;ISLR2;PLEKHG4;SLIT2;SLITRK3;PLXNA3;PPP3CB;SZT2;SIPA1L1;SLITRK1;RTCA;SEMA6B;PAX2;PAK3;TWF2;FGF8;CTTN;DCC;SEMA5A;LHX9;VANGL2;B4GALT6;SEMA4B;RTN4;EFNA3;NEUROD2;SEMA3B;POTEF;PLXNA4;BRSK2;DAG1;ADAM17;EPHA7;ACTB;NPR2;ANOS1;RTN4R;S100A6;PLXNB2;SVBP;JAK2;NMNAT2;SEMA6A;EFNA4;MAP6;CTNNA2;ROBO3;NPTX1;EFNB3;L1CAM;NRXN3;GPM6B	Axon development	Exc	C9_ALS_FTD_Frontal_minus_Occipital_transition	transition_background	28949	71	37	0.453440254563402	0.000000000529929389622829			0.00000000201373168056675	family_result				
synapse_junction	0.000000183557831095266	0.000000321226204416715	0.690132458796796	-0.270935639703629	-1.61607540997044	480	HAPLN4;CLSTN3;SIGMAR1;NLGN2;GPC4;NCKIPSD;C1QL2;PARD3;CNTNAP1;SLITRK2;SMAD3;CHRNB2;IGLON5;SLC12A5;ICAM5;DMTN;PTK2B;LRFN3;HOPX;EIF4G1;OCEL1;KIRREL3;SPOCK2;CLSTN1;CYFIP2;PRKACA;THY1;DUSP22;AMOT;LRFN1;PCDHB11;AKAP5;GABRA1;LRRC24;RAP2A;DVL1;FLCN;BDNF;ACE;RELN;NRXN2;PLXNA1;PDZD11;TRIM47;GAP43;BSN;ACHE;PRKCA;FSCN1;MAP1B;VLDLR;LZTS1;PDLIM5;CDK5;NEDD8;VEGFA;AMIGO1;DKK1;ARL2;SLK;PPP1R9B;MMP14;ADGRL2;POLDIP2;SEMA4C;NECTIN3;RTN4RL2;LIMCH1;RAC3;SRC;CAV1;AGRN;GABRG2;CBLN4;MICALL2;UBE2M;FLOT1;LRRTM4;COL16A1;RHOA;CDH13;PLEC;SDC2;DUSP3;ARHGEF9;ZDHHC2;DNER;SH3BP1;ELMO1;NUMBL;SLITRK4;IGSF11;TAOK2;RAC1;CFL1;PTPRO;LRRC4;SLC39A9;PCDHB3;NTRK3;SLITRK3;DBNL;WDR1;SORBS1;PLXNA3;MPP7;TLN1;SLITRK1;PCDHB2;CDH9	Synapse/junction	Exc	C9_ALS_FTD_Frontal_minus_Occipital_transition	transition_background	28949	71	37	0.453440254563402	0.000000321226204416715			0.00000101721631398626	family_result				
protein_stabilization	0.000000334433699025025	0.000000468207178635034	0.674962860011025	-0.336229921043904	-1.86801233175932	217	PEX19;PIN1;SMAD3;DVL3;PPP1CA;WIZ;PHB2;COA8;PFDN6;DVL1;SEC16A;PFN2;BAG6;CLU;USP19;NLK;HCFC1;PPP1R10;PARK7;FBXW7;POLR2E;CDC37L1;PAQR4;HSP90AB1;GLMP;RUVBL2;CHP1;CALR;IFT46;FLNA;BAG4;PFDN5;WFS1;CBX4;BAG1;PIK3R1;PFN1;BAG5;FLOT2;TNIP2;COG3;MAPK8IP3;GRN;SAXO1;UXT;TAF9;CDC37;CSNK2A1;NCLN;PFDN1;LAMP1;TCP1;USP2;GAPDH;PFDN2;SEL1L;PINK1;ATP1B1;PIM2;WNT10B;TELO2;TYROBP;TTI1;PPIB;RTN4;CAMLG;ZBED3;MTMR9;RABL3;USP7;STUB1;CCT8;TAF9B;CCT6A;APOA1;WDR81;DNLZ;PIH1D1;CCT4;HSPB1	Protein stabilization	Exc	C9_ALS_FTD_Frontal_minus_Occipital_transition	transition_background	28949	71	37	0.453440254563402	0.000000468207178635034			0.00000177918727881313	family_result				
small_GTPase	0.00104900597028561	0.00122384029866655	0.45505986738723	-0.221689927863078	-1.326119491271	478	TAX1BP3;ARFGAP1;ARHGEF25;MFN2;PIN1;CHN1;NGEF;STARD8;RUNDC3A;PLEKHG4B;RAB4B;DVL3;MADD;PPP1CA;TNK2;DHCR24;NISCH;SYNGAP1;NOTCH2;CHML;RAP2A;FLCN;CCDC88C;PPP2CB;RELN;RND1;RASGRP2;EPS8L2;GIPC1;NUCB1;RAPGEFL1;SPRY1;SPRY3;TNFAIP1;NUP62;TNS3;PARK7;HACD3;ERBB2;GDI1;ROBO1;RGL2;ARHGAP45;RAB38;DAB2IP;DIRAS1;LZTR1;CHP1;DENND4B;KCTD10;RRAS;RAPGEF5;RAC3;PSD;SRC;RGS19;RAP2C;STMN3;RHOBTB2;MICALL2;RASIP1;SNTA1;RASGRF2;LAT;WASF1;CYTH2;DVL2;RHOA;CDH13;RIPOR1;GIT2;LIMK1;CADM4;ARHGEF9;ARHGEF17;GNB1;SH3BP1;ELMO1;GRB2;RAB39B;RHOV;ARFGEF3;RAC1;CFL1;KCTD13;RAB35;ARAP1;PLEKHG4;SLIT2;RGL1;DBNL;ARHGDIA;CSNK1E;ARHGEF11;SIPA1L1;PLK2;BRK1	Small GTPase	Exc	C9_ALS_FTD_Frontal_minus_Occipital_transition	transition_background	28949	71	37	0.453440254563402	0.00122384029866655			0.00290662070933306	family_result				
heat_response	0.0202386530301981	0.0202386530301981	0.352487857583619	-0.29946059260836	-1.41595196559207	82	EIF2B1;HTRA2;EIF2B5;MICA;PRKACA;LRP11;AKT1;HSP90AB1;TCIM;HSPB6;RBBP7;SLU7;GCLC;YWHAE;EIF2B4;HDAC6;IRAK1;TRPM2;DNAJC2;EEF1D;DNAJB6;PSIP1;STUB1;DNAJA4;HSPB1;DAXX;HSPA6;DNAJC7;HSBP1L1;PDCD6;HSF1;THBS1;MAP2K7;SOD1;MTOR	Heat response	Exc	C9_ALS_FTD_Frontal_minus_Occipital_transition	transition_background	28949	71	37	0.453440254563402	0.0202386530301981			0.0456227263223109	family_result				
axon_development	0.0000000001	0.00000000035		-0.402573131742873	-2.19599186194861	388	ULK1;ARHGEF25;SLITRK3;CELSR2;PLEKHG4B;MEGF8;DHFR;NEUROD2;CELSR3;CYFIP2;AMIGO1;NMNAT2;SEMA6C;MAP1A;KIF13B;VASH2;PLXNA3;CNTN2;CNTF;BAIAP2;CNTNAP1;STXBP1;NFASC;STK11;MAPK8IP3;NPR2;LLGL1;ADGRB1;PLXNB2;BRSK2;KIFC2;MAP7D2;NEFH;POTEJ;SPTBN4;PLXNB3;EFNA1;JAK2;MAP6;EPHB2;KIAA1755;BRSK1;MAPT;COBL;PAK2;PTPRM;CRTAC1;SLITRK4;UNC5B;INPP5F;NOTCH2;UNC5A;SEMA6B;MAP1B;NPTX1;MGARP;SEMA7A;RET;NTNG2;LIMK1;FAT4;SEMA3F;LGI1;BSG;GDI1;L1CAM;ROBO3;PLXNB1;MARK2;SEMA4C;PLXNA4;TAOK2;RGMA;POTEI;SEMA6A;CYFIP1;SLITRK1;EFNA4;EPHA7;VASP;DNM2;PITPNA;DSCAML1;TENM4;CHRNB2;WNT5A;SEMA3B;SZT2;ECE1;NEUROD1;SEMA4B;PARD3;CDK5R1;SLC9A6;VEGFA;EFNA5;PTK7;TRIO;ARHGAP4;STK24;KALRN;EFNB1;SCN1B;CASP3;SEMA4A;EPHB6;NRP2;CAMSAP2;NEO1;SHOX2;SLITRK5;SEMA3A;UNC5C;BMPR2;PLXND1;POTEF;PLEKHG4;FGF13;BOC;LHX9;RAC1;VANGL2;KIF5C;B4GALT5;LRP4;EDN1;MAP1S;AFG3L2;TIAM1;KREMEN1;ARHGAP35;YTHDF1;SLITRK6;TRAK2;NRXN1;PRKCA;SEMA4F;NELL2;EDNRA;CNTN1;NOVA2;PTPRO;EFNA3;KIF5A;EPHB1;SEMA4D;SHH;ANAPC2;LGR6;TNFRSF21;AUTS2;ZFYVE27;ITGA4;EFNB3;ALCAM;TIAM2;APBB1;SEMA3E;DCC;SEMA5B;FYN;LYPLA2;NEUROG3;CNTN4;RAB21;CTNNA2;PAK3;MACF1;RUFY3;SLIT2;GRM7;NRDC;USP9X;B4GALT6;MCF2;ZDHHC17;MYCBP2;TENM1	Axon development	Exc	C9_ALS_FTD_vs_Ctrl_Frontal_transition	transition_background	28949	71	37	0.453440254563402	0.00000000035			0.00000000095	family_result				
small_GTPase	0.0000000001	0.00000000035		-0.340475693924787	-1.89607991731193	478	MADD;ARHGEF25;PLEKHG4B;ARRB1;ARAP1;FLCN;RAB35;KSR2;DOCK11;KNDC1;NISCH;ARHGEF17;NUP62;TNK2;DENND4B;ARFGAP1;PSD;TNS3;MCF2L;ITSN1;GIT1;SIPA1L3;ARHGEF11;DVL3;KSR1;ABCA1;RAPGEF3;FGF10;ADCYAP1R1;RASGEF1A;PREX1;EPHB2;CSNK1E;MFN2;CRK;NOTCH2;IQSEC2;FGD1;RACGAP1;DOK3;EPS8L2;RUNDC3A;CDK2;DOCK10;LIMK1;RAB39B;GMIP;ITGA3;GDI1;RASGRP2;AKAP13;PTH;DNMBP;ARHGAP39;ARHGEF9;RGL2;FAM13A;KBTBD6;PLXNB1;DIRAS1;ABR;RAPGEF5;RAF1;ERAS;DVL2;RASA3;C15orf62;LAT;PSD2;CYFIP1;IQSEC1;ARFGEF2;CDKN1A;RALGPS1;MYO9B;RB1;CYTH1;RAB30;ROCK1;FGD4;RALBP1;NGFR;ARHGAP19;DAB2IP;WNT5A;RALGDS;SHOC2;GNB1;RAP2C;ARHGEF18;IQSEC3;LZTR1;ARHGAP32;SIPA1L2;ALS2;RAP1GAP2;ARHGEF2;MAPKAPK5;PIK3CB;RTKN;FBXO8;SPATA13;CRKL;DBNL;VAV2;TRIO;ARHGAP17;ARHGAP4;TAX1BP3;ARHGEF10;KALRN;WNK1;GIT2;MAPKAP1;MRAS;STARD13;ARHGEF7;KANK2;CDC42EP4;APOA1;ARHGEF10L;OGT;FGD2;DHCR24;RAPGEF4;CHN2;SH3BP1;DOCK5;CDC42EP5;DOCK3;TNFAIP1;PLEKHG4;G3BP1;GPR55;DOCK9;RAC1;RAP1GAP;MYO9A;NCKAP1;RAPGEFL1;LRP4;ARHGAP23;PPP2CB;SGSM3;RAB12;TIAM1;ITGAV;ADRA2A;RHOBTB2;DENND4C;ARHGAP35;CXCL13;SH3BP4;ARHGEF4;GARNL3;NGEF;NRAS;TSC2;RHOQ;RALGAPA2;ARHGAP33;CHM;PLEKHG5;ARFIP2;RHOA;ARHGAP26;VAV3;DOCK4;RAPGEF1;ARHGEF12;DLC1;RIPOR1;SEMA4D;STARD8;F2RL1;CHML;ARHGDIA;KRIT1;RASGRF1;CCDC88C;ARHGAP18;ARHGAP44;ARHGEF19;AUTS2;RRAGC;ARHGEF16;SYNGAP1;MICALL2;ARHGAP25;RASSF1;TIAM2;RAB15;PIK3CG;SRC;DEF6;FGF2;GBF1;USP8;SQSTM1;FARP2;RAB21;SLIT2;RND1;RALGAPB;SRGAP3;RASA2;ABL2;RAB18;MCF2;ARHGEF1;SPRY3;CDKL5;RAPGEF2;RASAL3;ROCK2;SIPA1L1;OPHN1;BCR;ARHGAP45;MAPRE2;CCDC88A;RASIP1;PKP4;ARHGEF15;RND2;ARL3;ARHGAP5;RHOB;ELMO1;RRAD;DIRAS2;RALGPS2;ROBO1;ARHGAP1;ARHGAP27	Small GTPase	Exc	C9_ALS_FTD_vs_Ctrl_Frontal_transition	transition_background	28949	71	37	0.453440254563402	0.00000000035			0.00000000095	family_result				
synapse_junction	0.000000000481407206466304	0.00000000112328348175471	0.801215574617779	-0.327474162853571	-1.82382951602008	480	NCKIPSD;SLITRK3;IGLON5;NLGN2;FLCN;PPP1R9B;CYFIP2;AMIGO1;CORO2B;PLEC;SPTBN2;NRXN2;LRRC4;ASIC1;PLXNA3;SPOCK2;CNTNAP1;CLDN9;PPM1F;EIF4G1;LRRC4B;LIN7C;PRKACA;HAPLN4;GPBAR1;AMOT;DUSP22;ACE;PLXNB2;RCC2;PIP5K1C;ACE2;ACTN1;TSC1;DMTN;PLXNB3;GJC1;CASKIN1;HIPK1;LRRTM2;EEF2K;EPHB2;MAPT;CDHR3;DVL1;PAK2;SIGMAR1;ASIC2;GJA1;CHD4;CRK;CLSTN3;PLXNA2;ADD2;CRTAC1;SLITRK4;IQSEC2;ACHE;ARMCX5-GPRASP2;PTK2B;MAP1B;NPTX1;NTNG2;DOCK10;TBCD;IKBKB;ARHGEF9;PLXNB1;OPCML;CLASP1;CARMIL3;ESAM;ZDHHC2;BSN;SEMA4C;PECAM1;PLXNA4;TAOK2;TRIP6;PKP2;CDH26;SLITRK1;EPHA7;DUSP3;CSMD2;DRD1;ROCK1;PTPRA;MPP7;SORBS1;RAB29;NTRK3;LIN7A;SLC12A5;LHFPL4;TJP1;PCDHB13;DNER;CHRNB2;WNT5A;AMIGO3;CDH4;CLSTN1;SLK;PARD3;LATS1;NUMBL;ARHGAP32;CDH12;CDH7;VEGFA;ZNF703;CORO1C;SMAD7;CRKL;EFNA5;DBNL;PEAK1;TLN2;ARHGAP4;THSD1;GABRG2;SDK2;LRFN1;LRFN4;DNM3;SEMA4A;LAMC1;TLN1;ARHGEF7;OGT;PATJ;SH3BP1;SLITRK5;PLXND1;NRG3;PCDHB6;GABRB2;CDH24;FGF13;RAC1;AFDN;MYO9A;SDK1;LRP4;PDLIM5;NAE1;SHANK3;SLITRK6;RAB40C;NRXN1;PRKCA;LRFN5;MMP14;PLXNA1;CLSTN2;IL1RAP;ARHGAP33;RHOA;NPHP4;DOCK4;RAPGEF1;PTPRO;PTPRK;CDH6;DLC1;PCLO;APC;GABRA3;EPHB1;SEMA4D;PTPN13;SDC2;CAMSAP3;GABRA1;MICALL2;DST;JAM3;SNAI2;PCDHB2;VPS35;ARL2;AGT;SRC;PKP1;SMAD3;MYO1C;OXT;MACF1;PKN2;CUX2;MEF2C;ERBB4;EPB41L3;AGRN;CPEB3;SRGAP3;ANK2;NEGR1;MYCBP2;FLOT1;RAPGEF2;FER;THY1;ROCK2;CRB3;ZDHHC8;LSAMP;LRFN3;NTM;SLC9A1;OPHN1;BCR;GJA5;ADGRL3;PKP4;ARHGEF15;NLGN4X;ELMO1;AKAP5;RYK;VSTM5;GPHN;FZD1;GPC4;NECTIN1;FGFR1	Synapse/junction	Exc	C9_ALS_FTD_vs_Ctrl_Frontal_transition	transition_background	28949	71	37	0.453440254563402	0.00000000112328348175471			0.00000000376630343882461	family_result				
protein_folding	0.000256165704672133	0.000448289983176233	0.49849310876659	-0.310973050694814	-1.57390536468669	209	DNAJC5;SACS;DNAJB2;QSOX1;CCT8L2;CLGN;QSOX2;FKBP1C;HSPA1L;HSPA14;COX19;TSC1;GAK;LYRM7;HSPB6;KHSRP;NUDCD3;TAPBP;PEX19;FKBP8;DNAJC4;FKBP5;APLF;TTC4;TBCE;MPDU1;TBCD;CANX;SNRNP70;HDAC4;LMAN1;ATPAF2;BAG4;HSPA13;ZMYND10;NFYC;HSPB1;P3H1;CLPX;CWC27;CSNK2A1;HSPA4L;DNAJC18;GRPEL2;TELO2;TRAP1;DNAJB1;HSPB2;UGGT1;CLU;RIC8A;HSPBP1;PDIA2;BAG3;HYPK;BAG5;ALG12;LTBP4;DNAJA4;WIPF1;DNAJC21;BAG2;PDIA5;GFER;TCP1;LMAN2L;CD74;ARL2;ENGASE;DNAJB6;HSP90B1	Protein folding	Exc	C9_ALS_FTD_vs_Ctrl_Frontal_transition	transition_background	28949	71	37	0.453440254563402	0.000448289983176233			0.000830976554180335	family_result				
protein_stabilization	0.000945182275153265	0.00132325518521457	0.477270815362862	-0.298043503051838	-1.51416338998411	217	HCFC1;WIZ;PML;PARVA;SEC16A;AAK1;EHMT1;AKT2;FLOT2;USP36;HIP1R;MAPK8IP3;DVL3;TSC1;USP27X;IP6K2;PER3;EFNA1;WDR81;BAG6;PEX19;DVL1;TNIP2;USP7;MCM8;HERC2;MSX1;PIM1;ZSWIM7;SAV1;BAG4;NOP53;CBL;HSPB1;TTI1;SPPL2C;P3H1;SMAD7;CSNK2A1;ATM;CBX4;TELO2;APOA1;GTPBP4;ZNF207;CLU;USP13;COG3;DBR1;PPP1R10;BAG3;HYPK;BAG5;CHEK2;MFSD1;PYHIN1;BAG2;ZBED3;EGLN3;TCP1;RASSF1;NAA16;CD74;SMAD3;RAB21;SEL1L;ATP1B2;MTMR9;USP9X;ANK2;TYROBP;CREB1;MORC3;CDC37L1;TESC;TBL1X;PFN1;FLNA;TRIM37;NAA30;TAF9B;GRN;USP2;USP19;DNAAF2;IFT46;RASSF2;CREBL2;HSP90AB1;CBLB	Protein stabilization	Exc	C9_ALS_FTD_vs_Ctrl_Frontal_transition	transition_background	28949	71	37	0.453440254563402	0.00132325518521457			0.00273280962163879	family_result				
mitochondrial_energy	0.00556668500130715	0.00649446583485834	0.407017918923954	0.324472409552106	1.49735633457415	115	SLC25A33;NUPR1;TEFM;CDK1;COX7B2;DNAJC30;ATP5PF;COX7C;NDUFB2;NDUFB1;SDHD;NDUFC2;UQCRQ;COX6B2;ATP5MF;ATP5ME;NDUFAB1;COX5A;NDUFV2;CHCHD2;C2orf69;CYC1;NDUFS5;NDUFS3;NDUFA12;COX6B1;ANTKMT;NDUFA5;UQCRFS1;COX4I1;NDUFB9;NDUFB3;COX4I2;CYCS;UQCR11;NDUFA13;UQCRB;COX7A2L;NDUFA1;NDUFB8;ATP5MG;COX7A2;NDUFB10;COX7B;COX6C;ATP5F1E;NDUFC1;COX6A1;NDUFA8;ATP5IF1;ATP5PD;NDUFB11;NDUFB4;NDUFS6;NDUFA6;ISCU;COX5B;DGUOK;ATP5F1C;UQCC2;NDUFA7;NDUFS4;SNCA;UQCRH;ACTN3	Mitochondrial energy	Exc	C9_ALS_FTD_vs_Ctrl_Frontal_transition	transition_background	28949	71	37	0.453440254563402	0.00649446583485834			0.0139692283995066	family_result				
heat_response	0.00889064272128388	0.00889064272128388	0.380730400722792	-0.349273683765595	-1.50275057751417	82	MAP2K7;CLPB;PRKACA;TRPM2;MICA;EIF2B5;DAXX;HSPB6;EEF1D;MAPT;LRP11;AKT1;MAPKAPK2;PSIP1;EIF2B1;HSPB1;ATM;TPR;HDAC6;EIF2B3;DNAJB1;HSPB2;SIRT1;HMOX1;HSF1;BAG3;NOS1;SLU7;DNAJA4;TRPV1;CREBBP;NOS3;IRAK1;DNAJB6;GCLC;RBBP7	Heat response	Exc	C9_ALS_FTD_vs_Ctrl_Frontal_transition	transition_background	28949	71	37	0.453440254563402	0.00889064272128388			0.0207448330163291	family_result				
mitochondrial_energy	0.0000000001	0.0000000007		0.618740706162545	3.15101413825768	115	NDUFB1;DNAJC30;COX7A2L;NDUFC2;ATP5ME;NDUFA12;NDUFA7;COX5A;ATP5PF;NDUFA13;ATP5MF;SLC25A33;COX7B;CHCHD2;UQCRQ;ATP5PD;NDUFB2;COX4I1;NDUFS3;ATP5MG;COX7C;ANTKMT;NDUFB3;SDHD;NDUFA3;NDUFAB1;UQCRB;NDUFB4;ATP5IF1;CYCS;NDUFA6;NDUFA11;COX7A2;COX6C;NDUFB10;NDUFS8;NDUFA8;NDUFB7;NDUFA5;PARK7;NDUFV2;UQCRH;NDUFS5;COX7B2;COX6B1;NDUFB8;UQCR11;ATP5F1C;UQCR10;CYC1;ISCU;NDUFB9;UQCRFS1;COX8A;NDUFA1;NDUFC1;UQCRC1;COX6A1;ATP5F1E;COX5B;NDUFA2;DGUOK;NDUFS7;COX6B2;ATP5PB;NDUFB11;NDUFS6;UQCC3;NDUFV3;STOML2;ATP5F1D;PINK1;NDUFB5	Mitochondrial energy	Exc	C9_ALS_FTD_vs_Ctrl_Occipital_transition	transition_background	28949	71	37	0.453440254563402	0.0000000007			0.00000000095	family_result				
small_GTPase	0.000469134824052099	0.00164197188418235	0.49849310876659	-0.281084518793883	-1.4322033443973	478	ARRB1;ABCA1;LRP4;KSR1;CDC42EP4;ITSN1;EPHB2;KSR2;ADCYAP1R1;RAPGEF3;FGD2;AKAP13;DOCK11;SIPA1L2;RAB42;KNDC1;RAP1GAP2;RB1;GMIP;C15orf62;ARAP1;SH2D3A;CHN2;FGF10;ERAS;MADD;VAV2;RAB35;DOCK3;ARHGAP23;RAF1;SIPA1;RALBP1;SHOC2;SIPA1L3;CYTH1;CDK2;ADRA2A;ARHGEF17;KANK2;RRAD;DOK3;SWAP70;RASGEF1A;DNMBP;GIT1;CRK;WNT5A;RALGPS1;KBTBD6;NGF;ARHGAP39;IQSEC2;STARD13;ARHGEF10;NGFR;ARFGEF2;IQSEC1;APOE;FLCN;RAB9A;MCF2L;RALGAPA2;ARHGAP24;ALS2;ARHGAP25;ROCK1;SPATA13;FGD1;RACGAP1;ARHGAP17;CCR7;WNK1;DOCK10;ARHGAP22;ARHGEF11;TRIO;ARHGEF25;RHOD;PSD;RHOH;PREX1;G3BP1;CRKL;F2RL1;ITGAV;MYO9B;MYO9A;DENND4B;PTH;KRIT1;PLXNB1;CELSR1;ARHGAP35;NISCH;RASA4B;ARHGAP32;FAM13A;LARGE1;ARHGAP4;ABR;IQSEC3;F2R;DEF6;NUP62;ARHGEF18;ARHGEF10L;USP8;RALGPS2;RASSF1;CDKL5;CYFIP1;FARP2;EPS8L1;ARHGEF19;KALRN;ARHGAP5;SYDE1;RAPGEF4;FGD4;CSNK1E;OPHN1;ARHGEF12;RERG;AIF1;GNA12;RIT2;CGNL1;RAB30;ARHGAP27;ARFGEF1;IGF1;PLEKHG4B;EPS8;CDC42EP5;RASA3;SRGAP3;GARNL3;ARHGEF2;DENND4C;MAPKAPK5;ITGA3;AUTS2;TNK2;RAPGEF1;RASL12;GPR55;RASAL3;CYTH3;ARHGAP44;TIAM2;DLC1;CDKN1A;PIK3CB;RAB21;RASGEF1C;ARHGAP19;RTKN;PLEKHG6;FBXO8;KANK1;ARHGAP31;LIMK1;TNS3;SEMA4D;SOS1;RAB39B;TP53;TIAM1;ARHGAP21;ARHGAP12	Small GTPase	Exc	C9_ALS_FTD_vs_Ctrl_Occipital_transition	transition_background	28949	71	37	0.453440254563402	0.00164197188418235			0.00148559360949831	family_result				
axon_development	0.000841927483337024	0.00196449746111972	0.477270815362862	-0.290153359268557	-1.46118390757702	388	LGI1;DHFR;LRP4;COBL;EPHB2;SLITRK3;CNTF;POTEI;ULK1;PAK2;NFASC;RET;VASH2;NEUROD2;MAPT;NTN4;NMNAT2;NEO1;SPTBN4;PTPRM;BAIAP2;POTEJ;MGARP;TENM1;ECE1;FAT4;SEMA3A;TENM4;SLITRK6;ALCAM;VASP;ADCY10;WNT5A;CRTAC1;MEGF8;LGR6;NTNG2;EDN1;CELSR2;BRSK2;EFNA1;SHOX2;PLXNB2;APOE;JUP;SEMA3E;CASP3;MAP1A;PLXNB3;JAK2;UNC5B;EFNA5;MAP6;AMIGO1;UNC5C;EFNB1;DPYSL5;STK11;SEMA3F;MMP2;SEMA6C;MACF1;KIAA1755;TRIO;ARHGEF25;PTK7;CELSR3;NPR2;DNM2;MARK2;PLXNB1;CELSR1;ARHGAP35;DIP2B;MAPK8IP3;CNTN5;NPTX1;CYFIP2;PLXNA3;ARHGAP4;RUFY3;TSKU;LRRC4C;SLITRK5;SEMA4A;EDN3;CNTN2;STK24;L1CAM;PALLD;EPHA3;NECTIN1;EMB;DSCAML1;ROBO2;CDKL5;CYFIP1;FYN;KALRN;DSCAM;OPHN1;LLGL1;TENM3;CSF1R;SEMA6D;CAMSAP2;ROBO3;PLEKHG4B;EPHB1;SEMA6A;SEMA6B;EVL;NRP2;SLITRK4;EFNA4;SCN11A;KIF13B;PLXNA4;NRXN1;AUTS2;NEUROG2;ADGRB1;KREMEN1;BRSK1;EPHA7;MAP7D2;CHODL;TIAM2;STXBP1;SPAST;UNC5A;C9orf72;FGF13;KLF7;NEFH;RAB21;S100B;FLRT3;CDHR2;KIF5C;SIN3A;LIMK1;SEMA4D;SOS1;TIAM1;CNTN1	Axon development	Exc	C9_ALS_FTD_vs_Ctrl_Occipital_transition	transition_background	28949	71	37	0.453440254563402	0.00196449746111972			0.00248836345075165	family_result				
synapse_junction	0.00142311123454193	0.00249044466044839	0.45505986738723	-0.273505778582682	-1.39470262293883	480	ACE2;GPBAR1;ERBB4;PKP2;CDHR3;LRP4;PECAM1;EPHB2;SLITRK3;CDH7;LAMC1;PAK2;CORO2B;THSD1;MAPT;AFDN;NCKIPSD;ARMCX5-GPRASP2;PLXNA2;TSC1;CDH4;CLSTN2;LRRC4B;LRRTM2;OXT;IKBKB;GJA1;LIN7C;CLDN9;PPM1F;SLITRK6;SPTBN2;GJB6;TRIP6;SMAD7;CRK;WNT5A;CRTAC1;CASKIN1;AGT;IL1RAP;LRRC4;RAB13;ASIC1;PLEC;NTNG2;GJC1;CDH3;ADD2;IQSEC2;PIP5K1C;PATJ;ACTN1;TJP1;MYO1C;PEAK1;PLXNB2;CSMD2;CDH26;JUP;FLCN;CLASP1;RCC2;FAM107A;ASIC2;PPP1R9B;CLDN1;PLXNB3;EFNA5;ROCK1;CLDN3;TBCD;SHANK3;PCDHB13;PCLO;AMIGO1;CRB3;OPCML;PTPRA;DOCK10;MACF1;RHOD;EEF2K;PKN2;DST;HIPK1;CRKL;LSAMP;MYO9A;NEGR1;CHD4;CDH6;PLXNB1;CDH15;CNTN5;NPTX1;FGFR1;CYFIP2;PLXNA3;ARHGAP32;LHFPL4;LIN7A;ARHGAP4;SDK2;NRG3;DRD1;SLITRK5;SEMA4A;TRPV4;NRXN2;CLDN19;SRGAP1;APC;EPHA3;NECTIN1;VSTM5;ROBO2;FER;GABRA3;DSCAM;PCDHB6;OPHN1;LIM2;CARMIL3;NAE1;SDK1;NLGN1;CDH20;GJA4;AMIGO3;CDH12;JAM3;EPHB1;SRGAP3;CPEB3;CORO1C;SLITRK4;ANK2;LATS1;DNM3;GABRG3;PLXNA4;NRXN1;KDR;PKP1;TLN2;DLG1;SPOCK2;SLC9A1;TESK2;IGLON5;ITGA6;RAPGEF1;EPHA7;PTPN13;IL1RAPL2;ESAM;DLC1;CDH10;LRRC15;PTPRD;ZNF703;GJA5;PRKACA;FGF13;GPHN	Synapse/junction	Exc	C9_ALS_FTD_vs_Ctrl_Occipital_transition	transition_background	28949	71	37	0.453440254563402	0.00249044466044839			0.00386273049375668	family_result				
protein_folding	0.0251225013703399	0.0351715019184758	0.352487857583619	0.221902095337584	1.25908084008065	209	DNAJB11;PFDN2;CDC123;PPIL3;ENTPD5;SDHAF4;FKBP1A;PFDN5;CALR;TOR1A;TBCA;PFDN1;TUBA1A;RIC3;PFDN6;PPIB;ERO1A;POFUT2;NAA10;DNAJB5;COA3;ERP29;PPIC;SDF2L1;AGR2;SELENOF;TBCB;SDF2;PDCD5;DNAJC24;BAG1;NPPA;WDR83OS;TBCC;FKBP1B;PPIH;HSPE1;NUDCD2;DNAJB7;COX14;CCT6A;PDIA4;VBP1;TBCEL;DNAJA3;FKBP9;MKKS;NPPC;CDC37;PTGES3L;MOGS;HSPA5;CCT8;PPIE;METTL21A;PDCL2;DNAJC3;PPIA;TXNDC5;AIFM1;RUVBL2;HSPA6;CCT7;ANP32E;CRTAP;UNC45A;NUDC;HSPD1	Protein folding	Exc	C9_ALS_FTD_vs_Ctrl_Occipital_transition	transition_background	28949	71	37	0.453440254563402	0.0351715019184758			0.0538918174557291	family_result				
heat_response	0.442204301075269	0.515905017921147	0.0652353056017703	-0.246332556583298	-1.02078931858473	82	CLPB;MAPT;MAP2K7;ATM;MAPKAPK2;ATXN3;TRPM2;TPR;DAXX;CREBBP;NOS1;SIRT1;BAG3;EEF1D;DNAJB1;HSPB2;HDAC2;TRPV4;NOS3;EIF2B3;HMOX1;IGF1;HSPB6	Heat response	Exc	C9_ALS_FTD_vs_Ctrl_Occipital_transition	transition_background	28949	71	37	0.453440254563402	0.515905017921147			0.632399699387212	family_result				
protein_stabilization	0.899421965317919	0.899421965317919	0.0244268887168729	-0.168532478709473	-0.802351029390291	217	PARVA;PML;PER3;EHMT1;HIP1R;AAK1;SPPL2C;HCFC1;ATP1B2;RPAP3;HERC2;TSC1;MCM8;RASSF2;USP36;AKT2;MSX1;ATM;USP29;USP27X;IP6K2;HPS4;SMAD7;EFNA1;SAV1;MORC3;HYPK;PYHIN1;CBLB;WIZ;FLOT2;BAG3;WDR81;MAPK8IP3;BAG2;CBL;PEX6;USP7;SEC16A;PIM1;DSC3;RASSF1;TBL1X	Protein stabilization	Exc	C9_ALS_FTD_vs_Ctrl_Occipital_transition	transition_background	28949	71	37	0.453440254563402	0.899421965317919			1	family_result				
mitochondrial_energy	0.0000000460408137211106	0.000000322285696047774	0.719512826338911	-0.496017064382558	-2.18447780584303	112	NDUFS7;STOML2;NDUFA7;NDUFS8;NDUFA3;NDUFB7;PPIF;UQCRC1;ATP5PD;COX8A;PARK7;NDUFA2;PINK1;MLXIPL;NDUFA6;NDUFB3;ATP5F1C;ATP5F1D;CHCHD2;NDUFB10;NDUFS6;NDUFS2;NDUFA11;RHOA;ATP5F1A;ATP5IF1;ATP5MG;COX7A2L;CYCS;COX7A1;AK4;UQCC3;NDUFA8;ATP5F1B;COX7A2;NDUFB6;COX6B1;COX5B;ISCU;DNAJC30;UQCR10;ANTKMT;CCNB1;COX5A;COX6A1;UQCC2;ATP5MF;NDUFV1;NDUFA12;NDUFAB1;NDUFB11;SDHB;COX7B;NDUFA13;NDUFB4;NDUFB5;GHITM;NDUFB1;ATP5PF;NDUFB8;COX4I1;NDUFC2;NDUFB2;UQCRH;SDHA;NDUFS3;SIRT3;VCP;CYC1;DGUOK;SHMT2;NDUFC1;NDUFA1;ATP5PO;UQCRQ	Mitochondrial energy	Inh	C9_ALS_FTD_Frontal_minus_Occipital_transition	transition_background	24471	70	37	0.404655588732688	0.000000322285696047774			0.000000291591820233701	family_result				
protein_folding	0.00000392132142275311	0.0000137246249796359	0.610526878385931	-0.384337086126373	-1.81842820785526	203	TOR1A;TBCB;PBDC1;BAG5;CALR;PFDN4;DNAJB7;PPIL1;DNAJC4;CDC37;PEX19;GRN;FKBP1B;P4HB;PPIB;PPIF;DNLZ;PFDN2;MPDU1;DNAJB5;WDR83OS;CHCHD4;NUDC;TAPBP;FKBP4;HSPA14;TXNDC5;PDRG1;TCP1;NUDCD3;QSOX2;HSPBP1;DNAJB2;HSP90AB1;PTGES3L;HSP90B1;NPPC;RUVBL2;CANX;P3H1;TBCC;PDIA4;QSOX1;ARL2;ENGASE;COX14;BAG1;FKBP1C;CCT7;GFER;HSPA8;PDIA5;CLU;CRTAP;TUBA1A;COA3;PFDN5;PPIE;DNAJA1;AHSA1;WIPF1;HSPE1;HSPA13;PFDN6;DNAJA4;LTBP4;HSPA9;GRPEL2;DNAJB11;DNAJC5;FKBP8;HSPD1;HSPB2;FKBP1A;SNRNP70;SDHAF4;TTC1;MKKS;CCDC47;SDF2;DNAJA2;PPIL2;HSPA5;TELO2;GRPEL1;NAA10	Protein folding	Inh	C9_ALS_FTD_Frontal_minus_Occipital_transition	transition_background	24471	70	37	0.404655588732688	0.0000137246249796359			0.0000162979921633176	family_result				
synapse_junction	0.045662100456621	0.0996835443037975	0.224966093540314	-0.23766749510815	-1.20832584484506	457	SIGMAR1;PCDHB13;DMTN;THBS2;SEMA4A;DBNL;GABRA5;PKP2;C1QL2;EIF4G1;IGLON5;ASIC1;MARVELD3;SNAI2;OCEL1;CDHR3;CLSTN3;CNTNAP1;NUMBL;CDK5;FGF13;SFRP1;CAV1;IGSF11;DSG2;MDGA1;CLDN6;THY1;BDNF;LZTS1;NRP1;SPOCK2;ACTN1;PRKACA;KIRREL3;NR1H4;SLC12A5;ARHGAP4;LRFN3;AGRN;PLEC;SH3BP1;HAPLN4;PDZD11;PLXNA3;LRRC24;CASKIN1;VEGFA;GABRA1;COL16A1;CAMSAP3;ACE;UBE3B;RTN4R;DAPK3;PARD3;MICALL2;PCDHB3;NTRK3;NRXN2;RAC1;PLXNA2;ICAM5;DNER;FZD1;RAC3;NECTIN1;IKBKB;LIN7B;CFL1;AKAP5;SEMA4C;ZDHHC12;SLITRK1;AMIGO1;LRRTM2;THBS1;POLDIP2;CARMIL3;DOCK10;ECT2;PCDHB6;KDR;ARL2;DRD1;RHOA;CDH22;CBLN1;C1QL3;EPHB3;CYFIP2;WDR1;LRFN1;CDH20;CTTN;PCDHB9;OGT;TAOK2;MAP1B;SRC;SLITRK4;SDC4;FGFR1;CDH6;PLXNB2;WNT3A;NCKIPSD;CTNNB1;GJB1;SDC2;PRKCA;ADD2;DVL1	Synapse/junction	Inh	C9_ALS_FTD_Frontal_minus_Occipital_transition	transition_background	24471	70	37	0.404655588732688	0.0996835443037975			0.0906426770258297	family_result				
protein_stabilization	0.0569620253164557	0.0996835443037975	0.211400189384923	-0.265605519566054	-1.26643388109754	213	TAF9;BAG5;CALR;ATP1B2;GTPBP4;PIN1;DVL3;GLMP;CDC37;PEX19;GRN;NOP53;TAF9B;WIZ;PFN2;PPIB;DNLZ;PFDN2;PPP1R10;HCFC1;PRKCD;PARK7;A1CF;LAMP1;PINK1;MYCNOS;PDRG1;TCP1;DBR1;BAG6;PAK4;SOX4;HSP90AB1;RUVBL2;PHB2;P3H1;AKT2;BAG1;CCT7;RABL3;NAPG;CLU;CRTAP;TESC;POLR2E;TUBA1A;PFDN5;PYURF;IRGM;CAMLG;PFN1;USP36;PFDN6;DVL1;FLNA;IFT46;TRIM39;HSPD1;WNT10B	Protein stabilization	Inh	C9_ALS_FTD_Frontal_minus_Occipital_transition	transition_background	24471	70	37	0.404655588732688	0.0996835443037975			0.109796367638965	family_result				
axon_development	0.0806451612903226	0.112903225806452	0.166933848713193	-0.236985799206686	-1.18712402572148	374	PLEKHG4;ARHGEF25;NTNG1;SEMA4A;OLIG1;SEMA4F;CNTNAP1;YTHDF1;LHX9;CDK5;FGF13;MEGF8;RAB8A;SVBP;EPHA10;CDK5R2;SEMA6C;L1CAM;EPHA8;UNC5B;THY1;BDNF;GRN;NRP1;ARHGAP4;BHLHE22;CNTF;STXBP1;TNR;ADGRB1;PLXNA3;SHH;RAB3A;VEGFA;COBL;RGMA;ANAPC2;CSPG5;VASH2;ECE1;BSG;APLP2;NEUROD2;FIGNL2;MAP7D2;RTN4R;PTCH1;PARD3;RAC1;KIAA1755;KIFC2;KREMEN1;RAC3;GFRA3;ZFYVE27;NECTIN1;SCN1B;SEMA4C;ULK1;APBB1;SLITRK1;AMIGO1;NTRK1;PTPRH;APLP1;LMO4;CCK;SEMA7A;PLEKHG4B;CELSR2;NOTCH1;EPHB3;CYFIP2;STK11;CTTN;NFIB;TAOK2;TNFRSF21;SEMA4G;BRSK2;MAP1B;NEFH;SLITRK4;WNT7B;BOC;PLXNB2;PRKCA;OLFM1;NEUROD1;VANGL2;DRAXIN;DRD2;SCARF1;DPYSL5;DSCAM;LLGL1;EPHA5;RNF6;FEZ2;PAK3;BAIAP2;SLIT1;SLIT3;NPR2;CHRNB2;SEMA5B;WNT5A;SLC9A6;MAP1A;WNT7A;CNTN6;GDI1;ACTG1;TWF2;PTPRO;DCC;EPHB2;TUBB3;DISC1;PLPPR4;KIF5A;NRXN1;SEMA5A;TIAM2;DCHS2;EFNB3;NTNG2	Axon development	Inh	C9_ALS_FTD_Frontal_minus_Occipital_transition	transition_background	24471	70	37	0.404655588732688	0.112903225806452			0.15106769650159	family_result				
heat_response	0.278481012658228	0.324894514767933	0.0919686140000427	-0.263678180610556	-1.0975188677018	81	HTRA2;HMOX1;HSBP1L1;IRAK1;EIF2B4;PRKACA;EIF2B5;ANO1;HSBP1;HSP90AB1;THBS1;EIF2B1;PDCD6;DNAJA1;HSF1;YWHAE;DNAJA4;HSPB2;DAXX;DNAJA2;AKT1;HDAC6;SLU7;HSPB6;CLPB;VCP;TCIM;STUB1	Heat response	Inh	C9_ALS_FTD_Frontal_minus_Occipital_transition	transition_background	24471	70	37	0.404655588732688	0.324894514767933			0.435740878629933	family_result				
small_GTPase	0.833333333333333	0.833333333333333	0.0274480081801021	-0.17249322721173	-0.879435637968033	466	PLEKHG4;ARHGEF25;ERAS;DBNL;RGS19;ARHGAP31;MADD;NISCH;ARFIP2;DVL2;PIN1;DVL3;PLCD4;RASGRP2;NKIRAS2;F2R;CADM4;PLEKHG5;MRAS;RAP1GAP;ARHGAP9;NRP1;SYNGAP1;CGNL1;PSD2;RUNDC3A;ARHGAP4;HACD3;PREX2;RAP2B;EPS8L2;RALB;TNFAIP1;SH3BP1;CCDC88C;LZTR1;PARK7;TNK2;KANK2;CYTH2;SPRY1;USP50;SGSM3;DHCR24;ARFGAP1;ERBB2;RTN4R;MICALL2;MMD2;PSD;TP53;ARHGAP1;DOCK6;RAC1;SNTA1;RAC3;LAT;RGL2;CFL1;RASIP1;ARHGEF16;ADCYAP1R1;NTRK1;FGF10;RND1;DOCK10;RAB39B;ECT2;KCTD10;MFN2;RAB4A;ARHGDIA;PLEKHG4B;RHOA;SWAP70;NUP62;ADGRG1;GNA12;NGEF;NUCB1;NOTCH1;RABL3;ARHGEF11;GRB2;RAB33A;OGT;PLD2;DENND4B;DOK1;SRC;TAX1BP3;RAPGEFL1;RAB15;DIRAS2;SYNPO2L;PLK2;RERG;GABARAP;SQSTM1;RASGRF1	Small GTPase	Inh	C9_ALS_FTD_Frontal_minus_Occipital_transition	transition_background	24471	70	37	0.404655588732688	0.833333333333333			0.97243488475716	family_result				
axon_development	0.0000000001	0.000000000233333333333333		-0.363497968010911	-1.97445650401791	374	ARHGEF25;DPYSL5;COBL;NMNAT2;ULK1;STXBP1;NPTX1;SEMA4D;ECE1;CELSR3;BAIAP2;MAP7D2;UNC5B;SLITRK3;BRSK2;CNTN6;PLXNB2;CNTN4;KIF5C;MAP6;NFASC;JUP;WNT5A;SPTBN4;LRP4;FYN;DSCAM;FAT4;MAP1A;KALRN;CNTN2;MAP1B;MEGF8;ADGRB1;OPHN1;KIFC2;CYFIP2;CNTF;NPR2;APBB1;NTNG2;PLEKHG4;EPHB2;PTCH1;NRCAM;PLXNA4;ROBO3;TNR;RET;NTNG1;ARHGAP4;EPHB1;EPHA4;LGR6;MARK2;DHFR;AUTS2;MAPK8IP3;NRXN3;STK11;PARD3;EFNB1;TENM4;EVL;ARHGAP35;STK24;CELSR2;NEFH;CYFIP1;SLITRK4;PLXNB1;SLITRK5;NELL2;EPHA7;BSG;DSCAML1;DIP2B;UNC5A;DCC;TRPV2;EFNA4;GDI1;SEMA5A;SEMA3E;KIAA1755;SEMA4C;EPHA3;UNC5C;MAPT;PLEKHG4B;GRM7;PAK2;MGARP;NRP1;PRKCQ;AMIGO1;NRXN1;PTK7;SEMA7A;CTNNA2;NCAM1;GFRA3;SEMA6D;LGI1;ANK3;CNTNAP1;PRICKLE1;PALLD;VANGL2;DNM2;MMP2;PAK3;B4GALT6;TIAM1;KREMEN1;PRKCA;TIAM2;ROBO2;SEMA5B;LLGL1;NECTIN1;SEMA4B;TRIO;SEMA6C;PLXNA3;BMPR2;BRSK1;FIGNL2;FEZ2;EFNA5;ADCY10;NRP2;CRTAC1;NTRK2;EPHA5;SLITRK1;NFIB;ABL1;EFNA1;TAOK2;CDH1;SEMA4F;L1CAM;RAB10;VASP;DRD2;CNTN1;HMCN2;NOVA2;FGFR2;SLIT2;BOC;SEMA6B;NEO1	Axon development	Inh	C9_ALS_FTD_vs_Ctrl_Frontal_transition	transition_background	24471	70	37	0.404655588732688	0.000000000233333333333333			0.00000000095	family_result				
mitochondrial_energy	0.0000000001	0.000000000233333333333333		0.559754089726168	2.66561859818171	112	NDUFB1;DNAJC30;SDHD;NDUFB9;NDUFA12;SLC25A33;TEFM;ATP5PF;CHCHD2;NDUFA5;UQCR11;COX4I1;NDUFC2;COX6C;ATP5ME;COX7B;NDUFS5;CYCS;ATP5MF;UQCRFS1;NDUFS3;COX5A;ATP5F1E;COX7C;NDUFAB1;NDUFA1;NDUFA13;COX7A2L;COX6B1;C2orf69;COX7A2;NDUFV2;ATP5MG;ATP5PB;NDUFB11;NDUFS4;UQCRB;UQCRQ;ISCU;UQCRH;NDUFB2;NDUFA8;CYC1;COX7B2;NDUFB3;UQCC3;NDUFS6;NDUFB8;UQCR10;NDUFB10;NDUFB4;NDUFA7;COX6A1;NDUFA6;NDUFB5;ATP5IF1;ANTKMT;NDUFA11;NDUFC1;GHITM;PARK7;COX6B2;COX5B;UQCRC2;NDUFS8;SDHC;NDUFB7;ATP5PD	Mitochondrial energy	Inh	C9_ALS_FTD_vs_Ctrl_Frontal_transition	transition_background	24471	70	37	0.404655588732688	0.000000000233333333333333			0.00000000095	family_result				
synapse_junction	0.0000000001	0.000000000233333333333333		-0.341263951246526	-1.88445360000436	457	SMAD7;FLCN;IGLON5;ACTN1;IKBKB;ACTN2;NCKIPSD;RCC2;ASIC1;NPTX1;DUSP22;THBS1;CLDN9;NRXN2;SEMA4D;PLEC;SLITRK3;AFDN;BCR;CSMD2;C1QL3;SNAI2;CDHR3;PLXNB2;NTRK3;JUP;DMTN;EIF4G1;WNT5A;LRP4;DSCAM;MAP1B;SYNDIG1;PIP5K1C;OPHN1;CYFIP2;ADD2;NTNG2;EPHB2;OGT;NRCAM;PLXNA4;IQSEC2;CORO2B;ARHGEF7;LRRTM2;ARHGAP4;PTPRA;RAPGEF1;EPHB1;NRG3;TLR2;CORO1C;OPCML;BSN;FGFR1;PTK2B;AMOT;CDH20;CARMIL3;KDR;NRXN3;CDH4;PARD3;LSAMP;LIN7C;PATJ;SPTBN2;CRK;LHFPL4;ECT2;LRRC4;LRRC4B;ESAM;SHANK3;THBS2;SLITRK4;DRD1;PLXNB1;SLITRK5;PEAK1;PCDHB13;GJA1;EPHA7;TBCD;CLSTN3;COL16A1;SMAD3;ARMCX5-GPRASP2;PDLIM5;TEK;SEMA4C;EPHA3;LAMA3;PLXNA1;CLASP1;DSG2;DVL1;MAPT;TSC1;PAK2;LATS1;WDR1;NRP1;RHOA;PPM1F;AMIGO1;NRXN1;PPP1R9B;SPOCK2;PTPRD;PRKACA;ARHGAP33;PECAM1;MICALL2;ROCK2;EEF2K;CDH13;RAB40C;SNAI1;DBNL;CNTNAP1;PRICKLE1;NLGN1;PLXNA2;GABRB2;IL1RAP;SLC9A1;NUMBL;CDH18;NLGN4Y;FRMPD2;PKP1;PRKCA;AKAP5;SLK;TESK2;ASIC2;CDH22;ROBO2;NECTIN1;PLXNA3;SRGAP3;SDK2;EFNA5;HIPK1;ACTN3;IL1RAPL1;LIN7A;CRTAC1;SLITRK1;CHD4;CASKIN1;FZD1;ABL1;CRMP1;DLC1;CPEB3;CDH24;VSTM5;TAOK2;CDH1;SORBS1;MPP7;SIGMAR1;TLN1;DOCK10;CRKL;FAM107A;DRD2;ARHGEF9;GABRG3;TLN2;PKP4;TRIP6;GABRB3;JAM3;ERBB4;WNT4;NPHP4;ROCK1;FGF13;CAV1;CAMSAP3;VLDLR;PKP2;DNM3;MYO9A;ITGB4;ANK2;NLGN2;PTPRO;SEMA4A;NEGR1;DST;TJP1;SHANK2;ZDHHC8;LIMCH1;MACF1;CLDN1;SLIT1;SRC;ACE;GRID2;ADGRL3;RTN4RL1;RAB29;EPHB3;FERMT2;RAP2A;GABRG2;RAPGEF2;OXT;KIRREL3;SDC2;TBX5;LRFN5;CNTNAP2	Synapse/junction	Inh	C9_ALS_FTD_vs_Ctrl_Frontal_transition	transition_background	24471	70	37	0.404655588732688	0.000000000233333333333333			0.00000000095	family_result				
small_GTPase	0.0000000016375011227511	0.00000000286562696481443	0.788186810800237	-0.324956391663884	-1.79704407822927	466	MADD;FLCN;FAM13A;ARHGEF25;NISCH;MCF2L;CXCL13;PREX2;PREX1;DAB2IP;ADCYAP1R1;SEMA4D;NUP62;ARHGAP26;ARHGAP27;RALGPS1;CCDC125;BCR;ARHGEF3;ARHGAP17;RAP1GAP;ERAS;TNK2;ARAP1;ARRB1;ARHGEF17;KANK2;PLD1;WNT5A;ABR;KNDC1;KANK1;LRP4;PSD2;KALRN;RAPGEF3;KSR2;PSD;DOCK9;OPHN1;MYO9B;PLEKHG4;EPHB2;DENND4B;RAB35;OGT;ARHGAP28;LARGE1;PLCE1;IQSEC3;APOA1;IQSEC2;ARHGEF7;GIT1;RUNDC3A;ARHGAP4;KSR1;RAPGEF1;CHN2;RHOQ;ARHGAP39;VAV2;RIN2;VAV3;ARHGAP23;LAT;RASA3;CYTH1;AUTS2;FGD4;RALGDS;RASAL3;RERG;ARHGEF10;GNA12;RHOU;DVL2;ARHGEF11;ARHGAP35;ITGAV;CRK;ECT2;CYFIP1;CGNL1;ABCA1;ARHGAP21;RASGEF1A;ARHGEF16;GARNL3;ARFGAP1;PLXNB1;ITSN1;MAPRE2;STARD8;SGSM3;ARHGAP44;LZTR1;GDI1;TEK;ARHGEF4;SHOC2;NGF;SIPA1L3;ARFIP2;ARHGAP45;PLEKHG5;SIPA1L2;PLEKHG4B;NRP1;RHOA;RIT2;FGD1;ARHGEF2;ARHGAP33;EPS8L2;DOK3;CYTH2;MICALL2;ROCK2;RAB39B;DNMBP;CDH13;STARD13;TSC2;RALBP1;DBNL;RAPGEF4;RASSF1;ARFGEF3;RALGAPA2;ABL2;ARHGEF12;ARHGAP22;RGL2;TIAM1;RAB15;MRAS;ARHGAP31;TIAM2;RASIP1;TRIO;SRGAP3;DVL3;ARHGAP18;FGD2;RACGAP1;RAB30;RSU1;SQSTM1;FGD5;ABL1;IQSEC1;DLC1;SH3BP4;RTKN;RALGPS2;ARHGEF10L;ARHGAP10;WNK1;GPR55;DOCK10;CRKL;PLEKHG1;MFN2;ARHGEF9;RAP1GAP2;RASGRP2;GIT2;FARP2;DOCK3;RAF1;DOCK5;PKP4;SLIT2;DEF6;CSNK1E;WNT4;SWAP70;ROCK1;SPRY1;ALS2;SIPA1;DENND1A	Small GTPase	Inh	C9_ALS_FTD_vs_Ctrl_Frontal_transition	transition_background	24471	70	37	0.404655588732688	0.00000000286562696481443			0.0000000114625078592577	family_result				
heat_response	0.535984848484849	0.750378787878788	0.0727141077934447	-0.22122737986816	-0.965254095879104	81	THBS1;MAP2K7;ANO1;HSF1;CREBBP;PSIP1;CLPB;MICB;MAPT;EIF2B5;MAPKAPK2;PRKACA;HMOX1;TRPM2;TPR;EEF1D;ATM;DNAJB1;EIF2B1;SIRT1;DHX36;BAG3;TRPV1;IRAK1;EIF2B3;DAXX;DNAJB6;DNAJA4;HSPB6;EP300;LRP11;HDAC6;HTRA2;ATXN3;MICA	Heat response	Inh	C9_ALS_FTD_vs_Ctrl_Frontal_transition	transition_background	24471	70	37	0.404655588732688	0.750378787878788			0.734907060293658	family_result				
protein_stabilization	0.788830715532286	0.855450236966825	0.0502948063662358	-0.173156037200863	-0.887692481427301	213	WIZ;SMAD7;AKT2;HCFC1;TTI1;PER3;USP13;USP7;USP36;EHMT1;IP6K2;CD74;HIP1R;APOA1;EPHA4;BAG6;MAPK8IP3;PARVA;DNLZ;P3H1;HERC2;SMAD3;FLOT2;BAG2;TAF9B;DVL1;TSC1;GTPBP4;PYHIN1;CREB1;SOX4;MORC3;SEC16A;TRIM44;PIM1;CHEK2;RASSF1;PIK3R1;ATM;TBL1X;MSX1;NAA16;DVL3;RASSF2;BAG3;AAK1;PAK4;SAV1;EFNA1;STXBP4;FLNA	Protein stabilization	Inh	C9_ALS_FTD_vs_Ctrl_Frontal_transition	transition_background	24471	70	37	0.404655588732688	0.855450236966825			0.97243488475716	family_result				
protein_folding	0.855450236966825	0.855450236966825	0.0607719451853533	0.166836597781953	0.858091362611079	203	RIC3;PDCL2;PFDN1;TUBA1A;PPIL3;PPIB;CCT6B;NPPA;PFDN2;ERP29;CCT2;TBCEL;CCT6A;DNAJC2;DNAJC24;NUDCD2;CALR;DNAJB11;PPIL1;DNAJA3;TBCC;ZPR1;COA3;METTL21A;COX14;SDF2;CCT4;VBP1;CDC123;SELENOF;ENTPD5;CCT7;CCT8;FKBP10;FKBP9;ERO1A;PPIH;NPPC;TBCA;HSPD1;DNAJB7;PPIAL4G;WDR83OS;PFDN5;SDF2L1;PDIA3;MESD;HSPE1;PPID;CCT5;PPIA;MOGS;ANP32E;FKBP6;HSPA5;PFDN4	Protein folding	Inh	C9_ALS_FTD_vs_Ctrl_Frontal_transition	transition_background	24471	70	37	0.404655588732688	0.855450236966825			0.97243488475716	family_result				
mitochondrial_energy	0.0000000001	0.0000000007		0.713842745022112	3.34146457544776	112	NDUFB1;NDUFA7;CHCHD2;NDUFS8;NDUFA12;CYCS;DNAJC30;ATP5PF;COX7A2L;ATP5MG;COX4I1;PARK7;NDUFA3;COX6B1;NDUFB7;NDUFA6;ATP5MF;COX7A2;COX7B;NDUFC2;COX5A;NDUFB9;NDUFB3;ATP5PD;NDUFA13;NDUFS7;NDUFA8;SLC25A33;NDUFAB1;NDUFB10;ISCU;NDUFS6;COX8A;ATP5IF1;UQCR11;PINK1;UQCR10;NDUFB11;UQCRH;COX6C;NDUFA11;NDUFS3;NDUFA1;UQCC3;COX6A1;NDUFA5;ATP5F1C;NDUFB2;COX7C;NDUFB8;COX5B;NDUFB5;NDUFV2;NDUFB4;NDUFA2;UQCRB;GHITM;ATP5F1E;CYC1;ATP5ME;ANTKMT;UQCRC1;UQCRQ;STOML2;ATP5F1D;NDUFC1;NDUFS5;ATP5PB;ATP5F1B;SDHB;NDUFV1;NDUFS2;SDHD;COX7A1;UQCRFS1;PPIF	Mitochondrial energy	Inh	C9_ALS_FTD_vs_Ctrl_Occipital_transition	transition_background	24471	70	37	0.404655588732688	0.0000000007			0.00000000095	family_result				
small_GTPase	0.0000000189572775739384	0.0000000663504715087844	0.73376198835648	-0.308463063128369	-1.79187278696281	466	FAM13A;ARHGAP26;SEMA4D;RTKN;KANK1;LARGE1;ABCA1;KSR2;BCR;LRP4;DOCK11;ARRB1;RASA3;SH3BP4;PREX1;FLCN;DAB2IP;MYO9B;RALBP1;ROCK1;ITGAV;CRK;CYTH1;WASF1;ARHGEF3;TRIO;DOCK9;GARNL3;DNMBP;RALGPS2;RALGPS1;ARHGAP27;MCF2L;NGF;ARHGAP25;PLD1;ARHGAP22;DOCK3;KRIT1;RIT2;DOCK5;RB1;TIAM1;CXCL13;RHOU;PLCE1;ARHGAP21;ARHGAP17;IQSEC3;RACGAP1;FGD4;ARHGAP23;PLEKHG1;AUTS2;ROCK2;RAF1;ARHGAP28;MAPRE2;SIPA1L3;ARHGAP35;KALRN;KSR1;ADRA2A;ARHGEF7;DOCK4;ARHGEF2;RAB30;CYTH3;FGD5;ARAP1;DOK3;SIPA1L2;C15orf62;SHOC2;WNK1;TNS3;TEK;CCDC125;PIK3CB;RSU1;SH2D3A;VAV3;FARP2;ABR;OPHN1;DENND4A;RAPGEF1;CCNA2;COL3A1;PLXNB1;G3BP1;STARD13;COL1A2;RHOH;ARHGEF17;ARHGEF12;GRAP2;KNDC1;ADCYAP1R1;ITSN1;PKP4;MADD;SIPA1;ARHGAP32;GIT1;RIN2;IQSEC2;FGD2;VAV2;ALS2;F11R;SLIT2;WNT5A;RASGEF1C;NUP62;ARHGAP10;LRRK2;PREX2;IQSEC1;TGM2;MYO9A;DENND4C;RAP1B;RAPGEF4;FERMT2;EPHB2;SIAH2;APOA1;ARHGAP44;ARHGAP5;ARHGAP39;CYFIP1;RAB39A;RAB35;GIT2;SRGAP3;ARFGEF3;RGL1;RALGAPA2;DLC1;RAPGEF2	Small GTPase	Inh	C9_ALS_FTD_vs_Ctrl_Occipital_transition	transition_background	24471	70	37	0.404655588732688	0.0000000663504715087844			0.00000012606589586669	family_result				
synapse_junction	0.00000295713556076259	0.00000525540191107318	0.627256739718528	-0.285525030621233	-1.65599727238192	457	SLITRK3;SMAD7;SEMA4D;PAK2;PATJ;SLK;PECAM1;AFDN;PRICKLE1;BCR;LRP4;NPTX1;ACE2;CDH4;ACTN2;EPHB1;FLCN;CSMD2;ROCK1;CRK;CORO2B;SLITRK5;CLASP1;EGFLAM;CORO1C;LAMC1;NPHP1;MPP7;TLN2;ARMCX5-GPRASP2;PLXNA4;SHANK3;LIMCH1;PTPRA;NRXN3;JAM3;TESK2;MACF1;TSC1;CLDN9;CDH1;RCC2;NAE1;DLG1;LATS1;ROCK2;PTPRD;DUSP22;NEGR1;OPCML;CPEB3;SMAD3;PDLIM5;NCKIPSD;ARHGEF7;DOCK4;PPM1F;DST;RAB29;GJA4;LAMA3;SYNDIG1;IKBKB;LHFPL4;TBCD;JUP;NRG3;TEK;PEAK1;PTPN13;TJP1;OPHN1;EFNA5;NRCAM;RAPGEF1;PLXNB1;EEF2K;LRFN4;ITGA2;ADGRL3;CDH19;SORBS1;MAPT;DNM3;PKN2;CDH2;EPHA7;PTK2;PKP4;ACTN1;ARHGAP32;AMOT;NRXN2;CDH18;IQSEC2;STRN;FER;TRPV4;F11R;WNT5A;CDH8;NLGN4X;CLASP2;GRID2;PCLO;LRRC4;MYO9A;DSCAM;RAB40C;RAP1B;FERMT2;GABRG3;EPHB2;THBS1;NTNG2;CDH10;PCDHB2;PIP5K1C;FRMPD2;NPHP4;SETD5;ANK2;SRGAP3;CNTNAP2;EPHA3;PLXNB2;PTPRK;GABRA2;IL1RAP;ROBO2;MAP1B;DLC1;RAPGEF2;MEF2C;CDH26;ADD2;BSN;NTRK3;LSAMP;RAB13;GABRB2;RTN4RL1;NLGN4Y;CHD4;CYFIP2;SHANK2;CRKL;LRFN5;OGT;PLEC;CDH7;SDK2;GPHN;C1QL3;WNT4;LIN7C;PTK2B;NLGN1;HIPK1;MARVELD2;IL1RAPL1;IGLON5;ESAM;SPTBN2;CLDN1;EPB41L3;LRRC4B;GRIA1;ANKRD28;FLRT3;APC;TLR2;VCL;ASIC2;CLSTN2;ABI2;RAP1A;UGT8;ITGB4;LIN7A;PCDHB5;FGFR1;CDH24;ARHGAP6;PKP1;CDH20;ARHGEF9;PLXNA1;SLC39A9;ACTN3;CDH13;GPM6B;DOCK1;GJA1;TRIP6;CRTAC1;ERBB4;SNAI1;GJB6	Synapse/junction	Inh	C9_ALS_FTD_vs_Ctrl_Occipital_transition	transition_background	24471	70	37	0.404655588732688	0.00000525540191107318			0.0000133136848413854	family_result				
protein_folding	0.00000300308680632753	0.00000525540191107318	0.627256739718528	0.358129018053139	1.84435695191766	203	TOR1A;CALR;PFDN2;PPIB;PPIL1;TUBA1A;PFDN4;DNAJB7;TBCC;PFDN1;TBCB;COA3;WDR83OS;NPPC;COX14;DNAJB11;CCT7;CCT2;ERP29;SDF2;CCT6A;PPIL3;HSPD1;VBP1;PFDN5;CDC37;HSPE1;ZPR1;PBDC1;TXNDC5;HSPA8;CCT8;SELENOF;RIC3;PTGES3L;GRN;TBCA;NUDCD2;CRTAP;HSP90AB1;CCT6B;DNAJA3;FKBP1B;BAG1;HSPA5;PPIA;GFER;PDIA3;MPDU1;RUVBL2;FKBP1A;PDRG1;SDF2L1;TTC1;SDHAF4;NUDC;DNAJA1;FKBP4;PPIF;BAG5;CCT4;ENTPD5;PEX19;ARL2;PFDN6;DNAJC2;CDC123;DNAJA2;TCP1;CCDC47;CDC37L1;CCT5;UNC45A;HSPA13;DNAJB5;CHCHD4;P4HB;PDCD5;HSP90AA1;CCT3;PPIC;MKKS;HSPA9;DNAJB12;TBCEL;PDIA4;MESD	Protein folding	Inh	C9_ALS_FTD_vs_Ctrl_Occipital_transition	transition_background	24471	70	37	0.404655588732688	0.00000525540191107318			0.0000133136848413854	family_result				
axon_development	0.000158536971774713	0.000221951760484598	0.518848077743792	-0.267080299232251	-1.52571988086464	374	SLITRK3;SEMA4D;PAK2;DHFR;PRICKLE1;NMNAT2;PALLD;LRP4;NPTX1;EPHB1;LHX1;FAT4;EDN1;TRIO;SEMA3E;SLITRK5;EFNB1;NEO1;KIF13B;KIF5C;RUFY3;DPYSL5;CNTN4;PLXNA4;MAP6;NFASC;TIAM1;CELSR3;SPTBN4;NRXN3;MACF1;CDH1;VASP;AUTS2;DIP2B;RET;ARHGAP35;KALRN;FGFR2;FYN;CNTN6;EVL;EFNA4;SEMA6A;TENM4;EPHA4;MGARP;UNC5A;CTNNA2;JUP;BAIAP2;OPHN1;EFNA5;TENM1;NRCAM;CNTN2;CAMSAP2;PLXNB1;TENM2;ULK1;COBL;MAPT;MAP1A;ANK3;MAPK8IP3;RAB10;CDH2;SIN3A;NCAM1;BRSK2;EPHA7;PTK2;LGR6;PTK7;SLIT2;WNT5A;CLASP2;ADCY10;DSCAM;GOLGA4;STXBP1;EPHB2;SEMA6D;MAP7D2;DSCAML1;NTNG2;CYFIP1;FGF8;ALCAM;KIAA0319;FZD3;EPHA3;PLXNB2;CNTN1;B4GALT6;ROBO2;MMP2;USP9X;MAP1B;STK24;EFNA1;ECE1;MARK2;DCLK1;UNC5C;ROBO3;OLIG2;NELL2;KLF7;EMB;PRKCQ;RTN4RL1;LRRC4C;CYFIP2;BMPR2;NPR2;ARHGEF40;TRPC5;GRM7;MAG;NRP2;ROBO1;SEMA3C	Axon development	Inh	C9_ALS_FTD_vs_Ctrl_Occipital_transition	transition_background	24471	70	37	0.404655588732688	0.000221951760484598			0.00052713543115092	family_result				
protein_stabilization	0.0491493383742911	0.0573408947700063	0.282013350011725	0.244898436491852	1.27053611101278	213	CALR;PFDN2;ATP1B3;PPIB;TUBA1A;PARK7;A1CF;TAF9;PFDN1;ATP1B1;CHP1;LAMP1;CCT7;PINK1;CCT2;NAPG;GLMP;GAPDH;PFN2;CCT6A;UFL1;PIN1;HSPD1;PRKCD;VBP1;PFDN5;CDC37;IGF1;CCT8;POLR2E;PYURF;COA8;GRN;CRTAP;HSP90AB1;DNAJA3;BAG1;RTN4;TRIM39;PPP1R10;STUB1;ATP1B2;SYVN1;RUVBL2;PDRG1;PHB2;MYCNOS;CAMLG;IFT46;RABL3;SUMO1;BAG5;PFN1;CCT4;PEX19;URI1;PPP1CA;WNT10B;PFDN6;MUL1;UXT;TCP1;GET1	Protein stabilization	Inh	C9_ALS_FTD_vs_Ctrl_Occipital_transition	transition_background	24471	70	37	0.404655588732688	0.0573408947700063			0.0961303235850106	family_result				
heat_response	0.851923076923077	0.851923076923077	0.0512184348540341	0.181301177399124	0.80160099211429	81	PDCD6;FGF1;HTRA2;HSBP1;HSBP1L1;IGF1;TCIM;HSP90AB1;DNAJA3;STUB1;HMOX1;SOD1;DNAJA1;SUMO1;EIF2S1;DNAJC2;DNAJA2;IRAK1;YWHAE;HSP90AA1;HIKESHI;EIF2B4	Heat response	Inh	C9_ALS_FTD_vs_Ctrl_Occipital_transition	transition_background	24471	70	37	0.404655588732688	0.851923076923077			0.97243488475716	family_result				
synapse_junction	0.228848821081831	0.697789806044204	0.102821842840815	-0.215033831311746	-1.09168194235605	356	RAB29;TLN2;MICALL2;SH3BP1;ANK2;SYNDIG1;LIN7B;UGT8;FSCN1;RAP2A;NECTIN3;OGT;NPTX1;JUP;SRC;NRXN3;DLC1;DOCK10;MEF2C;MMP14;LRP4;SPTBN2;SEMA4D;NTNG2;TLR2;SDK1;COL16A1;CDH9;NLGN3;LRRTM3;SRGAP2;SRGAP3;CUL5;PATJ;TLN1;RAB40C;IKBKB;RCC2;RHOC;ABL1;MYCBP2;PRKCA;RHOG;CUX2;LSAMP;FARP1;ARHGAP4;AMOT;SLC9A1;PRKACA;PUM2;MPDZ;NLGN4Y;IL1RAP;IL1RAPL1;OPCML;LRRTM4;ABI2;PLXNB2;CDH18;IL1RAPL2;NAE1;KIRREL3;DUSP22;LRRC4;NLGN1;NPHP4;CNTNAP1;ELMO1;GABRA1;WNT5A;CTNNA1;DMTN;ZDHHC8;PKP4;SNCA;AGT;FER;ARHGEF7;FLOT1;ADGRL3;HOPX;CDH12;ABI3;NRCAM;DSCAM;SRGAP2C;ITGA6;SETD5;HAPLN4;GABRG2;NUMBL;GRIA1;TRIP6;CYFIP2;EPHB2;GPM6A;MAP4K4;NRXN1;EPHB3;APOD;PTEN;ARHGAP33;CAPZA1;FGFR1;CDC42;ERBB4;ANKRD28;DAG1;STAU2;ITGA2;GAP43;CD9;BSN;GABRG3;PRKCH;PTPN1;LRFN1;MAP1B;SRGAP1;PTPRJ;SRGAP2B;IL1B;SEMA4C	Synapse/junction	Micro	C9_ALS_FTD_Frontal_minus_Occipital_transition	transition_background	14087	67	35	0.330833540620104	0.697789806044204			0.380461165048544	family_result				
heat_response	0.264851485148515	0.697789806044204	0.132147260608774	0.252578566435194	1.10062271858622	74	HSP90AA1;EIF2B4;CHORDC1;GCLC;DNAJA1;HSP90AB1;HDAC2;DNAJB1;DNAJA4;IER5;BAG3;HSBP1;STUB1;HSPA1B;DNAJB6;HSPA1A;MAP2K7	Heat response	Micro	C9_ALS_FTD_Frontal_minus_Occipital_transition	transition_background	14087	67	35	0.330833540620104	0.697789806044204			0.419348184818482	family_result				
small_GTPase	0.299052774018945	0.697789806044204	0.0857844408075645	-0.205079834683426	-1.05882707581499	408	RHOU;MICALL2;ADGRG1;RAB4B;DEF6;RALGPS1;ARHGDIB;PLEKHG3;SH3BP1;GNA12;ARHGAP25;ARHGAP31;DENND3;SPATA13;RAB12;NUP62;RAB35;MCF2L;RAP2A;CDC42SE2;ARHGEF10;OGT;VAV1;PLEKHG5;FBP1;SRC;PDPN;DLC1;CCDC125;DOCK10;CSNK1A1;LRP4;SEMA4D;RB1;SIPA1L2;MCF2;ARHGEF12;CD2AP;SHTN1;DOCK9;DVL3;GRAP;SRGAP2;SRGAP3;KANK1;ITGAV;RAB15;RRAS2;CDKN2A;ARFGEF3;NOTCH1;PSD3;BCAR3;LIMK1;ARHGAP12;RHOC;ABL1;RGS19;RASGEF1C;RABL3;RHOG;RAPGEF5;FARP1;ARHGAP4;ARHGAP20;KALRN;RASGRP2;TIAM2;CYFIP1;ARHGAP19;NCKAP1;ABI2;AIF1;ELMO1;NISCH;SCAI;FAM13B;DOCK2;WNT5A;DENND4A;CHP1;SIAH2;PKP4;RALB	Small GTPase	Micro	C9_ALS_FTD_Frontal_minus_Occipital_transition	transition_background	14087	67	35	0.330833540620104	0.697789806044204			0.457172631546203	family_result				
protein_stabilization	0.521739130434783	0.91304347826087	0.09754492162472	0.19068131298267	0.966404431252723	191	SPAG1;PLPP3;TBL1X;BAG1;HSP90AA1;PTGES3;LAMP2;LAMP1;NCLN;MCM8;PPP1CA;CCT3;RASSF1;ATP1B2;HSP90AB1;PFDN6;CRTAP;RTN4;IFT46;BAG3;MUL1;DNAAF2;FLNA;TCP1;CBX4;STUB1;HSPA1B;P3H1;HSPA1A;USP13;ATP1B3;SYVN1;PFDN5;TAF1;RAB21;HSPD1;HSPB1;HYPK;PPARGC1A;CDC37L1	Protein stabilization	Micro	C9_ALS_FTD_Frontal_minus_Occipital_transition	transition_background	14087	67	35	0.330833540620104	0.91304347826087			0.730434782608696	family_result				
axon_development	0.8	0.994750656167979	0.0401660980049421	-0.176397248371517	-0.886611878821844	308	CSF1R;TRPV2;NEFH;VASP;CDKL3;EVL;AFG3L2;NPTX1;JUP;NRXN3;NREP;LRP4;B4GALT6;ZPR1;PRKCQ;SEMA4D;NTNG2;MCF2;DSCAML1;JAK2;KIF5A;SHTN1;GSK3B;NLGN3;PPP3CB;DIP2B;EMB;NOTCH1;LIMK1;ENAH;ABL1;MAP3K13;ANAPC2;MYCBP2;PRKCA;BCL11A;SMURF1;ARHGAP4;PUM2;KALRN;COBL;TIAM2;CYFIP1;CNTN2;DCC;PLXNB2;MAG;SKIL;STK11;RAB3A;YTHDF1;CNTNAP1;FEZ2;WNT5A;CTNNA1;ZDHHC17;SEMA6B;ADCY10;SLIT3;SEMA3C;NMNAT2;DISC1;APLP1;SMN1;CTNNA2;ADGRB1;KIF21A;KIF13B;NRCAM;DSCAM;RTCA;BMPR2;SEMA7A;CYFIP2;EPHB2;GOLGA4;NRXN1;EPHB3;APOD;TRAK2;PTEN;CDK5R2;MAP1A;EPHB6;TENM4;ALCAM;DAG1;NTNG1;DHFR;GAP43;ARHGAP35;MAP1B;NEO1;USP33;PTPRJ;SEMA4C;MAP2;DCLK1;CDK5R1;OLFM1;TUBB2B;ECE1;SCN1B;RAB10;OLIG1;SLITRK5;SLIT2;TENM2;DNM2;NFASC	Axon development	Micro	C9_ALS_FTD_Frontal_minus_Occipital_transition	transition_background	14087	67	35	0.330833540620104	0.994750656167979			0.97243488475716	family_result				
protein_folding	0.872403560830861	0.994750656167979	0.0707899094502623	0.170971048209398	0.860539669727944	182	HSPA1L;CHCHD4;BAG1;HSP90AA1;PTGES3;HSPA4;CHORDC1;ST13;DNAJA1;CCT3;CCDC47;PBDC1;HSP90AB1;PFDN6;CRTAP;PPIH;DNAJB1;HSPH1;DNAJA4;NGLY1;BAG3;TRAP1;TCP1;HSPA1B;METTL21A;P3H1;DNAJB6;HSPA1A;PFDN5;PPID;HSPD1;HSPB1;HYPK;PDCD5;CDC37L1	Protein folding	Micro	C9_ALS_FTD_Frontal_minus_Occipital_transition	transition_background	14087	67	35	0.330833540620104	0.994750656167979			0.983302318563597	family_result				
mitochondrial_energy	0.994750656167979	0.994750656167979	0.0584693210386381	0.136633341237268	0.63554505770926	106	ABCD1;NDUFS2;NDUFC1;SDHD;NDUFB1;NDUFV3;RHOA;NUPR1;NDUFS1;CYCS;ATP5F1E;COX8A;NDUFS4;ISCU;ATP5MG;PINK1;UQCRB;COX6A1;ATP5MF;NDUFB5;ATP5F1B;UQCRC1	Mitochondrial energy	Micro	C9_ALS_FTD_Frontal_minus_Occipital_transition	transition_background	14087	67	35	0.330833540620104	0.994750656167979			1	family_result				
mitochondrial_energy	0.0000000001	0.0000000007		0.547723733621857	2.62951710066055	106	SLC25A33;NDUFB1;SLC25A51;COX6C;COX5A;UQCRB;NDUFS5;ATP5F1B;NDUFB2;COX7C;COX6A1;CYCS;COX7A1;ISCU;NDUFC1;COX5B;COX7A2;NDUFC2;NDUFV3;PARK7;ATP5PF;NDUFB9;COX4I1;NDUFA8;NDUFAF1;NDUFS8;ATP5PO;NDUFA13;ATP5MG;NDUFB11;ATP5F1D;C2orf69;NDUFA3;NDUFS1;UQCRQ;COX7B;ATP5MF;ATP5ME;UQCRH;UQCRC2;UQCRC1;ATP5PB;ATP5F1A;NDUFB4;COX6B1;NDUFB7;NDUFB3;NDUFB10;TNF;UQCC3;NDUFV2;ATP5IF1;NDUFA12;NDUFB8;NDUFA1;CHCHD2;NDUFA6;NDUFAB1;SIRT3;SDHAF2;CYC1;UQCRFS1;ATP5PD;NDUFS2;NDUFB6;GHITM;NDUFA5;ATP5F1E;NDUFA2;COX8A	Mitochondrial energy	Micro	C9_ALS_FTD_vs_Ctrl_Frontal_transition	transition_background	14087	67	35	0.330833540620104	0.0000000007			0.00000000095	family_result				
small_GTPase	0.00000460209582470095	0.0000161073353864533	0.610526878385931	-0.31563705410847	-1.67674139379594	408	ARHGAP6;FAM13A;CCDC125;ARHGDIB;GIT2;ELMO1;RAPGEF1;SOS2;RALGPS1;RALGAPA2;FGD3;ARAP1;AUTS2;F11R;FGD4;SH3BP1;RHOG;ARHGEF2;WAS;PREX1;TIAM2;RAB12;ARHGAP22;LRRK2;AKAP13;ECT2;SHTN1;DOK1;PLEKHG1;CCDC88A;ARHGAP19;RHOQ;CDKN2A;ARRB1;NF1;SIPA1L1;DOCK7;RIN2;DOCK2;ITSN1;PSD3;AIF1;MICALL2;ARHGAP15;SPRY1;ARHGEF11;GNA12;CDC42SE2;RASGEF1C;DOCK11;TRIO;MCF2L;MAPRE2;FLCN;FBP1;RGL2;RB1;ARHGEF12;EPHB2;ROCK1;CDC42SE1;SOS1;ARHGAP11A;SIPA1L2;RALBP1;RAB4B;ARHGAP5;CD2AP;ARHGEF7;ARHGEF40;DVL3;SRGAP3;ABR;ARHGAP24;ARHGAP32;PLD2;CYFIP1;OGT;EPS8;DAB2IP;CYTH1;MCF2;MYO6;ARHGAP27;RACGAP1;DOCK10;DENND3;TSC2;STAMBP;RHOBTB1;RASGRP2;PRAG1;ADGRG1;GARNL3;PICALM;SIPA1;RALGPS2;FBXO8;ABCA1;RAB35;SPATA13;SYNGAP1;DBNL;DOCK8	Small GTPase	Micro	C9_ALS_FTD_vs_Ctrl_Frontal_transition	transition_background	14087	67	35	0.330833540620104	0.0000161073353864533			0.0000185478407480372	family_result				
protein_folding	0.0000144774277281151	0.0000337806646989351	0.593325476396405	0.336923530414078	1.75194759074727	182	PFDN2;HSPA9;CCT2;FKBP1A;DNAJB11;HSPA1L;DNAJC3;HSP90AB1;TUBA1A;CCT3;HSPA2;CCDC47;PDIA3;CHCHD4;PDIA6;HSPA13;TBCA;HSPA4;PDCL3;TCP1;HSPD1;VBP1;NUDCD3;PPIA;DNAJC10;CCT6A;HSPA5;ST13;TRAP1;PFDN6;TXNDC5;DNAJC2;SELENOF;CDC123;CCT8;PFDN5;COX14;DNAJA1;PFDN1;COA3;BAG1;CANX;CRYAB;PBDC1;HSP90AA1;PFDN4;HSP90B1;HSPBP1;RANBP2;TBCB;SDF2;DNAJA2;PPIB;PPIH;LMAN1;NUDCD2;PTGES3;DNAJC7;CCT4;HYPK;HSPE1;ZPR1;CHORDC1;CSNK2A1;MESD;PPIL2;P3H1;ERP29;PPID;NUDC;HSPH1;SDF2L1;TBCC;CCT5	Protein folding	Micro	C9_ALS_FTD_vs_Ctrl_Frontal_transition	transition_background	14087	67	35	0.330833540620104	0.0000337806646989351			0.0000550142253668372	family_result				
protein_stabilization	0.0956918396502322	0.142079207920792	0.287805130535564	0.228394757714614	1.20254044423096	191	PFDN2;ATP1B1;CCT2;URI1;PLPP3;SPAG1;HSP90AB1;TUBA1A;CCT3;DNAAF2;PPARGC1A;PYHIN1;OTUD3;PDCL3;TCP1;RUVBL1;GAPDH;HSPD1;VBP1;CCT6A;GTPBP4;SUMO1;PFDN6;TNIP2;SMAD3;ATP1B2;RTN4;TAF9;CCT8;RABL3;EPHA4;PFDN5;PFDN1;TESC;BAG1;CRYAB;STUB1;HSP90AA1;PARK7	Protein stabilization	Micro	C9_ALS_FTD_vs_Ctrl_Frontal_transition	transition_background	14087	67	35	0.330833540620104	0.142079207920792			0.176764092687235	family_result				
heat_response	0.101485148514851	0.142079207920792	0.222056046145248	0.284052158610177	1.26758382912035	74	YWHAE;PDCD6;HSP90AB1;HSPA2;EIF2S1;EIF2B3;ATR;SUMO1;DNAJC2;SOD1;DNAJA1;EIF2B4;CRYAB;STUB1;HSBP1;HSP90AA1;FGF1;DNAJA2	Heat response	Micro	C9_ALS_FTD_vs_Ctrl_Frontal_transition	transition_background	14087	67	35	0.330833540620104	0.142079207920792			0.184897599348976	family_result				
synapse_junction	0.123268698060942	0.143813481071099	0.14641623786055	-0.21757597531394	-1.14011600836926	356	ARHGAP6;TLR2;DUSP22;ELMO1;RAPGEF1;SDK1;TSC1;NPHP4;F11R;SH3BP1;RHOG;TLN2;FER;PECAM1;PEAK1;ECT2;SRGAP1;PKN2;ABI3;RAB29;GHRL;MYCBP2;PLXND1;MMP14;MICALL2;CORO1C;DNM3;MACF1;SNCA;PTEN;CLASP2;FLCN;TLN1;RCC2;VLDLR;DSCAM;EPHB2;PRKCH;ROCK1;TESK2;CDH26;PLXNA2;IKBKB;HIPK1;ARHGEF7;PLXNA1;SRGAP3;ARHGAP32;OGT;ZDHHC2;PTK2B;CDHR3;DOCK10;GABRA3;CRIPT;CLASP1;DLG1;EPB41L3;STAU2;RTN4RL1;DBNL;LIN7B;NTNG2;PLXNB2;PRKACA;MEF2C;ADGRL2;JUP	Synapse/junction	Micro	C9_ALS_FTD_vs_Ctrl_Frontal_transition	transition_background	14087	67	35	0.330833540620104	0.143813481071099			0.221550497866287	family_result				
axon_development	0.772881355932204	0.772881355932204	0.0840745577910723	0.165015454974212	0.923890674540939	308	TENM1;PTPRJ;ITGA4;PLP1;PRKG1;FLRT3;GPM6B;CNTN6;EFNB3;TUBB3;RTN4RL2;NEXN;CCK;FGF13;RTN4;FEZ1;CHN1;MAP2;CDK5;PTN;TNFRSF21;PRICKLE1;ATL1;EPHA4;APOD;C12orf57;OLFM1;EPHA6;B4GALT5;NRP1;SIAH1;NTRK2;APLP1;PGRMC1;PRKCQ;PLXNC1;EFNA5;S100A6;GDI1;SLC9A6;PAK3;APP;PTK2;EPHA3;RELN;CASP3;ACTB;ACTG1;SEMA6A;FZD3;FYN;LGI1;CTNNA2;NOVA2;RAC1;SPP1;THY1;CNTN1;KIF5C;KIF5A;PTPRS;CRTAC1;RTN4R;LGR6;UNC5A;NCAM1;SLITRK5;NFIB;MAPT;LYPLA2;PARD3;ZPR1;NMNAT2;KIAA0319;DPYSL5;MAP1B	Axon development	Micro	C9_ALS_FTD_vs_Ctrl_Frontal_transition	transition_background	14087	67	35	0.330833540620104	0.772881355932204			0.97243488475716	family_result				
mitochondrial_energy	0.00000105682351196208	0.00000739776458373458	0.643551836150722	0.448420011966054	2.07129502055963	106	SLC25A33;UQCRFS1;COX7A1;NDUFS5;NDUFAB1;NDUFS3;COX6C;C2orf69;NDUFA2;NDUFS6;COX7A2L;COX4I1;COX5B;SLC25A51;COX7A2;NDUFA8;ATP5PF;NDUFB2;TEFM;PARK7;NDUFB3;COX7C;NDUFC2;NDUFA7;ATP5F1A;ATP5ME;TNF;NDUFA3;COX7B;UQCRQ;ATP5F1D;UQCC3;COX5A;NDUFA9;SDHB;NDUFS8;ATP5IF1;NDUFA13;NDUFB8;SDHA;UQCR10;UQCRC2;DGUOK;PPIF;UQCRB;NDUFB1;ATP5PB;NDUFB4;ATP5F1B;NDUFB7;CHCHD2;NDUFA6;NDUFB9;STOML2;ATP5PO;NDUFA11;COX6A1;NDUFB11;NDUFA12;UQCRH;NDUFB6;NDUFV2;UQCC2;NDUFA1	Mitochondrial energy	Micro	C9_ALS_FTD_vs_Ctrl_Occipital_transition	transition_background	14087	67	35	0.330833540620104	0.00000739776458373458			0.00000501991168181989	family_result				
protein_folding	0.000018469583818119	0.0000646435433634165	0.575610261071129	0.346736756396876	1.75281083228382	182	DNAJB11;CCT6A;DNAJC10;ZPR1;PFDN1;PDIA6;PDIA5;PDIA3;PFDN2;DNAJA2;TBCA;HSP90B1;NUDCD3;SELENOF;RIC3;DNAJC3;NUDCD2;CANX;PPIL2;CDC123;FKBP1A;DNAJC7;LMAN1;HSPA9;SACS;CCT2;TBCB;CD74;PPIL1;TXNDC5;CSNK2A1;HSPA5;ERP27;HSPA13;CRYAB;RUVBL2;CCT5;PPIA;COA3;PDCL3;CCT7;MESD;DNAJC2;PPIB;PPIE;PDIA2;SIL1;SDF2;DNAJA3;BAG5;DNAJC25;VBP1;CCT4;HSPA2;HSPBP1;TTC1;SDF2L1;UGGT1;PPIF;CALR;AHSA1	Protein folding	Micro	C9_ALS_FTD_vs_Ctrl_Occipital_transition	transition_background	14087	67	35	0.330833540620104	0.0000646435433634165			0.0000682348513280508	family_result				
small_GTPase	0.000480786706336961	0.00112183564811958	0.49849310876659	-0.27325850525236	-1.46137526011952	408	ABCA1;ITSN1;FAM13A;SOS2;SIPA1L1;CYTH1;GIT2;ARHGAP6;RACGAP1;ARAP1;NOTCH2;RALGAPA2;AKAP13;RAPGEF1;RHOQ;CCDC88A;RASSF1;F11R;MAPRE2;ARRB1;RASA4;ARHGEF2;RASGRP4;MADD;RAPGEF4;FGD4;LRRK2;PIK3CG;MYO9B;DVL2;ROCK1;WAS;FLCN;CHML;ECT2;SOS1;AUTS2;ELMO1;DOCK5;SYNGAP1;RIN2;SWAP70;DOCK7;PLEKHG1;RAB21;ARHGAP10;RALBP1;DOK1;DOCK11;STAMBP;MRAS;TRIO;ARHGEF40;FBXO8;CCDC125;RHOBTB1;IQSEC2;RASGEF1B;RASA4B;CDKL5;ARHGAP22;DAB2IP;RAF1;RHOA;FGD3;PICALM;ARHGAP11A;CHN2;ARHGAP30;SIPA1;PREX1;SQSTM1;RAP1GAP2;SHOC2;RHOG;RGL2;CXCL13;ARHGAP15;ARHGAP5;ARHGEF11;RRAS;DENND4C;NF1;ARHGAP32;OPHN1;TNFAIP1;RAP1B;APOE;ARFGEF1;MYO6;RASGRP3;ARHGDIB;RASAL3;GABARAP;TIAM2;PLD1;RALGPS2;DENND1A;CYTH2;ARHGAP11B;RGL3;CHORDC1;TNK2;DNMBP;GNA13;SGSM3;TSC2;DBNL;RABIF;RASL10A;LZTR1	Small GTPase	Micro	C9_ALS_FTD_vs_Ctrl_Occipital_transition	transition_background	14087	67	35	0.330833540620104	0.00112183564811958			0.00148708446378641	family_result				
protein_stabilization	0.256926952141058	0.449622166246851	0.135740943810425	0.214919245158834	1.09027306765024	191	URI1;ANK2;CCT6A;GTPBP4;TESC;TNIP2;RABL3;PFDN1;PFDN2;MTOR;SEC16A;COG3;PER3;PML;NAPG;PIK3R1;ATP1B1;CTNND1;CCT2;CD74;STXBP4;CSNK2A1;SMAD3;PIM1;OTUD3;CRYAB;PARK7;MDM4;RUVBL2;CCT5;PDCL3;CCT7;PYHIN1;PPIB;NAA15;TRIM37;PFN2;RUVBL1;SAV1;DNAJA3;BAG5;VBP1;EPHA4;CCT4;GAPDH;CALR;CHP1;USP7;CCT8;USP19;TTI2;HCFC1;SUMO1	Protein stabilization	Micro	C9_ALS_FTD_vs_Ctrl_Occipital_transition	transition_background	14087	67	35	0.330833540620104	0.449622166246851			0.412928637627433	family_result				
heat_response	0.426048565121413	0.55674709562109	0.0934449219410994	0.232629336746632	1.01256110197128	74	MTOR;ATR;DNAJA2;EIF2S1;YWHAE;TRPV1;IL1A;DNAJC7;PDCD6;CRYAB;HIKESHI;EIF2B3;DNAJC2;HSF1;SOD1;TRPM2;DNAJA3;DAXX;DHX36;HSPA2	Heat response	Micro	C9_ALS_FTD_vs_Ctrl_Occipital_transition	transition_background	14087	67	35	0.330833540620104	0.55674709562109			0.621056349081777	family_result				
axon_development	0.477211796246649	0.55674709562109	0.0982123351217438	0.184590364257975	0.998039140002788	308	PTPRJ;PRKCQ;ZPR1;KIF5A;PRKCA;APOD;APLP1;ENAH;BCL11A;MAP2;SEMA6B;SKIL;VASP;TNFRSF21;B4GALT6;CTNNA2;CHN1;NMNAT2;OLFM1;SMURF1;SMN1;GOLGA4;NEXN;GPM6B;NRP1;CDKL3;CNTN6;TUBB3;RAB3A;PTK2;PGRMC1;AFG3L2;LGR6;NEFH;ACTG1;SEMA4D;FEZ1;B4GALT5;DCC;NOVA2;MAP1B;KALRN;GAP43;SLITRK5;SCN1B;CCK;LRP4;SLIT3;CYFIP2;PTN;CNTN1;PLP1;FLRT3;NREP;CTTN;NRXN1;NTRK2;NPTX1;PPP3CB;KIF5C;CDK5R2;EPHA4;NFIB;THY1;WNT5A;KIF21A;S100A6;NTNG1;FZD3;PAK3;NLGN3;MAG;SLITRK4;ACTB;CHODL;ARHGEF25;ABL1;EPHB3;DCLK1;PTPRS;EPHA5;ZDHHC17;NRXN3;GDI1;SEMA7A;NOTCH1;ITGA4;EPHA7;DISC1;ZFYVE27;LIMK1;CNTNAP1;ROBO2;C12orf57;ANK3;ECE1;MAP1A;NEUROD6;SLITRK1;NCAM1;PUM2;SPP1;YTHDF1;VIM;RTCA;CNTN4;TENM2;CDK5R1;JUP;PRKG1;FYN;TRPV2;TRAK2;EPHA3;RAB10;MAPT;KIAA0319;NELL2	Axon development	Micro	C9_ALS_FTD_vs_Ctrl_Occipital_transition	transition_background	14087	67	35	0.330833540620104	0.55674709562109			0.675203924476642	family_result				
synapse_junction	0.796502384737679	0.796502384737679	0.0455878202571231	-0.168713711664812	-0.895719809288367	356	CDH26;CORO1C;ARHGAP6;PECAM1;DNM3;RAPGEF1;VLDLR;F11R;ZDHHC2;PKN2;SLC39A9;RAB13;TSC1;PEAK1;CLASP1;FBF1;EFNB2;ROCK1;FLCN;TESK2;GABRA3;ECT2;ELMO1;CC2D1A;PLXND1;DUSP22;CDHR3;PTK2B;RTN4RL1;PLXNA2;CLASP2;PPM1F;MACF1;TLR2;DLG1;POLDIP2;IQSEC2;GHRL;SRGAP1;HIPK1;PIP5K1C;LDB1;NPHP4;ZNF703;RHOA;PPP1R9B;FER;SDK1;SLK;PAK2;RHOG;EPB41L3;SEMA4A;ARHGAP32;PLXNA1;OPHN1;PCLO;WHAMM;ABI3;RAP1B;DST	Synapse/junction	Micro	C9_ALS_FTD_vs_Ctrl_Occipital_transition	transition_background	14087	67	35	0.330833540620104	0.796502384737679			0.97243488475716	family_result				
heat_response	0.252927400468384	1	0.131457611642763	0.267605711130767	1.11201234470593	71	IGF1;TPR;MAPT;DNAJB1;HMOX1;LRP11;DNAJA2;DNAJC2;HSP90AA1;EIF2S1;STUB1;IER5;ATM;TRPV1;BAG3;HSPA2;DHX36;MAPKAPK2;ATR;MAP2K7;EP300	Heat response	OPC	C9_ALS_FTD_Frontal_minus_Occipital_transition	transition_background	17846	72	37	0.36347345044934	1			0.412928637627433	family_result				
mitochondrial_energy	0.582914572864322	1	0.0625237414724762	-0.221395153256918	-0.954852042823468	108	NDUFB5;NDUFA7;RHOA;PPIF;NDUFV2;ETFRF1;NDUFB7;ABCD1;NDUFA1;UQCRHL;ATP7A;C2orf69;NDUFA3;SDHC;DGUOK;NDUFA8;NDUFB10;NDUFS3;UQCRC1;SLC25A51;COX6B1;UQCR10;NDUFS1;NDUFC1;NDUFV3;NDUFA5;GHITM;NDUFC2;NDUFS2;CHCHD2;PARK7;SDHAF2;COX7A2L;COX7B;UQCR11;ATP5PF;ATP5F1A;ATP5F1D;UQCC3;NDUFB9;ATP5IF1;SDHA;ATP5PO;NDUFS6;NDUFA10;COX4I1;COX5A;SDHD;NDUFB4;COX5B;ATPSCKMT;COX7A2;NDUFV1;ATP5PD;NDUFS7;COX7C	Mitochondrial energy	OPC	C9_ALS_FTD_Frontal_minus_Occipital_transition	transition_background	17846	72	37	0.36347345044934	1			0.775276381909548	family_result				
small_GTPase	0.781437125748503	1	0.0437125833579551	-0.176303491037327	-0.903301622163657	414	RHOC;RAB38;FNTA;PLEKHG4B;PRAG1;TGFB2;RACGAP1;FBXO8;CCDC88C;RHOA;MFN2;ARHGAP28;DBNL;CDC42EP3;RAB4B;SWAP70;RAP2A;FGF2;RRAS2;RAB21;ARHGAP27;ARHGEF25;KBTBD7;ARHGAP11B;RAP1GAP;ARHGAP18;STARD13;CRKL;PREX2;SRC;ARRB1;AUTS2;OGT;FARP1;PSD2;PLD1;ARHGEF7;ARHGEF17;LAMA1;RAF1;RIT1;MYO9A;HEG1;CYTH3;LAT;ADCYAP1R1;RDX;ARHGEF9;SLIT2;PSD4;PIK3CB;CYTH1;RAB9A;GRB2;RND2;RASIP1;CD2AP;RALGPS1;RALGAPA2;CFL1;ARHGDIA;SGSM3;DOCK5;TNK2;LRP4;CDKL5;TNS3;ECT2;MADD;CUL3;MCF2;CSNK1E;FAM13A;BCAR3;MAP4K4;PLCE1;ARHGAP33;EPS8L2;RHOJ;PKP4;RAB18;ADGRG1;NKIRAS1;DENND3;GABARAP;FGD3;MYO6;RAPGEFL1;PLEKHG5;DIRAS3;ARFGEF2;DENND4A;CYFIP1;RASGRP1;KANK1;ARHGAP44;RSU1;PREX1;VAV2;HRAS;GRAP2;SNTA1;RAPGEF4;NUP62;ARHGEF1;RAP2B;RAB33A;PARK7;RALB;LRRK2;TP53;ARHGEF11;DOCK9;RASGRP3;OPHN1;RASSF1;DOCK4;RAPGEF1;RAPGEF5;NISCH;GIPC1;CELSR1;ARHGEF10;PDPN;DAG1;CDKN2A;ARFIP2;ARHGAP31;ITSN1;TSC2	Small GTPase	OPC	C9_ALS_FTD_Frontal_minus_Occipital_transition	transition_background	17846	72	37	0.36347345044934	1			0.97243488475716	family_result				
protein_stabilization	0.835579514824798	1	0.0681513438679483	0.174248141422507	0.86392700798351	201	IGF1;GLMP;PIM2;STK4;RABL3;PEX6;DBR1;SYVN1;BAG1;MORC3;TTI1;PAQR4;PRKCD;EPHA4;LAMP2;PLPP3;USP19;CAMLG;CEP63;USP9X;HSP90AA1;STUB1;WFS1;UBE2B;EHMT1;PIN1;TAF9B;BAG4;CSNK2A1;ATM;MUL1;BAG3;CREB1;CCT3;CHP1;CCNH;CTNND1;AKT2;MAPK8IP3;TMC6;BAG2;VHL;EP300;PTGES3;MCM8;UXT;CLU	Protein stabilization	OPC	C9_ALS_FTD_Frontal_minus_Occipital_transition	transition_background	17846	72	37	0.36347345044934	1			0.97243488475716	family_result				
protein_folding	0.996865203761755	1	0.034566432206351	-0.145090533787408	-0.681955151302752	189	HSPA14;GFER;FKBP1A;CCT6B;HSPA13;POFUT2;FKBP10;NUDCD2;PDIA2;CCT4;ZPR1;PPIF;PDIA6;DNAJC4;FKBP4;DNLZ;CDC37L1;PFDN6;PPIH;DNAJC7;MPDU1;DNAJB4;PPIL3;LTBP4;GRPEL2;KHSRP;RIC8B;ENGASE;P3H1;ATF6;TCP1;NFYC;NUDCD3;DNAJB11;LMAN1;PFDN1;CANX;COA3;SELENOF	Protein folding	OPC	C9_ALS_FTD_Frontal_minus_Occipital_transition	transition_background	17846	72	37	0.36347345044934	1			1	family_result				
axon_development	1	1	0.0633597010643758	0.141184918941187	0.744162862214801	352	CHRNB2;NRDC;PRKG1;SKIL;NEUROD6;TRPC5;ARHGEF40;SVBP;CDHR2;PLXNB3;SHH;EFNB2;EFNB1;EVL;EFNA3;CNTN5;CHODL;EFNA2;PLXND1;MAPT;LYPLA2;KALRN;SPG11;FLRT3;MAP3K13;MYOT;PITPNA;EPHA4;GDNF;SPTBN4;MACF1;SEMA3C;GOLGA4;SPP1;BMPR2;APLP1;RELN;BAIAP2;ARHGAP35;PTPRS;ABL1;USP9X;APOE;CYFIP2;BOC;ADAM17;RTN4RL1;ENAH;B4GALT5;KIF5A;ATL1;GAP43;MAPK8IP3;EPHB6;WNT7B;PRKCQ;LMO4;TIAM1;EPHA6;EFNA5;DNM2;MAP7D2;VASH2;EPHA3;KIAA1755;C9orf72;FEZ2;TENM3;EPHA5;APP	Axon development	OPC	C9_ALS_FTD_Frontal_minus_Occipital_transition	transition_background	17846	72	37	0.36347345044934	1			1	family_result				
synapse_junction	1	1	0.0321428397352941	-0.139878252172853	-0.717541498896571	417	RHOC;PDZD11;HAPLN4;RAMP2;PRKACA;RHOA;SNAI2;RAB29;PARD6B;NPHP1;DBNL;CORO2B;RAP2A;DVL1;PCDHB11;WDR1;THBS2;NTNG2;CRKL;FRMPD2;ASIC1;SRC;OGT;PLXNA2;UBE3B;FARP1;GABRB2;PLEC;ARHGEF7;SLC12A5;KIRREL3;NRXN3;UBE2M;CLDN11;MYO9A;CDH3;SDK1;BDNF;PCDHB14;PTK2;PDLIM5;SLC39A9;ARHGEF9;PTK2B;DUSP3;PCDHB16;GABRA1;VEGFA;FSCN1;TRIP6;CFL1;PATJ;PPM1F;LIN7C;CDH11;HIPK1;CARMIL3;TAOK2;GABRG2;LRP4;GRIA1;PCLO;ECT2;MPP7;CORO1C;UGT8;WNT7A;MAP4K4;MDGA1;ARHGAP33;GJA1;PKP4;SFRP1;NUMBL;PTEN;NLGN2;AMIGO1;ACTB;CAV1;ITGB4;TLR2;CDH9;DUSP22;SLITRK3;LIMCH1;GABRA4;C1QL2;CDH19;CLSTN1;PLXNA3;SLITRK4;EPHB1;NECTIN1;CLDN1;CUL5;COL16A1;PLXNB2;FGFR1;ACTG1;IGSF11;RCC2;ANK2;NCKIPSD;LZTS1;OPHN1;DOCK4;RAPGEF1	Synapse/junction	OPC	C9_ALS_FTD_Frontal_minus_Occipital_transition	transition_background	17846	72	37	0.36347345044934	1			1	family_result				
mitochondrial_energy	0.0000000001	0.0000000007		0.530765068371509	2.46043819737708	108	UQCRB;NDUFB1;NDUFAB1;NDUFB2;SLC25A33;UQCRQ;ATP5ME;CYCS;ATP5MF;COX6A1;UQCRH;COX7C;COX6C;UQCR11;COX7A2L;NDUFS5;TEFM;COX7A2;NDUFB9;NDUFC2;UQCRFS1;NDUFA6;ATP5F1E;NDUFA12;ATP5IF1;NDUFAF1;ATP5PF;COX4I1;ATP5PD;ISCU;COX5A;ATP5MG;NDUFB3;CYC1;DNAJC30;NDUFB8;COX8A;UQCR10;NDUFS6;COX6B1;COX5B;NDUFA13;CHCHD2;NDUFA1;ATP5F1D;COX7B;NDUFA2;NDUFB11;NDUFA3;GHITM;SIRT3;NDUFS8;NDUFA11;ATP5PO;PPIF;SDHB;SHMT2;NDUFA8;ATP5F1B;ATP5PB;ATP5F1C;NDUFB4;SDHD;NDUFS3;NUPR1;DGUOK;COX7A1;NDUFA5	Mitochondrial energy	OPC	C9_ALS_FTD_vs_Ctrl_Frontal_transition	transition_background	17846	72	37	0.36347345044934	0.0000000007			0.00000000095	family_result				
synapse_junction	0.000000120710943061238	0.000000422488300714335	0.690132458796796	-0.313072498082546	-1.75377064040425	417	OGT;AFDN;DOCK4;PLXNB1;ARHGEF9;ARHGEF7;CDH20;ARHGAP32;LZTS1;SLITRK5;DST;DOCK10;NRCAM;TSC1;PARD3;PLXNA3;SDK1;MAPT;TBCD;PKP4;UGT8;MPDZ;LIN7C;JUP;IKBKB;COL16A1;DOCK1;CLASP1;NLGN2;ERBB4;PDLIM5;RAPGEF2;ANKRD28;TJP1;ITGB4;FER;ANK2;PEAK1;PCDH17;CDH26;MYCBP2;ASIC1;FSCN1;PATJ;SETD5;PTPRD;MARK1;OPHN1;IGSF11;TAOK2;TLN2;ADGRL3;GPM6A;ARMCX5-GPRASP2;LIN7A;SNAI2;PTPRK;ARHGAP33;BCR;CORO1C;GPM6B;PLEC;DNM3;SRGAP3;PAK2;LSAMP;ELMO1;MYO9A;LRRTM3;CLASP2;NLGN1;EIF4G1;CDH19;LRP4;NRXN1;SLITRK1;PLXNA1;RCC2;MAP4K4;DVL1;CYFIP2;CDH11;RTN4RL1;C1QL3;PIP5K1C;OPCML;SLITRK4;NTNG2;FLCN;GPHN;ROCK2;MYO1C;PRKCA;EEF2K;LRRTM4;CARMIL3;NLGN4X;SMAD7;PLXNC1;NCKIPSD;DLG1;AMIGO1;SNCA;ECT2;JAM3;GRID2;NTRK3;RHOC;CLSTN1;GABRG1;RAB17;CUX2;IL1RAPL1;PLXNB2;EPHB3;NRG3;LAMA3;ACE;NEGR1;DUSP22;SRGAP1;NECTIN3;PCDHB6;PTK2B;DSCAM;SIGMAR1;GNA13;SLITRK3;PTPRJ;PRICKLE1;NUMBL;NPHP4;CDH24;SLIT1;RAPGEF1	Synapse/junction	OPC	C9_ALS_FTD_vs_Ctrl_Frontal_transition	transition_background	17846	72	37	0.36347345044934	0.000000422488300714335			0.000000698024149006292	family_result				
small_GTPase	0.000000943058267677208	0.00000220046929124682	0.659444398037935	-0.304375191726034	-1.70615324385542	414	CSNK1E;KANK1;OGT;FBXO8;RAPGEF4;DOCK11;DOCK4;PLXNB1;RALGPS2;ARHGEF2;ARHGEF9;DOCK5;SH3BP4;ARHGEF7;ARHGAP32;LRRK2;GIT1;FAM13A;ARHGEF10;MADD;ARHGAP10;DOCK10;ARAP1;DOCK9;LAT;PLD1;ARFGEF3;HACE1;DHCR24;GDI1;RAPGEF3;GIT2;PKP4;RACGAP1;ARHGEF25;DOCK1;RAPGEF2;DENND1A;MAPRE2;NOTCH2;TRIO;ROBO1;MRAS;PLEKHG3;CYTH1;CDKL5;RALGAPA2;MCF2L;OPHN1;RALBP1;SGSM3;NUP62;NCKAP1;PSD2;ITSN1;RND2;PLEKHG4B;ARHGAP33;PIK3CB;RALGPS1;BCR;SRGAP3;ARHGEF4;ARHGAP24;ELMO1;MYO9A;ARHGAP26;IQSEC1;RHOQ;NISCH;LRP4;TNK2;RHOU;RGL2;ADGRG1;CCDC88A;MAP4K4;PICALM;ARHGAP20;DVL3;FLCN;ROCK2;RAP1GAP2;NOTCH1;PRAG1;DENND4A;SIPA1L1;ARHGAP17;ARHGAP18;DENND4B;AKAP13;SPRY4;ECT2;RASA4B;RRAS2;SLIT2;ARHGAP21;RHOC;TNS3;ARFGAP1;RIN2;ARHGDIA;SPRY1;ARHGAP22;PREX2;AUTS2;KCTD13;DOCK3;ARHGAP11B;NUCB2;SHTN1;ADCYAP1R1;TIAM1;ARHGEF12;HEG1;ITGAV;SIPA1L2;GNA13;RAF1;RB1;ARHGEF1;RAPGEF1;GRAP2;DOCK7;EPS8;SHOC2;MFN2;LZTR1;ARHGAP1;STARD13;ARFGEF2;RTKN;FNTA;FXR1;WNK1;RASIP1;TSC2;ARHGAP31;CRK;LARGE1;RASGEF1B;ROCK1;CCNA2;RAP2A;NGF	Small GTPase	OPC	C9_ALS_FTD_vs_Ctrl_Frontal_transition	transition_background	17846	72	37	0.36347345044934	0.00000220046929124682			0.00000464543517040995	family_result				
axon_development	0.000019157723175041	0.0000335260155563217	0.575610261071129	-0.290907169655732	-1.60129384779794	352	NFASC;PLXNB1;RAB10;FYN;KIAA1755;SEMA6A;PTCH1;DIP2B;ULK2;SLITRK5;STXBP1;NRCAM;PARD3;PLXNA3;GDI1;MAPT;LLGL1;DPYSL5;SIN3A;JUP;ARHGEF25;COBL;MAP2;NFIB;MARK2;NOTCH2;TRIO;ROBO1;ULK1;MYCBP2;SLC9A6;CDKL5;CNTN1;ANAPC2;NTRK2;CERS2;DSCAML1;GRM7;NCAM1;JAK2;ZPR1;OPHN1;BAIAP2;TAOK2;SEMA6C;PLEKHG4B;TNR;SEMA7A;GPM6B;SEMA5A;VANGL2;PAK2;PLPPR4;ALCAM;CLASP2;KIFC2;ADGRB1;LRP4;NRXN1;SLITRK1;FZD3;KIF21A;CYFIP2;NTN4;PICALM;DHFR;USP33;RTN4RL1;SLITRK4;C9orf72;NTNG2;UNC5C;PRKCA;NOTCH1;ROBO3;ANK3;CASP3;STK11;SIPA1L1;PLXNC1;AMIGO1;PTPRM;MT3;CELSR3;LRRC4C;SLIT2;DISC1;SEMA3D;CAMSAP2;AUTS2;PLXNB2;EPHB3;NEO1;SHTN1;MAP6;TENM1;TIAM1;NMNAT2;PTK7;NPR2;DSCAM;DCC;SLITRK3;PTPRJ;PRICKLE1;SLIT1;UNC5A;DOCK7;DNM2;PLP1;DRD2;ZDHHC17	Axon development	OPC	C9_ALS_FTD_vs_Ctrl_Frontal_transition	transition_background	17846	72	37	0.36347345044934	0.0000335260155563217			0.000068864248169742	family_result				
heat_response	0.549194991055456	0.768872987477639	0.0686325631836726	0.221119936294308	0.946509358199762	71	DNAJC2;IGF1;FGF1;HMOX1;SUMO1;HSPA2;STUB1;HSBP1L1;DNAJA3;HSBP1;YWHAE;IER5;MAP2K7;CRYAB;DNAJA2;EIF2S1;SOD1	Heat response	OPC	C9_ALS_FTD_vs_Ctrl_Frontal_transition	transition_background	17846	72	37	0.36347345044934	0.768872987477639			0.745336059289548	family_result				
protein_folding	0.839441535776614	0.97934845840605	0.0474483193656297	0.171270733314744	0.862635083955475	189	DNAJC2;PPIC;DNAJC24;COX14;PFDN2;PFDN1;HSPA2;SELENOF;TBCC;HSPBP1;BAG1;CD74;TOR1A;DNAJA3;TUBA1A;TBCE;CCDC47;PFDN5;PPIL1;TBCEL;DNAJB14;CCT8;MESD;NPPC;CCT6A;TBCA;CRYAB;CCT7;PPIA;RIC3;SDF2;DNAJC18;MKKS;DNAJB12;DNAJA2;PPIF;GRPEL1;PPIAL4G;COA3;WDR83OS;TTC1;APLF;CCT5;PPIB;PPIL3;CDC123;ERP29;CCT3;VBP1;SIL1;NUDC;DNAJC10;PPIH;PDCL3;CCT2;CLU;CALR;HYPK;HSPA5;HSPA4;NGLY1;PDRG1;MOGS;ERO1A;HSP90AA1;RUVBL2;ANP32E;PPIE;HSPE1;LYRM7;PDIA3	Protein folding	OPC	C9_ALS_FTD_vs_Ctrl_Frontal_transition	transition_background	17846	72	37	0.36347345044934	0.97934845840605			0.97243488475716	family_result				
protein_stabilization	0.986270022883295	0.986270022883295	0.0524827622635459	-0.147035325935878	-0.750904221480656	201	RASSF2;C10orf90;P3H1;HCFC1;TSC1;PIK3R1;WIZ;FLOT2;ANK2;USP7;HIP1;USP2;AKT2;USP36;HIP1R;TELO2;GPIHBP1;HPS4;CBLB;SEL1L;DVL1;USP33;IFT46;USP13;DVL3;CCNH;SMAD7;BAG6;MT3;ATM;PPP1R10;PPARGC1A;ZNF207;PIM1;TTI1;NAA16;COG3;EGLN3;BAG2;PRKN	Protein stabilization	OPC	C9_ALS_FTD_vs_Ctrl_Frontal_transition	transition_background	17846	72	37	0.36347345044934	0.986270022883295			1	family_result				
mitochondrial_energy	0.00000000161685672428113	0.0000000113179970699679	0.788186810800237	0.507653676428706	2.31016343252799	108	NDUFB5;PPIF;UQCRB;UQCR11;COX7A2L;NDUFC2;RHOA;NDUFA7;COX7C;NDUFA1;NDUFB9;NDUFAB1;COX7A2;COX6B1;ATP5PF;NDUFA3;UQCR10;UQCRH;CYCS;CHCHD2;NDUFA8;COX4I1;ATP5IF1;COX7B;DGUOK;ATP5MF;ATP5F1D;NDUFA12;SDHC;NDUFS6;ATP5PD;COX6A1;COX5A;NDUFV2;GHITM;ATP5ME;NDUFS5;COX5B;NDUFS3;NDUFA5;ATP5PO;NDUFC1;NDUFB1;NDUFB7;ATP5MG;COX6C;NDUFB10;SDHD;PARK7;NDUFB4;NDUFB2;ATP5F1B;UQCRC1;ATP5PB;ISCU;NDUFA13;NDUFB8;NDUFB11;UQCRFS1;NDUFA2;ATP5F1A;SDHA;NDUFB3;SHMT2;NDUFS8;ATP5F1E;ABCD1;UQCC3;NDUFV3;SIRT3;UQCRQ;NDUFA6;NDUFS4;COX7A1;NDUFA11	Mitochondrial energy	OPC	C9_ALS_FTD_vs_Ctrl_Occipital_transition	transition_background	17846	72	37	0.36347345044934	0.0000000113179970699679			0.0000000114625078592577	family_result				
synapse_junction	0.00000074635594312038	0.00000261224580092133	0.659444398037935	-0.293709667466516	-1.68802725606673	417	MAPT;DST;CDH20;AFDN;ARHGAP32;GABRG1;CLASP1;PLXNB1;DOCK4;MARK1;TBCD;CYFIP2;RAPGEF2;SLITRK5;DOCK10;LIN7A;NAE1;TSC1;PARD3;RTN4RL1;PLXND1;IKBKB;FER;ERBB4;MYCBP2;SNCA;DOCK1;NRCAM;PCDHB13;ARMCX5-GPRASP2;SRGAP3;DNM3;PEAK1;OGT;ADGRL3;PTPRD;IQSEC2;ELMO1;IL1RAPL2;BCR;PAK2;PLXNB3;NTRK3;NLGN1;CUX2;LAMA3;MPDZ;PIP5K1C;SETD5;ANKRD28;OPCML;NLGN4X;PCDH17;EEF2K;CPEB3;MACF1;IL1RAPL1;ACTN1;TJP1;NRXN1;LZTS1;LRRC4;FBF1;CLASP2;ZDHHC12;ARHGEF9;JUP;PRKCA;FZD1;RAB17;CDH24;GABRG3;GPHN;CDH26;PTPRJ;PLXNA3;LSAMP;GPM6B;EFNB2;PTPRK;GRID2;ROCK2;CSMD2;AGRN;LRRTM3;JAM3;TEK;ARHGEF7;EPHB3;PKP4;CHD4;ANK2;COL16A1;LRRTM4;GNA13;TLN2;UGT8;PLXNC1;LRFN1;RAP1B;PLXNA1;ACE;GPM6A;GJB1;OPHN1;NLGN2;TSPAN11;DLG5;NTM;IGLON5;ITGB4;NEGR1;CHRNB2;SDK1;FLCN;DSCAM;DLC1;LATS1;IGSF11;LIN7C;STRN;SRGAP1;PCDHB5;ACTN2;PTPN13;LRFN4;NRG3;NECTIN3;PDLIM5;PRICKLE1;CLSTN3;FLRT3;ZDHHC8;NPHP4;EIF4G1;CDH19;PATJ;CDH10;SDC4;CTNNA1;S100A10;GABRB3;LAMC1	Synapse/junction	OPC	C9_ALS_FTD_vs_Ctrl_Occipital_transition	transition_background	17846	72	37	0.36347345044934	0.00000261224580092133			0.00000381789770903887	family_result				
small_GTPase	0.00000948621423475963	0.0000221344998811058	0.593325476396405	-0.276690365448515	-1.58667766163126	414	CSNK1E;KANK1;DOCK11;ARHGEF2;ARHGAP32;RALGPS2;GIT2;PLXNB1;ARFGEF3;GIT1;DOCK4;RAPGEF4;ARHGEF4;RAPGEF2;RB1;NOTCH2;DOCK10;ARAP1;SHOC2;MAPRE2;ARHGEF40;MCF2L;ARHGAP10;AKAP13;IQSEC1;RAPGEF3;DOCK1;SH3BP4;PLEKHG3;HACE1;SRGAP3;SYDE1;RHOQ;DOCK3;TIAM1;LRRK2;OGT;ARHGEF10;TRIO;IQSEC2;ELMO1;DHCR24;GDI1;BCR;DOCK5;DOCK9;RALBP1;ARHGAP17;ARHGAP24;MRAS;ERBB2;CDKN1A;DENND1A;ARHGAP1;DNMBP;FAM13A;ARHGAP21;RIN2;ROBO1;WASF1;ARHGEF9;GMIP;KCTD13;MYO9B;SIPA1L3;PSD3;SIPA1L1;ABR;SPRY1;ITGAV;ROCK2;NOTCH1;MADD;TEK;ARHGEF7;PKP4;CCDC88A;ARHGAP23;EPS8;GNA13;NCKAP1;RHOU;ARHGAP5;RAP1B;RIPOR1;ARHGAP22;OPHN1;PICALM;ARHGAP35;RAP1GAP2;SOS2;ARHGAP12;RGL2;LAT;ARHGAP26;SYNGAP1;ARHGAP19;ARFGAP1;FLCN;KNDC1;ITSN1;SPATA13;DLC1;GARNL3;FXR1;RIT2;DVL3;SIPA1L2;RALGDS;PLD1;NUCB2;RAB3GAP1;FGD1;RALGAPA1;SYDE2;RASA2;RASGEF1B;ARHGAP20;NUP62;GBF1;NGFR;FARP2;SOS1;CYTH2;CGNL1;CDKL5;RASA4B;WNK1;ARHGAP25;RAPGEF6;DIRAS2;NGF;IGF1;RALGAPA2;MICALL2;SPRY4;MAPKAPK5;RHOBTB2;CRK;DENND4B;MAPKAP1;NISCH;VAV3;PLD2;CYTH1;ROCK1;FBXO8;RHOBTB1	Small GTPase	OPC	C9_ALS_FTD_vs_Ctrl_Occipital_transition	transition_background	17846	72	37	0.36347345044934	0.0000221344998811058			0.0000371078380359715	family_result				
axon_development	0.0000444624946191931	0.000077809365583588	0.557332238758646	-0.277268322880356	-1.56649927605741	352	MAPT;KIAA1755;FYN;COBL;DIP2B;PLXNB1;BAIAP2;CYFIP2;GRM7;SLITRK5;NFASC;NOTCH2;RAB10;PARD3;RTN4RL1;ARHGEF40;PLXND1;SHH;PTCH1;MYCBP2;DPYSL5;MAP2;NRCAM;SPTBN4;CNTN1;C9orf72;SEMA6A;TIAM1;ALCAM;TRIO;USP33;GDI1;PAK2;PLXNB3;DNM2;MARK2;NRDC;NCAM1;MACF1;MAPK8IP3;GDNF;ROBO1;NRXN1;STXBP1;NFIB;CLASP2;DSCAML1;JUP;NTN4;PRKCA;ATL1;MMP2;KIFC2;LGI1;LRRC4C;PTPRJ;PLXNA3;VASH2;GPM6B;SIPA1L1;MT3;EFNB2;NOTCH1;EVL;CDKL3;EPHB3;TENM1;DCC;PTPRM;CELSR3;SEMA5A;UNC5C;LYPLA2;PLXNC1;ULK2;OPHN1;NMNAT2;PICALM;TNR;ARHGAP35;DISC1;DHFR;ADGRB1;KLF7;CHRNB2;NTRK2;USP9X;DSCAM;EFNB1;GOLGA4;PALLD;CAMSAP2;ULK1;SEMA3D;BMPR2;CDK5R1;LLGL1;SEMA6D;MAP1A;CHODL;ECE1;SEMA6C;LMO4;STK11;VANGL2;CERS2;PRICKLE1;FLRT3;ANK3;KIF13B;SOS1;CTNNA1;CDKL5	Axon development	OPC	C9_ALS_FTD_vs_Ctrl_Occipital_transition	transition_background	17846	72	37	0.36347345044934	0.000077809365583588			0.000155618731167176	family_result				
heat_response	0.68677494199536	0.942528735632184	0.0704500850658419	-0.203637330215341	-0.890659121948951	71	MAPT;TPR;ATM;DNAJB1;PSIP1;TRPV1;CREBBP;MAPKAPK2;EEF1D;LRP11;DAXX;EIF2B5	Heat response	OPC	C9_ALS_FTD_vs_Ctrl_Occipital_transition	transition_background	17846	72	37	0.36347345044934	0.942528735632184			0.901084010840108	family_result				
protein_stabilization	0.807881773399015	0.942528735632184	0.0653834195468773	-0.167791399279375	-0.878950955886864	201	C10orf90;AKT2;TTI1;PIM2;HCFC1;TSC1;HIP1;CCNH;ATM;MORC3;EHMT1;USP33;USP36;USP19;RASSF2;BAG2;PIK3R1;P3H1;MAPK8IP3;USP13;BAG6;PIM1;TELO2;MT3;GLMP;ANK2;UBE2B;HIP1R;LAMP2;TMC6;PEX6;FLOT2;ZSWIM7;SYVN1;USP9X;NAA16;BAG4;DVL3;DBR1;IP6K2;HSPB1;PEX19;BAG3;WIZ;EP300;CBX4;USP2;TBL1X;GNAQ;CSNK2A1;PPARGC1A;USP7;CREB1	Protein stabilization	OPC	C9_ALS_FTD_vs_Ctrl_Occipital_transition	transition_background	17846	72	37	0.36347345044934	0.942528735632184			0.97243488475716	family_result				
protein_folding	0.976588628762542	0.976588628762542	0.0385579101998489	0.152907012081995	0.750919197112335	189	PFDN1;SELENOF;PPIF;FKBP1A;HSPA13;GFER;PPIC;NUDCD2;CCT6B;PPIL3;PPIH;CD74;PFDN2;MESD;COA3;COX14;DNAJB12;CCT4;TUBA1A;PPIA;CCDC47;DNAJC2;PFDN5;CDC37L1;CCT7;PDIA3;MPDU1;NUDC;CCT6A;SDF2;PDCL3;TBCC;TBCEL;MOGS;MKKS;RIC3;DNAJC7;PDIA6;WDR83OS;PFDN6;RUVBL2;RIC8B;VBP1;CCT8;HSPBP1;DNAJB11;CCT2;HSPA2;ERP29;PPIB;DNAJA3;TXNDC5;ENTPD5;LTBP4;HSPE1;HSPA14;PPIL1;PDCD5;FKBP10;DNAJC24;TBCA;HYPK;NUDCD3;PDRG1;GRPEL2;LMAN1;CRYAB;TOR1A;TCP1;CRTAP;DNAJB14;CALR	Protein folding	OPC	C9_ALS_FTD_vs_Ctrl_Occipital_transition	transition_background	17846	72	37	0.36347345044934	0.976588628762542			1	family_result				
axon_development	0.0000464761895214448	0.000325333326650114	0.557332238758646	-0.285475179570613	-1.54855973366619	367	PALLD;DRAXIN;NREP;NPR2;MAP7D2;B4GALT6;SEMA3A;NEFH;FIGNL2;PAK3;KALRN;CNTN4;FGF13;THY1;PLA2G10;TIAM1;L1CAM;CYFIP1;ARHGEF25;CNTN6;PTPRO;PLXNB1;PTPRS;DRD2;DCLK1;SLIT3;OLFM1;ZPR1;SMO;NTRK2;CCK;EPHA5;MCF2;CHRNB2;SCN11A;NTNG2;NEUROD1;MAP1B;KIF5A;UNC5A;SIPA1L1;NEUROD2;GAP43;NELL2;MEGF8;BRSK2;TIAM2;PRKG1;STXBP1;NPTX1;PLXNA4;NRXN1;NMNAT2;TRIO;EPHA3;EPHA6;TRPC5;ANK3;SEMA3C;DCC;SEMA6A;SEMA6D;RAB3A;CDH1;LMO4;PLXNB3;USP33;PTPRJ;DIP2B;UNC5B;SEMA4C;TRPV2;SLC9A6;EFNA1;NFASC;NLGN3;ROBO2;FLRT3;CHN1;CNTNAP1;PLXNA3;CRTAC1;CDK5R2;SCN1B;MAPK8IP3;CYFIP2;TUBB3;KIAA1755;C12orf57;BAIAP2;CELSR1;SLIT1;PTCH1;SEMA4A;DSCAML1;CTTN;PTN;COBL;LYPLA2;EPHB6;RTN4RL2;SLIT2	Axon development	Oligo	C9_ALS_FTD_Frontal_minus_Occipital_transition	transition_background	21399	72	37	0.45584110844829	0.000325333326650114			0.000158495723239799	family_result				
synapse_junction	0.00624253504010999	0.021848872640385	0.407017918923954	-0.239838172238234	-1.31976333943285	433	VCL;LHFPL4;IL1RAP;AMOT;C1QL2;SH3BP1;CDH13;NLGN2;PRKACA;GABRA1;CUX2;CDH5;FGF13;CDH12;LIN7A;F11R;THY1;LIN7C;CLSTN3;CBLN4;NTRK3;PTPRO;PLXNB1;DMTN;PTPRS;PCDHB2;DRD2;IQSEC2;CLSTN2;GABRA3;GABRB2;CHRNB2;HOPX;NTNG2;PTK2B;MAP1B;GABRA4;GABRG2;ECT2;SLC12A5;MEF2C;CPEB3;GAP43;COL16A1;NLGN1;LRRTM4;ADGRL2;ICAM5;CDH3;NPTX1;PLXNA4;LZTS1;OPCML;NRXN1;IGLON5;ACE;STAU2;EPHA3;PCDHB13;HAPLN4;RNF7;ADGRL3;CDH10;RAPGEF1;GABRA2;CDH1;CDH4;PLXNB3;PTPRJ;CDHR3;SEMA4C;DUSP22;CDH18;LRRTM2;NLGN3;PLXNA2;ROBO2;FLRT3;CRMP1;ASIC1;GPM6A;ARHGEF9;EGFLAM;ACTN1;CNTNAP1;TLR2;BSN;DRD1;PLXNA3;CRTAC1;MARVELD3;LRFN1;ITGA6;STRN;NRXN2;CYFIP2;ABI2;KDR;ASIC2;GABRB3;UBE3B;FARP1;SLIT1;SEMA4A;CTTN;DUSP3;RCC2;RTN4RL2;CSMD2;CNTNAP2;PIP5K1A;PTPRD;DOCK1;DKK1;SEMA4D;CDH9;THSD1;PCDHB14;RAP2A;PDZD11;PIP5K1C;ARHGAP33;CAMSAP3;CASKIN1;AGRN;SLITRK1;GPM6B;ELMO1;PLXND1;PCDHB11;RTN4RL1;SLITRK4;TEK;ADD2;GRIA1;KIRREL3;PCDHB5;GREM1;SNAI1;PLXNB2;NLGN4Y;SRGAP1;VEGFA;PPP1R9B	Synapse/junction	Oligo	C9_ALS_FTD_Frontal_minus_Occipital_transition	transition_background	21399	72	37	0.45584110844829	0.021848872640385			0.0153751325987894	family_result				
protein_folding	0.0410958904109589	0.0958904109589041	0.276500599254472	0.273405029438711	1.29969477974483	201	PDCL2;CDC123;TBCE;PFDN4;DNAJC2;P4HB;HSP90AA1;NGLY1;PBDC1;CCT4;HSPA2;GRPEL2;DNAJC25;TXNDC5;CCT6A;HSPA4;PDRG1;PPIL3;FKBP4;CHCHD4;RIC3;ZMYND10;CANX;CCT3;BAG3;NUDCD2;TTC4;CCDC47;FKBP1C;DNAJB12;HSPA9;AHSA1;DNAJC3;CDC37L1;TCP1;CMC1;RUVBL2;TBCB;PTGES3;HSPA6;DNAJB11;FKBP1A;DNAJB4;HSP90B1;CRYAB;PDIA3;DNAJA3;PFDN6;DNAJA4;TUBA1A;HSPA1A;DNAJA1;RIC8A;BAG2;ST13;HSPB1;CRTAP;UGGT1;CALR;CSNK2A1;HSPD1;MPDU1;METTL21A;PFDN2;HSPE1;DNLZ;HSP90AB1;FKBP10;ATF6;ALG12;SDF2;PPID;BAG4;HYPK;PDIA6;HSPA5;PFDN1;CCT7;SIL1;HSPA4L;HSPH1;TTC1;WIPF1;MESD;BAG5;CHORDC1;RANBP2;DNAJA2;TBCC;DNAJC18;ERP44;PPIF	Protein folding	Oligo	C9_ALS_FTD_Frontal_minus_Occipital_transition	transition_background	21399	72	37	0.45584110844829	0.0958904109589041			0.0828144458281445	family_result				
small_GTPase	0.429602888086643	0.746379044684129	0.124434168630393	-0.182611335710871	-1.00795269603384	451	CDC42EP3;RAPGEFL1;ERAS;ALS2;DEF6;SH3BP1;RASGRP1;CDH13;RAB35;ARHGAP26;KALRN;F11R;TIAM1;ARHGEF17;CYFIP1;CHP1;ARHGEF25;ARHGEF10L;PLXNB1;RAPGEF4;DIRAS1;FGD3;IQSEC2;RAB15;RAP1GAP;TNK2;MCF2;FGF10;ARHGAP44;PLEKHG3;MCF2L;DENND3;ECT2;LARGE1;SIPA1L1;TIAM2;NUCB2;ARHGAP1;ARHGAP27;ARFGAP1;TRIO;RIPOR1;FGD1;CDKN2A;ABR;GIT2;DNMBP;SGSM3;RAPGEF1;KCTD13;LAT;RND1;RTKN;NGEF;NUP62;RALGDS;PREX1;PLK2;RABIF;MADD;RHOQ;ARHGEF1;PSD;MAPKAPK5;RHOU;RAB33A;ARHGAP31;RHOBTB2;RAP2B;CHN1;ARHGEF9;RASAL1;RAB6C;SH3BP4;TSC2;RASGRP2;CDC42SE1;STARD8;RASIP1;DENND4C;ABI2;NRAS;PSD4;SYDE2;DOCK9;FARP1;CELSR1;CDC42SE2;TAGAP;PLD1;IQSEC1;SYNPO2;RIT1;FARP2;SIPA1;RHOF;DAB2IP;APOA1;RIT2;USP50;SLIT2;KSR2;DOCK5;ARFGEF2;ITSN1;PIN1;DIRAS2;DOCK1;PPP1CB;SOS2;SEMA4D;RAPGEF3;RAP2C;SIPA1L3	Small GTPase	Oligo	C9_ALS_FTD_Frontal_minus_Occipital_transition	transition_background	21399	72	37	0.45584110844829	0.746379044684129			0.621056349081777	family_result				
protein_stabilization	0.533127889060093	0.746379044684129	0.0628003977812234	0.203829033167961	0.972291139637699	209	TSPAN1;CREB1;HSP90AA1;PYHIN1;COG3;UBE2B;CCT4;CBL;CFP;RTN4;USP27X;CCT6A;CHEK2;IGF1;PDRG1;SWSAP1;NAPG;MUL1;CREBL2;TBRG1;SYVN1;COG7;RAB21;CCT3;BAG3;GTPBP4;PIH1D2;PIM1;CDC37L1;TCP1;RUVBL2;GET1;PEX6;MYCNOS;MT3;SMAD7;SAV1;PTGES3;CBLB;LAMP1;MORC3;NAA15;CRYAB;USP19;TMC8;PTEN;NAA30;DNAJA3;STK3;PFDN6;TUBA1A;HSPA1A;BAG2;HSPB1;CRTAP;PML;CALR;CSNK2A1;HSPD1;SOX4;URI1;PFDN2;DNLZ;UFL1;COA8;MFSD1;HSP90AB1;CEP63;GPIHBP1;PAQR4;IRGM;TTI2;BAG4;DNAAF2;HYPK;PFDN1;ATP1B1	Protein stabilization	Oligo	C9_ALS_FTD_Frontal_minus_Occipital_transition	transition_background	21399	72	37	0.45584110844829	0.746379044684129			0.734907060293658	family_result				
mitochondrial_energy	0.843915343915344	0.957654723127036	0.0667426134241917	-0.181452706261493	-0.829866522980082	111	NDUFS3;CCNB1;SLC25A51;NDUFA6;NDUFA7;SIRT3;ATP5PD;COX7B2;UQCRHL;MLXIPL;NDUFA10;NDUFA3;ATP5IF1;COX7A1;COX7B;NDUFA2;COX5A;NDUFA5;UQCRH;COX8A;NDUFS7;CYCS;ATP5F1B;ATP5PO;NDUFS8;ATPSCKMT;ETFRF1;UQCRC1;SDHA;NDUFA12;NDUFS5;NDUFC2;PARK7;SHMT2	Mitochondrial energy	Oligo	C9_ALS_FTD_Frontal_minus_Occipital_transition	transition_background	21399	72	37	0.45584110844829	0.957654723127036			0.97243488475716	family_result				
heat_response	0.957654723127036	0.957654723127036	0.0382416816260774	0.175117036172546	0.716798539396536	77	DNAJC2;HSP90AA1;VCP;HSPA2;IGF1;DHX36;BAG3;MAPKAPK2;EIF2S1;HSPA6;HIKESHI;DNAJB4;CRYAB;DNAJA3;DNAJA4;ATXN3;HSPA1A;HDAC2;DNAJA1;HSPB1;RBBP7;AKT1;IER5;CLPB;EIF2B2;HSP90AB1;CREBBP	Heat response	Oligo	C9_ALS_FTD_Frontal_minus_Occipital_transition	transition_background	21399	72	37	0.45584110844829	0.957654723127036			1	family_result				
mitochondrial_energy	0.0000000001	0.0000000007		0.617662621201905	2.94485769824001	111	SDHD;COX7A2L;NDUFB1;ATP5PF;ATP5MG;UQCRB;ATP5ME;NDUFB5;NDUFB10;C2orf69;NDUFC2;UQCR11;NDUFB11;NDUFB2;ATP5PB;CHCHD2;COX6B2;ATP5F1E;COX6C;NDUFS3;UQCC3;COX6A1;COX4I1;COX6B1;NDUFB7;NDUFV2;COX7A2;COX5A;COX7C;NDUFB9;NDUFA8;UQCRQ;NDUFS6;NDUFAB1;NDUFA13;NDUFA1;NDUFS5;NDUFB8;STOML2;ATP5F1D;CYC1;RHOA;NDUFA11;VCP;SDHC;COX5B;NDUFA5;NDUFB4;ATP5MF;UQCRH;ANTKMT;ATP5PO;NDUFS4;UQCRC1;NDUFB3;UQCR10;NDUFA9;CYCS;NDUFA12;ISCU;ATP5F1C;ATP5F1B;COX7A1;SLC25A33;DNAJC30;NDUFC1;PARK7;NDUFAF1;NDUFA3;COX7B;UQCRFS1;GHITM;COX8A	Mitochondrial energy	Oligo	C9_ALS_FTD_vs_Ctrl_Frontal_transition	transition_background	21399	72	37	0.45584110844829	0.0000000007			0.00000000095	family_result				
protein_folding	0.00187783507451009	0.00657242276078532	0.45505986738723	0.295148328888994	1.53571995915705	201	PFDN2;TUBA1A;PFDN1;HSPA2;ERO1A;SELENOF;PDCL2;LMAN1;CDC123;HSPA13;FKBP1A;NPPC;CRTAP;MPDU1;DNAJA2;PFDN4;PPIL1;TBCB;ERP29;PPIB;WDR83OS;DNAJC2;NUDCD2;PBDC1;CCDC47;CCT2;TBCA;CMC1;DNAJC24;DNAJC7;CRYAB;GRPEL2;CCT7;RP2;CCT6A;SDF2;TBCC;FKBP9;PPIA;CDC37L1;METTL21A;VBP1;CCT8;COA3;HSPBP1;ARL2;CALR;RUVBL2;TTC1;PDIA3;HSPE1;HSP90AB1;PFDN5;BAG1;DNAJA3;PPIL3;DNAJC10;NGLY1;MESD;CHCHD4;CANX;DNAJC18;DNAJC3;DNAJB12;HSPA4;GRN;DNAJC25;COX14;PPIF;TBCEL;SDF2L1;CCT3;HSPA6;DNAJB14;PFDN6;GRPEL1;HSPA8	Protein folding	Oligo	C9_ALS_FTD_vs_Ctrl_Frontal_transition	transition_background	21399	72	37	0.45584110844829	0.00657242276078532			0.00499504129819684	family_result				
protein_stabilization	0.0214556697488695	0.0500632294140289	0.352487857583619	0.250948229849337	1.30811685369477	209	PFDN2;TUBA1A;PFDN1;GET1;LAMP2;ATP1B1;SUMO1;MUL1;LAMP1;URI1;UFL1;NAA30;STX12;PAQR4;CRTAP;PPIB;SAV1;CCT2;IGF1;STK4;GAPDH;CBL;STUB1;IRGM;CTNND1;DNAAF2;TTI2;CRYAB;CCT7;NAPG;RAB21;CCT6A;PLPP3;ATP1B3;PFN2;CDC37L1;PFN1;VBP1;CCT8;RTN4;PHB2;CDK7;CALR;SYVN1;RUVBL2;HSP90AB1;PFDN5;PARK7;BAG1;DNAJA3;PIN1;NAA15;COA8;TNIP2;EFNA1;FBXW7;GRN;PYURF;PAK4;CCT3;GLMP;TBRG1;PFDN6;PDCD10;SEL1L;PTEN;CAMLG;TRIM37;EGLN3;SPAG1;PDCL3;RABL3;PINK1;PDRG1;CHP1;CCT4;CD74;NOP53;NLK	Protein stabilization	Oligo	C9_ALS_FTD_vs_Ctrl_Frontal_transition	transition_background	21399	72	37	0.45584110844829	0.0500632294140289			0.0475600679433275	family_result				
heat_response	0.39041095890411	0.683219178082192	0.100633389423036	0.230490128677129	1.03393381615238	77	HDAC2;HSPA2;SUMO1;HSBP1;RBBP7;DNAJA2;DNAJC2;EIF2B2;IGF1;STUB1;DNAJC7;CRYAB;YWHAE;ATXN3;VCP	Heat response	Oligo	C9_ALS_FTD_vs_Ctrl_Frontal_transition	transition_background	21399	72	37	0.45584110844829	0.683219178082192			0.576940639269406	family_result				
small_GTPase	0.853620955315871	1	0.0409883873374721	-0.163708931732075	-0.882412455326312	451	OGT;CSNK1E;LAT;MCF2L;ARHGEF10L;SNTA1;TNK2;PREX1;ARHGEF9;DOCK9;BCR;ARHGAP33;SH3BP4;IQSEC1;F11R;ARHGEF10;SRGAP3;ARHGEF1;RAPGEF3;ALS2;ARHGAP23;SH2D3A;RAPGEF1;GIT2;ERBB2;ARFGAP1;ERAS;PLEKHG3;ARHGEF17;RAB35;TSC2;SGSM3;NISCH;GARNL3;LZTR1;RELN;DENND4B;RGL1;ARHGEF2;KSR1;MADD;CRK;ARHGAP1;STARD8;RAPGEF4;CYTH1;PLXNB1;GPR55;SH3BP1;DOCK4;RALGDS;FARP2;SIPA1L3;SHOC2;DAB2IP;MAPKAP1;DOCK10;LARGE1;PLEKHG4;SEMA4D;IQSEC2;ARHGEF25;DOK3;TRIO;RHOF;RAP1GAP;NOTCH1;PTH;FLCN;RGL2;FAM13A;WAS;ARHGAP19;DBNL	Small GTPase	Oligo	C9_ALS_FTD_vs_Ctrl_Frontal_transition	transition_background	21399	72	37	0.45584110844829	1			0.97243488475716	family_result				
synapse_junction	0.983098591549296	1	0.0623861492893626	0.147757821745872	0.829754041529469	433	CD9;CLDN11;CDC42;SFRP1;FN1;CAPZA1;S100A10;GJB1;RHOG;PCDHB4;FBXO45;APOD;UBE2M;PDCD6IP;FSCN1;CTNNB1;PTPN1;LSR;VPS35;CDH1;SKP1;ZDHHC12;EPB41L3;LRRTM3;APP;RAC1;DNER;NEDD8;SDC4;CDH13;UGT8;NTN1;ARF6;RAP1A;CFL1;CUL5;RHOA;S1PR2;GHRL;SRGAP2C;TRIM47;NLGN3;SRGAP2B;RAMP2;RHOC;PCDHB9;PARD6B;ACTB;NECTIN3;RTN4;ACTG1;SDC2;MUSK;LRRTM4;CRIPT;TEK;ARL2;HIPK1;PTPN13;MARVELD3;TESK2;MAP4K4;PRKCH;PCDHB16;SIGMAR1;SLITRK2;IGSF11;FLOT1;GRID2;VMP1;TRPV4;PDLIM5;FRMPD2;PCDHB14;VLDLR;PCDHB10;CLDN5;CDH19;CTNNA1;ZDHHC2;RAP2A;ZNF703	Synapse/junction	Oligo	C9_ALS_FTD_vs_Ctrl_Frontal_transition	transition_background	21399	72	37	0.45584110844829	1			1	family_result				
axon_development	1	1	0.0338984188001938	-0.1278383193522	-0.675686924983014	367	PLXNB3;KIAA1755;MACF1;SPTBN4;ULK1;RUFY3;NFASC;PTCH1;MAPK8IP3;FIGNL2;DSCAML1;ROBO3;SEMA3F;MAPT;NPR2;SEMA6A;CELSR3;FYN;CHODL;CNTNAP1;C9orf72;PLXND1;RELN;ECE1;MYCBP2;TAOK2;MAP6;UNC5B;PLXNB1;RET;PRKCQ;BMPR2;EFNA4;KIFC2;PLXNB2;PLEKHG4;SEMA4D;DNM2;ARHGEF25;TRIO;NTNG2;SZT2;EPHA7;NCAM1;SCN11A;BRSK2;CDKL3;MAP1B;NOTCH1	Axon development	Oligo	C9_ALS_FTD_vs_Ctrl_Frontal_transition	transition_background	21399	72	37	0.45584110844829	1			1	family_result				
mitochondrial_energy	0.0000000001	0.0000000007		0.682503490954015	3.24048288657894	111	NDUFS3;NDUFB1;COX7A2L;UQCRB;NDUFC2;COX5A;ATP5PF;SDHD;NDUFB5;NDUFA5;UQCRH;ATP5MG;NDUFS5;NDUFB11;COX7A1;NDUFA13;COX7A2;NDUFA8;ATP5PO;NDUFB10;NDUFA6;NDUFA1;CYCS;CHCHD2;NDUFB2;COX6A1;COX6B1;NDUFA3;UQCRC1;NDUFAB1;ATP5PB;COX7C;ATP5PD;COX7B;NDUFB9;NDUFA11;ATP5F1B;NDUFB8;COX5B;NDUFA12;COX4I1;UQCRQ;COX8A;ATP5F1D;COX6C;UQCR10;UQCR11;ATP5MF;PARK7;NDUFA2;NDUFS8;ATP5IF1;NDUFS6;NDUFA7;NDUFB3;NDUFB7;RHOA;ATP5F1E;UQCC3;UQCRFS1;NDUFC1;NDUFB4;ATP5ME;NDUFS7;GHITM;SHMT2;ISCU;SDHA;CYC1;CCNB1;STOML2;ETFRF1;ATP5F1C	Mitochondrial energy	Oligo	C9_ALS_FTD_vs_Ctrl_Occipital_transition	transition_background	21399	72	37	0.45584110844829	0.0000000007			0.00000000095	family_result				
axon_development	0.014415117422838	0.0504529109799329	0.380730400722792	0.229185807991872	1.28238934874608	367	DCC;PALLD;PLP1;CDH1;PGRMC1;VANGL2;SLC25A46;NLGN3;C12orf57;SCN1B;DRAXIN;PTN;DRD2;TSPO;TENM3;PLA2G10;THY1;OLIG2;LMO4;PRKG1;PTPRO;CCK;APOD;TRPC5;TIAM1;SEMA3C;NPTN;EFNA1;RTCA;RAB3A;CERS2;CNTN6;EPHA5;CHN1;S100A6;TUBB3;NREP;TENM1;OLFM1;SVBP;KIF5A;GAP43;SSNA1;PAK3;OLIG1;SLIT3;SPP1;SIAH1;SLC9A6;DCLK1;CSPG5;NTNG1;PTPRS;SEMA4C;USP33;DIP2B;FGF13;CDK5R2;B4GALT6;APLP2;APP;CTNNA1;GRN;SEMA3A;APLP1;MAG;FEZ2;TWF2;L1CAM;GPM6B;PPP3CB;BDNF;METRN;RYK;ACTG1;NELL2;RAC1;EPHA6;CDK5R1;SIPA1L1;LYPLA2;NEUROD1;CHRNB2;CDK5;CYFIP1;PICALM;PAK1;RAB8A;TRPV2;ZDHHC17;PARD6B;ACTB;MCF2;TIAM2;DAG1;BSG;ZPR1;ROBO2;NEXN;NMNAT2;FEZ1;PLXNC1;VASP;KALRN;ADAM17;VIM;NEUROD6;NRXN1	Axon development	Oligo	C9_ALS_FTD_vs_Ctrl_Occipital_transition	transition_background	21399	72	37	0.45584110844829	0.0504529109799329			0.0330553554696112	family_result				
protein_stabilization	0.0373685709147712	0.0871933321344662	0.321775918075361	0.242974737527019	1.27190150787546	209	PFDN2;LAMP2;PFDN1;TUBA1A;ATP1B1;SUMO1;GET1;CHP1;URI1;CTNND1;UFL1;PFN2;EGLN3;EFNA1;STX12;GAPDH;BAG1;NOP53;LAMP1;STK4;VBP1;PAQR4;PPIB;CD74;PIN1;MUL1;PFDN5;PARK7;ATP1B3;NAA30;UXT;CCT2;PHB2;TRIM37;CDKN2A;PFN1;STUB1;USP33;CRTAP;CDK7;PLPP3;PPARGC1A;GRN;DNAAF2;TTI2;IRGM	Protein stabilization	Oligo	C9_ALS_FTD_vs_Ctrl_Occipital_transition	transition_background	21399	72	37	0.45584110844829	0.0871933321344662			0.0764618451025319	family_result				
synapse_junction	0.0588665866892305	0.103016526706153	0.321775918075361	0.207422805143705	1.18209203275626	433	CD9;FN1;CDH13;CDH1;VCL;CLDN11;CDC42;LRRTM4;NLGN3;LSR;EPB41L3;PCDHB4;DRD2;CBLN4;SFRP1;UBE2M;MARVELD3;C1QL2;THY1;DNER;RHOG;FBXO45;LRRTM3;PTPRO;APOD;UGT8;IL1RAP;GJB1;TEK;STAU2;CUL5;HOPX;CFL1;PCDHB14;RAP2A;LHFPL4;TESK2;STRN;FSCN1;FLOT1;VPS35;CPEB3;GAP43;MEF2C;GRID2;GABRA1;MUSK;ARF6;PCDHB16;SKP1;PDZD11;PTPRS;SRGAP2B;RHOA;ARL2;IGSF11;SEMA4C;ICAM5;PDLIM5;KDR;RAP1A;SDC4;FGF13;GABRB2;PRKACA;ANKRD28;CRMP1;ITGA6;CAPZA1;APP;CTNNA1;NEDD8;OCEL1;LRFN1;CDH3;GABRA2;CTNNB1;GABRG2;NECTIN3;GABRG1;LIN7C;ARHGAP6;PDCD6IP;DMTN;CNTNAP2;FARP1;LIN7A;ADGRL2;GABRA4;GPM6B;GHRL;RNF7;ZDHHC2;BDNF;CDH9;RYK;ACTG1	Synapse/junction	Oligo	C9_ALS_FTD_vs_Ctrl_Occipital_transition	transition_background	21399	72	37	0.45584110844829	0.103016526706153			0.111846514709538	family_result				
protein_folding	0.151785714285714	0.2125	0.197822021315103	0.215382753174091	1.12473755808053	201	ERO1A;PFDN2;PFDN1;TUBA1A;SELENOF;LMAN1;NPPC;COA3;PPIA;HSPA13;RP2;ERP29;BAG1;TBCA;GRPEL1;HSPA2;VBP1;DNAJC24;WDR83OS;FKBP1B;PPIB;PPIL1;CD74;PFDN5;DNAJA2;CCT2;COX14;DNAJC7;ARL2;MPDU1;PPIE;CRTAP;TAPBP;FKBP1A;FKBP9;DNAJC10;GRN;TOR1A;PTGES3L;DNAJB14;CCT7;TBCEL;TBCC;SDF2;MKKS;HSPA8;CCT8;DNAJB7;HSPA14;HSPBP1;NPPA;TBCB;CRYAB;GFER;CLPX;METTL21A;ZPR1;ANP32E;NUDCD2;CCDC47;PDCD5;TTC1;CMC1	Protein folding	Oligo	C9_ALS_FTD_vs_Ctrl_Occipital_transition	transition_background	21399	72	37	0.45584110844829	0.2125			0.255537974683544	family_result				
heat_response	0.572847682119205	0.66832229580574	0.0628003977812234	-0.223627375893123	-0.938570469893722	77	MAPT;HSPB6;FGF1;EIF2B3;HSP90AA1;HSF1;IRAK1;TPR;ATM;TRPV1;EIF2B5;CLPB;LRP11;MAP2K7;HDAC6;DNAJB1;HSPA1B;EEF1D;HSPA1A;AKT1;EIF2B1;DNAJB4;DHX36;DNAJA4;ATR	Heat response	Oligo	C9_ALS_FTD_vs_Ctrl_Occipital_transition	transition_background	21399	72	37	0.45584110844829	0.66832229580574			0.7695832497157	family_result				
small_GTPase	0.981684981684982	0.981684981684982	0.0755015292281669	0.144991974873713	0.83577458713414	451	CDH13;CADM4;CDC42;KRAS;RALA;RASGRP1;USP50;RAPGEFL1;LPAR1;PPP1CC;CHP1;FAM13B;TAGAP;RHOG;RAP2B;KBTBD7;ARHGAP24;HACD3;TIAM1;TEK;RAB15;RDX;CHN1;RAB33A;FGD1;CFL1;PLCE1;RAP2A;ITGAV;PIN1;PARK7;CDC42EP3;ARHGDIG;ARHGEF28;NRAS;ARF6;DENND4C;PPP1CB;GABARAP;RHOA;DOCK2;ARHGAP15;CDKN2A;WASF1;FBP1;BRAP;NUCB2;NUCB1;PLD1;BRK1;RAP1A;PRAG1;STAMBP;RAB6C;NF1;CDC42SE2;ADGRG1;ARHGAP28;ARHGAP11A;RASGEF1B;SYNPO2L;RND1;ARHGAP6;GRB2;FARP1;SOS2;TAX1BP3;RAPGEF6;ABR;RASA4;RABIF;RAB4B;NGEF;CUL3;RALGAPB;RAB9A;SCAI;RIT2;RAC1;RHOU;FGD3;CTNNAL1;SIPA1L1;PLK2;ARHGAP18;RND3;CYFIP1;ARHGAP29;PICALM;RASIP1;DIRAS3;STMN3;USP8;MCF2;TIAM2;DIRAS2;HRAS;DAG1;RAB4A;RAPGEF5;RAB39B;SRC;CXCL13;ARHGAP26;ARHGAP27;ARHGEF3;GNA12;ECT2;TGFB2;PSD;RACGAP1;KALRN;RHOV	Small GTPase	Oligo	C9_ALS_FTD_vs_Ctrl_Occipital_transition	transition_background	21399	72	37	0.45584110844829	0.981684981684982			1	family_result				
mitochondrial_energy	0.00000000030822698828421	0.00000000215758891798947	0.814035837847908	0.513923981462836	2.35110640045562	107	ATP5PF;GHITM;NDUFA2;CHCHD2;UQCRH;PINK1;DGUOK;CYCS;ATP5F1B;UQCRB;PARK7;NDUFA13;NDUFC2;COX6A1;NDUFA6;NDUFB11;NDUFS6;NDUFA11;UQCRFS1;ISCU;DNAJC30;UQCR11;NDUFB2;NDUFS5;COX6B1;NDUFB3;NDUFC1;ATP5PD;RHOA;SNCA;NDUFA9;NDUFB9;NDUFA12;NDUFAB1;NDUFAF1;COX7A1;NDUFB4;NDUFA8;ANTKMT;ATP5ME;ATP5F1E;COX7A2L;C2orf69;COX8A;AK4;COX7A2;ATP5PB;NDUFA1;ATP5MF;NDUFB5;ATP5PO;COX6C;COX5A;ABCD1;UQCR10;NDUFB10;NDUFB8;NDUFA3;COX7C;VCP;NDUFB6;UQCRQ;COX5B;ATP5F1A;NDUFV2;NDUFB1;COX4I2;MLXIPL	Mitochondrial energy	Vascular	C9_ALS_FTD_vs_Ctrl_Occipital_transition	transition_background	14637	54	34	0.278551726441978	0.00000000215758891798947			0.0000000025621368401125	family_result				
small_GTPase	0.00373166707243751	0.0130608347535313	0.431707695803346	-0.246942119187966	-1.35990991334349	409	MADD;RHOF;ARAP1;GRAP;RB1;CYFIP1;BCAR3;RHOJ;ARHGEF11;SIAH2;ARHGEF2;ARHGAP22;RIPOR2;GNA13;TIAM2;ARHGEF7;ARHGAP6;ARFGEF1;SOS2;MAP4K4;APOE;RGL3;MAPRE2;SPRY4;RAB12;WNK1;SIPA1L1;RAB9A;FAM13B;SGSM3;NISCH;ROCK2;ARRB1;ITGA3;RASA4B;RHOU;PLEKHG3;ABL1;RALGAPA2;DENND3;DOCK6;ARHGEF9;FAM13A;OBSCN;LAMA1;RASSF1;KSR1;CCDC88C;CUL3;DOCK7;RALGPS2;NTRK1;RAPGEF3;RAB4B;ABCA1;KALRN;ARHGAP21;KBTBD7;FGF10;IQSEC1;MYO9A;ARHGAP17;RHOQ;RALGDS;DOCK11;PPP1CA;ARHGAP33;ARHGAP20;VAV3;OGT;RASA2;CDK2;SYDE2;ABI2;RASL12;DENND4A;GNA12;RAP2C;RASGEF1C;MYO9B;LRP4;ARHGAP24;IQSEC2;WNT4;RRAGC;RASGRP2;NOTCH2;RABIF;ARFGAP1;LZTR1;ARHGEF17;PLXNB1;GDI2;ARHGAP18;MCF2;ARFIP2;ARHGEF19;CYTH3;ERBB2;CSNK1E;GBF1;NGF;MCF2L;LARGE1;CDC42EP4;ARHGAP5;PKP4;CSNK1A1;ARHGAP10;PLK2;SHOC2;DENND4B;AKAP13;AUTS2;RAB21;BRAP;DOCK1;SQSTM1;RGS19;ARHGEF10;ARHGEF3;ARHGEF15;ARHGAP4;FGD1;RASGRF2;ARHGAP19;ARHGAP23;BCR;ARHGAP26;ITGAV;ARHGEF18	Small GTPase	Vascular	C9_ALS_FTD_vs_Ctrl_Occipital_transition	transition_background	14637	54	34	0.278551726441978	0.0130608347535313			0.00973160236537626	family_result				
heat_response	0.0233639434770748	0.049043162811978	0.352487857583619	0.330950630259046	1.45733483377955	77	ATXN3;DNAJA2;PSIP1;ATR;EIF2B3;SIRT1;SOD1;DNAJB6;PDCD6;HSBP1;TCIM;EEF1D;ATM;DNAJA3;NOS3;RBBP7;TRPA1;CRYAB;GSK3B;GCLC;BAG3;HSP90AB1;STUB1;HTRA2;HSP90AA1;DNAJC2;AKT1;HIKESHI	Heat response	Vascular	C9_ALS_FTD_vs_Ctrl_Occipital_transition	transition_background	14637	54	34	0.278551726441978	0.049043162811978			0.0509410570893598	family_result				
protein_folding	0.0328965929288815	0.049043162811978	0.321775918075361	0.270311306141188	1.34705264041177	185	DNAJC24;DNAJA2;MESD;BAG1;CALR;ENTPD5;FKBP8;VBP1;DNAJB6;PPIL3;PPIG;CCT7;PPID;NUDC;DNAJC25;RIC8B;TUBA1A;UNC45A;ERP29;CMC1;PFDN2;CLPX;HSPA14;CCT6A;DNAJA3;ERO1A;DNAJC10;NUDCD2;PPIB;COX14;ERP44;DNAJB12;CRYAB;BAG3;HSP90AB1;LTBP4;NAA10;HSP90AA1;CWC27;MOGS;HSPA8;DNAJC2;TBCB;PFDN5;ARL2;AIFM1;AHSA1;NFYC;CCT5;DNAJB11;TAPBP;PDIA3;CCT2;WDR83OS;ST13;DNAJB5;SDHAF4;PFDN6;PPIA;LMAN1;PPIL2;CCDC47;PPIE;HSPA4;HSPA4L;CCT8;HSPE1;CLU;P4HB;HSPB6;SELENOF;COA3;DNAJA4;HSPBP1;MPDU1;PDRG1;SDF2L1;CCT3;PDIA6;RANBP2;DNAJC21;CANX;PPIC;ZPR1;HSPD1	Protein folding	Vascular	C9_ALS_FTD_vs_Ctrl_Occipital_transition	transition_background	14637	54	34	0.278551726441978	0.049043162811978			0.0694483628498609	family_result				
synapse_junction	0.0350308305799843	0.049043162811978	0.321775918075361	0.222782690979722	1.22170290262105	401	SPOCK2;CD9;CUL5;CLSTN3;IL1RAP;FBXO45;RAMP2;SKP1;CRMP1;FSCN1;ACTB;CAV1;NRG3;CFL1;SDC4;ANKRD28;EFNB2;LSAMP;RHOC;CDH13;ANK2;PTPRJ;GABRB2;ROBO2;ERBB4;KDR;EPHA7;TLN2;PCDHB10;CDH18;TEK;PDCD6IP;VPS35;GABRA1;DNER;SEMA4D;GABRG2;PCLO;NEDD8;RAP2A;HOPX;LRRTM4;ITGB1BP1;SRGAP1;GJB6;CDC42;CLSTN2;RHOA;PCDHB9;CNTN5;CDH6;LRRTM2;DAPK3;NRXN1;SNCA;RTN4RL1;IL1RAPL2;PDZD11;ADD2;NLGN4X;RAC1;MAP1B;GPM6A;NPHP4;DMTN;NRXN3;GAP43;GPC4;MEF2C;LIMCH1;FARP1;CAPZA1;DAG1;ABI3;NTM;RAB29;ADGRL2;EPHA3;SRC;VCL;SEMA4C;SPTBN2;SRGAP2B;FLRT3;ACVRL1;MPP7;CRIPT;ESAM;NRCAM;PCDHB4;LIN7C;ACTG1;MARVELD2;OCEL1;CRKL;CUX2;THY1;UBE2M;CYFIP2;ARL2;S100A10;PTPRD;PLEC;PHLDB2;LSR;CDH10;SLITRK4;PLXNC1;GPHN;SMAD7	Synapse/junction	Vascular	C9_ALS_FTD_vs_Ctrl_Occipital_transition	transition_background	14637	54	34	0.278551726441978	0.049043162811978			0.0727984447990299	family_result				
protein_stabilization	0.257692307692308	0.300641025641026	0.116234148779716	0.217067971888297	1.09634682673917	196	STX12;CDK7;BAG1;CALR;PPARGC1A;RABL3;PINK1;ANK2;LAMP1;NAA30;PARK7;DSP;ATP1B1;VBP1;PYURF;TMEM88;CCT7;GAPDH;DVL3;PFN1;TUBA1A;GLMP;OTUD3;COG3;POLR2E;PFDN2;CCT6A;ATM;DNAJA3;PIN1;PDCD10;TTI2;PPIB;NCLN;PAQR4;CRYAB;PFN2;GET1;BAG3;HSP90AB1;STUB1;DBR1;HSP90AA1;TMC6;SEL1L;CTNND1;CHP1;TBL1X;PFDN5;TESC;SPAG1;RUVBL1;WIZ;PIM1;CCT5;CHEK2;CBX4;SMAD7;CCT2	Protein stabilization	Vascular	C9_ALS_FTD_vs_Ctrl_Occipital_transition	transition_background	14637	54	34	0.278551726441978	0.300641025641026			0.412928637627433	family_result				
axon_development	0.358527131782946	0.358527131782946	0.0959206777921745	0.19184074205479	1.03056094522786	332	KIF5B;TENM3;NREP;LMO4;ACTB;DCC;SEMA4B;B4GALT6;EFNB2;CNTN1;MAP2;NTNG1;SLC9A6;PTPRJ;CTNNA2;ROBO2;EPHA7;NPTN;CERS2;EPHA5;CHN1;CXCL12;EPHA6;NELL2;UNC5D;SEMA3A;KIF21A;CCK;PTN;SEMA4D;KIF5A;TUBB3;VIM;FAT4;ATL1;SLIT2;OLFM1;LIMK1;RAB3A;PICALM;APLP1;BRSK1;SEMA7A;CDK5R1;ADGRB1;CNTN5;LRRC4C;NRXN1;ANK3;RTN4RL1;SSNA1;SEMA3C;ANOS1;RAC1;FGFR2;MAP1B;ROBO1;ZDHHC17;SKIL;SEMA3B;TENM2;SPP1;ANAPC2;SLC25A46;NRXN3;GAP43;PAK1;DAG1;GSK3B;EPHA3;SEMA4C;PALLD;SLIT3;FLRT3;NRCAM;SIAH1;ACTG1;SEMA3G;THY1;CYFIP2;MAG;UNC5C;PRKG1;TIAM1;SZT2;PGRMC1;SLITRK4;PLXNC1;EDN1;COBL	Axon development	Vascular	C9_ALS_FTD_vs_Ctrl_Occipital_transition	transition_background	14637	54	34	0.278551726441978	0.358527131782946			0.541864869626498	family_result				
																				asset_donor_partition	4a329bbe-e4e6-4816-a902-116458bc91f5	occipital	C9_FTD_and_control	QSBBP1716
																				asset_donor_partition	4a329bbe-e4e6-4816-a902-116458bc91f5	occipital	C9_FTD_and_control	QSBBP1717
																				asset_donor_partition	4a329bbe-e4e6-4816-a902-116458bc91f5	occipital	C9_FTD_and_control	QSBBP2417
																				asset_donor_partition	4a329bbe-e4e6-4816-a902-116458bc91f5	occipital	C9_FTD_and_control	QSBBP9917
																				asset_donor_partition	4a329bbe-e4e6-4816-a902-116458bc91f5	occipital	C9_FTD_and_control	QSBBP2315
																				asset_donor_partition	4a329bbe-e4e6-4816-a902-116458bc91f5	occipital	C9_FTD_and_control	JHU101
																				asset_donor_partition	4a329bbe-e4e6-4816-a902-116458bc91f5	occipital	C9_FTD_and_control	QSBBP7010
																				asset_donor_partition	4a329bbe-e4e6-4816-a902-116458bc91f5	occipital	C9_FTD_and_control	QSBBP5613
																				asset_donor_partition	4a329bbe-e4e6-4816-a902-116458bc91f5	occipital	C9_FTD_and_control	QSBBP1609
																				asset_donor_partition	4a329bbe-e4e6-4816-a902-116458bc91f5	occipital	C9_FTD_and_control	QSBBP4313
																				asset_donor_partition	4a329bbe-e4e6-4816-a902-116458bc91f5	occipital	C9_FTD_and_control	QSBBP7605
																				asset_donor_partition	4a329bbe-e4e6-4816-a902-116458bc91f5	occipital	C9_FTD_and_control	QSBBP1512
																				asset_donor_partition	4a329bbe-e4e6-4816-a902-116458bc91f5	occipital	C9_FTD_and_control	QSBBP4815
																				asset_donor_partition	4a329bbe-e4e6-4816-a902-116458bc91f5	occipital	C9_FTD_and_control	QSBBP2415
																				asset_donor_partition	f98346a1-e7bd-4430-96d1-b4c4dfd57d36	frontal	C9_FTD_and_control	QSBBP1716
																				asset_donor_partition	f98346a1-e7bd-4430-96d1-b4c4dfd57d36	frontal	C9_FTD_and_control	QSBBP1717
																				asset_donor_partition	f98346a1-e7bd-4430-96d1-b4c4dfd57d36	frontal	C9_FTD_and_control	QSBBP2417
																				asset_donor_partition	f98346a1-e7bd-4430-96d1-b4c4dfd57d36	frontal	C9_FTD_and_control	QSBBP9917
																				asset_donor_partition	f98346a1-e7bd-4430-96d1-b4c4dfd57d36	frontal	C9_FTD_and_control	QSBBP2315
																				asset_donor_partition	f98346a1-e7bd-4430-96d1-b4c4dfd57d36	frontal	C9_FTD_and_control	JHU101
																				asset_donor_partition	f98346a1-e7bd-4430-96d1-b4c4dfd57d36	frontal	C9_FTD_and_control	QSBBP5613
																				asset_donor_partition	f98346a1-e7bd-4430-96d1-b4c4dfd57d36	frontal	C9_FTD_and_control	QSBBP7010
																				asset_donor_partition	f98346a1-e7bd-4430-96d1-b4c4dfd57d36	frontal	C9_FTD_and_control	QSBBP1609
																				asset_donor_partition	f98346a1-e7bd-4430-96d1-b4c4dfd57d36	frontal	C9_FTD_and_control	QSBBP7605
																				asset_donor_partition	f98346a1-e7bd-4430-96d1-b4c4dfd57d36	frontal	C9_FTD_and_control	QSBBP2912
																				asset_donor_partition	f98346a1-e7bd-4430-96d1-b4c4dfd57d36	frontal	C9_FTD_and_control	QSBBP4313
																				asset_donor_partition	f98346a1-e7bd-4430-96d1-b4c4dfd57d36	frontal	C9_FTD_and_control	QSBBP1512
																				asset_donor_partition	f98346a1-e7bd-4430-96d1-b4c4dfd57d36	frontal	C9_FTD_and_control	QSBBP4815
																				asset_donor_partition	f98346a1-e7bd-4430-96d1-b4c4dfd57d36	frontal	C9_FTD_and_control	QSBBP2415
																				asset_donor_partition	f98346a1-e7bd-4430-96d1-b4c4dfd57d36	frontal	C9_FTD_and_control	QSBBP2213
																				asset_donor_partition	781770d4-f1de-4ae4-82a4-eeb38094fb73	occipital	C9_ALS_ALSFTD_and_control	JHU22
																				asset_donor_partition	781770d4-f1de-4ae4-82a4-eeb38094fb73	occipital	C9_ALS_ALSFTD_and_control	CU25
																				asset_donor_partition	781770d4-f1de-4ae4-82a4-eeb38094fb73	occipital	C9_ALS_ALSFTD_and_control	JHU67
																				asset_donor_partition	781770d4-f1de-4ae4-82a4-eeb38094fb73	occipital	C9_ALS_ALSFTD_and_control	BH1864
																				asset_donor_partition	781770d4-f1de-4ae4-82a4-eeb38094fb73	occipital	C9_ALS_ALSFTD_and_control	CU34
																				asset_donor_partition	781770d4-f1de-4ae4-82a4-eeb38094fb73	occipital	C9_ALS_ALSFTD_and_control	CU16
																				asset_donor_partition	781770d4-f1de-4ae4-82a4-eeb38094fb73	occipital	C9_ALS_ALSFTD_and_control	JHU54
																				asset_donor_partition	781770d4-f1de-4ae4-82a4-eeb38094fb73	occipital	C9_ALS_ALSFTD_and_control	JHU96
																				asset_donor_partition	781770d4-f1de-4ae4-82a4-eeb38094fb73	occipital	C9_ALS_ALSFTD_and_control	CU62
																				asset_donor_partition	781770d4-f1de-4ae4-82a4-eeb38094fb73	occipital	C9_ALS_ALSFTD_and_control	BH1878
																				asset_donor_partition	781770d4-f1de-4ae4-82a4-eeb38094fb73	occipital	C9_ALS_ALSFTD_and_control	JHU119
																				asset_donor_partition	781770d4-f1de-4ae4-82a4-eeb38094fb73	occipital	C9_ALS_ALSFTD_and_control	BH1928
																				asset_donor_partition	781770d4-f1de-4ae4-82a4-eeb38094fb73	occipital	C9_ALS_ALSFTD_and_control	CU60
																				asset_donor_partition	781770d4-f1de-4ae4-82a4-eeb38094fb73	occipital	C9_ALS_ALSFTD_and_control	JHU52
																				asset_donor_partition	781770d4-f1de-4ae4-82a4-eeb38094fb73	occipital	C9_ALS_ALSFTD_and_control	CU50
																				asset_donor_partition	781770d4-f1de-4ae4-82a4-eeb38094fb73	occipital	C9_ALS_ALSFTD_and_control	GBB1807
																				asset_donor_partition	781770d4-f1de-4ae4-82a4-eeb38094fb73	occipital	C9_ALS_ALSFTD_and_control	NEUBB078VEG
																				asset_donor_partition	781770d4-f1de-4ae4-82a4-eeb38094fb73	occipital	C9_ALS_ALSFTD_and_control	JHU110
																				asset_donor_partition	781770d4-f1de-4ae4-82a4-eeb38094fb73	occipital	C9_ALS_ALSFTD_and_control	JHU120
																				asset_donor_partition	781770d4-f1de-4ae4-82a4-eeb38094fb73	occipital	C9_ALS_ALSFTD_and_control	NEUTP019MY9
																				asset_donor_partition	781770d4-f1de-4ae4-82a4-eeb38094fb73	occipital	C9_ALS_ALSFTD_and_control	JHU95
																				asset_donor_partition	88cd274b-39d9-4fd5-8bbd-2f1af9fe3a52	frontal	C9_ALS_ALSFTD_and_control	JHU22
																				asset_donor_partition	88cd274b-39d9-4fd5-8bbd-2f1af9fe3a52	frontal	C9_ALS_ALSFTD_and_control	CU25
																				asset_donor_partition	88cd274b-39d9-4fd5-8bbd-2f1af9fe3a52	frontal	C9_ALS_ALSFTD_and_control	CU60
																				asset_donor_partition	88cd274b-39d9-4fd5-8bbd-2f1af9fe3a52	frontal	C9_ALS_ALSFTD_and_control	JHU67
																				asset_donor_partition	88cd274b-39d9-4fd5-8bbd-2f1af9fe3a52	frontal	C9_ALS_ALSFTD_and_control	BH1864
																				asset_donor_partition	88cd274b-39d9-4fd5-8bbd-2f1af9fe3a52	frontal	C9_ALS_ALSFTD_and_control	CU16
																				asset_donor_partition	88cd274b-39d9-4fd5-8bbd-2f1af9fe3a52	frontal	C9_ALS_ALSFTD_and_control	CU34
																				asset_donor_partition	88cd274b-39d9-4fd5-8bbd-2f1af9fe3a52	frontal	C9_ALS_ALSFTD_and_control	JHU54
																				asset_donor_partition	88cd274b-39d9-4fd5-8bbd-2f1af9fe3a52	frontal	C9_ALS_ALSFTD_and_control	CU62
																				asset_donor_partition	88cd274b-39d9-4fd5-8bbd-2f1af9fe3a52	frontal	C9_ALS_ALSFTD_and_control	JHU119
																				asset_donor_partition	88cd274b-39d9-4fd5-8bbd-2f1af9fe3a52	frontal	C9_ALS_ALSFTD_and_control	BH1928
																				asset_donor_partition	88cd274b-39d9-4fd5-8bbd-2f1af9fe3a52	frontal	C9_ALS_ALSFTD_and_control	BH1878
																				asset_donor_partition	88cd274b-39d9-4fd5-8bbd-2f1af9fe3a52	frontal	C9_ALS_ALSFTD_and_control	JHU52
																				asset_donor_partition	88cd274b-39d9-4fd5-8bbd-2f1af9fe3a52	frontal	C9_ALS_ALSFTD_and_control	CU50
																				asset_donor_partition	88cd274b-39d9-4fd5-8bbd-2f1af9fe3a52	frontal	C9_ALS_ALSFTD_and_control	JHU96
																				asset_donor_partition	88cd274b-39d9-4fd5-8bbd-2f1af9fe3a52	frontal	C9_ALS_ALSFTD_and_control	GBB1807
																				asset_donor_partition	88cd274b-39d9-4fd5-8bbd-2f1af9fe3a52	frontal	C9_ALS_ALSFTD_and_control	NEUBB078VEG
																				asset_donor_partition	88cd274b-39d9-4fd5-8bbd-2f1af9fe3a52	frontal	C9_ALS_ALSFTD_and_control	NEUTP019MY9
																				asset_donor_partition	88cd274b-39d9-4fd5-8bbd-2f1af9fe3a52	frontal	C9_ALS_ALSFTD_and_control	JHU95
																				asset_donor_partition	88cd274b-39d9-4fd5-8bbd-2f1af9fe3a52	frontal	C9_ALS_ALSFTD_and_control	JHU120
																				asset_donor_partition	88cd274b-39d9-4fd5-8bbd-2f1af9fe3a52	frontal	C9_ALS_ALSFTD_and_control	JHU110
