cohort	cohort_role	genetic_background	region	estimand	cell_type	gene	effect_scale	effect	se	ci_low	ci_high	p_value	adjusted_p	adjusted_p_scope	n_donors	source_file	direction	significant_adjusted_0_05	meta_eligible	meta_exclusion_reason
GSE219280	discovery	C9orf72	BA4/BA9 model-averaged	ALS_vs_Control	Astrocyte	ARHGAP35	log2FC	-0.0456817675101422	0.213229720048696	-0.463612018805587	0.372248483785303	0.832347208159543	0.984314226178664	global gene tests within model collection	16	results/GSE219280_pseudobulk_DE/all_gene_contrast_results.tsv	negative	FALSE	FALSE	displayable common log2FC scale, but cohort/model/region heterogeneity precludes an unqualified pooled estimate
Gittings_2023	independent_C9_replication	C9orf72	frontal cortex	ALS_vs_Control	Astrocyte	ARHGAP35	log2FC	-0.246554079866454	0.201466413179593	-0.641428249698456	0.148320089965548	0.225317087223274	0.759648786880085	whole-transcriptome FDR per contrast/cell type	37	results/Gittings_2023_C9_snRNA/predefined_17_gene_results.tsv	negative	FALSE	FALSE	displayable common log2FC scale, but cohort/model/region heterogeneity precludes an unqualified pooled estimate
GSE219280	discovery	C9orf72	BA4/BA9 model-averaged	ALS_vs_Control	Astrocyte	ARHGAP39	log2FC	0.674841763372925	0.284646446529244	0.116934728175607	1.23274879857024	0.0271566335698291	0.478731909957945	global gene tests within model collection	16	results/GSE219280_pseudobulk_DE/all_gene_contrast_results.tsv	positive	FALSE	FALSE	displayable common log2FC scale, but cohort/model/region heterogeneity precludes an unqualified pooled estimate
Gittings_2023	independent_C9_replication	C9orf72	frontal cortex	ALS_vs_Control	Astrocyte	ARHGAP39	log2FC	0.257139912717314	0.34411764405557	-0.417330669631603	0.931610495066231	0.457557529276717	0.86889197624114	whole-transcriptome FDR per contrast/cell type	37	results/Gittings_2023_C9_snRNA/predefined_17_gene_results.tsv	positive	FALSE	FALSE	displayable common log2FC scale, but cohort/model/region heterogeneity precludes an unqualified pooled estimate
GSE219280	discovery	C9orf72	BA4/BA9 model-averaged	ALS_vs_Control	Astrocyte	BAG3	log2FC	0.710033819056168	0.446532308650379	-0.165169505898574	1.58523714401091	0.126488414680847	0.718547702765492	global gene tests within model collection	16	results/GSE219280_pseudobulk_DE/all_gene_contrast_results.tsv	positive	FALSE	FALSE	displayable common log2FC scale, but cohort/model/region heterogeneity precludes an unqualified pooled estimate
Gittings_2023	independent_C9_replication	C9orf72	frontal cortex	ALS_vs_Control	Astrocyte	BAG3	log2FC	-0.905718018034194	0.427432534013539	-1.74348578470073	-0.0679502513676584	0.0379185482404519	0.563630827223094	whole-transcriptome FDR per contrast/cell type	37	results/Gittings_2023_C9_snRNA/predefined_17_gene_results.tsv	negative	FALSE	FALSE	displayable common log2FC scale, but cohort/model/region heterogeneity precludes an unqualified pooled estimate
GSE219280	discovery	C9orf72	BA4/BA9 model-averaged	ALS_vs_Control	Astrocyte	BCR	log2FC	0.0267535163567336	0.180684105502071	-0.327387330427325	0.380894363140792	0.88364610257289	0.989584471191857	global gene tests within model collection	16	results/GSE219280_pseudobulk_DE/all_gene_contrast_results.tsv	positive	FALSE	FALSE	displayable common log2FC scale, but cohort/model/region heterogeneity precludes an unqualified pooled estimate
Gittings_2023	independent_C9_replication	C9orf72	frontal cortex	ALS_vs_Control	Astrocyte	BCR	log2FC	0.179724537658106	0.244573772400383	-0.299640056246646	0.659089131562858	0.464997710451633	0.869490297184673	whole-transcriptome FDR per contrast/cell type	37	results/Gittings_2023_C9_snRNA/predefined_17_gene_results.tsv	positive	FALSE	FALSE	displayable common log2FC scale, but cohort/model/region heterogeneity precludes an unqualified pooled estimate
GSE219280	discovery	C9orf72	BA4/BA9 model-averaged	ALS_vs_Control	Astrocyte	CCT5	log2FC	-0.263596691192215	0.986997055938547	-2.19811092083177	1.67091753844734	0.791974662859705	0.979539429103907	global gene tests within model collection	16	results/GSE219280_pseudobulk_DE/all_gene_contrast_results.tsv	negative	FALSE	FALSE	displayable common log2FC scale, but cohort/model/region heterogeneity precludes an unqualified pooled estimate
Gittings_2023	independent_C9_replication	C9orf72	frontal cortex	ALS_vs_Control	Astrocyte	CCT5	log2FC	0.297327457931852	0.345970046104927	-0.380773832433805	0.975428748297509	0.393184610049477	0.843540130914235	whole-transcriptome FDR per contrast/cell type	37	results/Gittings_2023_C9_snRNA/predefined_17_gene_results.tsv	positive	FALSE	FALSE	displayable common log2FC scale, but cohort/model/region heterogeneity precludes an unqualified pooled estimate
GSE219280	discovery	C9orf72	BA4/BA9 model-averaged	ALS_vs_Control	Astrocyte	CCT8	log2FC	-0.85249647921437	0.551250908580986	-1.9329482600331	0.227955301604363	0.136663095009798	0.731450805611097	global gene tests within model collection	16	results/GSE219280_pseudobulk_DE/all_gene_contrast_results.tsv	negative	FALSE	FALSE	displayable common log2FC scale, but cohort/model/region heterogeneity precludes an unqualified pooled estimate
Gittings_2023	independent_C9_replication	C9orf72	frontal cortex	ALS_vs_Control	Astrocyte	CCT8	log2FC	0.28957295994109	0.31763445119484	-0.332990564400797	0.912136484282977	0.365220630483221	0.831088064215478	whole-transcriptome FDR per contrast/cell type	37	results/Gittings_2023_C9_snRNA/predefined_17_gene_results.tsv	positive	FALSE	FALSE	displayable common log2FC scale, but cohort/model/region heterogeneity precludes an unqualified pooled estimate
GSE219280	discovery	C9orf72	BA4/BA9 model-averaged	ALS_vs_Control	Astrocyte	CHORDC1	log2FC	0.584269803913648	0.431311613536565	-0.26110095861802	1.42964056644532	0.189675726703594	0.785663654096186	global gene tests within model collection	16	results/GSE219280_pseudobulk_DE/all_gene_contrast_results.tsv	positive	FALSE	FALSE	displayable common log2FC scale, but cohort/model/region heterogeneity precludes an unqualified pooled estimate
Gittings_2023	independent_C9_replication	C9orf72	frontal cortex	ALS_vs_Control	Astrocyte	CHORDC1	log2FC	-0.119441607869794	0.400735354942573	-0.904882903557237	0.66599968781765	0.76659942268338	0.957466457742155	whole-transcriptome FDR per contrast/cell type	37	results/Gittings_2023_C9_snRNA/predefined_17_gene_results.tsv	negative	FALSE	FALSE	displayable common log2FC scale, but cohort/model/region heterogeneity precludes an unqualified pooled estimate
GSE219280	discovery	C9orf72	BA4/BA9 model-averaged	ALS_vs_Control	Astrocyte	COA3	log2FC	-3.11658695040696	1.06586006973879	-5.20567268709498	-1.02750121371894	0.00796394370435311	0.340010064932213	global gene tests within model collection	16	results/GSE219280_pseudobulk_DE/all_gene_contrast_results.tsv	negative	FALSE	FALSE	displayable common log2FC scale, but cohort/model/region heterogeneity precludes an unqualified pooled estimate
Gittings_2023	independent_C9_replication	C9orf72	frontal cortex	ALS_vs_Control	Astrocyte	COA3	log2FC	0.350456242550383	0.352751975294333	-0.34093762902651	1.04185011412728	0.324046591767975	0.810655691673266	whole-transcriptome FDR per contrast/cell type	37	results/Gittings_2023_C9_snRNA/predefined_17_gene_results.tsv	positive	FALSE	FALSE	displayable common log2FC scale, but cohort/model/region heterogeneity precludes an unqualified pooled estimate
GSE219280	discovery	C9orf72	BA4/BA9 model-averaged	ALS_vs_Control	Astrocyte	COX5B	log2FC	-1.71864376135115	1.34620423384057	-4.35720405967866	0.91991653697636	0.2154142199698	0.805816763476292	global gene tests within model collection	16	results/GSE219280_pseudobulk_DE/all_gene_contrast_results.tsv	negative	FALSE	FALSE	displayable common log2FC scale, but cohort/model/region heterogeneity precludes an unqualified pooled estimate
Gittings_2023	independent_C9_replication	C9orf72	frontal cortex	ALS_vs_Control	Astrocyte	COX5B	log2FC	0.378785240875896	0.491339885239857	-0.584240934194225	1.34181141594602	0.443565717719135	0.863864314534952	whole-transcriptome FDR per contrast/cell type	37	results/Gittings_2023_C9_snRNA/predefined_17_gene_results.tsv	positive	FALSE	FALSE	displayable common log2FC scale, but cohort/model/region heterogeneity precludes an unqualified pooled estimate
GSE219280	discovery	C9orf72	BA4/BA9 model-averaged	ALS_vs_Control	Astrocyte	COX7C	log2FC	-1.30000303067751	1.03384201886703	-3.32633338765689	0.726327326301874	0.222152384587259	0.810416998893458	global gene tests within model collection	16	results/GSE219280_pseudobulk_DE/all_gene_contrast_results.tsv	negative	FALSE	FALSE	displayable common log2FC scale, but cohort/model/region heterogeneity precludes an unqualified pooled estimate
Gittings_2023	independent_C9_replication	C9orf72	frontal cortex	ALS_vs_Control	Astrocyte	COX7C	log2FC	0.586806188472513	0.450829114248219	-0.296818875453996	1.47043125239902	0.197645366158319	0.746748308585631	whole-transcriptome FDR per contrast/cell type	37	results/Gittings_2023_C9_snRNA/predefined_17_gene_results.tsv	positive	FALSE	FALSE	displayable common log2FC scale, but cohort/model/region heterogeneity precludes an unqualified pooled estimate
GSE219280	discovery	C9orf72	BA4/BA9 model-averaged	ALS_vs_Control	Astrocyte	DOCK7	log2FC	-0.0898895886294895	0.166329096864197	-0.415894618483315	0.236115441224336	0.594361590393511	0.949627902657532	global gene tests within model collection	16	results/GSE219280_pseudobulk_DE/all_gene_contrast_results.tsv	negative	FALSE	FALSE	displayable common log2FC scale, but cohort/model/region heterogeneity precludes an unqualified pooled estimate
Gittings_2023	independent_C9_replication	C9orf72	frontal cortex	ALS_vs_Control	Astrocyte	DOCK7	log2FC	-0.214045903939239	0.199967382350826	-0.605981973346857	0.17789016546838	0.288280319449525	0.795079174900251	whole-transcriptome FDR per contrast/cell type	37	results/Gittings_2023_C9_snRNA/predefined_17_gene_results.tsv	negative	FALSE	FALSE	displayable common log2FC scale, but cohort/model/region heterogeneity precludes an unqualified pooled estimate
GSE219280	discovery	C9orf72	BA4/BA9 model-averaged	ALS_vs_Control	Astrocyte	HSP90AA1	log2FC	0.675329936971736	1.19529075821217	-1.66743994912412	3.01809982306759	0.577959372387428	0.946070687960538	global gene tests within model collection	16	results/GSE219280_pseudobulk_DE/all_gene_contrast_results.tsv	positive	FALSE	FALSE	displayable common log2FC scale, but cohort/model/region heterogeneity precludes an unqualified pooled estimate
Gittings_2023	independent_C9_replication	C9orf72	frontal cortex	ALS_vs_Control	Astrocyte	HSP90AA1	log2FC	-0.0131777312500088	0.486374533848577	-0.966471817593218	0.940116355093201	0.978468693945864	0.99611509055299	whole-transcriptome FDR per contrast/cell type	37	results/Gittings_2023_C9_snRNA/predefined_17_gene_results.tsv	negative	FALSE	FALSE	displayable common log2FC scale, but cohort/model/region heterogeneity precludes an unqualified pooled estimate
GSE219280	discovery	C9orf72	BA4/BA9 model-averaged	ALS_vs_Control	Astrocyte	HSP90AB1	log2FC	-0.243084371005497	0.963798818620466	-2.13213005550161	1.64596131349062	0.80328355470603	0.981137219167196	global gene tests within model collection	16	results/GSE219280_pseudobulk_DE/all_gene_contrast_results.tsv	negative	FALSE	FALSE	displayable common log2FC scale, but cohort/model/region heterogeneity precludes an unqualified pooled estimate
Gittings_2023	independent_C9_replication	C9orf72	frontal cortex	ALS_vs_Control	Astrocyte	HSP90AB1	log2FC	0.166233493526952	0.424847885474271	-0.66646836200262	0.998935349056524	0.696871837238051	0.943781226018938	whole-transcriptome FDR per contrast/cell type	37	results/Gittings_2023_C9_snRNA/predefined_17_gene_results.tsv	positive	FALSE	FALSE	displayable common log2FC scale, but cohort/model/region heterogeneity precludes an unqualified pooled estimate
GSE219280	discovery	C9orf72	BA4/BA9 model-averaged	ALS_vs_Control	Astrocyte	MAP1B	log2FC	1.19331577249506	1.02413273537485	-0.813984388839645	3.20061593382976	0.256774152950149	0.832433297391629	global gene tests within model collection	16	results/GSE219280_pseudobulk_DE/all_gene_contrast_results.tsv	positive	FALSE	FALSE	displayable common log2FC scale, but cohort/model/region heterogeneity precludes an unqualified pooled estimate
Gittings_2023	independent_C9_replication	C9orf72	frontal cortex	ALS_vs_Control	Astrocyte	MAP1B	log2FC	0.852223905248788	0.410267262098184	0.0481000715363478	1.65634773896123	0.0417309882028481	0.572508244038417	whole-transcriptome FDR per contrast/cell type	37	results/Gittings_2023_C9_snRNA/predefined_17_gene_results.tsv	positive	FALSE	FALSE	displayable common log2FC scale, but cohort/model/region heterogeneity precludes an unqualified pooled estimate
GSE219280	discovery	C9orf72	BA4/BA9 model-averaged	ALS_vs_Control	Astrocyte	MAPT	log2FC	0.522886786905137	0.157100780894626	0.214969256351671	0.830804317458603	0.00306767344376101	0.266052161438628	global gene tests within model collection	16	results/GSE219280_pseudobulk_DE/all_gene_contrast_results.tsv	positive	FALSE	FALSE	displayable common log2FC scale, but cohort/model/region heterogeneity precludes an unqualified pooled estimate
Gittings_2023	independent_C9_replication	C9orf72	frontal cortex	ALS_vs_Control	Astrocyte	MAPT	log2FC	0.40972976434973	0.229239729248756	-0.0395801049778308	0.859039633677291	0.0784072765915891	0.642003712258013	whole-transcriptome FDR per contrast/cell type	37	results/Gittings_2023_C9_snRNA/predefined_17_gene_results.tsv	positive	FALSE	FALSE	displayable common log2FC scale, but cohort/model/region heterogeneity precludes an unqualified pooled estimate
GSE219280	discovery	C9orf72	BA4/BA9 model-averaged	ALS_vs_Control	Astrocyte	PARK7	log2FC	-1.51657599667304	1.33085230582595	-4.1250465160919	1.09189452274582	0.267078160669982	0.838374363887627	global gene tests within model collection	16	results/GSE219280_pseudobulk_DE/all_gene_contrast_results.tsv	negative	FALSE	FALSE	displayable common log2FC scale, but cohort/model/region heterogeneity precludes an unqualified pooled estimate
Gittings_2023	independent_C9_replication	C9orf72	frontal cortex	ALS_vs_Control	Astrocyte	PARK7	log2FC	0.263282684981194	0.333200891320225	-0.389791062006447	0.916356431968835	0.432227810558131	0.859266910737991	whole-transcriptome FDR per contrast/cell type	37	results/Gittings_2023_C9_snRNA/predefined_17_gene_results.tsv	positive	FALSE	FALSE	displayable common log2FC scale, but cohort/model/region heterogeneity precludes an unqualified pooled estimate
GSE219280	discovery	C9orf72	BA4/BA9 model-averaged	ALS_vs_Control	Astrocyte	STARD13	log2FC	-0.312299929015857	0.227681863124278	-0.758556380739443	0.133956522707729	0.184154754487111	0.780446556729855	global gene tests within model collection	16	results/GSE219280_pseudobulk_DE/all_gene_contrast_results.tsv	negative	FALSE	FALSE	displayable common log2FC scale, but cohort/model/region heterogeneity precludes an unqualified pooled estimate
Gittings_2023	independent_C9_replication	C9orf72	frontal cortex	ALS_vs_Control	Astrocyte	STARD13	log2FC	-0.261716344406727	0.234939895613803	-0.722198539809781	0.198765850996327	0.26927370375277	0.786261462559216	whole-transcriptome FDR per contrast/cell type	37	results/Gittings_2023_C9_snRNA/predefined_17_gene_results.tsv	negative	FALSE	FALSE	displayable common log2FC scale, but cohort/model/region heterogeneity precludes an unqualified pooled estimate
Gittings_2023	independent_C9_replication	C9orf72	frontal cortex	ALS_vs_Control	Excitatory neuron	ARHGAP35	log2FC	-0.120461243903289	0.159370298592095	-0.432827029143796	0.191904541337218	0.4524913726888	0.955095214462421	whole-transcriptome FDR per contrast/cell type	37	results/Gittings_2023_C9_snRNA/predefined_17_gene_results.tsv	negative	FALSE	FALSE	displayable common log2FC scale, but cohort/model/region heterogeneity precludes an unqualified pooled estimate
Gittings_2023	independent_C9_replication	C9orf72	frontal cortex	ALS_vs_Control	Excitatory neuron	ARHGAP39	log2FC	-0.0221156707445003	0.215245170876095	-0.443996205661646	0.399764864172646	0.918483599299518	0.991066641743468	whole-transcriptome FDR per contrast/cell type	37	results/Gittings_2023_C9_snRNA/predefined_17_gene_results.tsv	negative	FALSE	FALSE	displayable common log2FC scale, but cohort/model/region heterogeneity precludes an unqualified pooled estimate
Gittings_2023	independent_C9_replication	C9orf72	frontal cortex	ALS_vs_Control	Excitatory neuron	BAG3	log2FC	-0.302750077409765	0.3426046630986	-0.974255217083022	0.368755062263492	0.380161441055955	0.951221997031249	whole-transcriptome FDR per contrast/cell type	37	results/Gittings_2023_C9_snRNA/predefined_17_gene_results.tsv	negative	FALSE	FALSE	displayable common log2FC scale, but cohort/model/region heterogeneity precludes an unqualified pooled estimate
Gittings_2023	independent_C9_replication	C9orf72	frontal cortex	ALS_vs_Control	Excitatory neuron	BCR	log2FC	0.0714477326803777	0.2081577251552	-0.336541408623814	0.479436873984569	0.732537404212259	0.979815261280764	whole-transcriptome FDR per contrast/cell type	37	results/Gittings_2023_C9_snRNA/predefined_17_gene_results.tsv	positive	FALSE	FALSE	displayable common log2FC scale, but cohort/model/region heterogeneity precludes an unqualified pooled estimate
Gittings_2023	independent_C9_replication	C9orf72	frontal cortex	ALS_vs_Control	Excitatory neuron	CCT5	log2FC	0.266745631267523	0.292929837272594	-0.307396849786762	0.840888112321808	0.365896325353318	0.951221997031249	whole-transcriptome FDR per contrast/cell type	37	results/Gittings_2023_C9_snRNA/predefined_17_gene_results.tsv	positive	FALSE	FALSE	displayable common log2FC scale, but cohort/model/region heterogeneity precludes an unqualified pooled estimate
Gittings_2023	independent_C9_replication	C9orf72	frontal cortex	ALS_vs_Control	Excitatory neuron	CCT8	log2FC	0.127663505154714	0.225358745311852	-0.314039635656516	0.569366645965944	0.57303024254724	0.961926389187082	whole-transcriptome FDR per contrast/cell type	37	results/Gittings_2023_C9_snRNA/predefined_17_gene_results.tsv	positive	FALSE	FALSE	displayable common log2FC scale, but cohort/model/region heterogeneity precludes an unqualified pooled estimate
Gittings_2023	independent_C9_replication	C9orf72	frontal cortex	ALS_vs_Control	Excitatory neuron	CHORDC1	log2FC	0.109640186882713	0.297862541155341	-0.474170393781754	0.69345076754718	0.714019397893063	0.977804869382635	whole-transcriptome FDR per contrast/cell type	37	results/Gittings_2023_C9_snRNA/predefined_17_gene_results.tsv	positive	FALSE	FALSE	displayable common log2FC scale, but cohort/model/region heterogeneity precludes an unqualified pooled estimate
Gittings_2023	independent_C9_replication	C9orf72	frontal cortex	ALS_vs_Control	Excitatory neuron	COA3	log2FC	0.267680194890248	0.338518838744792	-0.395816729049544	0.93117711883004	0.431999346650215	0.955065729165132	whole-transcriptome FDR per contrast/cell type	37	results/Gittings_2023_C9_snRNA/predefined_17_gene_results.tsv	positive	FALSE	FALSE	displayable common log2FC scale, but cohort/model/region heterogeneity precludes an unqualified pooled estimate
Gittings_2023	independent_C9_replication	C9orf72	frontal cortex	ALS_vs_Control	Excitatory neuron	COX5B	log2FC	0.125062253043826	0.515822889342709	-0.885950610067884	1.13607511615554	0.809210437065214	0.986693609807435	whole-transcriptome FDR per contrast/cell type	37	results/Gittings_2023_C9_snRNA/predefined_17_gene_results.tsv	positive	FALSE	FALSE	displayable common log2FC scale, but cohort/model/region heterogeneity precludes an unqualified pooled estimate
Gittings_2023	independent_C9_replication	C9orf72	frontal cortex	ALS_vs_Control	Excitatory neuron	COX7C	log2FC	0.566689086337167	0.532150179355242	-0.476325265199107	1.60970343787344	0.290946867943124	0.95115596365832	whole-transcriptome FDR per contrast/cell type	37	results/Gittings_2023_C9_snRNA/predefined_17_gene_results.tsv	positive	FALSE	FALSE	displayable common log2FC scale, but cohort/model/region heterogeneity precludes an unqualified pooled estimate
Gittings_2023	independent_C9_replication	C9orf72	frontal cortex	ALS_vs_Control	Excitatory neuron	DOCK7	log2FC	-0.162377771840435	0.142507201729486	-0.441691887230228	0.116936343549358	0.258743261238151	0.95115596365832	whole-transcriptome FDR per contrast/cell type	37	results/Gittings_2023_C9_snRNA/predefined_17_gene_results.tsv	negative	FALSE	FALSE	displayable common log2FC scale, but cohort/model/region heterogeneity precludes an unqualified pooled estimate
Gittings_2023	independent_C9_replication	C9orf72	frontal cortex	ALS_vs_Control	Excitatory neuron	HSP90AA1	log2FC	0.185067267908085	0.385087574738644	-0.569704378579657	0.939838914395827	0.632461185256818	0.96941809462127	whole-transcriptome FDR per contrast/cell type	37	results/Gittings_2023_C9_snRNA/predefined_17_gene_results.tsv	positive	FALSE	FALSE	displayable common log2FC scale, but cohort/model/region heterogeneity precludes an unqualified pooled estimate
Gittings_2023	independent_C9_replication	C9orf72	frontal cortex	ALS_vs_Control	Excitatory neuron	HSP90AB1	log2FC	0.0611472128002255	0.306626102907341	-0.539839948898163	0.662134374498614	0.842569460614677	0.98717439525933	whole-transcriptome FDR per contrast/cell type	37	results/Gittings_2023_C9_snRNA/predefined_17_gene_results.tsv	positive	FALSE	FALSE	displayable common log2FC scale, but cohort/model/region heterogeneity precludes an unqualified pooled estimate
Gittings_2023	independent_C9_replication	C9orf72	frontal cortex	ALS_vs_Control	Excitatory neuron	MAP1B	log2FC	-0.110418292162091	0.179065502084736	-0.461386676248175	0.240550091923993	0.539649112774826	0.958517043749386	whole-transcriptome FDR per contrast/cell type	37	results/Gittings_2023_C9_snRNA/predefined_17_gene_results.tsv	negative	FALSE	FALSE	displayable common log2FC scale, but cohort/model/region heterogeneity precludes an unqualified pooled estimate
Gittings_2023	independent_C9_replication	C9orf72	frontal cortex	ALS_vs_Control	Excitatory neuron	MAPT	log2FC	-0.0481987792600833	0.139353396987309	-0.32133143735521	0.224933878835043	0.730564778885427	0.979699775691292	whole-transcriptome FDR per contrast/cell type	37	results/Gittings_2023_C9_snRNA/predefined_17_gene_results.tsv	negative	FALSE	FALSE	displayable common log2FC scale, but cohort/model/region heterogeneity precludes an unqualified pooled estimate
Gittings_2023	independent_C9_replication	C9orf72	frontal cortex	ALS_vs_Control	Excitatory neuron	PARK7	log2FC	0.198994881346462	0.33085502504005	-0.449480967732035	0.847470730424959	0.54965853709176	0.959852721578363	whole-transcriptome FDR per contrast/cell type	37	results/Gittings_2023_C9_snRNA/predefined_17_gene_results.tsv	positive	FALSE	FALSE	displayable common log2FC scale, but cohort/model/region heterogeneity precludes an unqualified pooled estimate
Gittings_2023	independent_C9_replication	C9orf72	frontal cortex	ALS_vs_Control	Excitatory neuron	STARD13	log2FC	-0.415280150152546	0.209967889380094	-0.826817213337531	-0.00374308696756098	0.0522317444116201	0.95115596365832	whole-transcriptome FDR per contrast/cell type	37	results/Gittings_2023_C9_snRNA/predefined_17_gene_results.tsv	negative	FALSE	FALSE	displayable common log2FC scale, but cohort/model/region heterogeneity precludes an unqualified pooled estimate
Gittings_2023	independent_C9_replication	C9orf72	frontal cortex	ALS_vs_Control	Inhibitory neuron	ARHGAP35	log2FC	-0.136154033586251	0.150527185041321	-0.431187316267241	0.158879249094739	0.369025176718717	0.935417016610762	whole-transcriptome FDR per contrast/cell type	37	results/Gittings_2023_C9_snRNA/predefined_17_gene_results.tsv	negative	FALSE	FALSE	displayable common log2FC scale, but cohort/model/region heterogeneity precludes an unqualified pooled estimate
Gittings_2023	independent_C9_replication	C9orf72	frontal cortex	ALS_vs_Control	Inhibitory neuron	ARHGAP39	log2FC	-0.0997064416040034	0.178774155690093	-0.450103786756585	0.250690903548578	0.578927746025954	0.957852869691695	whole-transcriptome FDR per contrast/cell type	37	results/Gittings_2023_C9_snRNA/predefined_17_gene_results.tsv	negative	FALSE	FALSE	displayable common log2FC scale, but cohort/model/region heterogeneity precludes an unqualified pooled estimate
Gittings_2023	independent_C9_replication	C9orf72	frontal cortex	ALS_vs_Control	Inhibitory neuron	BAG3	log2FC	-0.141983914269057	0.40932399597142	-0.94425894637304	0.660291117834926	0.729793692910781	0.978237334617805	whole-transcriptome FDR per contrast/cell type	37	results/Gittings_2023_C9_snRNA/predefined_17_gene_results.tsv	negative	FALSE	FALSE	displayable common log2FC scale, but cohort/model/region heterogeneity precludes an unqualified pooled estimate
Gittings_2023	independent_C9_replication	C9orf72	frontal cortex	ALS_vs_Control	Inhibitory neuron	BCR	log2FC	-0.287216130051557	0.178167940361449	-0.636425293159998	0.0619930330568838	0.111740989670315	0.93344037685048	whole-transcriptome FDR per contrast/cell type	37	results/Gittings_2023_C9_snRNA/predefined_17_gene_results.tsv	negative	FALSE	FALSE	displayable common log2FC scale, but cohort/model/region heterogeneity precludes an unqualified pooled estimate
Gittings_2023	independent_C9_replication	C9orf72	frontal cortex	ALS_vs_Control	Inhibitory neuron	CCT5	log2FC	0.481428477194516	0.241306303226006	0.00846812287154436	0.954388831517488	0.0501802807778284	0.93344037685048	whole-transcriptome FDR per contrast/cell type	37	results/Gittings_2023_C9_snRNA/predefined_17_gene_results.tsv	positive	FALSE	FALSE	displayable common log2FC scale, but cohort/model/region heterogeneity precludes an unqualified pooled estimate
Gittings_2023	independent_C9_replication	C9orf72	frontal cortex	ALS_vs_Control	Inhibitory neuron	CCT8	log2FC	0.354286862511584	0.221676072520534	-0.0801982396286622	0.78877196465183	0.114789646761974	0.93344037685048	whole-transcriptome FDR per contrast/cell type	37	results/Gittings_2023_C9_snRNA/predefined_17_gene_results.tsv	positive	FALSE	FALSE	displayable common log2FC scale, but cohort/model/region heterogeneity precludes an unqualified pooled estimate
Gittings_2023	independent_C9_replication	C9orf72	frontal cortex	ALS_vs_Control	Inhibitory neuron	CHORDC1	log2FC	0.134120953260778	0.311665668613531	-0.476743757221742	0.744985663743298	0.668396040177181	0.971373804550987	whole-transcriptome FDR per contrast/cell type	37	results/Gittings_2023_C9_snRNA/predefined_17_gene_results.tsv	positive	FALSE	FALSE	displayable common log2FC scale, but cohort/model/region heterogeneity precludes an unqualified pooled estimate
Gittings_2023	independent_C9_replication	C9orf72	frontal cortex	ALS_vs_Control	Inhibitory neuron	COA3	log2FC	0.505725579423957	0.352477484844721	-0.185130290871697	1.19658144971961	0.156091406119149	0.93344037685048	whole-transcriptome FDR per contrast/cell type	37	results/Gittings_2023_C9_snRNA/predefined_17_gene_results.tsv	positive	FALSE	FALSE	displayable common log2FC scale, but cohort/model/region heterogeneity precludes an unqualified pooled estimate
Gittings_2023	independent_C9_replication	C9orf72	frontal cortex	ALS_vs_Control	Inhibitory neuron	COX5B	log2FC	0.331459438891266	0.491909292390956	-0.632682774195009	1.29560165197754	0.502901037161434	0.945380034064481	whole-transcriptome FDR per contrast/cell type	37	results/Gittings_2023_C9_snRNA/predefined_17_gene_results.tsv	positive	FALSE	FALSE	displayable common log2FC scale, but cohort/model/region heterogeneity precludes an unqualified pooled estimate
Gittings_2023	independent_C9_replication	C9orf72	frontal cortex	ALS_vs_Control	Inhibitory neuron	COX7C	log2FC	0.720776035915203	0.514210108036163	-0.287075775835677	1.72862784766608	0.16593172274861	0.93344037685048	whole-transcriptome FDR per contrast/cell type	37	results/Gittings_2023_C9_snRNA/predefined_17_gene_results.tsv	positive	FALSE	FALSE	displayable common log2FC scale, but cohort/model/region heterogeneity precludes an unqualified pooled estimate
Gittings_2023	independent_C9_replication	C9orf72	frontal cortex	ALS_vs_Control	Inhibitory neuron	DOCK7	log2FC	-0.187047312167165	0.143889456227135	-0.469070646372349	0.0949760220380194	0.198161465358198	0.93344037685048	whole-transcriptome FDR per contrast/cell type	37	results/Gittings_2023_C9_snRNA/predefined_17_gene_results.tsv	negative	FALSE	FALSE	displayable common log2FC scale, but cohort/model/region heterogeneity precludes an unqualified pooled estimate
Gittings_2023	independent_C9_replication	C9orf72	frontal cortex	ALS_vs_Control	Inhibitory neuron	HSP90AA1	log2FC	0.374389290129754	0.325650770578511	-0.263886220204127	1.01266480046364	0.254618715191665	0.93344037685048	whole-transcriptome FDR per contrast/cell type	37	results/Gittings_2023_C9_snRNA/predefined_17_gene_results.tsv	positive	FALSE	FALSE	displayable common log2FC scale, but cohort/model/region heterogeneity precludes an unqualified pooled estimate
Gittings_2023	independent_C9_replication	C9orf72	frontal cortex	ALS_vs_Control	Inhibitory neuron	HSP90AB1	log2FC	0.28012470089012	0.247532487739389	-0.205038975079083	0.765288376859323	0.261937930949589	0.933924195148262	whole-transcriptome FDR per contrast/cell type	37	results/Gittings_2023_C9_snRNA/predefined_17_gene_results.tsv	positive	FALSE	FALSE	displayable common log2FC scale, but cohort/model/region heterogeneity precludes an unqualified pooled estimate
Gittings_2023	independent_C9_replication	C9orf72	frontal cortex	ALS_vs_Control	Inhibitory neuron	MAP1B	log2FC	-0.0756210967224096	0.156738125132654	-0.382827821982411	0.231585628537592	0.631076161117373	0.96598354056288	whole-transcriptome FDR per contrast/cell type	37	results/Gittings_2023_C9_snRNA/predefined_17_gene_results.tsv	negative	FALSE	FALSE	displayable common log2FC scale, but cohort/model/region heterogeneity precludes an unqualified pooled estimate
Gittings_2023	independent_C9_replication	C9orf72	frontal cortex	ALS_vs_Control	Inhibitory neuron	MAPT	log2FC	-0.0524453580257944	0.145756816822749	-0.338128718998383	0.233238002946794	0.720139387022209	0.978128721948124	whole-transcriptome FDR per contrast/cell type	37	results/Gittings_2023_C9_snRNA/predefined_17_gene_results.tsv	negative	FALSE	FALSE	displayable common log2FC scale, but cohort/model/region heterogeneity precludes an unqualified pooled estimate
Gittings_2023	independent_C9_replication	C9orf72	frontal cortex	ALS_vs_Control	Inhibitory neuron	PARK7	log2FC	0.309430541974508	0.308303710953395	-0.294844731494147	0.913705815443162	0.319245728945138	0.934615593918493	whole-transcriptome FDR per contrast/cell type	37	results/Gittings_2023_C9_snRNA/predefined_17_gene_results.tsv	positive	FALSE	FALSE	displayable common log2FC scale, but cohort/model/region heterogeneity precludes an unqualified pooled estimate
Gittings_2023	independent_C9_replication	C9orf72	frontal cortex	ALS_vs_Control	Inhibitory neuron	STARD13	log2FC	-0.345885188959984	0.198121829363195	-0.734203974511847	0.0424335965918787	0.0855134902565782	0.93344037685048	whole-transcriptome FDR per contrast/cell type	37	results/Gittings_2023_C9_snRNA/predefined_17_gene_results.tsv	negative	FALSE	FALSE	displayable common log2FC scale, but cohort/model/region heterogeneity precludes an unqualified pooled estimate
Gittings_2023	independent_C9_replication	C9orf72	frontal cortex	ALS_vs_Control	Microglia	ARHGAP35	log2FC	0.0163455881229702	0.235546432271277	-0.445325419128733	0.478016595374673	0.944891701005463	0.987486697524884	whole-transcriptome FDR per contrast/cell type	35	results/Gittings_2023_C9_snRNA/predefined_17_gene_results.tsv	positive	FALSE	FALSE	displayable common log2FC scale, but cohort/model/region heterogeneity precludes an unqualified pooled estimate
Gittings_2023	independent_C9_replication	C9orf72	frontal cortex	ALS_vs_Control	Microglia	ARHGAP39	log2FC	0.839617100604011	0.539320937489667	-0.217451936875736	1.89668613808376	0.124439352084065	0.578032135039408	whole-transcriptome FDR per contrast/cell type	35	results/Gittings_2023_C9_snRNA/predefined_17_gene_results.tsv	positive	FALSE	FALSE	displayable common log2FC scale, but cohort/model/region heterogeneity precludes an unqualified pooled estimate
Gittings_2023	independent_C9_replication	C9orf72	frontal cortex	ALS_vs_Control	Microglia	BAG3	log2FC	0.740116161799994	0.798724069281609	-0.825383013991959	2.30561533759195	0.35776064721046	0.766403218112572	whole-transcriptome FDR per contrast/cell type	35	results/Gittings_2023_C9_snRNA/predefined_17_gene_results.tsv	positive	FALSE	FALSE	displayable common log2FC scale, but cohort/model/region heterogeneity precludes an unqualified pooled estimate
Gittings_2023	independent_C9_replication	C9orf72	frontal cortex	ALS_vs_Control	Microglia	BCR	log2FC	0.563800044307986	0.320416631600182	-0.0642165536283708	1.19181664224434	0.0832482870587084	0.524751695661822	whole-transcriptome FDR per contrast/cell type	35	results/Gittings_2023_C9_snRNA/predefined_17_gene_results.tsv	positive	FALSE	FALSE	displayable common log2FC scale, but cohort/model/region heterogeneity precludes an unqualified pooled estimate
Gittings_2023	independent_C9_replication	C9orf72	frontal cortex	ALS_vs_Control	Microglia	CCT5	log2FC	0.608730069213619	0.428694516666366	-0.231511183452459	1.4489713218797	0.160464937367391	0.620068748815221	whole-transcriptome FDR per contrast/cell type	35	results/Gittings_2023_C9_snRNA/predefined_17_gene_results.tsv	positive	FALSE	FALSE	displayable common log2FC scale, but cohort/model/region heterogeneity precludes an unqualified pooled estimate
Gittings_2023	independent_C9_replication	C9orf72	frontal cortex	ALS_vs_Control	Microglia	CCT8	log2FC	0.758968355824828	0.307855824160421	0.155570940470403	1.36236577117925	0.0163757738005978	0.342371437373701	whole-transcriptome FDR per contrast/cell type	35	results/Gittings_2023_C9_snRNA/predefined_17_gene_results.tsv	positive	FALSE	FALSE	displayable common log2FC scale, but cohort/model/region heterogeneity precludes an unqualified pooled estimate
Gittings_2023	independent_C9_replication	C9orf72	frontal cortex	ALS_vs_Control	Microglia	CHORDC1	log2FC	0.248252151881486	0.421835720743848	-0.578545860776456	1.07505016453943	0.558321948465595	0.858991225918309	whole-transcriptome FDR per contrast/cell type	35	results/Gittings_2023_C9_snRNA/predefined_17_gene_results.tsv	positive	FALSE	FALSE	displayable common log2FC scale, but cohort/model/region heterogeneity precludes an unqualified pooled estimate
Gittings_2023	independent_C9_replication	C9orf72	frontal cortex	ALS_vs_Control	Microglia	COA3	log2FC	0.308209828083044	0.537391743533155	-0.745077989241941	1.36149764540803	0.568292675806829	0.864249047186743	whole-transcriptome FDR per contrast/cell type	35	results/Gittings_2023_C9_snRNA/predefined_17_gene_results.tsv	positive	FALSE	FALSE	displayable common log2FC scale, but cohort/model/region heterogeneity precludes an unqualified pooled estimate
Gittings_2023	independent_C9_replication	C9orf72	frontal cortex	ALS_vs_Control	Microglia	COX5B	log2FC	0.904817112284823	0.604645032198297	-0.280287150823839	2.08992137539348	0.139784486701712	0.598888097374398	whole-transcriptome FDR per contrast/cell type	35	results/Gittings_2023_C9_snRNA/predefined_17_gene_results.tsv	positive	FALSE	FALSE	displayable common log2FC scale, but cohort/model/region heterogeneity precludes an unqualified pooled estimate
Gittings_2023	independent_C9_replication	C9orf72	frontal cortex	ALS_vs_Control	Microglia	COX7C	log2FC	0.798993499982635	0.568027402500127	-0.314340208917614	1.91232720888288	0.164693308068404	0.624295219932132	whole-transcriptome FDR per contrast/cell type	35	results/Gittings_2023_C9_snRNA/predefined_17_gene_results.tsv	positive	FALSE	FALSE	displayable common log2FC scale, but cohort/model/region heterogeneity precludes an unqualified pooled estimate
Gittings_2023	independent_C9_replication	C9orf72	frontal cortex	ALS_vs_Control	Microglia	DOCK7	log2FC	-0.62976596879263	0.235063300528907	-1.09049003782929	-0.169041899755972	0.00936790552555966	0.292445501518917	whole-transcriptome FDR per contrast/cell type	35	results/Gittings_2023_C9_snRNA/predefined_17_gene_results.tsv	negative	FALSE	FALSE	displayable common log2FC scale, but cohort/model/region heterogeneity precludes an unqualified pooled estimate
Gittings_2023	independent_C9_replication	C9orf72	frontal cortex	ALS_vs_Control	Microglia	HSP90AA1	log2FC	1.13169522551111	0.680495047492303	-0.202075067573803	2.46546551859602	0.101732465201752	0.548732800107263	whole-transcriptome FDR per contrast/cell type	35	results/Gittings_2023_C9_snRNA/predefined_17_gene_results.tsv	positive	FALSE	FALSE	displayable common log2FC scale, but cohort/model/region heterogeneity precludes an unqualified pooled estimate
Gittings_2023	independent_C9_replication	C9orf72	frontal cortex	ALS_vs_Control	Microglia	HSP90AB1	log2FC	1.09773498235225	0.462887750615306	0.19047499114625	2.00499497355825	0.0209433352892801	0.371105363798853	whole-transcriptome FDR per contrast/cell type	35	results/Gittings_2023_C9_snRNA/predefined_17_gene_results.tsv	positive	FALSE	FALSE	displayable common log2FC scale, but cohort/model/region heterogeneity precludes an unqualified pooled estimate
Gittings_2023	independent_C9_replication	C9orf72	frontal cortex	ALS_vs_Control	Microglia	MAP1B	log2FC	1.45698366511104	0.682625280136145	0.119038116044197	2.79492921417788	0.0370320663966905	0.430707691984986	whole-transcriptome FDR per contrast/cell type	35	results/Gittings_2023_C9_snRNA/predefined_17_gene_results.tsv	positive	FALSE	FALSE	displayable common log2FC scale, but cohort/model/region heterogeneity precludes an unqualified pooled estimate
Gittings_2023	independent_C9_replication	C9orf72	frontal cortex	ALS_vs_Control	Microglia	MAPT	log2FC	0.64847905455924	0.486517854441099	-0.305095940145313	1.60205404926379	0.187325827277805	0.650494059879672	whole-transcriptome FDR per contrast/cell type	35	results/Gittings_2023_C9_snRNA/predefined_17_gene_results.tsv	positive	FALSE	FALSE	displayable common log2FC scale, but cohort/model/region heterogeneity precludes an unqualified pooled estimate
Gittings_2023	independent_C9_replication	C9orf72	frontal cortex	ALS_vs_Control	Microglia	PARK7	log2FC	0.772498749471872	0.454314736240097	-0.117958133558719	1.66295563250246	0.0939892049552857	0.541745470624022	whole-transcriptome FDR per contrast/cell type	35	results/Gittings_2023_C9_snRNA/predefined_17_gene_results.tsv	positive	FALSE	FALSE	displayable common log2FC scale, but cohort/model/region heterogeneity precludes an unqualified pooled estimate
Gittings_2023	independent_C9_replication	C9orf72	frontal cortex	ALS_vs_Control	Microglia	STARD13	log2FC	-0.497540849881291	0.279252255327239	-1.04487527032268	0.0497935705600977	0.079535260889186	0.521548859945371	whole-transcriptome FDR per contrast/cell type	35	results/Gittings_2023_C9_snRNA/predefined_17_gene_results.tsv	negative	FALSE	FALSE	displayable common log2FC scale, but cohort/model/region heterogeneity precludes an unqualified pooled estimate
GSE219280	discovery	C9orf72	BA4/BA9 model-averaged	ALS_vs_Control	OPC	ARHGAP35	log2FC	-0.0658979963995425	0.107092975393068	-0.275800228169956	0.144004235370871	0.543611333660066	0.938419228698915	global gene tests within model collection	17	results/GSE219280_pseudobulk_DE/all_gene_contrast_results.tsv	negative	FALSE	FALSE	displayable common log2FC scale, but cohort/model/region heterogeneity precludes an unqualified pooled estimate
Gittings_2023	independent_C9_replication	C9orf72	frontal cortex	ALS_vs_Control	OPC	ARHGAP35	log2FC	-0.153635049497587	0.214385136927419	-0.573829917875329	0.266559818880155	0.47602208125289	0.986977063947027	whole-transcriptome FDR per contrast/cell type	37	results/Gittings_2023_C9_snRNA/predefined_17_gene_results.tsv	negative	FALSE	FALSE	displayable common log2FC scale, but cohort/model/region heterogeneity precludes an unqualified pooled estimate
GSE219280	discovery	C9orf72	BA4/BA9 model-averaged	ALS_vs_Control	OPC	ARHGAP39	log2FC	0.21406191581457	0.233415238480723	-0.243431951607647	0.671555783236787	0.36741393273803	0.885525173467671	global gene tests within model collection	17	results/GSE219280_pseudobulk_DE/all_gene_contrast_results.tsv	positive	FALSE	FALSE	displayable common log2FC scale, but cohort/model/region heterogeneity precludes an unqualified pooled estimate
Gittings_2023	independent_C9_replication	C9orf72	frontal cortex	ALS_vs_Control	OPC	ARHGAP39	log2FC	0.370690181672376	0.255835205555488	-0.13074682121638	0.872127184561132	0.151886598879272	0.986977063947027	whole-transcriptome FDR per contrast/cell type	37	results/Gittings_2023_C9_snRNA/predefined_17_gene_results.tsv	positive	FALSE	FALSE	displayable common log2FC scale, but cohort/model/region heterogeneity precludes an unqualified pooled estimate
GSE219280	discovery	C9orf72	BA4/BA9 model-averaged	ALS_vs_Control	OPC	BAG3	log2FC	1.50749973707803	0.673935850161028	0.186585470762414	2.82841400339365	0.0340004300034458	0.511196292729886	global gene tests within model collection	17	results/GSE219280_pseudobulk_DE/all_gene_contrast_results.tsv	positive	FALSE	FALSE	displayable common log2FC scale, but cohort/model/region heterogeneity precludes an unqualified pooled estimate
Gittings_2023	independent_C9_replication	C9orf72	frontal cortex	ALS_vs_Control	OPC	BAG3	log2FC	-0.547356258308393	0.711584900423971	-1.94206266313938	0.84735014652259	0.444448894361642	0.986977063947027	whole-transcriptome FDR per contrast/cell type	37	results/Gittings_2023_C9_snRNA/predefined_17_gene_results.tsv	negative	FALSE	FALSE	displayable common log2FC scale, but cohort/model/region heterogeneity precludes an unqualified pooled estimate
GSE219280	discovery	C9orf72	BA4/BA9 model-averaged	ALS_vs_Control	OPC	BCR	log2FC	0.0171540226780755	0.111161406850756	-0.200722334749407	0.235030380105558	0.878535974173652	0.989181779656172	global gene tests within model collection	17	results/GSE219280_pseudobulk_DE/all_gene_contrast_results.tsv	positive	FALSE	FALSE	displayable common log2FC scale, but cohort/model/region heterogeneity precludes an unqualified pooled estimate
Gittings_2023	independent_C9_replication	C9orf72	frontal cortex	ALS_vs_Control	OPC	BCR	log2FC	-0.188000217712915	0.249783853432802	-0.677576570441207	0.301576135015377	0.454258634282158	0.986977063947027	whole-transcriptome FDR per contrast/cell type	37	results/Gittings_2023_C9_snRNA/predefined_17_gene_results.tsv	negative	FALSE	FALSE	displayable common log2FC scale, but cohort/model/region heterogeneity precludes an unqualified pooled estimate
GSE219280	discovery	C9orf72	BA4/BA9 model-averaged	ALS_vs_Control	OPC	CCT5	log2FC	0.427481278669984	0.404569311495263	-0.365474571860731	1.2204371292007	0.30137941988799	0.856496997329863	global gene tests within model collection	17	results/GSE219280_pseudobulk_DE/all_gene_contrast_results.tsv	positive	FALSE	FALSE	displayable common log2FC scale, but cohort/model/region heterogeneity precludes an unqualified pooled estimate
Gittings_2023	independent_C9_replication	C9orf72	frontal cortex	ALS_vs_Control	OPC	CCT5	log2FC	0.137809183196959	0.311303515771553	-0.472345707715284	0.747964074109202	0.659380835761843	0.986977063947027	whole-transcriptome FDR per contrast/cell type	37	results/Gittings_2023_C9_snRNA/predefined_17_gene_results.tsv	positive	FALSE	FALSE	displayable common log2FC scale, but cohort/model/region heterogeneity precludes an unqualified pooled estimate
GSE219280	discovery	C9orf72	BA4/BA9 model-averaged	ALS_vs_Control	OPC	CCT8	log2FC	-0.0889459341922407	0.450844070184456	-0.972600311753775	0.794708443369294	0.845309922364185	0.985735823679277	global gene tests within model collection	17	results/GSE219280_pseudobulk_DE/all_gene_contrast_results.tsv	negative	FALSE	FALSE	displayable common log2FC scale, but cohort/model/region heterogeneity precludes an unqualified pooled estimate
Gittings_2023	independent_C9_replication	C9orf72	frontal cortex	ALS_vs_Control	OPC	CCT8	log2FC	0.291056555367032	0.269600656619683	-0.237360731607546	0.819473842341611	0.28408927689861	0.986977063947027	whole-transcriptome FDR per contrast/cell type	37	results/Gittings_2023_C9_snRNA/predefined_17_gene_results.tsv	positive	FALSE	FALSE	displayable common log2FC scale, but cohort/model/region heterogeneity precludes an unqualified pooled estimate
GSE219280	discovery	C9orf72	BA4/BA9 model-averaged	ALS_vs_Control	OPC	CHORDC1	log2FC	0.44585471710364	0.417280955079784	-0.372015954852737	1.26372538906002	0.296593252595792	0.854283999850571	global gene tests within model collection	17	results/GSE219280_pseudobulk_DE/all_gene_contrast_results.tsv	positive	FALSE	FALSE	displayable common log2FC scale, but cohort/model/region heterogeneity precludes an unqualified pooled estimate
Gittings_2023	independent_C9_replication	C9orf72	frontal cortex	ALS_vs_Control	OPC	CHORDC1	log2FC	0.110096663034582	0.379054075036521	-0.632849324037	0.853042650106164	0.772403387287079	0.996940306081293	whole-transcriptome FDR per contrast/cell type	37	results/Gittings_2023_C9_snRNA/predefined_17_gene_results.tsv	positive	FALSE	FALSE	displayable common log2FC scale, but cohort/model/region heterogeneity precludes an unqualified pooled estimate
GSE219280	discovery	C9orf72	BA4/BA9 model-averaged	ALS_vs_Control	OPC	COA3	log2FC	-0.267432992775252	1.09241348303768	-2.4085634195291	1.87369743397859	0.808580102781803	0.981786615392462	global gene tests within model collection	17	results/GSE219280_pseudobulk_DE/all_gene_contrast_results.tsv	negative	FALSE	FALSE	displayable common log2FC scale, but cohort/model/region heterogeneity precludes an unqualified pooled estimate
Gittings_2023	independent_C9_replication	C9orf72	frontal cortex	ALS_vs_Control	OPC	COA3	log2FC	0.0730979730779415	0.353070859550073	-0.618920911640201	0.765116857796084	0.836592817802284	0.999318690250022	whole-transcriptome FDR per contrast/cell type	37	results/Gittings_2023_C9_snRNA/predefined_17_gene_results.tsv	positive	FALSE	FALSE	displayable common log2FC scale, but cohort/model/region heterogeneity precludes an unqualified pooled estimate
GSE219280	discovery	C9orf72	BA4/BA9 model-averaged	ALS_vs_Control	OPC	COX5B	log2FC	1.11708779748738	1.18902225822846	-1.2133958286404	3.44757142361516	0.356331278821737	0.880973530550881	global gene tests within model collection	17	results/GSE219280_pseudobulk_DE/all_gene_contrast_results.tsv	positive	FALSE	FALSE	displayable common log2FC scale, but cohort/model/region heterogeneity precludes an unqualified pooled estimate
Gittings_2023	independent_C9_replication	C9orf72	frontal cortex	ALS_vs_Control	OPC	COX5B	log2FC	0.242244009813001	0.539752120570643	-0.81567014650546	1.30015816613146	0.6551157421966	0.986977063947027	whole-transcriptome FDR per contrast/cell type	37	results/Gittings_2023_C9_snRNA/predefined_17_gene_results.tsv	positive	FALSE	FALSE	displayable common log2FC scale, but cohort/model/region heterogeneity precludes an unqualified pooled estimate
GSE219280	discovery	C9orf72	BA4/BA9 model-averaged	ALS_vs_Control	OPC	COX7C	log2FC	0.299219032717754	1.16713970381971	-1.98837478676888	2.58681285220439	0.799925510875158	0.980686259972842	global gene tests within model collection	17	results/GSE219280_pseudobulk_DE/all_gene_contrast_results.tsv	positive	FALSE	FALSE	displayable common log2FC scale, but cohort/model/region heterogeneity precludes an unqualified pooled estimate
Gittings_2023	independent_C9_replication	C9orf72	frontal cortex	ALS_vs_Control	OPC	COX7C	log2FC	0.426768950006945	0.458402872112155	-0.471700679332878	1.32523857934677	0.355369389933654	0.986977063947027	whole-transcriptome FDR per contrast/cell type	37	results/Gittings_2023_C9_snRNA/predefined_17_gene_results.tsv	positive	FALSE	FALSE	displayable common log2FC scale, but cohort/model/region heterogeneity precludes an unqualified pooled estimate
GSE219280	discovery	C9orf72	BA4/BA9 model-averaged	ALS_vs_Control	OPC	DOCK7	log2FC	0.304871394247807	0.160667818441301	-0.010037529897143	0.619780318392757	0.068765186005211	0.618885763382413	global gene tests within model collection	17	results/GSE219280_pseudobulk_DE/all_gene_contrast_results.tsv	positive	FALSE	FALSE	displayable common log2FC scale, but cohort/model/region heterogeneity precludes an unqualified pooled estimate
Gittings_2023	independent_C9_replication	C9orf72	frontal cortex	ALS_vs_Control	OPC	DOCK7	log2FC	-0.376088036279297	0.216764369270186	-0.800946200048861	0.0487701274902672	0.0872070625223352	0.986977063947027	whole-transcriptome FDR per contrast/cell type	37	results/Gittings_2023_C9_snRNA/predefined_17_gene_results.tsv	negative	FALSE	FALSE	displayable common log2FC scale, but cohort/model/region heterogeneity precludes an unqualified pooled estimate
GSE219280	discovery	C9orf72	BA4/BA9 model-averaged	ALS_vs_Control	OPC	HSP90AA1	log2FC	1.30344609054707	1.02527036611734	-0.706083827042913	3.31297600813705	0.217086421135594	0.807046270124138	global gene tests within model collection	17	results/GSE219280_pseudobulk_DE/all_gene_contrast_results.tsv	positive	FALSE	FALSE	displayable common log2FC scale, but cohort/model/region heterogeneity precludes an unqualified pooled estimate
Gittings_2023	independent_C9_replication	C9orf72	frontal cortex	ALS_vs_Control	OPC	HSP90AA1	log2FC	0.510455372209585	0.440097657930092	-0.352136037333396	1.37304678175257	0.250507801674844	0.986977063947027	whole-transcriptome FDR per contrast/cell type	37	results/Gittings_2023_C9_snRNA/predefined_17_gene_results.tsv	positive	FALSE	FALSE	displayable common log2FC scale, but cohort/model/region heterogeneity precludes an unqualified pooled estimate
GSE219280	discovery	C9orf72	BA4/BA9 model-averaged	ALS_vs_Control	OPC	HSP90AB1	log2FC	1.78102240156779	0.809608061592753	0.194190600845994	3.36785420228959	0.0385155152826165	0.529147703020159	global gene tests within model collection	17	results/GSE219280_pseudobulk_DE/all_gene_contrast_results.tsv	positive	FALSE	FALSE	displayable common log2FC scale, but cohort/model/region heterogeneity precludes an unqualified pooled estimate
Gittings_2023	independent_C9_replication	C9orf72	frontal cortex	ALS_vs_Control	OPC	HSP90AB1	log2FC	0.415625905853065	0.391141940511479	-0.351012297549434	1.18226410925556	0.291990058513423	0.986977063947027	whole-transcriptome FDR per contrast/cell type	37	results/Gittings_2023_C9_snRNA/predefined_17_gene_results.tsv	positive	FALSE	FALSE	displayable common log2FC scale, but cohort/model/region heterogeneity precludes an unqualified pooled estimate
GSE219280	discovery	C9orf72	BA4/BA9 model-averaged	ALS_vs_Control	OPC	MAP1B	log2FC	0.416225053984892	0.547769079976539	-0.657402342769124	1.48985245073891	0.455368100950227	0.915136581284996	global gene tests within model collection	17	results/GSE219280_pseudobulk_DE/all_gene_contrast_results.tsv	positive	FALSE	FALSE	displayable common log2FC scale, but cohort/model/region heterogeneity precludes an unqualified pooled estimate
Gittings_2023	independent_C9_replication	C9orf72	frontal cortex	ALS_vs_Control	OPC	MAP1B	log2FC	0.234742798249669	0.242451792220575	-0.240462714502658	0.709948311001996	0.336360706171599	0.986977063947027	whole-transcriptome FDR per contrast/cell type	37	results/Gittings_2023_C9_snRNA/predefined_17_gene_results.tsv	positive	FALSE	FALSE	displayable common log2FC scale, but cohort/model/region heterogeneity precludes an unqualified pooled estimate
GSE219280	discovery	C9orf72	BA4/BA9 model-averaged	ALS_vs_Control	OPC	MAPT	log2FC	0.149123261434487	0.202346514303342	-0.247475906600063	0.545722429469037	0.468031363352135	0.918467765413625	global gene tests within model collection	17	results/GSE219280_pseudobulk_DE/all_gene_contrast_results.tsv	positive	FALSE	FALSE	displayable common log2FC scale, but cohort/model/region heterogeneity precludes an unqualified pooled estimate
Gittings_2023	independent_C9_replication	C9orf72	frontal cortex	ALS_vs_Control	OPC	MAPT	log2FC	-0.179505857351211	0.203739961436886	-0.578836181767509	0.219824467065087	0.38134945685902	0.986977063947027	whole-transcriptome FDR per contrast/cell type	37	results/Gittings_2023_C9_snRNA/predefined_17_gene_results.tsv	negative	FALSE	FALSE	displayable common log2FC scale, but cohort/model/region heterogeneity precludes an unqualified pooled estimate
GSE219280	discovery	C9orf72	BA4/BA9 model-averaged	ALS_vs_Control	OPC	PARK7	log2FC	0.600253530206895	1.02520295230726	-1.40914425631533	2.60965131672912	0.563752740022307	0.943266605209026	global gene tests within model collection	17	results/GSE219280_pseudobulk_DE/all_gene_contrast_results.tsv	positive	FALSE	FALSE	displayable common log2FC scale, but cohort/model/region heterogeneity precludes an unqualified pooled estimate
Gittings_2023	independent_C9_replication	C9orf72	frontal cortex	ALS_vs_Control	OPC	PARK7	log2FC	0.287340933973699	0.369518821481212	-0.436915956129476	1.01159782407687	0.439553158597561	0.986977063947027	whole-transcriptome FDR per contrast/cell type	37	results/Gittings_2023_C9_snRNA/predefined_17_gene_results.tsv	positive	FALSE	FALSE	displayable common log2FC scale, but cohort/model/region heterogeneity precludes an unqualified pooled estimate
GSE219280	discovery	C9orf72	BA4/BA9 model-averaged	ALS_vs_Control	OPC	STARD13	log2FC	0.00601872743252718	0.175367492265214	-0.337701557407292	0.349739012272346	0.972880075289387	0.997478713511678	global gene tests within model collection	17	results/GSE219280_pseudobulk_DE/all_gene_contrast_results.tsv	positive	FALSE	FALSE	displayable common log2FC scale, but cohort/model/region heterogeneity precludes an unqualified pooled estimate
Gittings_2023	independent_C9_replication	C9orf72	frontal cortex	ALS_vs_Control	OPC	STARD13	log2FC	-0.430158488367077	0.292199554354817	-1.00286961490252	0.142552638168364	0.145660923292514	0.986977063947027	whole-transcriptome FDR per contrast/cell type	37	results/Gittings_2023_C9_snRNA/predefined_17_gene_results.tsv	negative	FALSE	FALSE	displayable common log2FC scale, but cohort/model/region heterogeneity precludes an unqualified pooled estimate
GSE219280	discovery	C9orf72	BA4/BA9 model-averaged	ALS_vs_Control	Oligodendrocyte	ARHGAP35	log2FC	0.0821310895096703	0.115295790191025	-0.143848659264739	0.308110838284079	0.483363123655189	0.923128071569657	global gene tests within model collection	17	results/GSE219280_pseudobulk_DE/all_gene_contrast_results.tsv	positive	FALSE	FALSE	displayable common log2FC scale, but cohort/model/region heterogeneity precludes an unqualified pooled estimate
Gittings_2023	independent_C9_replication	C9orf72	frontal cortex	ALS_vs_Control	Oligodendrocyte	ARHGAP35	log2FC	-0.134140550973166	0.206503421237976	-0.538887256599599	0.270606154653267	0.518209907267646	0.970387790854141	whole-transcriptome FDR per contrast/cell type	37	results/Gittings_2023_C9_snRNA/predefined_17_gene_results.tsv	negative	FALSE	FALSE	displayable common log2FC scale, but cohort/model/region heterogeneity precludes an unqualified pooled estimate
GSE219280	discovery	C9orf72	BA4/BA9 model-averaged	ALS_vs_Control	Oligodendrocyte	ARHGAP39	log2FC	0.973877687534975	0.285047003151895	0.415185561357261	1.53256981371269	0.00234835039099386	0.246189440331991	global gene tests within model collection	17	results/GSE219280_pseudobulk_DE/all_gene_contrast_results.tsv	positive	FALSE	FALSE	displayable common log2FC scale, but cohort/model/region heterogeneity precludes an unqualified pooled estimate
Gittings_2023	independent_C9_replication	C9orf72	frontal cortex	ALS_vs_Control	Oligodendrocyte	ARHGAP39	log2FC	0.162943634369681	0.404369932451953	-0.629621433236147	0.955508701975509	0.688277761190218	0.988592593100892	whole-transcriptome FDR per contrast/cell type	37	results/Gittings_2023_C9_snRNA/predefined_17_gene_results.tsv	positive	FALSE	FALSE	displayable common log2FC scale, but cohort/model/region heterogeneity precludes an unqualified pooled estimate
GSE219280	discovery	C9orf72	BA4/BA9 model-averaged	ALS_vs_Control	Oligodendrocyte	BAG3	log2FC	2.35072199436018	1.55017191226534	-0.687614953679891	5.38905894240025	0.143216903806593	0.73949354105589	global gene tests within model collection	17	results/GSE219280_pseudobulk_DE/all_gene_contrast_results.tsv	positive	FALSE	FALSE	displayable common log2FC scale, but cohort/model/region heterogeneity precludes an unqualified pooled estimate
Gittings_2023	independent_C9_replication	C9orf72	frontal cortex	ALS_vs_Control	Oligodendrocyte	BAG3	log2FC	0.281578136896337	0.747339058595	-1.18320641794986	1.74636269174254	0.70754578814017	0.990085464605502	whole-transcriptome FDR per contrast/cell type	37	results/Gittings_2023_C9_snRNA/predefined_17_gene_results.tsv	positive	FALSE	FALSE	displayable common log2FC scale, but cohort/model/region heterogeneity precludes an unqualified pooled estimate
GSE219280	discovery	C9orf72	BA4/BA9 model-averaged	ALS_vs_Control	Oligodendrocyte	BCR	log2FC	0.282480799786907	0.223262041534936	-0.155112801621568	0.720074401195382	0.218367149211997	0.807870749122672	global gene tests within model collection	17	results/GSE219280_pseudobulk_DE/all_gene_contrast_results.tsv	positive	FALSE	FALSE	displayable common log2FC scale, but cohort/model/region heterogeneity precludes an unqualified pooled estimate
Gittings_2023	independent_C9_replication	C9orf72	frontal cortex	ALS_vs_Control	Oligodendrocyte	BCR	log2FC	-0.12735660811617	0.270349475226863	-0.657241579560821	0.402528363328481	0.639130562116565	0.985468012978478	whole-transcriptome FDR per contrast/cell type	37	results/Gittings_2023_C9_snRNA/predefined_17_gene_results.tsv	negative	FALSE	FALSE	displayable common log2FC scale, but cohort/model/region heterogeneity precludes an unqualified pooled estimate
GSE219280	discovery	C9orf72	BA4/BA9 model-averaged	ALS_vs_Control	Oligodendrocyte	CCT5	log2FC	-0.183500419360465	0.443141414615782	-1.0520575920074	0.685056753286468	0.682695392823303	0.964543271440211	global gene tests within model collection	17	results/GSE219280_pseudobulk_DE/all_gene_contrast_results.tsv	negative	FALSE	FALSE	displayable common log2FC scale, but cohort/model/region heterogeneity precludes an unqualified pooled estimate
Gittings_2023	independent_C9_replication	C9orf72	frontal cortex	ALS_vs_Control	Oligodendrocyte	CCT5	log2FC	0.396866477249048	0.343223964938271	-0.275852494029963	1.06958544852806	0.251716328814447	0.924340994780789	whole-transcriptome FDR per contrast/cell type	37	results/Gittings_2023_C9_snRNA/predefined_17_gene_results.tsv	positive	FALSE	FALSE	displayable common log2FC scale, but cohort/model/region heterogeneity precludes an unqualified pooled estimate
GSE219280	discovery	C9orf72	BA4/BA9 model-averaged	ALS_vs_Control	Oligodendrocyte	CCT8	log2FC	-0.524652589826074	0.597787598774075	-1.69631628342326	0.647011103771113	0.389325986089641	0.893560872586296	global gene tests within model collection	17	results/GSE219280_pseudobulk_DE/all_gene_contrast_results.tsv	negative	FALSE	FALSE	displayable common log2FC scale, but cohort/model/region heterogeneity precludes an unqualified pooled estimate
Gittings_2023	independent_C9_replication	C9orf72	frontal cortex	ALS_vs_Control	Oligodendrocyte	CCT8	log2FC	0.540895838036267	0.29387623899231	-0.0351015903886616	1.1168932664612	0.0701667593474498	0.838374545149731	whole-transcriptome FDR per contrast/cell type	37	results/Gittings_2023_C9_snRNA/predefined_17_gene_results.tsv	positive	FALSE	FALSE	displayable common log2FC scale, but cohort/model/region heterogeneity precludes an unqualified pooled estimate
GSE219280	discovery	C9orf72	BA4/BA9 model-averaged	ALS_vs_Control	Oligodendrocyte	CHORDC1	log2FC	0.665413141815479	0.394830386316656	-0.108454415365166	1.43928069899612	0.105630058103891	0.690024186586004	global gene tests within model collection	17	results/GSE219280_pseudobulk_DE/all_gene_contrast_results.tsv	positive	FALSE	FALSE	displayable common log2FC scale, but cohort/model/region heterogeneity precludes an unqualified pooled estimate
Gittings_2023	independent_C9_replication	C9orf72	frontal cortex	ALS_vs_Control	Oligodendrocyte	CHORDC1	log2FC	0.234715583262884	0.489316470419389	-0.724344698759118	1.19377586528489	0.633034829932942	0.985468012978478	whole-transcriptome FDR per contrast/cell type	37	results/Gittings_2023_C9_snRNA/predefined_17_gene_results.tsv	positive	FALSE	FALSE	displayable common log2FC scale, but cohort/model/region heterogeneity precludes an unqualified pooled estimate
GSE219280	discovery	C9orf72	BA4/BA9 model-averaged	ALS_vs_Control	Oligodendrocyte	COA3	log2FC	-0.363095824192205	1.00955574628075	-2.34182508690247	1.61563343851806	0.722427013457618	0.970245601089826	global gene tests within model collection	17	results/GSE219280_pseudobulk_DE/all_gene_contrast_results.tsv	negative	FALSE	FALSE	displayable common log2FC scale, but cohort/model/region heterogeneity precludes an unqualified pooled estimate
Gittings_2023	independent_C9_replication	C9orf72	frontal cortex	ALS_vs_Control	Oligodendrocyte	COA3	log2FC	0.529950719358008	0.389954117322047	-0.234359350593204	1.29426078930922	0.178754019588289	0.908166055932009	whole-transcriptome FDR per contrast/cell type	37	results/Gittings_2023_C9_snRNA/predefined_17_gene_results.tsv	positive	FALSE	FALSE	displayable common log2FC scale, but cohort/model/region heterogeneity precludes an unqualified pooled estimate
GSE219280	discovery	C9orf72	BA4/BA9 model-averaged	ALS_vs_Control	Oligodendrocyte	COX5B	log2FC	0.943780255542529	1.45919134290153	-1.91623477654447	3.80379528762953	0.524259997667586	0.933693414526211	global gene tests within model collection	17	results/GSE219280_pseudobulk_DE/all_gene_contrast_results.tsv	positive	FALSE	FALSE	displayable common log2FC scale, but cohort/model/region heterogeneity precludes an unqualified pooled estimate
Gittings_2023	independent_C9_replication	C9orf72	frontal cortex	ALS_vs_Control	Oligodendrocyte	COX5B	log2FC	0.427463838950636	0.540494311328706	-0.631905011253627	1.4868326891549	0.431839453512881	0.960747476296538	whole-transcriptome FDR per contrast/cell type	37	results/Gittings_2023_C9_snRNA/predefined_17_gene_results.tsv	positive	FALSE	FALSE	displayable common log2FC scale, but cohort/model/region heterogeneity precludes an unqualified pooled estimate
GSE219280	discovery	C9orf72	BA4/BA9 model-averaged	ALS_vs_Control	Oligodendrocyte	COX7C	log2FC	0.396162520727896	1.50057479468416	-2.54496407685306	3.33728911830886	0.794156769694705	0.97977567766659	global gene tests within model collection	17	results/GSE219280_pseudobulk_DE/all_gene_contrast_results.tsv	positive	FALSE	FALSE	displayable common log2FC scale, but cohort/model/region heterogeneity precludes an unqualified pooled estimate
Gittings_2023	independent_C9_replication	C9orf72	frontal cortex	ALS_vs_Control	Oligodendrocyte	COX7C	log2FC	0.723341158329456	0.579799630263888	-0.413066116987764	1.85974843364668	0.21658135343246	0.913285325957524	whole-transcriptome FDR per contrast/cell type	37	results/Gittings_2023_C9_snRNA/predefined_17_gene_results.tsv	positive	FALSE	FALSE	displayable common log2FC scale, but cohort/model/region heterogeneity precludes an unqualified pooled estimate
GSE219280	discovery	C9orf72	BA4/BA9 model-averaged	ALS_vs_Control	Oligodendrocyte	DOCK7	log2FC	0.319694523710685	0.209904689387871	-0.0917186674895422	0.731107714910912	0.141286794120359	0.737014320194435	global gene tests within model collection	17	results/GSE219280_pseudobulk_DE/all_gene_contrast_results.tsv	positive	FALSE	FALSE	displayable common log2FC scale, but cohort/model/region heterogeneity precludes an unqualified pooled estimate
Gittings_2023	independent_C9_replication	C9orf72	frontal cortex	ALS_vs_Control	Oligodendrocyte	DOCK7	log2FC	-0.145890490207144	0.272527849157137	-0.680045074555133	0.388264094140845	0.594219322691497	0.98248287362097	whole-transcriptome FDR per contrast/cell type	37	results/Gittings_2023_C9_snRNA/predefined_17_gene_results.tsv	negative	FALSE	FALSE	displayable common log2FC scale, but cohort/model/region heterogeneity precludes an unqualified pooled estimate
GSE219280	discovery	C9orf72	BA4/BA9 model-averaged	ALS_vs_Control	Oligodendrocyte	HSP90AA1	log2FC	0.717386468262063	0.840930447725222	-0.930837209279372	2.3656101458035	0.402524760238074	0.898608562043186	global gene tests within model collection	17	results/GSE219280_pseudobulk_DE/all_gene_contrast_results.tsv	positive	FALSE	FALSE	displayable common log2FC scale, but cohort/model/region heterogeneity precludes an unqualified pooled estimate
Gittings_2023	independent_C9_replication	C9orf72	frontal cortex	ALS_vs_Control	Oligodendrocyte	HSP90AA1	log2FC	0.163316381554091	0.338050268567282	-0.499262144837782	0.825894907945964	0.630608901190534	0.985468012978478	whole-transcriptome FDR per contrast/cell type	37	results/Gittings_2023_C9_snRNA/predefined_17_gene_results.tsv	positive	FALSE	FALSE	displayable common log2FC scale, but cohort/model/region heterogeneity precludes an unqualified pooled estimate
GSE219280	discovery	C9orf72	BA4/BA9 model-averaged	ALS_vs_Control	Oligodendrocyte	HSP90AB1	log2FC	0.997272400025125	0.883292234652393	-0.733980379893566	2.72852517994382	0.270673482301172	0.840502489653999	global gene tests within model collection	17	results/GSE219280_pseudobulk_DE/all_gene_contrast_results.tsv	positive	FALSE	FALSE	displayable common log2FC scale, but cohort/model/region heterogeneity precludes an unqualified pooled estimate
Gittings_2023	independent_C9_replication	C9orf72	frontal cortex	ALS_vs_Control	Oligodendrocyte	HSP90AB1	log2FC	0.752465752383166	0.407114124033067	-0.0454779307216452	1.55040943548798	0.0690250881807741	0.838374545149731	whole-transcriptome FDR per contrast/cell type	37	results/Gittings_2023_C9_snRNA/predefined_17_gene_results.tsv	positive	FALSE	FALSE	displayable common log2FC scale, but cohort/model/region heterogeneity precludes an unqualified pooled estimate
GSE219280	discovery	C9orf72	BA4/BA9 model-averaged	ALS_vs_Control	Oligodendrocyte	MAP1B	log2FC	0.615678141393648	0.845503186723597	-1.0415081045846	2.2728643873719	0.473950105424681	0.920338799000579	global gene tests within model collection	17	results/GSE219280_pseudobulk_DE/all_gene_contrast_results.tsv	positive	FALSE	FALSE	displayable common log2FC scale, but cohort/model/region heterogeneity precludes an unqualified pooled estimate
Gittings_2023	independent_C9_replication	C9orf72	frontal cortex	ALS_vs_Control	Oligodendrocyte	MAP1B	log2FC	0.0431548426429078	0.210492753366226	-0.369410953954894	0.45572063924071	0.838186692937573	0.994266381409201	whole-transcriptome FDR per contrast/cell type	37	results/Gittings_2023_C9_snRNA/predefined_17_gene_results.tsv	positive	FALSE	FALSE	displayable common log2FC scale, but cohort/model/region heterogeneity precludes an unqualified pooled estimate
GSE219280	discovery	C9orf72	BA4/BA9 model-averaged	ALS_vs_Control	Oligodendrocyte	MAPT	log2FC	0.17719546363044	0.159517109368205	-0.135458070731242	0.489848997992122	0.278044572541871	0.844454584527991	global gene tests within model collection	17	results/GSE219280_pseudobulk_DE/all_gene_contrast_results.tsv	positive	FALSE	FALSE	displayable common log2FC scale, but cohort/model/region heterogeneity precludes an unqualified pooled estimate
Gittings_2023	independent_C9_replication	C9orf72	frontal cortex	ALS_vs_Control	Oligodendrocyte	MAPT	log2FC	-0.268378178345682	0.211485346089668	-0.682889456681431	0.146133099990067	0.208877133430049	0.913285325957524	whole-transcriptome FDR per contrast/cell type	37	results/Gittings_2023_C9_snRNA/predefined_17_gene_results.tsv	negative	FALSE	FALSE	displayable common log2FC scale, but cohort/model/region heterogeneity precludes an unqualified pooled estimate
GSE219280	discovery	C9orf72	BA4/BA9 model-averaged	ALS_vs_Control	Oligodendrocyte	PARK7	log2FC	0.787365184650969	1.04875203296336	-1.26818879995721	2.84291916925915	0.460508228058854	0.916544834156825	global gene tests within model collection	17	results/GSE219280_pseudobulk_DE/all_gene_contrast_results.tsv	positive	FALSE	FALSE	displayable common log2FC scale, but cohort/model/region heterogeneity precludes an unqualified pooled estimate
Gittings_2023	independent_C9_replication	C9orf72	frontal cortex	ALS_vs_Control	Oligodendrocyte	PARK7	log2FC	0.428388142379778	0.394182814481079	-0.344210174003136	1.20098645876269	0.281075513111724	0.927198228006439	whole-transcriptome FDR per contrast/cell type	37	results/Gittings_2023_C9_snRNA/predefined_17_gene_results.tsv	positive	FALSE	FALSE	displayable common log2FC scale, but cohort/model/region heterogeneity precludes an unqualified pooled estimate
GSE219280	discovery	C9orf72	BA4/BA9 model-averaged	ALS_vs_Control	Oligodendrocyte	STARD13	log2FC	-0.273568242861048	0.14860826529516	-0.564840442839562	0.0177039571174664	0.0784892752969221	0.639758620641636	global gene tests within model collection	17	results/GSE219280_pseudobulk_DE/all_gene_contrast_results.tsv	negative	FALSE	FALSE	displayable common log2FC scale, but cohort/model/region heterogeneity precludes an unqualified pooled estimate
Gittings_2023	independent_C9_replication	C9orf72	frontal cortex	ALS_vs_Control	Oligodendrocyte	STARD13	log2FC	-0.316951427514233	0.219702672585496	-0.747568665781805	0.113665810753339	0.153835141996191	0.904124746931197	whole-transcriptome FDR per contrast/cell type	37	results/Gittings_2023_C9_snRNA/predefined_17_gene_results.tsv	negative	FALSE	FALSE	displayable common log2FC scale, but cohort/model/region heterogeneity precludes an unqualified pooled estimate
GSE219280	discovery	C9orf72	BA4/BA9 model-averaged	ALS_vs_FTD	Astrocyte	ARHGAP35	log2FC	-0.404547089276039	0.244750941024715	-0.884258933684481	0.0751647551324025	0.112640179607932	0.698772155359435	global gene tests within model collection	16	results/GSE219280_pseudobulk_DE/all_gene_contrast_results.tsv	negative	FALSE	FALSE	displayable common log2FC scale, but cohort/model/region heterogeneity precludes an unqualified pooled estimate
Gittings_2023	independent_C9_replication	C9orf72	frontal cortex	ALS_vs_FTD	Astrocyte	ARHGAP35	log2FC	-0.476347594781653	0.260996374497446	-0.987900488796647	0.0352052992333409	0.0724441228070163	0.580444687010113	whole-transcriptome FDR per contrast/cell type	37	results/Gittings_2023_C9_snRNA/predefined_17_gene_results.tsv	negative	FALSE	FALSE	displayable common log2FC scale, but cohort/model/region heterogeneity precludes an unqualified pooled estimate
GSE219280	discovery	C9orf72	BA4/BA9 model-averaged	ALS_vs_FTD	Astrocyte	ARHGAP39	log2FC	0.235657057503763	0.337434698358785	-0.425714951279455	0.897029066286981	0.492425513126126	0.925610614266036	global gene tests within model collection	16	results/GSE219280_pseudobulk_DE/all_gene_contrast_results.tsv	positive	FALSE	FALSE	displayable common log2FC scale, but cohort/model/region heterogeneity precludes an unqualified pooled estimate
Gittings_2023	independent_C9_replication	C9orf72	frontal cortex	ALS_vs_FTD	Astrocyte	ARHGAP39	log2FC	0.0774465210729431	0.443528932134819	-0.791870185911301	0.946763228057188	0.861914660212678	0.976729171073792	whole-transcriptome FDR per contrast/cell type	37	results/Gittings_2023_C9_snRNA/predefined_17_gene_results.tsv	positive	FALSE	FALSE	displayable common log2FC scale, but cohort/model/region heterogeneity precludes an unqualified pooled estimate
GSE219280	discovery	C9orf72	BA4/BA9 model-averaged	ALS_vs_FTD	Astrocyte	BAG3	log2FC	-0.300212922135628	0.513782105511806	-1.30722584893877	0.706800004667511	0.565119997804446	0.94348356573455	global gene tests within model collection	16	results/GSE219280_pseudobulk_DE/all_gene_contrast_results.tsv	negative	FALSE	FALSE	displayable common log2FC scale, but cohort/model/region heterogeneity precludes an unqualified pooled estimate
Gittings_2023	independent_C9_replication	C9orf72	frontal cortex	ALS_vs_FTD	Astrocyte	BAG3	log2FC	-0.595084492036376	0.554653693422217	-1.68220573114392	0.492036747071169	0.287285968546035	0.774727637399867	whole-transcriptome FDR per contrast/cell type	37	results/Gittings_2023_C9_snRNA/predefined_17_gene_results.tsv	negative	FALSE	FALSE	displayable common log2FC scale, but cohort/model/region heterogeneity precludes an unqualified pooled estimate
GSE219280	discovery	C9orf72	BA4/BA9 model-averaged	ALS_vs_FTD	Astrocyte	BCR	log2FC	0.416460075801505	0.210724652616729	0.00343975667271679	0.829480394930293	0.0608672741163587	0.598805152924406	global gene tests within model collection	16	results/GSE219280_pseudobulk_DE/all_gene_contrast_results.tsv	positive	FALSE	FALSE	displayable common log2FC scale, but cohort/model/region heterogeneity precludes an unqualified pooled estimate
Gittings_2023	independent_C9_replication	C9orf72	frontal cortex	ALS_vs_FTD	Astrocyte	BCR	log2FC	0.249739004814604	0.316894301415668	-0.371373825960106	0.870851835589314	0.433428980780528	0.850073231785552	whole-transcriptome FDR per contrast/cell type	37	results/Gittings_2023_C9_snRNA/predefined_17_gene_results.tsv	positive	FALSE	FALSE	displayable common log2FC scale, but cohort/model/region heterogeneity precludes an unqualified pooled estimate
GSE219280	discovery	C9orf72	BA4/BA9 model-averaged	ALS_vs_FTD	Astrocyte	CCT5	log2FC	-0.482568583953184	1.11338346320109	-2.66480017182731	1.69966300392095	0.669046976124006	0.962301237409131	global gene tests within model collection	16	results/GSE219280_pseudobulk_DE/all_gene_contrast_results.tsv	negative	FALSE	FALSE	displayable common log2FC scale, but cohort/model/region heterogeneity precludes an unqualified pooled estimate
Gittings_2023	independent_C9_replication	C9orf72	frontal cortex	ALS_vs_FTD	Astrocyte	CCT5	log2FC	0.0451850789302513	0.465300231560404	-0.866803374928141	0.957173532788643	0.922929479414667	0.987117972042149	whole-transcriptome FDR per contrast/cell type	37	results/Gittings_2023_C9_snRNA/predefined_17_gene_results.tsv	positive	FALSE	FALSE	displayable common log2FC scale, but cohort/model/region heterogeneity precludes an unqualified pooled estimate
GSE219280	discovery	C9orf72	BA4/BA9 model-averaged	ALS_vs_FTD	Astrocyte	CCT8	log2FC	-0.567080929111092	0.670832229005037	-1.88191209796097	0.747750239738781	0.407281609921555	0.90022041834071	global gene tests within model collection	16	results/GSE219280_pseudobulk_DE/all_gene_contrast_results.tsv	negative	FALSE	FALSE	displayable common log2FC scale, but cohort/model/region heterogeneity precludes an unqualified pooled estimate
Gittings_2023	independent_C9_replication	C9orf72	frontal cortex	ALS_vs_FTD	Astrocyte	CCT8	log2FC	0.331056510944157	0.423793430462571	-0.499578612762482	1.1616916346508	0.437452961256426	0.850883094329428	whole-transcriptome FDR per contrast/cell type	37	results/Gittings_2023_C9_snRNA/predefined_17_gene_results.tsv	positive	FALSE	FALSE	displayable common log2FC scale, but cohort/model/region heterogeneity precludes an unqualified pooled estimate
GSE219280	discovery	C9orf72	BA4/BA9 model-averaged	ALS_vs_FTD	Astrocyte	CHORDC1	log2FC	-0.900452071304958	0.48754657454418	-1.85604335741155	0.0551392148016338	0.0786474332338005	0.640131657232367	global gene tests within model collection	16	results/GSE219280_pseudobulk_DE/all_gene_contrast_results.tsv	negative	FALSE	FALSE	displayable common log2FC scale, but cohort/model/region heterogeneity precludes an unqualified pooled estimate
Gittings_2023	independent_C9_replication	C9orf72	frontal cortex	ALS_vs_FTD	Astrocyte	CHORDC1	log2FC	-0.381793507582831	0.527787013078324	-1.41625605321635	0.652669038050685	0.472006627506697	0.865475431923926	whole-transcriptome FDR per contrast/cell type	37	results/Gittings_2023_C9_snRNA/predefined_17_gene_results.tsv	negative	FALSE	FALSE	displayable common log2FC scale, but cohort/model/region heterogeneity precludes an unqualified pooled estimate
GSE219280	discovery	C9orf72	BA4/BA9 model-averaged	ALS_vs_FTD	Astrocyte	COA3	log2FC	-3.92297561480223	1.12752969309859	-6.13293381327547	-1.71301741632899	0.0021735457796634	0.241903406583883	global gene tests within model collection	16	results/GSE219280_pseudobulk_DE/all_gene_contrast_results.tsv	negative	FALSE	FALSE	displayable common log2FC scale, but cohort/model/region heterogeneity precludes an unqualified pooled estimate
Gittings_2023	independent_C9_replication	C9orf72	frontal cortex	ALS_vs_FTD	Astrocyte	COA3	log2FC	-0.0587543700318705	0.491541789774037	-1.02217627798898	0.904667537925242	0.905212729623349	0.985407334262688	whole-transcriptome FDR per contrast/cell type	37	results/Gittings_2023_C9_snRNA/predefined_17_gene_results.tsv	negative	FALSE	FALSE	displayable common log2FC scale, but cohort/model/region heterogeneity precludes an unqualified pooled estimate
GSE219280	discovery	C9orf72	BA4/BA9 model-averaged	ALS_vs_FTD	Astrocyte	COX5B	log2FC	-2.6469019295448	1.403213078665	-5.39719956372821	0.103395704638605	0.0729084585872566	0.628659696495412	global gene tests within model collection	16	results/GSE219280_pseudobulk_DE/all_gene_contrast_results.tsv	negative	FALSE	FALSE	displayable common log2FC scale, but cohort/model/region heterogeneity precludes an unqualified pooled estimate
Gittings_2023	independent_C9_replication	C9orf72	frontal cortex	ALS_vs_FTD	Astrocyte	COX5B	log2FC	0.710131015805589	0.644393199926559	-0.552879656050467	1.97314168766165	0.274547792871323	0.769746951074378	whole-transcriptome FDR per contrast/cell type	37	results/Gittings_2023_C9_snRNA/predefined_17_gene_results.tsv	positive	FALSE	FALSE	displayable common log2FC scale, but cohort/model/region heterogeneity precludes an unqualified pooled estimate
GSE219280	discovery	C9orf72	BA4/BA9 model-averaged	ALS_vs_FTD	Astrocyte	COX7C	log2FC	-2.00807599035162	1.08095277905665	-4.12674343730266	0.110591456599419	0.077038848297661	0.63732906696842	global gene tests within model collection	16	results/GSE219280_pseudobulk_DE/all_gene_contrast_results.tsv	negative	FALSE	FALSE	displayable common log2FC scale, but cohort/model/region heterogeneity precludes an unqualified pooled estimate
Gittings_2023	independent_C9_replication	C9orf72	frontal cortex	ALS_vs_FTD	Astrocyte	COX7C	log2FC	0.924429979340166	0.58513213547295	-0.222429006186815	2.07128896486715	0.118995497944583	0.644244893000371	whole-transcriptome FDR per contrast/cell type	37	results/Gittings_2023_C9_snRNA/predefined_17_gene_results.tsv	positive	FALSE	FALSE	displayable common log2FC scale, but cohort/model/region heterogeneity precludes an unqualified pooled estimate
GSE219280	discovery	C9orf72	BA4/BA9 model-averaged	ALS_vs_FTD	Astrocyte	DOCK7	log2FC	-0.434868109714582	0.188769278469437	-0.804855895514678	-0.0648803239144862	0.0311275461572602	0.498027547635882	global gene tests within model collection	16	results/GSE219280_pseudobulk_DE/all_gene_contrast_results.tsv	negative	FALSE	FALSE	displayable common log2FC scale, but cohort/model/region heterogeneity precludes an unqualified pooled estimate
Gittings_2023	independent_C9_replication	C9orf72	frontal cortex	ALS_vs_FTD	Astrocyte	DOCK7	log2FC	-0.331583323233508	0.259121008560521	-0.83946050001213	0.176293853545114	0.205085112821157	0.726637252462197	whole-transcriptome FDR per contrast/cell type	37	results/Gittings_2023_C9_snRNA/predefined_17_gene_results.tsv	negative	FALSE	FALSE	displayable common log2FC scale, but cohort/model/region heterogeneity precludes an unqualified pooled estimate
GSE219280	discovery	C9orf72	BA4/BA9 model-averaged	ALS_vs_FTD	Astrocyte	HSP90AA1	log2FC	-2.84769925526376	1.32776968418371	-5.45012783626384	-0.245270674263685	0.0436105909771111	0.54691125513016	global gene tests within model collection	16	results/GSE219280_pseudobulk_DE/all_gene_contrast_results.tsv	negative	FALSE	FALSE	displayable common log2FC scale, but cohort/model/region heterogeneity precludes an unqualified pooled estimate
Gittings_2023	independent_C9_replication	C9orf72	frontal cortex	ALS_vs_FTD	Astrocyte	HSP90AA1	log2FC	-0.104045142976588	0.62917299128406	-1.33722420589335	1.12913391994017	0.869172187296737	0.977431829350956	whole-transcriptome FDR per contrast/cell type	37	results/Gittings_2023_C9_snRNA/predefined_17_gene_results.tsv	negative	FALSE	FALSE	displayable common log2FC scale, but cohort/model/region heterogeneity precludes an unqualified pooled estimate
GSE219280	discovery	C9orf72	BA4/BA9 model-averaged	ALS_vs_FTD	Astrocyte	HSP90AB1	log2FC	-3.94789786082788	1.00062742402672	-5.90912761192025	-1.98666810973551	0.000719733976374811	0.180281313293335	global gene tests within model collection	16	results/GSE219280_pseudobulk_DE/all_gene_contrast_results.tsv	negative	FALSE	FALSE	displayable common log2FC scale, but cohort/model/region heterogeneity precludes an unqualified pooled estimate
Gittings_2023	independent_C9_replication	C9orf72	frontal cortex	ALS_vs_FTD	Astrocyte	HSP90AB1	log2FC	0.268716322487512	0.552831472736072	-0.814833364075189	1.35226600905021	0.628550449146184	0.919611587496366	whole-transcriptome FDR per contrast/cell type	37	results/Gittings_2023_C9_snRNA/predefined_17_gene_results.tsv	positive	FALSE	FALSE	displayable common log2FC scale, but cohort/model/region heterogeneity precludes an unqualified pooled estimate
GSE219280	discovery	C9orf72	BA4/BA9 model-averaged	ALS_vs_FTD	Astrocyte	MAP1B	log2FC	-2.7106156058624	1.08340916005017	-4.83409755956074	-0.587133652164061	0.0205299957027425	0.441895802555089	global gene tests within model collection	16	results/GSE219280_pseudobulk_DE/all_gene_contrast_results.tsv	negative	FALSE	FALSE	displayable common log2FC scale, but cohort/model/region heterogeneity precludes an unqualified pooled estimate
Gittings_2023	independent_C9_replication	C9orf72	frontal cortex	ALS_vs_FTD	Astrocyte	MAP1B	log2FC	1.04402742450104	0.530950997533373	0.0033634693356297	2.08469137966645	0.0535284081851204	0.545003344716789	whole-transcriptome FDR per contrast/cell type	37	results/Gittings_2023_C9_snRNA/predefined_17_gene_results.tsv	positive	FALSE	FALSE	displayable common log2FC scale, but cohort/model/region heterogeneity precludes an unqualified pooled estimate
GSE219280	discovery	C9orf72	BA4/BA9 model-averaged	ALS_vs_FTD	Astrocyte	MAPT	log2FC	0.36149535707357	0.179668404557803	0.00934528414027591	0.713645430006864	0.0566994487831949	0.587295698919112	global gene tests within model collection	16	results/GSE219280_pseudobulk_DE/all_gene_contrast_results.tsv	positive	FALSE	FALSE	displayable common log2FC scale, but cohort/model/region heterogeneity precludes an unqualified pooled estimate
Gittings_2023	independent_C9_replication	C9orf72	frontal cortex	ALS_vs_FTD	Astrocyte	MAPT	log2FC	0.321620799516332	0.297176824577114	-0.260845776654812	0.904087375687476	0.283021375447758	0.772606865323867	whole-transcriptome FDR per contrast/cell type	37	results/Gittings_2023_C9_snRNA/predefined_17_gene_results.tsv	positive	FALSE	FALSE	displayable common log2FC scale, but cohort/model/region heterogeneity precludes an unqualified pooled estimate
GSE219280	discovery	C9orf72	BA4/BA9 model-averaged	ALS_vs_FTD	Astrocyte	PARK7	log2FC	-3.99192576927195	1.35952657789874	-6.65659786195348	-1.32725367659042	0.00779061044375452	0.338111199716118	global gene tests within model collection	16	results/GSE219280_pseudobulk_DE/all_gene_contrast_results.tsv	negative	FALSE	FALSE	displayable common log2FC scale, but cohort/model/region heterogeneity precludes an unqualified pooled estimate
Gittings_2023	independent_C9_replication	C9orf72	frontal cortex	ALS_vs_FTD	Astrocyte	PARK7	log2FC	0.133104223552542	0.437797504224789	-0.724978884728044	0.991187331833128	0.7620484588084	0.952274056835889	whole-transcriptome FDR per contrast/cell type	37	results/Gittings_2023_C9_snRNA/predefined_17_gene_results.tsv	positive	FALSE	FALSE	displayable common log2FC scale, but cohort/model/region heterogeneity precludes an unqualified pooled estimate
GSE219280	discovery	C9orf72	BA4/BA9 model-averaged	ALS_vs_FTD	Astrocyte	STARD13	log2FC	-0.804742236378638	0.258440133456314	-1.31128489795301	-0.298199574804262	0.0051043810517119	0.302908422627711	global gene tests within model collection	16	results/GSE219280_pseudobulk_DE/all_gene_contrast_results.tsv	negative	FALSE	FALSE	displayable common log2FC scale, but cohort/model/region heterogeneity precludes an unqualified pooled estimate
Gittings_2023	independent_C9_replication	C9orf72	frontal cortex	ALS_vs_FTD	Astrocyte	STARD13	log2FC	-0.65317780162655	0.304468760095445	-1.24993657141362	-0.0564190318394778	0.0355586660911007	0.498969150408142	whole-transcriptome FDR per contrast/cell type	37	results/Gittings_2023_C9_snRNA/predefined_17_gene_results.tsv	negative	FALSE	FALSE	displayable common log2FC scale, but cohort/model/region heterogeneity precludes an unqualified pooled estimate
Gittings_2023	independent_C9_replication	C9orf72	frontal cortex	ALS_vs_FTD	Excitatory neuron	ARHGAP35	log2FC	-0.276517249100134	0.202799772994171	-0.67400480416871	0.120970305968442	0.177474386765043	0.680316900873364	whole-transcriptome FDR per contrast/cell type	37	results/Gittings_2023_C9_snRNA/predefined_17_gene_results.tsv	negative	FALSE	FALSE	displayable common log2FC scale, but cohort/model/region heterogeneity precludes an unqualified pooled estimate
Gittings_2023	independent_C9_replication	C9orf72	frontal cortex	ALS_vs_FTD	Excitatory neuron	ARHGAP39	log2FC	0.0578482099357816	0.277694052965983	-0.486432133877545	0.602128553749108	0.835639607205016	0.963185217776933	whole-transcriptome FDR per contrast/cell type	37	results/Gittings_2023_C9_snRNA/predefined_17_gene_results.tsv	positive	FALSE	FALSE	displayable common log2FC scale, but cohort/model/region heterogeneity precludes an unqualified pooled estimate
Gittings_2023	independent_C9_replication	C9orf72	frontal cortex	ALS_vs_FTD	Excitatory neuron	BAG3	log2FC	-0.829452594102625	0.447871653107996	-1.7072810341943	0.0483758459890469	0.0686136957292454	0.549345504814025	whole-transcriptome FDR per contrast/cell type	37	results/Gittings_2023_C9_snRNA/predefined_17_gene_results.tsv	negative	FALSE	FALSE	displayable common log2FC scale, but cohort/model/region heterogeneity precludes an unqualified pooled estimate
Gittings_2023	independent_C9_replication	C9orf72	frontal cortex	ALS_vs_FTD	Excitatory neuron	BCR	log2FC	-0.312003314789746	0.2658843654932	-0.833136671156418	0.209130041576926	0.244936463977113	0.729867801922125	whole-transcriptome FDR per contrast/cell type	37	results/Gittings_2023_C9_snRNA/predefined_17_gene_results.tsv	negative	FALSE	FALSE	displayable common log2FC scale, but cohort/model/region heterogeneity precludes an unqualified pooled estimate
Gittings_2023	independent_C9_replication	C9orf72	frontal cortex	ALS_vs_FTD	Excitatory neuron	CCT5	log2FC	-0.0143897392965027	0.382050355478683	-0.763208436034721	0.734428957441716	0.970071720430244	0.993299200443359	whole-transcriptome FDR per contrast/cell type	37	results/Gittings_2023_C9_snRNA/predefined_17_gene_results.tsv	negative	FALSE	FALSE	displayable common log2FC scale, but cohort/model/region heterogeneity precludes an unqualified pooled estimate
Gittings_2023	independent_C9_replication	C9orf72	frontal cortex	ALS_vs_FTD	Excitatory neuron	CCT8	log2FC	0.232049046949461	0.295496360956356	-0.347123820524997	0.811221914423919	0.435166535331457	0.830671846607479	whole-transcriptome FDR per contrast/cell type	37	results/Gittings_2023_C9_snRNA/predefined_17_gene_results.tsv	positive	FALSE	FALSE	displayable common log2FC scale, but cohort/model/region heterogeneity precludes an unqualified pooled estimate
Gittings_2023	independent_C9_replication	C9orf72	frontal cortex	ALS_vs_FTD	Excitatory neuron	CHORDC1	log2FC	-0.265902066655627	0.384978135885185	-1.02045921299059	0.488655079679336	0.492252360566379	0.856167136348877	whole-transcriptome FDR per contrast/cell type	37	results/Gittings_2023_C9_snRNA/predefined_17_gene_results.tsv	negative	FALSE	FALSE	displayable common log2FC scale, but cohort/model/region heterogeneity precludes an unqualified pooled estimate
Gittings_2023	independent_C9_replication	C9orf72	frontal cortex	ALS_vs_FTD	Excitatory neuron	COA3	log2FC	0.293721199306463	0.462173124335304	-0.612138124390732	1.19958052300366	0.527340568125779	0.869427043540706	whole-transcriptome FDR per contrast/cell type	37	results/Gittings_2023_C9_snRNA/predefined_17_gene_results.tsv	positive	FALSE	FALSE	displayable common log2FC scale, but cohort/model/region heterogeneity precludes an unqualified pooled estimate
Gittings_2023	independent_C9_replication	C9orf72	frontal cortex	ALS_vs_FTD	Excitatory neuron	COX5B	log2FC	0.397124004998747	0.680281891280218	-0.936228501910481	1.73047651190797	0.561444612935323	0.881321196106901	whole-transcriptome FDR per contrast/cell type	37	results/Gittings_2023_C9_snRNA/predefined_17_gene_results.tsv	positive	FALSE	FALSE	displayable common log2FC scale, but cohort/model/region heterogeneity precludes an unqualified pooled estimate
Gittings_2023	independent_C9_replication	C9orf72	frontal cortex	ALS_vs_FTD	Excitatory neuron	COX7C	log2FC	0.437927903945815	0.690173565100701	-0.914812283651558	1.79066809154319	0.528019219956214	0.869743693445042	whole-transcriptome FDR per contrast/cell type	37	results/Gittings_2023_C9_snRNA/predefined_17_gene_results.tsv	positive	FALSE	FALSE	displayable common log2FC scale, but cohort/model/region heterogeneity precludes an unqualified pooled estimate
Gittings_2023	independent_C9_replication	C9orf72	frontal cortex	ALS_vs_FTD	Excitatory neuron	DOCK7	log2FC	-0.204375018782151	0.18202596238352	-0.56114590505385	0.152395867489548	0.265700865733813	0.73972452756081	whole-transcriptome FDR per contrast/cell type	37	results/Gittings_2023_C9_snRNA/predefined_17_gene_results.tsv	negative	FALSE	FALSE	displayable common log2FC scale, but cohort/model/region heterogeneity precludes an unqualified pooled estimate
Gittings_2023	independent_C9_replication	C9orf72	frontal cortex	ALS_vs_FTD	Excitatory neuron	HSP90AA1	log2FC	0.209105387994988	0.490093902523842	-0.751478660951742	1.16968943694172	0.671065439218326	0.917795579432179	whole-transcriptome FDR per contrast/cell type	37	results/Gittings_2023_C9_snRNA/predefined_17_gene_results.tsv	positive	FALSE	FALSE	displayable common log2FC scale, but cohort/model/region heterogeneity precludes an unqualified pooled estimate
Gittings_2023	independent_C9_replication	C9orf72	frontal cortex	ALS_vs_FTD	Excitatory neuron	HSP90AB1	log2FC	0.291665202119461	0.391144849291809	-0.474978702492484	1.05830910673141	0.458607607777964	0.840668666165787	whole-transcriptome FDR per contrast/cell type	37	results/Gittings_2023_C9_snRNA/predefined_17_gene_results.tsv	positive	FALSE	FALSE	displayable common log2FC scale, but cohort/model/region heterogeneity precludes an unqualified pooled estimate
Gittings_2023	independent_C9_replication	C9orf72	frontal cortex	ALS_vs_FTD	Excitatory neuron	MAP1B	log2FC	0.131658087457897	0.226743730095162	-0.31275962352862	0.576075798444414	0.563505370830901	0.881779296226149	whole-transcriptome FDR per contrast/cell type	37	results/Gittings_2023_C9_snRNA/predefined_17_gene_results.tsv	positive	FALSE	FALSE	displayable common log2FC scale, but cohort/model/region heterogeneity precludes an unqualified pooled estimate
Gittings_2023	independent_C9_replication	C9orf72	frontal cortex	ALS_vs_FTD	Excitatory neuron	MAPT	log2FC	-0.217092928093374	0.176403543143902	-0.562843872655423	0.128658016468675	0.222927134298174	0.714336939716828	whole-transcriptome FDR per contrast/cell type	37	results/Gittings_2023_C9_snRNA/predefined_17_gene_results.tsv	negative	FALSE	FALSE	displayable common log2FC scale, but cohort/model/region heterogeneity precludes an unqualified pooled estimate
Gittings_2023	independent_C9_replication	C9orf72	frontal cortex	ALS_vs_FTD	Excitatory neuron	PARK7	log2FC	0.332161646216258	0.432200822498773	-0.514951965881338	1.17927525831385	0.44499312581708	0.834903224249436	whole-transcriptome FDR per contrast/cell type	37	results/Gittings_2023_C9_snRNA/predefined_17_gene_results.tsv	positive	FALSE	FALSE	displayable common log2FC scale, but cohort/model/region heterogeneity precludes an unqualified pooled estimate
Gittings_2023	independent_C9_replication	C9orf72	frontal cortex	ALS_vs_FTD	Excitatory neuron	STARD13	log2FC	-0.574274003894749	0.267496295547354	-1.09856674316756	-0.0499812646219361	0.0355779609879956	0.467457706474824	whole-transcriptome FDR per contrast/cell type	37	results/Gittings_2023_C9_snRNA/predefined_17_gene_results.tsv	negative	FALSE	FALSE	displayable common log2FC scale, but cohort/model/region heterogeneity precludes an unqualified pooled estimate
Gittings_2023	independent_C9_replication	C9orf72	frontal cortex	ALS_vs_FTD	Inhibitory neuron	ARHGAP35	log2FC	-0.265570343967078	0.191727631188849	-0.641356501097222	0.110215813163066	0.170690447880202	0.623673586718111	whole-transcriptome FDR per contrast/cell type	37	results/Gittings_2023_C9_snRNA/predefined_17_gene_results.tsv	negative	FALSE	FALSE	displayable common log2FC scale, but cohort/model/region heterogeneity precludes an unqualified pooled estimate
Gittings_2023	independent_C9_replication	C9orf72	frontal cortex	ALS_vs_FTD	Inhibitory neuron	ARHGAP39	log2FC	-0.163060939294842	0.230584354515264	-0.61500627414476	0.288884395555076	0.481963681846136	0.837224995257917	whole-transcriptome FDR per contrast/cell type	37	results/Gittings_2023_C9_snRNA/predefined_17_gene_results.tsv	negative	FALSE	FALSE	displayable common log2FC scale, but cohort/model/region heterogeneity precludes an unqualified pooled estimate
Gittings_2023	independent_C9_replication	C9orf72	frontal cortex	ALS_vs_FTD	Inhibitory neuron	BAG3	log2FC	-0.349019260952837	0.562733675782852	-1.45197726548723	0.753938743581552	0.537256196154059	0.860954108635075	whole-transcriptome FDR per contrast/cell type	37	results/Gittings_2023_C9_snRNA/predefined_17_gene_results.tsv	negative	FALSE	FALSE	displayable common log2FC scale, but cohort/model/region heterogeneity precludes an unqualified pooled estimate
Gittings_2023	independent_C9_replication	C9orf72	frontal cortex	ALS_vs_FTD	Inhibitory neuron	BCR	log2FC	-0.539966000284668	0.229569168142315	-0.989921569843606	-0.0900104307257302	0.021672912780776	0.331483507378768	whole-transcriptome FDR per contrast/cell type	37	results/Gittings_2023_C9_snRNA/predefined_17_gene_results.tsv	negative	FALSE	FALSE	displayable common log2FC scale, but cohort/model/region heterogeneity precludes an unqualified pooled estimate
Gittings_2023	independent_C9_replication	C9orf72	frontal cortex	ALS_vs_FTD	Inhibitory neuron	CCT5	log2FC	0.240443308169449	0.324224121305363	-0.395035969589062	0.87592258592796	0.460973072109536	0.829645463276829	whole-transcriptome FDR per contrast/cell type	37	results/Gittings_2023_C9_snRNA/predefined_17_gene_results.tsv	positive	FALSE	FALSE	displayable common log2FC scale, but cohort/model/region heterogeneity precludes an unqualified pooled estimate
Gittings_2023	independent_C9_replication	C9orf72	frontal cortex	ALS_vs_FTD	Inhibitory neuron	CCT8	log2FC	0.327630465857501	0.290547804850372	-0.241843231649229	0.897104163364231	0.263574598215939	0.714120238368275	whole-transcriptome FDR per contrast/cell type	37	results/Gittings_2023_C9_snRNA/predefined_17_gene_results.tsv	positive	FALSE	FALSE	displayable common log2FC scale, but cohort/model/region heterogeneity precludes an unqualified pooled estimate
Gittings_2023	independent_C9_replication	C9orf72	frontal cortex	ALS_vs_FTD	Inhibitory neuron	CHORDC1	log2FC	-0.36771945407359	0.406693715091389	-1.16483913565271	0.429400227505533	0.369295132186137	0.782900561355537	whole-transcriptome FDR per contrast/cell type	37	results/Gittings_2023_C9_snRNA/predefined_17_gene_results.tsv	negative	FALSE	FALSE	displayable common log2FC scale, but cohort/model/region heterogeneity precludes an unqualified pooled estimate
Gittings_2023	independent_C9_replication	C9orf72	frontal cortex	ALS_vs_FTD	Inhibitory neuron	COA3	log2FC	0.768999654972145	0.491060689033601	-0.193479295533712	1.731478605478	0.122150151303268	0.564187047925095	whole-transcriptome FDR per contrast/cell type	37	results/Gittings_2023_C9_snRNA/predefined_17_gene_results.tsv	positive	FALSE	FALSE	displayable common log2FC scale, but cohort/model/region heterogeneity precludes an unqualified pooled estimate
Gittings_2023	independent_C9_replication	C9orf72	frontal cortex	ALS_vs_FTD	Inhibitory neuron	COX5B	log2FC	0.732669159410915	0.651218409757866	-0.543718923714502	2.00905724253633	0.264846245118199	0.715269006101694	whole-transcriptome FDR per contrast/cell type	37	results/Gittings_2023_C9_snRNA/predefined_17_gene_results.tsv	positive	FALSE	FALSE	displayable common log2FC scale, but cohort/model/region heterogeneity precludes an unqualified pooled estimate
Gittings_2023	independent_C9_replication	C9orf72	frontal cortex	ALS_vs_FTD	Inhibitory neuron	COX7C	log2FC	0.678397044098978	0.666553394042697	-0.628047608224707	1.98484169642266	0.312699488088896	0.745925652382095	whole-transcriptome FDR per contrast/cell type	37	results/Gittings_2023_C9_snRNA/predefined_17_gene_results.tsv	positive	FALSE	FALSE	displayable common log2FC scale, but cohort/model/region heterogeneity precludes an unqualified pooled estimate
Gittings_2023	independent_C9_replication	C9orf72	frontal cortex	ALS_vs_FTD	Inhibitory neuron	DOCK7	log2FC	-0.415085318082837	0.183921041736807	-0.775570559886978	-0.054600076278696	0.027345727968255	0.355723288312402	whole-transcriptome FDR per contrast/cell type	37	results/Gittings_2023_C9_snRNA/predefined_17_gene_results.tsv	negative	FALSE	FALSE	displayable common log2FC scale, but cohort/model/region heterogeneity precludes an unqualified pooled estimate
Gittings_2023	independent_C9_replication	C9orf72	frontal cortex	ALS_vs_FTD	Inhibitory neuron	HSP90AA1	log2FC	0.357051178486183	0.415341696262139	-0.457018546187608	1.17112090315997	0.393231226444995	0.795652286317004	whole-transcriptome FDR per contrast/cell type	37	results/Gittings_2023_C9_snRNA/predefined_17_gene_results.tsv	positive	FALSE	FALSE	displayable common log2FC scale, but cohort/model/region heterogeneity precludes an unqualified pooled estimate
Gittings_2023	independent_C9_replication	C9orf72	frontal cortex	ALS_vs_FTD	Inhibitory neuron	HSP90AB1	log2FC	0.296031781841222	0.316539716857786	-0.324386063200038	0.916449626882482	0.353145710214963	0.772734876755973	whole-transcriptome FDR per contrast/cell type	37	results/Gittings_2023_C9_snRNA/predefined_17_gene_results.tsv	positive	FALSE	FALSE	displayable common log2FC scale, but cohort/model/region heterogeneity precludes an unqualified pooled estimate
Gittings_2023	independent_C9_replication	C9orf72	frontal cortex	ALS_vs_FTD	Inhibitory neuron	MAP1B	log2FC	0.0272665841496629	0.199214407783906	-0.363193655106794	0.417726823406119	0.891551394679873	0.977018441919352	whole-transcriptome FDR per contrast/cell type	37	results/Gittings_2023_C9_snRNA/predefined_17_gene_results.tsv	positive	FALSE	FALSE	displayable common log2FC scale, but cohort/model/region heterogeneity precludes an unqualified pooled estimate
Gittings_2023	independent_C9_replication	C9orf72	frontal cortex	ALS_vs_FTD	Inhibitory neuron	MAPT	log2FC	-0.123966546415483	0.184626976257341	-0.485835419879871	0.237902327048905	0.50429057176952	0.848259669437675	whole-transcriptome FDR per contrast/cell type	37	results/Gittings_2023_C9_snRNA/predefined_17_gene_results.tsv	negative	FALSE	FALSE	displayable common log2FC scale, but cohort/model/region heterogeneity precludes an unqualified pooled estimate
Gittings_2023	independent_C9_replication	C9orf72	frontal cortex	ALS_vs_FTD	Inhibitory neuron	PARK7	log2FC	0.392983021623704	0.410432142148811	-0.411463976987966	1.19743002023537	0.341849859807696	0.766516584554074	whole-transcriptome FDR per contrast/cell type	37	results/Gittings_2023_C9_snRNA/predefined_17_gene_results.tsv	positive	FALSE	FALSE	displayable common log2FC scale, but cohort/model/region heterogeneity precludes an unqualified pooled estimate
Gittings_2023	independent_C9_replication	C9orf72	frontal cortex	ALS_vs_FTD	Inhibitory neuron	STARD13	log2FC	-0.704512111868112	0.254162873875861	-1.2026713446648	-0.206352879071425	0.00724152373006025	0.225454614756112	whole-transcriptome FDR per contrast/cell type	37	results/Gittings_2023_C9_snRNA/predefined_17_gene_results.tsv	negative	FALSE	FALSE	displayable common log2FC scale, but cohort/model/region heterogeneity precludes an unqualified pooled estimate
Gittings_2023	independent_C9_replication	C9orf72	frontal cortex	ALS_vs_FTD	Microglia	ARHGAP35	log2FC	-0.0368846530554654	0.312306190979769	-0.649004787375812	0.575235481264882	0.90635434612132	0.983512526447721	whole-transcriptome FDR per contrast/cell type	35	results/Gittings_2023_C9_snRNA/predefined_17_gene_results.tsv	negative	FALSE	FALSE	displayable common log2FC scale, but cohort/model/region heterogeneity precludes an unqualified pooled estimate
Gittings_2023	independent_C9_replication	C9orf72	frontal cortex	ALS_vs_FTD	Microglia	ARHGAP39	log2FC	0.94156717410656	0.71644452861602	-0.462664101980838	2.34579845019396	0.193453570905015	0.700092814591507	whole-transcriptome FDR per contrast/cell type	35	results/Gittings_2023_C9_snRNA/predefined_17_gene_results.tsv	positive	FALSE	FALSE	displayable common log2FC scale, but cohort/model/region heterogeneity precludes an unqualified pooled estimate
Gittings_2023	independent_C9_replication	C9orf72	frontal cortex	ALS_vs_FTD	Microglia	BAG3	log2FC	0.56492425068782	1.08109528282226	-1.55402250364381	2.68387100501945	0.603174580024831	0.917409680530951	whole-transcriptome FDR per contrast/cell type	35	results/Gittings_2023_C9_snRNA/predefined_17_gene_results.tsv	positive	FALSE	FALSE	displayable common log2FC scale, but cohort/model/region heterogeneity precludes an unqualified pooled estimate
Gittings_2023	independent_C9_replication	C9orf72	frontal cortex	ALS_vs_FTD	Microglia	BCR	log2FC	0.120151763026433	0.442962434864851	-0.748054609308676	0.988358135361542	0.787073223446631	0.962182116010247	whole-transcriptome FDR per contrast/cell type	35	results/Gittings_2023_C9_snRNA/predefined_17_gene_results.tsv	positive	FALSE	FALSE	displayable common log2FC scale, but cohort/model/region heterogeneity precludes an unqualified pooled estimate
Gittings_2023	independent_C9_replication	C9orf72	frontal cortex	ALS_vs_FTD	Microglia	CCT5	log2FC	0.537871994834716	0.573627198109474	-0.586437313459852	1.66218130312928	0.351935178596768	0.812230912316995	whole-transcriptome FDR per contrast/cell type	35	results/Gittings_2023_C9_snRNA/predefined_17_gene_results.tsv	positive	FALSE	FALSE	displayable common log2FC scale, but cohort/model/region heterogeneity precludes an unqualified pooled estimate
Gittings_2023	independent_C9_replication	C9orf72	frontal cortex	ALS_vs_FTD	Microglia	CCT8	log2FC	0.754597968086955	0.414225586248818	-0.0572841809607291	1.56648011713464	0.0731640941852898	0.535965987929369	whole-transcriptome FDR per contrast/cell type	35	results/Gittings_2023_C9_snRNA/predefined_17_gene_results.tsv	positive	FALSE	FALSE	displayable common log2FC scale, but cohort/model/region heterogeneity precludes an unqualified pooled estimate
Gittings_2023	independent_C9_replication	C9orf72	frontal cortex	ALS_vs_FTD	Microglia	CHORDC1	log2FC	-0.489955990291656	0.570088306536265	-1.60732907110273	0.627417090519423	0.39339425038687	0.837221966792687	whole-transcriptome FDR per contrast/cell type	35	results/Gittings_2023_C9_snRNA/predefined_17_gene_results.tsv	negative	FALSE	FALSE	displayable common log2FC scale, but cohort/model/region heterogeneity precludes an unqualified pooled estimate
Gittings_2023	independent_C9_replication	C9orf72	frontal cortex	ALS_vs_FTD	Microglia	COA3	log2FC	-0.408436340186762	0.768935881251376	-1.91555066743946	1.09867798706593	0.597135618167068	0.915313475758599	whole-transcriptome FDR per contrast/cell type	35	results/Gittings_2023_C9_snRNA/predefined_17_gene_results.tsv	negative	FALSE	FALSE	displayable common log2FC scale, but cohort/model/region heterogeneity precludes an unqualified pooled estimate
Gittings_2023	independent_C9_replication	C9orf72	frontal cortex	ALS_vs_FTD	Microglia	COX5B	log2FC	1.24010663606939	0.83595340430126	-0.398362036361079	2.87857530849986	0.143189763083867	0.646447997958814	whole-transcriptome FDR per contrast/cell type	35	results/Gittings_2023_C9_snRNA/predefined_17_gene_results.tsv	positive	FALSE	FALSE	displayable common log2FC scale, but cohort/model/region heterogeneity precludes an unqualified pooled estimate
Gittings_2023	independent_C9_replication	C9orf72	frontal cortex	ALS_vs_FTD	Microglia	COX7C	log2FC	0.901700138260304	0.777040165947594	-0.621298586996979	2.42469886351759	0.250463401722	0.745984057402523	whole-transcriptome FDR per contrast/cell type	35	results/Gittings_2023_C9_snRNA/predefined_17_gene_results.tsv	positive	FALSE	FALSE	displayable common log2FC scale, but cohort/model/region heterogeneity precludes an unqualified pooled estimate
Gittings_2023	independent_C9_replication	C9orf72	frontal cortex	ALS_vs_FTD	Microglia	DOCK7	log2FC	-1.00301899976629	0.314542407666799	-1.61952211879322	-0.386515880739364	0.00221033685695155	0.162184981097523	whole-transcriptome FDR per contrast/cell type	35	results/Gittings_2023_C9_snRNA/predefined_17_gene_results.tsv	negative	FALSE	FALSE	displayable common log2FC scale, but cohort/model/region heterogeneity precludes an unqualified pooled estimate
Gittings_2023	independent_C9_replication	C9orf72	frontal cortex	ALS_vs_FTD	Microglia	HSP90AA1	log2FC	1.10461229155039	0.90197073575419	-0.663250350527822	2.8724749336286	0.225683478554257	0.727850492400938	whole-transcriptome FDR per contrast/cell type	35	results/Gittings_2023_C9_snRNA/predefined_17_gene_results.tsv	positive	FALSE	FALSE	displayable common log2FC scale, but cohort/model/region heterogeneity precludes an unqualified pooled estimate
Gittings_2023	independent_C9_replication	C9orf72	frontal cortex	ALS_vs_FTD	Microglia	HSP90AB1	log2FC	0.904985864748689	0.622423338650227	-0.314963879005756	2.12493560850313	0.151165671708159	0.658015875080041	whole-transcriptome FDR per contrast/cell type	35	results/Gittings_2023_C9_snRNA/predefined_17_gene_results.tsv	positive	FALSE	FALSE	displayable common log2FC scale, but cohort/model/region heterogeneity precludes an unqualified pooled estimate
Gittings_2023	independent_C9_replication	C9orf72	frontal cortex	ALS_vs_FTD	Microglia	MAP1B	log2FC	2.18606750825856	0.946026898614572	0.331854786973998	4.04028022954312	0.0244052336301187	0.374098505057107	whole-transcriptome FDR per contrast/cell type	35	results/Gittings_2023_C9_snRNA/predefined_17_gene_results.tsv	positive	FALSE	FALSE	displayable common log2FC scale, but cohort/model/region heterogeneity precludes an unqualified pooled estimate
Gittings_2023	independent_C9_replication	C9orf72	frontal cortex	ALS_vs_FTD	Microglia	MAPT	log2FC	0.579691552272426	0.667673623196835	-0.72894874919337	1.88833185373822	0.388538836591266	0.833558056061919	whole-transcriptome FDR per contrast/cell type	35	results/Gittings_2023_C9_snRNA/predefined_17_gene_results.tsv	positive	FALSE	FALSE	displayable common log2FC scale, but cohort/model/region heterogeneity precludes an unqualified pooled estimate
Gittings_2023	independent_C9_replication	C9orf72	frontal cortex	ALS_vs_FTD	Microglia	PARK7	log2FC	0.967550376464994	0.619868081600191	-0.247391063471381	2.18249181640137	0.123551588145747	0.61903028345385	whole-transcriptome FDR per contrast/cell type	35	results/Gittings_2023_C9_snRNA/predefined_17_gene_results.tsv	positive	FALSE	FALSE	displayable common log2FC scale, but cohort/model/region heterogeneity precludes an unqualified pooled estimate
Gittings_2023	independent_C9_replication	C9orf72	frontal cortex	ALS_vs_FTD	Microglia	STARD13	log2FC	-1.88444635430915	0.370713816217815	-2.61104543409607	-1.15784727452223	0.0000034514350169643	0.012155091270994	whole-transcriptome FDR per contrast/cell type	35	results/Gittings_2023_C9_snRNA/predefined_17_gene_results.tsv	negative	TRUE	FALSE	displayable common log2FC scale, but cohort/model/region heterogeneity precludes an unqualified pooled estimate
GSE219280	discovery	C9orf72	BA4/BA9 model-averaged	ALS_vs_FTD	OPC	ARHGAP35	log2FC	-0.513156174682125	0.115017220710584	-0.738589927274871	-0.28772242208938	0.000135574707726197	0.125015332729048	global gene tests within model collection	17	results/GSE219280_pseudobulk_DE/all_gene_contrast_results.tsv	negative	FALSE	FALSE	displayable common log2FC scale, but cohort/model/region heterogeneity precludes an unqualified pooled estimate
Gittings_2023	independent_C9_replication	C9orf72	frontal cortex	ALS_vs_FTD	OPC	ARHGAP35	log2FC	-0.485572270025168	0.275914520418019	-1.02636473004449	0.0552201899941492	0.0828658566703111	0.776228843479065	whole-transcriptome FDR per contrast/cell type	37	results/Gittings_2023_C9_snRNA/predefined_17_gene_results.tsv	negative	FALSE	FALSE	displayable common log2FC scale, but cohort/model/region heterogeneity precludes an unqualified pooled estimate
GSE219280	discovery	C9orf72	BA4/BA9 model-averaged	ALS_vs_FTD	OPC	ARHGAP39	log2FC	-0.14535701330781	0.250518726911705	-0.636373718054751	0.345659691439131	0.566691744449036	0.943872024008682	global gene tests within model collection	17	results/GSE219280_pseudobulk_DE/all_gene_contrast_results.tsv	negative	FALSE	FALSE	displayable common log2FC scale, but cohort/model/region heterogeneity precludes an unqualified pooled estimate
Gittings_2023	independent_C9_replication	C9orf72	frontal cortex	ALS_vs_FTD	OPC	ARHGAP39	log2FC	0.250371002592638	0.340027584037624	-0.416083062121104	0.91682506730638	0.464030293891379	0.929051204365154	whole-transcriptome FDR per contrast/cell type	37	results/Gittings_2023_C9_snRNA/predefined_17_gene_results.tsv	positive	FALSE	FALSE	displayable common log2FC scale, but cohort/model/region heterogeneity precludes an unqualified pooled estimate
GSE219280	discovery	C9orf72	BA4/BA9 model-averaged	ALS_vs_FTD	OPC	BAG3	log2FC	-0.816969681286028	0.567140801432598	-1.92856565209392	0.294626289521864	0.161544930859932	0.758664863337311	global gene tests within model collection	17	results/GSE219280_pseudobulk_DE/all_gene_contrast_results.tsv	negative	FALSE	FALSE	displayable common log2FC scale, but cohort/model/region heterogeneity precludes an unqualified pooled estimate
Gittings_2023	independent_C9_replication	C9orf72	frontal cortex	ALS_vs_FTD	OPC	BAG3	log2FC	0.168485134010168	0.956609769439	-1.70647001409027	2.04344028211061	0.860720322581844	0.986095838530884	whole-transcriptome FDR per contrast/cell type	37	results/Gittings_2023_C9_snRNA/predefined_17_gene_results.tsv	positive	FALSE	FALSE	displayable common log2FC scale, but cohort/model/region heterogeneity precludes an unqualified pooled estimate
GSE219280	discovery	C9orf72	BA4/BA9 model-averaged	ALS_vs_FTD	OPC	BCR	log2FC	-0.184169056931547	0.119878692166103	-0.419131293577108	0.050793179714014	0.136385831741676	0.731161968306899	global gene tests within model collection	17	results/GSE219280_pseudobulk_DE/all_gene_contrast_results.tsv	negative	FALSE	FALSE	displayable common log2FC scale, but cohort/model/region heterogeneity precludes an unqualified pooled estimate
Gittings_2023	independent_C9_replication	C9orf72	frontal cortex	ALS_vs_FTD	OPC	BCR	log2FC	-0.260931289784864	0.324297668343052	-0.896554719737246	0.374692140167517	0.423854044396007	0.918072071063299	whole-transcriptome FDR per contrast/cell type	37	results/Gittings_2023_C9_snRNA/predefined_17_gene_results.tsv	negative	FALSE	FALSE	displayable common log2FC scale, but cohort/model/region heterogeneity precludes an unqualified pooled estimate
GSE219280	discovery	C9orf72	BA4/BA9 model-averaged	ALS_vs_FTD	OPC	CCT5	log2FC	-0.315995758899819	0.417748779041105	-1.13478336582038	0.502791848020747	0.456881840212045	0.915475505591739	global gene tests within model collection	17	results/GSE219280_pseudobulk_DE/all_gene_contrast_results.tsv	negative	FALSE	FALSE	displayable common log2FC scale, but cohort/model/region heterogeneity precludes an unqualified pooled estimate
Gittings_2023	independent_C9_replication	C9orf72	frontal cortex	ALS_vs_FTD	OPC	CCT5	log2FC	0.192732754423504	0.423489162266343	-0.637306003618528	1.02277151246554	0.650463400874444	0.961726718848894	whole-transcriptome FDR per contrast/cell type	37	results/Gittings_2023_C9_snRNA/predefined_17_gene_results.tsv	positive	FALSE	FALSE	displayable common log2FC scale, but cohort/model/region heterogeneity precludes an unqualified pooled estimate
GSE219280	discovery	C9orf72	BA4/BA9 model-averaged	ALS_vs_FTD	OPC	CCT8	log2FC	-0.497585413954987	0.475243582415266	-1.42906283548891	0.433892007578934	0.305812890481065	0.858599941685428	global gene tests within model collection	17	results/GSE219280_pseudobulk_DE/all_gene_contrast_results.tsv	negative	FALSE	FALSE	displayable common log2FC scale, but cohort/model/region heterogeneity precludes an unqualified pooled estimate
Gittings_2023	independent_C9_replication	C9orf72	frontal cortex	ALS_vs_FTD	OPC	CCT8	log2FC	0.376727818311656	0.362724907334315	-0.334213000063602	1.08766863668691	0.302616911459375	0.88431331290388	whole-transcriptome FDR per contrast/cell type	37	results/Gittings_2023_C9_snRNA/predefined_17_gene_results.tsv	positive	FALSE	FALSE	displayable common log2FC scale, but cohort/model/region heterogeneity precludes an unqualified pooled estimate
GSE219280	discovery	C9orf72	BA4/BA9 model-averaged	ALS_vs_FTD	OPC	CHORDC1	log2FC	-0.941440500158228	0.42975161342824	-1.78375366247758	-0.099127337838877	0.0390697658903125	0.53098691096249	global gene tests within model collection	17	results/GSE219280_pseudobulk_DE/all_gene_contrast_results.tsv	negative	FALSE	FALSE	displayable common log2FC scale, but cohort/model/region heterogeneity precludes an unqualified pooled estimate
Gittings_2023	independent_C9_replication	C9orf72	frontal cortex	ALS_vs_FTD	OPC	CHORDC1	log2FC	-0.110119722007386	0.502809534237911	-1.09562640911369	0.87538696509892	0.827335017106373	0.981634429272657	whole-transcriptome FDR per contrast/cell type	37	results/Gittings_2023_C9_snRNA/predefined_17_gene_results.tsv	negative	FALSE	FALSE	displayable common log2FC scale, but cohort/model/region heterogeneity precludes an unqualified pooled estimate
GSE219280	discovery	C9orf72	BA4/BA9 model-averaged	ALS_vs_FTD	OPC	COA3	log2FC	-1.55711843708173	0.961423359813138	-3.44150822231548	0.327271348152021	0.117726860276619	0.706152012667967	global gene tests within model collection	17	results/GSE219280_pseudobulk_DE/all_gene_contrast_results.tsv	negative	FALSE	FALSE	displayable common log2FC scale, but cohort/model/region heterogeneity precludes an unqualified pooled estimate
Gittings_2023	independent_C9_replication	C9orf72	frontal cortex	ALS_vs_FTD	OPC	COA3	log2FC	0.39979388179662	0.479187422018299	-0.539413465359247	1.33900122895249	0.406983908349308	0.913419222313612	whole-transcriptome FDR per contrast/cell type	37	results/Gittings_2023_C9_snRNA/predefined_17_gene_results.tsv	positive	FALSE	FALSE	displayable common log2FC scale, but cohort/model/region heterogeneity precludes an unqualified pooled estimate
GSE219280	discovery	C9orf72	BA4/BA9 model-averaged	ALS_vs_FTD	OPC	COX5B	log2FC	-1.14910304739116	1.09543021527857	-3.29614626933716	0.997940174554839	0.30406830999764	0.857889040639164	global gene tests within model collection	17	results/GSE219280_pseudobulk_DE/all_gene_contrast_results.tsv	negative	FALSE	FALSE	displayable common log2FC scale, but cohort/model/region heterogeneity precludes an unqualified pooled estimate
Gittings_2023	independent_C9_replication	C9orf72	frontal cortex	ALS_vs_FTD	OPC	COX5B	log2FC	0.464782701539433	0.724921174355443	-0.956062800197235	1.8856282032761	0.52375761294254	0.940071583409379	whole-transcriptome FDR per contrast/cell type	37	results/Gittings_2023_C9_snRNA/predefined_17_gene_results.tsv	positive	FALSE	FALSE	displayable common log2FC scale, but cohort/model/region heterogeneity precludes an unqualified pooled estimate
GSE219280	discovery	C9orf72	BA4/BA9 model-averaged	ALS_vs_FTD	OPC	COX7C	log2FC	-1.473939177488	1.08736396993557	-3.60517255856171	0.65729420358571	0.188305266853974	0.784296047246305	global gene tests within model collection	17	results/GSE219280_pseudobulk_DE/all_gene_contrast_results.tsv	negative	FALSE	FALSE	displayable common log2FC scale, but cohort/model/region heterogeneity precludes an unqualified pooled estimate
Gittings_2023	independent_C9_replication	C9orf72	frontal cortex	ALS_vs_FTD	OPC	COX7C	log2FC	0.634993134414077	0.617758937333085	-0.57581438275877	1.84580065158692	0.307880962840964	0.884626212082908	whole-transcriptome FDR per contrast/cell type	37	results/Gittings_2023_C9_snRNA/predefined_17_gene_results.tsv	positive	FALSE	FALSE	displayable common log2FC scale, but cohort/model/region heterogeneity precludes an unqualified pooled estimate
GSE219280	discovery	C9orf72	BA4/BA9 model-averaged	ALS_vs_FTD	OPC	DOCK7	log2FC	0.106194499684776	0.174418928723269	-0.235666600612832	0.448055599982384	0.547838258045856	0.939673283099057	global gene tests within model collection	17	results/GSE219280_pseudobulk_DE/all_gene_contrast_results.tsv	positive	FALSE	FALSE	displayable common log2FC scale, but cohort/model/region heterogeneity precludes an unqualified pooled estimate
Gittings_2023	independent_C9_replication	C9orf72	frontal cortex	ALS_vs_FTD	OPC	DOCK7	log2FC	0.0380483911124871	0.285946490135666	-0.522406729553418	0.598503511778392	0.894532515975829	0.989513870954234	whole-transcriptome FDR per contrast/cell type	37	results/Gittings_2023_C9_snRNA/predefined_17_gene_results.tsv	positive	FALSE	FALSE	displayable common log2FC scale, but cohort/model/region heterogeneity precludes an unqualified pooled estimate
GSE219280	discovery	C9orf72	BA4/BA9 model-averaged	ALS_vs_FTD	OPC	HSP90AA1	log2FC	-2.41598869277598	0.900309271041595	-4.18059486401751	-0.651382521534455	0.0136756897309664	0.393247796528145	global gene tests within model collection	17	results/GSE219280_pseudobulk_DE/all_gene_contrast_results.tsv	negative	FALSE	FALSE	displayable common log2FC scale, but cohort/model/region heterogeneity precludes an unqualified pooled estimate
Gittings_2023	independent_C9_replication	C9orf72	frontal cortex	ALS_vs_FTD	OPC	HSP90AA1	log2FC	0.383659050762126	0.569779905392918	-0.733109563807993	1.50042766533224	0.503206020232986	0.934603958927057	whole-transcriptome FDR per contrast/cell type	37	results/Gittings_2023_C9_snRNA/predefined_17_gene_results.tsv	positive	FALSE	FALSE	displayable common log2FC scale, but cohort/model/region heterogeneity precludes an unqualified pooled estimate
GSE219280	discovery	C9orf72	BA4/BA9 model-averaged	ALS_vs_FTD	OPC	HSP90AB1	log2FC	-2.71441567195703	0.625202363391665	-3.93981230420469	-1.48901903970937	0.00025722076158601	0.141333433475843	global gene tests within model collection	17	results/GSE219280_pseudobulk_DE/all_gene_contrast_results.tsv	negative	FALSE	FALSE	displayable common log2FC scale, but cohort/model/region heterogeneity precludes an unqualified pooled estimate
Gittings_2023	independent_C9_replication	C9orf72	frontal cortex	ALS_vs_FTD	OPC	HSP90AB1	log2FC	0.451462880182523	0.510133410958772	-0.548398605296671	1.45132436566172	0.37950138803695	0.905928307551889	whole-transcriptome FDR per contrast/cell type	37	results/Gittings_2023_C9_snRNA/predefined_17_gene_results.tsv	positive	FALSE	FALSE	displayable common log2FC scale, but cohort/model/region heterogeneity precludes an unqualified pooled estimate
GSE219280	discovery	C9orf72	BA4/BA9 model-averaged	ALS_vs_FTD	OPC	MAP1B	log2FC	-1.43609911106077	0.560546607333951	-2.53477046143531	-0.337427760686226	0.0177388342367147	0.423066371981149	global gene tests within model collection	17	results/GSE219280_pseudobulk_DE/all_gene_contrast_results.tsv	negative	FALSE	FALSE	displayable common log2FC scale, but cohort/model/region heterogeneity precludes an unqualified pooled estimate
Gittings_2023	independent_C9_replication	C9orf72	frontal cortex	ALS_vs_FTD	OPC	MAP1B	log2FC	0.354270732056882	0.313897128630138	-0.260967640058189	0.969509104171953	0.263009157566378	0.877282320734128	whole-transcriptome FDR per contrast/cell type	37	results/Gittings_2023_C9_snRNA/predefined_17_gene_results.tsv	positive	FALSE	FALSE	displayable common log2FC scale, but cohort/model/region heterogeneity precludes an unqualified pooled estimate
GSE219280	discovery	C9orf72	BA4/BA9 model-averaged	ALS_vs_FTD	OPC	MAPT	log2FC	-0.58243191050354	0.216704257698668	-1.00717225559293	-0.157691565414151	0.0126392576061218	0.385429370751098	global gene tests within model collection	17	results/GSE219280_pseudobulk_DE/all_gene_contrast_results.tsv	negative	FALSE	FALSE	displayable common log2FC scale, but cohort/model/region heterogeneity precludes an unqualified pooled estimate
Gittings_2023	independent_C9_replication	C9orf72	frontal cortex	ALS_vs_FTD	OPC	MAPT	log2FC	-0.395167516665438	0.2638381513252	-0.912290293262831	0.121955259931955	0.138758351182093	0.823315668890759	whole-transcriptome FDR per contrast/cell type	37	results/Gittings_2023_C9_snRNA/predefined_17_gene_results.tsv	negative	FALSE	FALSE	displayable common log2FC scale, but cohort/model/region heterogeneity precludes an unqualified pooled estimate
GSE219280	discovery	C9orf72	BA4/BA9 model-averaged	ALS_vs_FTD	OPC	PARK7	log2FC	-1.9790635668258	0.786549728590537	-3.52070103486325	-0.437426098788347	0.0190644604316496	0.432477523821415	global gene tests within model collection	17	results/GSE219280_pseudobulk_DE/all_gene_contrast_results.tsv	negative	FALSE	FALSE	displayable common log2FC scale, but cohort/model/region heterogeneity precludes an unqualified pooled estimate
Gittings_2023	independent_C9_replication	C9orf72	frontal cortex	ALS_vs_FTD	OPC	PARK7	log2FC	0.0616669427268448	0.496753379059716	-0.911969680230199	1.03530356568389	0.901578330376813	0.991508134241219	whole-transcriptome FDR per contrast/cell type	37	results/Gittings_2023_C9_snRNA/predefined_17_gene_results.tsv	positive	FALSE	FALSE	displayable common log2FC scale, but cohort/model/region heterogeneity precludes an unqualified pooled estimate
GSE219280	discovery	C9orf72	BA4/BA9 model-averaged	ALS_vs_FTD	OPC	STARD13	log2FC	-0.387106137313542	0.1894855937262	-0.758497901016894	-0.0157143736101902	0.0511784970781947	0.571841922831087	global gene tests within model collection	17	results/GSE219280_pseudobulk_DE/all_gene_contrast_results.tsv	negative	FALSE	FALSE	displayable common log2FC scale, but cohort/model/region heterogeneity precludes an unqualified pooled estimate
Gittings_2023	independent_C9_replication	C9orf72	frontal cortex	ALS_vs_FTD	OPC	STARD13	log2FC	-0.619388676716674	0.385316290864529	-1.37460860681115	0.135831253377802	0.112647323433295	0.798971512204286	whole-transcriptome FDR per contrast/cell type	37	results/Gittings_2023_C9_snRNA/predefined_17_gene_results.tsv	negative	FALSE	FALSE	displayable common log2FC scale, but cohort/model/region heterogeneity precludes an unqualified pooled estimate
GSE219280	discovery	C9orf72	BA4/BA9 model-averaged	ALS_vs_FTD	Oligodendrocyte	ARHGAP35	log2FC	-0.447522559083051	0.136055858148663	-0.714192041054431	-0.180853077111671	0.00319226430705011	0.268597499543726	global gene tests within model collection	17	results/GSE219280_pseudobulk_DE/all_gene_contrast_results.tsv	negative	FALSE	FALSE	displayable common log2FC scale, but cohort/model/region heterogeneity precludes an unqualified pooled estimate
Gittings_2023	independent_C9_replication	C9orf72	frontal cortex	ALS_vs_FTD	Oligodendrocyte	ARHGAP35	log2FC	-0.0235790417180644	0.261959276892128	-0.537019224426636	0.489861140990507	0.928550652747647	0.996767902179043	whole-transcriptome FDR per contrast/cell type	37	results/Gittings_2023_C9_snRNA/predefined_17_gene_results.tsv	negative	FALSE	FALSE	displayable common log2FC scale, but cohort/model/region heterogeneity precludes an unqualified pooled estimate
GSE219280	discovery	C9orf72	BA4/BA9 model-averaged	ALS_vs_FTD	Oligodendrocyte	ARHGAP39	log2FC	0.449711872052728	0.422893869176983	-0.379160111534159	1.27858385563962	0.298569994129312	0.855154261807509	global gene tests within model collection	17	results/GSE219280_pseudobulk_DE/all_gene_contrast_results.tsv	positive	FALSE	FALSE	displayable common log2FC scale, but cohort/model/region heterogeneity precludes an unqualified pooled estimate
Gittings_2023	independent_C9_replication	C9orf72	frontal cortex	ALS_vs_FTD	Oligodendrocyte	ARHGAP39	log2FC	-0.0544587513477803	0.51961502219283	-1.07290419484573	0.963986692150165	0.916846528805121	0.996390051345435	whole-transcriptome FDR per contrast/cell type	37	results/Gittings_2023_C9_snRNA/predefined_17_gene_results.tsv	negative	FALSE	FALSE	displayable common log2FC scale, but cohort/model/region heterogeneity precludes an unqualified pooled estimate
GSE219280	discovery	C9orf72	BA4/BA9 model-averaged	ALS_vs_FTD	Oligodendrocyte	BAG3	log2FC	-3.0222937480467	1.47424785342306	-5.9118195407559	-0.132767955337496	0.0520842945357861	0.574280859158524	global gene tests within model collection	17	results/GSE219280_pseudobulk_DE/all_gene_contrast_results.tsv	negative	FALSE	FALSE	displayable common log2FC scale, but cohort/model/region heterogeneity precludes an unqualified pooled estimate
Gittings_2023	independent_C9_replication	C9orf72	frontal cortex	ALS_vs_FTD	Oligodendrocyte	BAG3	log2FC	-0.293074712752671	0.949258376446799	-2.1536211305884	1.56747170508306	0.758487825871034	0.996390051345435	whole-transcriptome FDR per contrast/cell type	37	results/Gittings_2023_C9_snRNA/predefined_17_gene_results.tsv	negative	FALSE	FALSE	displayable common log2FC scale, but cohort/model/region heterogeneity precludes an unqualified pooled estimate
GSE219280	discovery	C9orf72	BA4/BA9 model-averaged	ALS_vs_FTD	Oligodendrocyte	BCR	log2FC	-0.100021715393157	0.292315019235775	-0.672959153095277	0.472915722308963	0.735308115069376	0.971797696658442	global gene tests within model collection	17	results/GSE219280_pseudobulk_DE/all_gene_contrast_results.tsv	negative	FALSE	FALSE	displayable common log2FC scale, but cohort/model/region heterogeneity precludes an unqualified pooled estimate
Gittings_2023	independent_C9_replication	C9orf72	frontal cortex	ALS_vs_FTD	Oligodendrocyte	BCR	log2FC	-0.0809188893163553	0.346870826100806	-0.760785708473936	0.598947929841225	0.816261539904636	0.996390051345435	whole-transcriptome FDR per contrast/cell type	37	results/Gittings_2023_C9_snRNA/predefined_17_gene_results.tsv	negative	FALSE	FALSE	displayable common log2FC scale, but cohort/model/region heterogeneity precludes an unqualified pooled estimate
GSE219280	discovery	C9orf72	BA4/BA9 model-averaged	ALS_vs_FTD	Oligodendrocyte	CCT5	log2FC	-0.893986451133547	0.552476736329736	-1.97684085433983	0.188867952072735	0.119446231475692	0.708826892244497	global gene tests within model collection	17	results/GSE219280_pseudobulk_DE/all_gene_contrast_results.tsv	negative	FALSE	FALSE	displayable common log2FC scale, but cohort/model/region heterogeneity precludes an unqualified pooled estimate
Gittings_2023	independent_C9_replication	C9orf72	frontal cortex	ALS_vs_FTD	Oligodendrocyte	CCT5	log2FC	-0.3712491854498	0.43416544639479	-1.22221346038359	0.479715089483988	0.39558569209437	0.977012713552985	whole-transcriptome FDR per contrast/cell type	37	results/Gittings_2023_C9_snRNA/predefined_17_gene_results.tsv	negative	FALSE	FALSE	displayable common log2FC scale, but cohort/model/region heterogeneity precludes an unqualified pooled estimate
GSE219280	discovery	C9orf72	BA4/BA9 model-averaged	ALS_vs_FTD	Oligodendrocyte	CCT8	log2FC	-0.907130693944706	0.744050854087788	-2.36547036795677	0.551208980067358	0.235296153991302	0.819480409202307	global gene tests within model collection	17	results/GSE219280_pseudobulk_DE/all_gene_contrast_results.tsv	negative	FALSE	FALSE	displayable common log2FC scale, but cohort/model/region heterogeneity precludes an unqualified pooled estimate
Gittings_2023	independent_C9_replication	C9orf72	frontal cortex	ALS_vs_FTD	Oligodendrocyte	CCT8	log2FC	0.317890668795244	0.374514927642333	-0.416158589383728	1.05193992697422	0.399046495496989	0.977012713552985	whole-transcriptome FDR per contrast/cell type	37	results/Gittings_2023_C9_snRNA/predefined_17_gene_results.tsv	positive	FALSE	FALSE	displayable common log2FC scale, but cohort/model/region heterogeneity precludes an unqualified pooled estimate
GSE219280	discovery	C9orf72	BA4/BA9 model-averaged	ALS_vs_FTD	Oligodendrocyte	CHORDC1	log2FC	-1.26285093074213	0.458582534941005	-2.1616726992265	-0.364029162257761	0.0113876056221406	0.375113682301371	global gene tests within model collection	17	results/GSE219280_pseudobulk_DE/all_gene_contrast_results.tsv	negative	FALSE	FALSE	displayable common log2FC scale, but cohort/model/region heterogeneity precludes an unqualified pooled estimate
Gittings_2023	independent_C9_replication	C9orf72	frontal cortex	ALS_vs_FTD	Oligodendrocyte	CHORDC1	log2FC	-0.444551046526363	0.620227098942855	-1.66019616045436	0.771094067401632	0.476045104951479	0.978310916378204	whole-transcriptome FDR per contrast/cell type	37	results/Gittings_2023_C9_snRNA/predefined_17_gene_results.tsv	negative	FALSE	FALSE	displayable common log2FC scale, but cohort/model/region heterogeneity precludes an unqualified pooled estimate
GSE219280	discovery	C9orf72	BA4/BA9 model-averaged	ALS_vs_FTD	Oligodendrocyte	COA3	log2FC	-2.02639420402184	1.14405535413694	-4.26874269813023	0.215954290086553	0.0899504837720684	0.66250297388868	global gene tests within model collection	17	results/GSE219280_pseudobulk_DE/all_gene_contrast_results.tsv	negative	FALSE	FALSE	displayable common log2FC scale, but cohort/model/region heterogeneity precludes an unqualified pooled estimate
Gittings_2023	independent_C9_replication	C9orf72	frontal cortex	ALS_vs_FTD	Oligodendrocyte	COA3	log2FC	-0.140775072980503	0.504948319731287	-1.13047377965383	0.84892363369282	0.781273812778804	0.996390051345435	whole-transcriptome FDR per contrast/cell type	37	results/Gittings_2023_C9_snRNA/predefined_17_gene_results.tsv	negative	FALSE	FALSE	displayable common log2FC scale, but cohort/model/region heterogeneity precludes an unqualified pooled estimate
GSE219280	discovery	C9orf72	BA4/BA9 model-averaged	ALS_vs_FTD	Oligodendrocyte	COX5B	log2FC	-2.14092168070473	1.48792638486201	-5.05725739503427	0.77541403362481	0.163838280064884	0.760589154158252	global gene tests within model collection	17	results/GSE219280_pseudobulk_DE/all_gene_contrast_results.tsv	negative	FALSE	FALSE	displayable common log2FC scale, but cohort/model/region heterogeneity precludes an unqualified pooled estimate
Gittings_2023	independent_C9_replication	C9orf72	frontal cortex	ALS_vs_FTD	Oligodendrocyte	COX5B	log2FC	-0.192081938723102	0.684334252151059	-1.53337707293918	1.14921319549297	0.779827410575192	0.996390051345435	whole-transcriptome FDR per contrast/cell type	37	results/Gittings_2023_C9_snRNA/predefined_17_gene_results.tsv	negative	FALSE	FALSE	displayable common log2FC scale, but cohort/model/region heterogeneity precludes an unqualified pooled estimate
GSE219280	discovery	C9orf72	BA4/BA9 model-averaged	ALS_vs_FTD	Oligodendrocyte	COX7C	log2FC	-3.35472228777733	1.49126130149646	-6.27759443871039	-0.431850136844274	0.0344831928614564	0.51308021126331	global gene tests within model collection	17	results/GSE219280_pseudobulk_DE/all_gene_contrast_results.tsv	negative	FALSE	FALSE	displayable common log2FC scale, but cohort/model/region heterogeneity precludes an unqualified pooled estimate
Gittings_2023	independent_C9_replication	C9orf72	frontal cortex	ALS_vs_FTD	Oligodendrocyte	COX7C	log2FC	0.148451722288963	0.737810061900518	-1.29765599903605	1.59455944361398	0.841154241135894	0.996390051345435	whole-transcriptome FDR per contrast/cell type	37	results/Gittings_2023_C9_snRNA/predefined_17_gene_results.tsv	positive	FALSE	FALSE	displayable common log2FC scale, but cohort/model/region heterogeneity precludes an unqualified pooled estimate
GSE219280	discovery	C9orf72	BA4/BA9 model-averaged	ALS_vs_FTD	Oligodendrocyte	DOCK7	log2FC	-0.630627725634554	0.256829248134913	-1.13401305197898	-0.127242399290124	0.0219932024583795	0.450813828563816	global gene tests within model collection	17	results/GSE219280_pseudobulk_DE/all_gene_contrast_results.tsv	negative	FALSE	FALSE	displayable common log2FC scale, but cohort/model/region heterogeneity precludes an unqualified pooled estimate
Gittings_2023	independent_C9_replication	C9orf72	frontal cortex	ALS_vs_FTD	Oligodendrocyte	DOCK7	log2FC	-0.38170787343025	0.342391985773107	-1.05279616554554	0.28938041868504	0.268953473390245	0.939922331893033	whole-transcriptome FDR per contrast/cell type	37	results/Gittings_2023_C9_snRNA/predefined_17_gene_results.tsv	negative	FALSE	FALSE	displayable common log2FC scale, but cohort/model/region heterogeneity precludes an unqualified pooled estimate
GSE219280	discovery	C9orf72	BA4/BA9 model-averaged	ALS_vs_FTD	Oligodendrocyte	HSP90AA1	log2FC	-1.07935127659185	0.916497491427153	-2.87568635978907	0.71698380660537	0.25112154469253	0.829213405403377	global gene tests within model collection	17	results/GSE219280_pseudobulk_DE/all_gene_contrast_results.tsv	negative	FALSE	FALSE	displayable common log2FC scale, but cohort/model/region heterogeneity precludes an unqualified pooled estimate
Gittings_2023	independent_C9_replication	C9orf72	frontal cortex	ALS_vs_FTD	Oligodendrocyte	HSP90AA1	log2FC	-0.280899026352337	0.435331397208839	-1.13414856488166	0.572350512176988	0.520992083028258	0.980872412960729	whole-transcriptome FDR per contrast/cell type	37	results/Gittings_2023_C9_snRNA/predefined_17_gene_results.tsv	negative	FALSE	FALSE	displayable common log2FC scale, but cohort/model/region heterogeneity precludes an unqualified pooled estimate
GSE219280	discovery	C9orf72	BA4/BA9 model-averaged	ALS_vs_FTD	Oligodendrocyte	HSP90AB1	log2FC	-1.64420474612897	0.954306938878907	-3.51464634633163	0.226236854073688	0.0985008886065452	0.678106938442987	global gene tests within model collection	17	results/GSE219280_pseudobulk_DE/all_gene_contrast_results.tsv	negative	FALSE	FALSE	displayable common log2FC scale, but cohort/model/region heterogeneity precludes an unqualified pooled estimate
Gittings_2023	independent_C9_replication	C9orf72	frontal cortex	ALS_vs_FTD	Oligodendrocyte	HSP90AB1	log2FC	0.251147583088933	0.517986461109002	-0.764105880684711	1.26640104686258	0.629379985036697	0.985053252980032	whole-transcriptome FDR per contrast/cell type	37	results/Gittings_2023_C9_snRNA/predefined_17_gene_results.tsv	positive	FALSE	FALSE	displayable common log2FC scale, but cohort/model/region heterogeneity precludes an unqualified pooled estimate
GSE219280	discovery	C9orf72	BA4/BA9 model-averaged	ALS_vs_FTD	Oligodendrocyte	MAP1B	log2FC	-1.3308838991164	0.946332843888506	-3.18569627313787	0.523928474905073	0.17316209988033	0.770179245152751	global gene tests within model collection	17	results/GSE219280_pseudobulk_DE/all_gene_contrast_results.tsv	negative	FALSE	FALSE	displayable common log2FC scale, but cohort/model/region heterogeneity precludes an unqualified pooled estimate
Gittings_2023	independent_C9_replication	C9orf72	frontal cortex	ALS_vs_FTD	Oligodendrocyte	MAP1B	log2FC	0.584877821481822	0.269141689784358	0.0573601095044811	1.11239553345916	0.0333525437257352	0.711305541045283	whole-transcriptome FDR per contrast/cell type	37	results/Gittings_2023_C9_snRNA/predefined_17_gene_results.tsv	positive	FALSE	FALSE	displayable common log2FC scale, but cohort/model/region heterogeneity precludes an unqualified pooled estimate
GSE219280	discovery	C9orf72	BA4/BA9 model-averaged	ALS_vs_FTD	Oligodendrocyte	MAPT	log2FC	-0.467926194946656	0.177249347282808	-0.81533491562096	-0.120517474272352	0.0145890694186164	0.399754148808679	global gene tests within model collection	17	results/GSE219280_pseudobulk_DE/all_gene_contrast_results.tsv	negative	FALSE	FALSE	displayable common log2FC scale, but cohort/model/region heterogeneity precludes an unqualified pooled estimate
Gittings_2023	independent_C9_replication	C9orf72	frontal cortex	ALS_vs_FTD	Oligodendrocyte	MAPT	log2FC	-0.730147517159031	0.27125812713736	-1.26181344634826	-0.198481587969806	0.00899177645903205	0.623676365811167	whole-transcriptome FDR per contrast/cell type	37	results/Gittings_2023_C9_snRNA/predefined_17_gene_results.tsv	negative	FALSE	FALSE	displayable common log2FC scale, but cohort/model/region heterogeneity precludes an unqualified pooled estimate
GSE219280	discovery	C9orf72	BA4/BA9 model-averaged	ALS_vs_FTD	Oligodendrocyte	PARK7	log2FC	-1.97686004420355	1.13933574844239	-4.20995811115064	0.256238022743542	0.0962842827646648	0.67395628934929	global gene tests within model collection	17	results/GSE219280_pseudobulk_DE/all_gene_contrast_results.tsv	negative	FALSE	FALSE	displayable common log2FC scale, but cohort/model/region heterogeneity precludes an unqualified pooled estimate
Gittings_2023	independent_C9_replication	C9orf72	frontal cortex	ALS_vs_FTD	Oligodendrocyte	PARK7	log2FC	0.0957412696736366	0.502209959365796	-0.888590250683323	1.0800727900306	0.849390856300533	0.996390051345435	whole-transcriptome FDR per contrast/cell type	37	results/Gittings_2023_C9_snRNA/predefined_17_gene_results.tsv	positive	FALSE	FALSE	displayable common log2FC scale, but cohort/model/region heterogeneity precludes an unqualified pooled estimate
GSE219280	discovery	C9orf72	BA4/BA9 model-averaged	ALS_vs_FTD	Oligodendrocyte	STARD13	log2FC	-0.54340943457593	0.166610133326528	-0.869965295895924	-0.216853573255936	0.00341243188490698	0.271750526803601	global gene tests within model collection	17	results/GSE219280_pseudobulk_DE/all_gene_contrast_results.tsv	negative	FALSE	FALSE	displayable common log2FC scale, but cohort/model/region heterogeneity precludes an unqualified pooled estimate
Gittings_2023	independent_C9_replication	C9orf72	frontal cortex	ALS_vs_FTD	Oligodendrocyte	STARD13	log2FC	-0.157948201822638	0.280654677865298	-0.708031370438622	0.392134966793346	0.575481522300008	0.984719647540729	whole-transcriptome FDR per contrast/cell type	37	results/Gittings_2023_C9_snRNA/predefined_17_gene_results.tsv	negative	FALSE	FALSE	displayable common log2FC scale, but cohort/model/region heterogeneity precludes an unqualified pooled estimate
GSE219280	discovery	C9orf72	BA4/BA9 model-averaged	FTD_vs_Control	Astrocyte	ARHGAP35	log2FC	0.358865321765896	0.243201704200269	-0.117810018466632	0.835540661998424	0.154310139040128	0.751238746579595	global gene tests within model collection	16	results/GSE219280_pseudobulk_DE/all_gene_contrast_results.tsv	positive	FALSE	FALSE	displayable common log2FC scale, but cohort/model/region heterogeneity precludes an unqualified pooled estimate
Gittings_2023	independent_C9_replication	C9orf72	frontal cortex	FTD_vs_Control	Astrocyte	ARHGAP35	log2FC	0.229793514915199	0.208944326443574	-0.179737364914206	0.639324394744604	0.275364375210343	0.83806199724898	whole-transcriptome FDR per contrast/cell type	37	results/Gittings_2023_C9_snRNA/predefined_17_gene_results.tsv	positive	FALSE	FALSE	displayable common log2FC scale, but cohort/model/region heterogeneity precludes an unqualified pooled estimate
GSE219280	discovery	C9orf72	BA4/BA9 model-averaged	FTD_vs_Control	Astrocyte	ARHGAP39	log2FC	0.439184705869162	0.333942591705337	-0.215342773873298	1.09371218561162	0.202313032509634	0.796056399404607	global gene tests within model collection	16	results/GSE219280_pseudobulk_DE/all_gene_contrast_results.tsv	positive	FALSE	FALSE	displayable common log2FC scale, but cohort/model/region heterogeneity precludes an unqualified pooled estimate
Gittings_2023	independent_C9_replication	C9orf72	frontal cortex	FTD_vs_Control	Astrocyte	ARHGAP39	log2FC	0.179693391644371	0.352426010280127	-0.511061588504678	0.87044837179342	0.611831440579829	0.951620095206875	whole-transcriptome FDR per contrast/cell type	37	results/Gittings_2023_C9_snRNA/predefined_17_gene_results.tsv	positive	FALSE	FALSE	displayable common log2FC scale, but cohort/model/region heterogeneity precludes an unqualified pooled estimate
GSE219280	discovery	C9orf72	BA4/BA9 model-averaged	FTD_vs_Control	Astrocyte	BAG3	log2FC	1.0102467411918	0.512357366253894	0.00602630333416698	2.01446717904943	0.0617122118943685	0.601015975394292	global gene tests within model collection	16	results/GSE219280_pseudobulk_DE/all_gene_contrast_results.tsv	positive	FALSE	FALSE	displayable common log2FC scale, but cohort/model/region heterogeneity precludes an unqualified pooled estimate
Gittings_2023	independent_C9_replication	C9orf72	frontal cortex	FTD_vs_Control	Astrocyte	BAG3	log2FC	-0.310633525997818	0.445182941368246	-1.18319209107958	0.561925039083945	0.487812149343339	0.920232194936995	whole-transcriptome FDR per contrast/cell type	37	results/Gittings_2023_C9_snRNA/predefined_17_gene_results.tsv	negative	FALSE	FALSE	displayable common log2FC scale, but cohort/model/region heterogeneity precludes an unqualified pooled estimate
GSE219280	discovery	C9orf72	BA4/BA9 model-averaged	FTD_vs_Control	Astrocyte	BCR	log2FC	-0.389706559444771	0.209084664461104	-0.799512501788535	0.020099382898993	0.0758235662223149	0.634369148692115	global gene tests within model collection	16	results/GSE219280_pseudobulk_DE/all_gene_contrast_results.tsv	negative	FALSE	FALSE	displayable common log2FC scale, but cohort/model/region heterogeneity precludes an unqualified pooled estimate
Gittings_2023	independent_C9_replication	C9orf72	frontal cortex	FTD_vs_Control	Astrocyte	BCR	log2FC	-0.070014467156498	0.253686819887922	-0.567240634136825	0.427211699823829	0.783407352414399	0.972465206887343	whole-transcriptome FDR per contrast/cell type	37	results/Gittings_2023_C9_snRNA/predefined_17_gene_results.tsv	negative	FALSE	FALSE	displayable common log2FC scale, but cohort/model/region heterogeneity precludes an unqualified pooled estimate
GSE219280	discovery	C9orf72	BA4/BA9 model-averaged	FTD_vs_Control	Astrocyte	CCT5	log2FC	0.218971892760969	1.02388154631911	-1.78783593802449	2.22577972354642	0.832678933307391	0.98436192961265	global gene tests within model collection	16	results/GSE219280_pseudobulk_DE/all_gene_contrast_results.tsv	positive	FALSE	FALSE	displayable common log2FC scale, but cohort/model/region heterogeneity precludes an unqualified pooled estimate
Gittings_2023	independent_C9_replication	C9orf72	frontal cortex	FTD_vs_Control	Astrocyte	CCT5	log2FC	0.2521423790016	0.383930474174126	-0.500361350379686	1.00464610838289	0.513598932258538	0.928172837180892	whole-transcriptome FDR per contrast/cell type	37	results/Gittings_2023_C9_snRNA/predefined_17_gene_results.tsv	positive	FALSE	FALSE	displayable common log2FC scale, but cohort/model/region heterogeneity precludes an unqualified pooled estimate
GSE219280	discovery	C9orf72	BA4/BA9 model-averaged	FTD_vs_Control	Astrocyte	CCT8	log2FC	-0.285415550103278	0.628277978829271	-1.51684038860865	0.946009288402092	0.65420356398636	0.960010634992701	global gene tests within model collection	16	results/GSE219280_pseudobulk_DE/all_gene_contrast_results.tsv	negative	FALSE	FALSE	displayable common log2FC scale, but cohort/model/region heterogeneity precludes an unqualified pooled estimate
Gittings_2023	independent_C9_replication	C9orf72	frontal cortex	FTD_vs_Control	Astrocyte	CCT8	log2FC	-0.0414835510030667	0.34673570259662	-0.721085528092442	0.638118426086308	0.905126323121967	0.991149216118649	whole-transcriptome FDR per contrast/cell type	37	results/Gittings_2023_C9_snRNA/predefined_17_gene_results.tsv	negative	FALSE	FALSE	displayable common log2FC scale, but cohort/model/region heterogeneity precludes an unqualified pooled estimate
GSE219280	discovery	C9orf72	BA4/BA9 model-averaged	FTD_vs_Control	Astrocyte	CHORDC1	log2FC	1.48472187521861	0.474842425717679	0.554030720811959	2.41541302962526	0.00502300120384312	0.301712677000587	global gene tests within model collection	16	results/GSE219280_pseudobulk_DE/all_gene_contrast_results.tsv	positive	FALSE	FALSE	displayable common log2FC scale, but cohort/model/region heterogeneity precludes an unqualified pooled estimate
Gittings_2023	independent_C9_replication	C9orf72	frontal cortex	FTD_vs_Control	Astrocyte	CHORDC1	log2FC	0.262351899713037	0.429349623402153	-0.579173362155182	1.10387716158126	0.543274866113333	0.9373640414682	whole-transcriptome FDR per contrast/cell type	37	results/Gittings_2023_C9_snRNA/predefined_17_gene_results.tsv	positive	FALSE	FALSE	displayable common log2FC scale, but cohort/model/region heterogeneity precludes an unqualified pooled estimate
GSE219280	discovery	C9orf72	BA4/BA9 model-averaged	FTD_vs_Control	Astrocyte	COA3	log2FC	0.806388664395266	0.95271400933434	-1.06093079390004	2.67370812269057	0.406614979447807	0.899967331733274	global gene tests within model collection	16	results/GSE219280_pseudobulk_DE/all_gene_contrast_results.tsv	positive	FALSE	FALSE	displayable common log2FC scale, but cohort/model/region heterogeneity precludes an unqualified pooled estimate
Gittings_2023	independent_C9_replication	C9orf72	frontal cortex	FTD_vs_Control	Astrocyte	COA3	log2FC	0.409210612582254	0.417013641051484	-0.408136123878655	1.22655734904316	0.329982537300432	0.865872186030033	whole-transcriptome FDR per contrast/cell type	37	results/Gittings_2023_C9_snRNA/predefined_17_gene_results.tsv	positive	FALSE	FALSE	displayable common log2FC scale, but cohort/model/region heterogeneity precludes an unqualified pooled estimate
GSE219280	discovery	C9orf72	BA4/BA9 model-averaged	FTD_vs_Control	Astrocyte	COX5B	log2FC	0.928258168193647	1.06869264945243	-1.16637942473311	3.02289576112041	0.394715176029704	0.895657547627814	global gene tests within model collection	16	results/GSE219280_pseudobulk_DE/all_gene_contrast_results.tsv	positive	FALSE	FALSE	displayable common log2FC scale, but cohort/model/region heterogeneity precludes an unqualified pooled estimate
Gittings_2023	independent_C9_replication	C9orf72	frontal cortex	FTD_vs_Control	Astrocyte	COX5B	log2FC	-0.331345774929694	0.518326192582937	-1.34726511239225	0.684573562532863	0.524915571723327	0.930685346167683	whole-transcriptome FDR per contrast/cell type	37	results/Gittings_2023_C9_snRNA/predefined_17_gene_results.tsv	negative	FALSE	FALSE	displayable common log2FC scale, but cohort/model/region heterogeneity precludes an unqualified pooled estimate
GSE219280	discovery	C9orf72	BA4/BA9 model-averaged	FTD_vs_Control	Astrocyte	COX7C	log2FC	0.708072959674111	0.933734879651965	-1.12204740444374	2.53819332379196	0.456535101299504	0.915432635896672	global gene tests within model collection	16	results/GSE219280_pseudobulk_DE/all_gene_contrast_results.tsv	positive	FALSE	FALSE	displayable common log2FC scale, but cohort/model/region heterogeneity precludes an unqualified pooled estimate
Gittings_2023	independent_C9_replication	C9orf72	frontal cortex	FTD_vs_Control	Astrocyte	COX7C	log2FC	-0.337623790867653	0.464901961603437	-1.24883163561039	0.573584053875084	0.470309240580001	0.917285019901085	whole-transcriptome FDR per contrast/cell type	37	results/Gittings_2023_C9_snRNA/predefined_17_gene_results.tsv	negative	FALSE	FALSE	displayable common log2FC scale, but cohort/model/region heterogeneity precludes an unqualified pooled estimate
GSE219280	discovery	C9orf72	BA4/BA9 model-averaged	FTD_vs_Control	Astrocyte	DOCK7	log2FC	0.344978521085093	0.189026264805312	-0.0255129579333189	0.715470000103505	0.0816890734022927	0.646892190742753	global gene tests within model collection	16	results/GSE219280_pseudobulk_DE/all_gene_contrast_results.tsv	positive	FALSE	FALSE	displayable common log2FC scale, but cohort/model/region heterogeneity precludes an unqualified pooled estimate
Gittings_2023	independent_C9_replication	C9orf72	frontal cortex	FTD_vs_Control	Astrocyte	DOCK7	log2FC	0.117537419294269	0.207430243258354	-0.289025857492105	0.524100696080643	0.572855886640284	0.942890182286905	whole-transcriptome FDR per contrast/cell type	37	results/Gittings_2023_C9_snRNA/predefined_17_gene_results.tsv	positive	FALSE	FALSE	displayable common log2FC scale, but cohort/model/region heterogeneity precludes an unqualified pooled estimate
GSE219280	discovery	C9orf72	BA4/BA9 model-averaged	FTD_vs_Control	Astrocyte	HSP90AA1	log2FC	3.52302919223549	1.33403038034768	0.908329646754034	6.13772873771695	0.0151408615656975	0.403376934016732	global gene tests within model collection	16	results/GSE219280_pseudobulk_DE/all_gene_contrast_results.tsv	positive	FALSE	FALSE	displayable common log2FC scale, but cohort/model/region heterogeneity precludes an unqualified pooled estimate
Gittings_2023	independent_C9_replication	C9orf72	frontal cortex	FTD_vs_Control	Astrocyte	HSP90AA1	log2FC	0.0908674117265793	0.503382301244247	-0.895761898712145	1.0774967221653	0.857316039999604	0.984097196646477	whole-transcriptome FDR per contrast/cell type	37	results/Gittings_2023_C9_snRNA/predefined_17_gene_results.tsv	positive	FALSE	FALSE	displayable common log2FC scale, but cohort/model/region heterogeneity precludes an unqualified pooled estimate
GSE219280	discovery	C9orf72	BA4/BA9 model-averaged	FTD_vs_Control	Astrocyte	HSP90AB1	log2FC	3.70481348982238	0.909634076952159	1.92193069899615	5.48769628064861	0.000529532816548668	0.166922581797572	global gene tests within model collection	16	results/GSE219280_pseudobulk_DE/all_gene_contrast_results.tsv	positive	FALSE	FALSE	displayable common log2FC scale, but cohort/model/region heterogeneity precludes an unqualified pooled estimate
Gittings_2023	independent_C9_replication	C9orf72	frontal cortex	FTD_vs_Control	Astrocyte	HSP90AB1	log2FC	-0.10248282896056	0.444554796862995	-0.973810230812031	0.768844572890911	0.818404734236103	0.979867759109163	whole-transcriptome FDR per contrast/cell type	37	results/Gittings_2023_C9_snRNA/predefined_17_gene_results.tsv	negative	FALSE	FALSE	displayable common log2FC scale, but cohort/model/region heterogeneity precludes an unqualified pooled estimate
GSE219280	discovery	C9orf72	BA4/BA9 model-averaged	FTD_vs_Control	Astrocyte	MAP1B	log2FC	3.90393137835746	0.978858694735509	1.98536833667586	5.82249442003906	0.000649244104463999	0.176830403225823	global gene tests within model collection	16	results/GSE219280_pseudobulk_DE/all_gene_contrast_results.tsv	positive	FALSE	FALSE	displayable common log2FC scale, but cohort/model/region heterogeneity precludes an unqualified pooled estimate
Gittings_2023	independent_C9_replication	C9orf72	frontal cortex	FTD_vs_Control	Astrocyte	MAP1B	log2FC	-0.191803519252253	0.424381130865534	-1.0235905357487	0.639983497244193	0.652800436774878	0.958995863590815	whole-transcriptome FDR per contrast/cell type	37	results/Gittings_2023_C9_snRNA/predefined_17_gene_results.tsv	negative	FALSE	FALSE	displayable common log2FC scale, but cohort/model/region heterogeneity precludes an unqualified pooled estimate
GSE219280	discovery	C9orf72	BA4/BA9 model-averaged	FTD_vs_Control	Astrocyte	MAPT	log2FC	0.161391429831567	0.179859940875362	-0.191134054284142	0.513916913947276	0.37932345816084	0.890334073983339	global gene tests within model collection	16	results/GSE219280_pseudobulk_DE/all_gene_contrast_results.tsv	positive	FALSE	FALSE	displayable common log2FC scale, but cohort/model/region heterogeneity precludes an unqualified pooled estimate
Gittings_2023	independent_C9_replication	C9orf72	frontal cortex	FTD_vs_Control	Astrocyte	MAPT	log2FC	0.088108964833399	0.238122547339323	-0.378611227951673	0.554829157618471	0.712538813976273	0.966480847426944	whole-transcriptome FDR per contrast/cell type	37	results/Gittings_2023_C9_snRNA/predefined_17_gene_results.tsv	positive	FALSE	FALSE	displayable common log2FC scale, but cohort/model/region heterogeneity precludes an unqualified pooled estimate
GSE219280	discovery	C9orf72	BA4/BA9 model-averaged	FTD_vs_Control	Astrocyte	PARK7	log2FC	2.47534977259891	0.959597051196005	0.59453955225474	4.35615999294308	0.0173304602968697	0.420414574363396	global gene tests within model collection	16	results/GSE219280_pseudobulk_DE/all_gene_contrast_results.tsv	positive	FALSE	FALSE	displayable common log2FC scale, but cohort/model/region heterogeneity precludes an unqualified pooled estimate
Gittings_2023	independent_C9_replication	C9orf72	frontal cortex	FTD_vs_Control	Astrocyte	PARK7	log2FC	0.130178461428652	0.354352018708744	-0.564351495240486	0.82470841809779	0.714503434358655	0.966480847426944	whole-transcriptome FDR per contrast/cell type	37	results/Gittings_2023_C9_snRNA/predefined_17_gene_results.tsv	positive	FALSE	FALSE	displayable common log2FC scale, but cohort/model/region heterogeneity precludes an unqualified pooled estimate
GSE219280	discovery	C9orf72	BA4/BA9 model-averaged	FTD_vs_Control	Astrocyte	STARD13	log2FC	0.49244230736278	0.258195674734872	-0.0136212151175683	0.998505829843128	0.0697795609828525	0.620878009417574	global gene tests within model collection	16	results/GSE219280_pseudobulk_DE/all_gene_contrast_results.tsv	positive	FALSE	FALSE	displayable common log2FC scale, but cohort/model/region heterogeneity precludes an unqualified pooled estimate
Gittings_2023	independent_C9_replication	C9orf72	frontal cortex	FTD_vs_Control	Astrocyte	STARD13	log2FC	0.391461457219823	0.24373452349033	-0.0862582088212243	0.86918112326087	0.112958051276984	0.711968586908193	whole-transcriptome FDR per contrast/cell type	37	results/Gittings_2023_C9_snRNA/predefined_17_gene_results.tsv	positive	FALSE	FALSE	displayable common log2FC scale, but cohort/model/region heterogeneity precludes an unqualified pooled estimate
Gittings_2023	independent_C9_replication	C9orf72	frontal cortex	FTD_vs_Control	Excitatory neuron	ARHGAP35	log2FC	0.156056005196845	0.156357956966183	-0.150405590456874	0.462517600850564	0.321982554971282	0.904117977559384	whole-transcriptome FDR per contrast/cell type	37	results/Gittings_2023_C9_snRNA/predefined_17_gene_results.tsv	positive	FALSE	FALSE	displayable common log2FC scale, but cohort/model/region heterogeneity precludes an unqualified pooled estimate
Gittings_2023	independent_C9_replication	C9orf72	frontal cortex	FTD_vs_Control	Excitatory neuron	ARHGAP39	log2FC	-0.0799638806802818	0.215798111532741	-0.502928179284453	0.34300041792389	0.712189500875633	0.991877891891114	whole-transcriptome FDR per contrast/cell type	37	results/Gittings_2023_C9_snRNA/predefined_17_gene_results.tsv	negative	FALSE	FALSE	displayable common log2FC scale, but cohort/model/region heterogeneity precludes an unqualified pooled estimate
Gittings_2023	independent_C9_replication	C9orf72	frontal cortex	FTD_vs_Control	Excitatory neuron	BAG3	log2FC	0.52670251669286	0.353972392339579	-0.167083372292714	1.22048840567843	0.141639091820839	0.764078208161329	whole-transcriptome FDR per contrast/cell type	37	results/Gittings_2023_C9_snRNA/predefined_17_gene_results.tsv	positive	FALSE	FALSE	displayable common log2FC scale, but cohort/model/region heterogeneity precludes an unqualified pooled estimate
Gittings_2023	independent_C9_replication	C9orf72	frontal cortex	FTD_vs_Control	Excitatory neuron	BCR	log2FC	0.383451047470124	0.205528320700273	-0.0193844611024114	0.786286556042659	0.0666426869726301	0.621133015186951	whole-transcriptome FDR per contrast/cell type	37	results/Gittings_2023_C9_snRNA/predefined_17_gene_results.tsv	positive	FALSE	FALSE	displayable common log2FC scale, but cohort/model/region heterogeneity precludes an unqualified pooled estimate
Gittings_2023	independent_C9_replication	C9orf72	frontal cortex	FTD_vs_Control	Excitatory neuron	CCT5	log2FC	0.281135370564026	0.297331819385487	-0.301634995431529	0.863905736559581	0.347924950435688	0.915546276039762	whole-transcriptome FDR per contrast/cell type	37	results/Gittings_2023_C9_snRNA/predefined_17_gene_results.tsv	positive	FALSE	FALSE	displayable common log2FC scale, but cohort/model/region heterogeneity precludes an unqualified pooled estimate
Gittings_2023	independent_C9_replication	C9orf72	frontal cortex	FTD_vs_Control	Excitatory neuron	CCT8	log2FC	-0.104385541794747	0.232061015381295	-0.559225131942084	0.35045404835259	0.654351588099221	0.985847766341391	whole-transcriptome FDR per contrast/cell type	37	results/Gittings_2023_C9_snRNA/predefined_17_gene_results.tsv	negative	FALSE	FALSE	displayable common log2FC scale, but cohort/model/region heterogeneity precludes an unqualified pooled estimate
Gittings_2023	independent_C9_replication	C9orf72	frontal cortex	FTD_vs_Control	Excitatory neuron	CHORDC1	log2FC	0.37554225353834	0.300128178010983	-0.212708975363187	0.963793482439867	0.215383984445869	0.834257212441587	whole-transcriptome FDR per contrast/cell type	37	results/Gittings_2023_C9_snRNA/predefined_17_gene_results.tsv	positive	FALSE	FALSE	displayable common log2FC scale, but cohort/model/region heterogeneity precludes an unqualified pooled estimate
Gittings_2023	independent_C9_replication	C9orf72	frontal cortex	FTD_vs_Control	Excitatory neuron	COA3	log2FC	-0.0260410044162152	0.371114847768264	-0.753426106042012	0.701344097209582	0.944276126139726	0.999786658135162	whole-transcriptome FDR per contrast/cell type	37	results/Gittings_2023_C9_snRNA/predefined_17_gene_results.tsv	negative	FALSE	FALSE	displayable common log2FC scale, but cohort/model/region heterogeneity precludes an unqualified pooled estimate
Gittings_2023	independent_C9_replication	C9orf72	frontal cortex	FTD_vs_Control	Excitatory neuron	COX5B	log2FC	-0.272061751954921	0.535751361094607	-1.32213441970035	0.778010915790508	0.613341456589541	0.981294570851437	whole-transcriptome FDR per contrast/cell type	37	results/Gittings_2023_C9_snRNA/predefined_17_gene_results.tsv	negative	FALSE	FALSE	displayable common log2FC scale, but cohort/model/region heterogeneity precludes an unqualified pooled estimate
Gittings_2023	independent_C9_replication	C9orf72	frontal cortex	FTD_vs_Control	Excitatory neuron	COX7C	log2FC	0.128761182391352	0.535034507927175	-0.919906453145911	1.17742881792861	0.810593332556342	0.996850107182809	whole-transcriptome FDR per contrast/cell type	37	results/Gittings_2023_C9_snRNA/predefined_17_gene_results.tsv	positive	FALSE	FALSE	displayable common log2FC scale, but cohort/model/region heterogeneity precludes an unqualified pooled estimate
Gittings_2023	independent_C9_replication	C9orf72	frontal cortex	FTD_vs_Control	Excitatory neuron	DOCK7	log2FC	0.0419972469417154	0.140691659770908	-0.233758406209265	0.317752900092696	0.766278651806302	0.996850107182809	whole-transcriptome FDR per contrast/cell type	37	results/Gittings_2023_C9_snRNA/predefined_17_gene_results.tsv	positive	FALSE	FALSE	displayable common log2FC scale, but cohort/model/region heterogeneity precludes an unqualified pooled estimate
Gittings_2023	independent_C9_replication	C9orf72	frontal cortex	FTD_vs_Control	Excitatory neuron	HSP90AA1	log2FC	-0.0240381200869031	0.377844826960188	-0.764613980928871	0.716537740755065	0.949473183682567	0.999786658135162	whole-transcriptome FDR per contrast/cell type	37	results/Gittings_2023_C9_snRNA/predefined_17_gene_results.tsv	negative	FALSE	FALSE	displayable common log2FC scale, but cohort/model/region heterogeneity precludes an unqualified pooled estimate
Gittings_2023	independent_C9_replication	C9orf72	frontal cortex	FTD_vs_Control	Excitatory neuron	HSP90AB1	log2FC	-0.230517989319235	0.302240214157437	-0.82290880906781	0.361872830429341	0.448457075129745	0.950954933880212	whole-transcriptome FDR per contrast/cell type	37	results/Gittings_2023_C9_snRNA/predefined_17_gene_results.tsv	negative	FALSE	FALSE	displayable common log2FC scale, but cohort/model/region heterogeneity precludes an unqualified pooled estimate
Gittings_2023	independent_C9_replication	C9orf72	frontal cortex	FTD_vs_Control	Excitatory neuron	MAP1B	log2FC	-0.242076379619988	0.174765667219616	-0.584617087370435	0.100464328130459	0.170787983396491	0.799303822490576	whole-transcriptome FDR per contrast/cell type	37	results/Gittings_2023_C9_snRNA/predefined_17_gene_results.tsv	negative	FALSE	FALSE	displayable common log2FC scale, but cohort/model/region heterogeneity precludes an unqualified pooled estimate
Gittings_2023	independent_C9_replication	C9orf72	frontal cortex	FTD_vs_Control	Excitatory neuron	MAPT	log2FC	0.16889414883329	0.135490104117412	-0.096666455236838	0.434454752903418	0.217081811734187	0.834925038679614	whole-transcriptome FDR per contrast/cell type	37	results/Gittings_2023_C9_snRNA/predefined_17_gene_results.tsv	positive	FALSE	FALSE	displayable common log2FC scale, but cohort/model/region heterogeneity precludes an unqualified pooled estimate
Gittings_2023	independent_C9_replication	C9orf72	frontal cortex	FTD_vs_Control	Excitatory neuron	PARK7	log2FC	-0.133166764869795	0.336776727634465	-0.793249151033346	0.526915621293756	0.693849886898027	0.988408368023745	whole-transcriptome FDR per contrast/cell type	37	results/Gittings_2023_C9_snRNA/predefined_17_gene_results.tsv	negative	FALSE	FALSE	displayable common log2FC scale, but cohort/model/region heterogeneity precludes an unqualified pooled estimate
Gittings_2023	independent_C9_replication	C9orf72	frontal cortex	FTD_vs_Control	Excitatory neuron	STARD13	log2FC	0.158993853742203	0.206691106648927	-0.246120715289694	0.5641084227741	0.444567347516354	0.950954933880212	whole-transcriptome FDR per contrast/cell type	37	results/Gittings_2023_C9_snRNA/predefined_17_gene_results.tsv	positive	FALSE	FALSE	displayable common log2FC scale, but cohort/model/region heterogeneity precludes an unqualified pooled estimate
Gittings_2023	independent_C9_replication	C9orf72	frontal cortex	FTD_vs_Control	Inhibitory neuron	ARHGAP35	log2FC	0.129416310380828	0.147283565532555	-0.159259478062979	0.418092098824635	0.38277053523761	0.889906681283033	whole-transcriptome FDR per contrast/cell type	37	results/Gittings_2023_C9_snRNA/predefined_17_gene_results.tsv	positive	FALSE	FALSE	displayable common log2FC scale, but cohort/model/region heterogeneity precludes an unqualified pooled estimate
Gittings_2023	independent_C9_replication	C9orf72	frontal cortex	FTD_vs_Control	Inhibitory neuron	ARHGAP39	log2FC	0.0633544976908382	0.178454427052597	-0.286416179332252	0.413125174713928	0.723712614613274	0.970584695507083	whole-transcriptome FDR per contrast/cell type	37	results/Gittings_2023_C9_snRNA/predefined_17_gene_results.tsv	positive	FALSE	FALSE	displayable common log2FC scale, but cohort/model/region heterogeneity precludes an unqualified pooled estimate
Gittings_2023	independent_C9_replication	C9orf72	frontal cortex	FTD_vs_Control	Inhibitory neuron	BAG3	log2FC	0.20703534668378	0.460820964350178	-0.696173743442569	1.11024443681013	0.654710845269613	0.95610366381767	whole-transcriptome FDR per contrast/cell type	37	results/Gittings_2023_C9_snRNA/predefined_17_gene_results.tsv	positive	FALSE	FALSE	displayable common log2FC scale, but cohort/model/region heterogeneity precludes an unqualified pooled estimate
Gittings_2023	independent_C9_replication	C9orf72	frontal cortex	FTD_vs_Control	Inhibitory neuron	BCR	log2FC	0.252749870233111	0.178486249123943	-0.0970831780498177	0.60258291851604	0.161473937647075	0.752223249221696	whole-transcriptome FDR per contrast/cell type	37	results/Gittings_2023_C9_snRNA/predefined_17_gene_results.tsv	positive	FALSE	FALSE	displayable common log2FC scale, but cohort/model/region heterogeneity precludes an unqualified pooled estimate
Gittings_2023	independent_C9_replication	C9orf72	frontal cortex	FTD_vs_Control	Inhibitory neuron	CCT5	log2FC	0.240985169025067	0.258414388317695	-0.265507032077615	0.747477370127749	0.35446279640399	0.880685703515346	whole-transcriptome FDR per contrast/cell type	37	results/Gittings_2023_C9_snRNA/predefined_17_gene_results.tsv	positive	FALSE	FALSE	displayable common log2FC scale, but cohort/model/region heterogeneity precludes an unqualified pooled estimate
Gittings_2023	independent_C9_replication	C9orf72	frontal cortex	FTD_vs_Control	Inhibitory neuron	CCT8	log2FC	0.0266563966540829	0.226515602851348	-0.417314184934559	0.470626978242725	0.906679852334912	0.989095585062744	whole-transcriptome FDR per contrast/cell type	37	results/Gittings_2023_C9_snRNA/predefined_17_gene_results.tsv	positive	FALSE	FALSE	displayable common log2FC scale, but cohort/model/region heterogeneity precludes an unqualified pooled estimate
Gittings_2023	independent_C9_replication	C9orf72	frontal cortex	FTD_vs_Control	Inhibitory neuron	CHORDC1	log2FC	0.501840407334369	0.318819749347889	-0.123046301387493	1.12672711605623	0.120402100611886	0.69800103557396	whole-transcriptome FDR per contrast/cell type	37	results/Gittings_2023_C9_snRNA/predefined_17_gene_results.tsv	positive	FALSE	FALSE	displayable common log2FC scale, but cohort/model/region heterogeneity precludes an unqualified pooled estimate
Gittings_2023	independent_C9_replication	C9orf72	frontal cortex	FTD_vs_Control	Inhibitory neuron	COA3	log2FC	-0.263274075548188	0.398940403250725	-1.04519726591961	0.518649114823234	0.511601934410046	0.927190225667708	whole-transcriptome FDR per contrast/cell type	37	results/Gittings_2023_C9_snRNA/predefined_17_gene_results.tsv	negative	FALSE	FALSE	displayable common log2FC scale, but cohort/model/region heterogeneity precludes an unqualified pooled estimate
Gittings_2023	independent_C9_replication	C9orf72	frontal cortex	FTD_vs_Control	Inhibitory neuron	COX5B	log2FC	-0.401209720519649	0.512288685616679	-1.40529554432834	0.602876103289042	0.436475066451126	0.910807605348897	whole-transcriptome FDR per contrast/cell type	37	results/Gittings_2023_C9_snRNA/predefined_17_gene_results.tsv	negative	FALSE	FALSE	displayable common log2FC scale, but cohort/model/region heterogeneity precludes an unqualified pooled estimate
Gittings_2023	independent_C9_replication	C9orf72	frontal cortex	FTD_vs_Control	Inhibitory neuron	COX7C	log2FC	0.042378991816225	0.513062030984608	-0.963222588913608	1.04798057254606	0.93443264643796	0.992581878651996	whole-transcriptome FDR per contrast/cell type	37	results/Gittings_2023_C9_snRNA/predefined_17_gene_results.tsv	positive	FALSE	FALSE	displayable common log2FC scale, but cohort/model/region heterogeneity precludes an unqualified pooled estimate
Gittings_2023	independent_C9_replication	C9orf72	frontal cortex	FTD_vs_Control	Inhibitory neuron	DOCK7	log2FC	0.228038005915672	0.141858090970864	-0.050003852387222	0.506079864218566	0.112735274587269	0.689998961027448	whole-transcriptome FDR per contrast/cell type	37	results/Gittings_2023_C9_snRNA/predefined_17_gene_results.tsv	positive	FALSE	FALSE	displayable common log2FC scale, but cohort/model/region heterogeneity precludes an unqualified pooled estimate
Gittings_2023	independent_C9_replication	C9orf72	frontal cortex	FTD_vs_Control	Inhibitory neuron	HSP90AA1	log2FC	0.0173381116435714	0.319660852690111	-0.609197159629046	0.643873382916189	0.956915966704811	0.994360896284791	whole-transcriptome FDR per contrast/cell type	37	results/Gittings_2023_C9_snRNA/predefined_17_gene_results.tsv	positive	FALSE	FALSE	displayable common log2FC scale, but cohort/model/region heterogeneity precludes an unqualified pooled estimate
Gittings_2023	independent_C9_replication	C9orf72	frontal cortex	FTD_vs_Control	Inhibitory neuron	HSP90AB1	log2FC	-0.0159070809511022	0.244321719666298	-0.494777651497047	0.462963489594843	0.948288848401868	0.993425470145094	whole-transcriptome FDR per contrast/cell type	37	results/Gittings_2023_C9_snRNA/predefined_17_gene_results.tsv	negative	FALSE	FALSE	displayable common log2FC scale, but cohort/model/region heterogeneity precludes an unqualified pooled estimate
Gittings_2023	independent_C9_replication	C9orf72	frontal cortex	FTD_vs_Control	Inhibitory neuron	MAP1B	log2FC	-0.102887680872072	0.153147849879499	-0.40305746663589	0.197282104891745	0.504052685649734	0.92577673216632	whole-transcriptome FDR per contrast/cell type	37	results/Gittings_2023_C9_snRNA/predefined_17_gene_results.tsv	negative	FALSE	FALSE	displayable common log2FC scale, but cohort/model/region heterogeneity precludes an unqualified pooled estimate
Gittings_2023	independent_C9_replication	C9orf72	frontal cortex	FTD_vs_Control	Inhibitory neuron	MAPT	log2FC	0.0715211883896885	0.141023500126672	-0.204884871858589	0.347927248637966	0.613740933875825	0.94708306882174	whole-transcriptome FDR per contrast/cell type	37	results/Gittings_2023_C9_snRNA/predefined_17_gene_results.tsv	positive	FALSE	FALSE	displayable common log2FC scale, but cohort/model/region heterogeneity precludes an unqualified pooled estimate
Gittings_2023	independent_C9_replication	C9orf72	frontal cortex	FTD_vs_Control	Inhibitory neuron	PARK7	log2FC	-0.083552479649196	0.325629746365274	-0.721786782525134	0.554681823226742	0.798303152861744	0.979786586446954	whole-transcriptome FDR per contrast/cell type	37	results/Gittings_2023_C9_snRNA/predefined_17_gene_results.tsv	negative	FALSE	FALSE	displayable common log2FC scale, but cohort/model/region heterogeneity precludes an unqualified pooled estimate
Gittings_2023	independent_C9_replication	C9orf72	frontal cortex	FTD_vs_Control	Inhibitory neuron	STARD13	log2FC	0.358626922908129	0.197376310789024	-0.028230646238358	0.745484492054616	0.0737795668420255	0.628860947471684	whole-transcriptome FDR per contrast/cell type	37	results/Gittings_2023_C9_snRNA/predefined_17_gene_results.tsv	positive	FALSE	FALSE	displayable common log2FC scale, but cohort/model/region heterogeneity precludes an unqualified pooled estimate
Gittings_2023	independent_C9_replication	C9orf72	frontal cortex	FTD_vs_Control	Microglia	ARHGAP35	log2FC	0.0532302411784356	0.251727183555995	-0.440155038591314	0.546615520948185	0.833198975010532	0.999548534743539	whole-transcriptome FDR per contrast/cell type	35	results/Gittings_2023_C9_snRNA/predefined_17_gene_results.tsv	positive	FALSE	FALSE	displayable common log2FC scale, but cohort/model/region heterogeneity precludes an unqualified pooled estimate
Gittings_2023	independent_C9_replication	C9orf72	frontal cortex	FTD_vs_Control	Microglia	ARHGAP39	log2FC	-0.101950073502549	0.576312358775565	-1.23152229670266	1.02762214969756	0.860143961167107	0.999548534743539	whole-transcriptome FDR per contrast/cell type	35	results/Gittings_2023_C9_snRNA/predefined_17_gene_results.tsv	negative	FALSE	FALSE	displayable common log2FC scale, but cohort/model/region heterogeneity precludes an unqualified pooled estimate
Gittings_2023	independent_C9_replication	C9orf72	frontal cortex	FTD_vs_Control	Microglia	BAG3	log2FC	0.175191911112174	0.884318974133324	-1.55807327818914	1.90845710041349	0.843615789341569	0.999548534743539	whole-transcriptome FDR per contrast/cell type	35	results/Gittings_2023_C9_snRNA/predefined_17_gene_results.tsv	positive	FALSE	FALSE	displayable common log2FC scale, but cohort/model/region heterogeneity precludes an unqualified pooled estimate
Gittings_2023	independent_C9_replication	C9orf72	frontal cortex	FTD_vs_Control	Microglia	BCR	log2FC	0.443648281281553	0.372482505433093	-0.28641742936731	1.17371399193042	0.238021204738299	0.999548534743539	whole-transcriptome FDR per contrast/cell type	35	results/Gittings_2023_C9_snRNA/predefined_17_gene_results.tsv	positive	FALSE	FALSE	displayable common log2FC scale, but cohort/model/region heterogeneity precludes an unqualified pooled estimate
Gittings_2023	independent_C9_replication	C9orf72	frontal cortex	FTD_vs_Control	Microglia	CCT5	log2FC	0.0708580743789034	0.463313496170104	-0.8372363781145	0.978952526872307	0.878927946488411	0.999548534743539	whole-transcriptome FDR per contrast/cell type	35	results/Gittings_2023_C9_snRNA/predefined_17_gene_results.tsv	positive	FALSE	FALSE	displayable common log2FC scale, but cohort/model/region heterogeneity precludes an unqualified pooled estimate
Gittings_2023	independent_C9_replication	C9orf72	frontal cortex	FTD_vs_Control	Microglia	CCT8	log2FC	0.00437038773787268	0.33617422564186	-0.654531094520173	0.663271869995918	0.989667866889307	0.999548534743539	whole-transcriptome FDR per contrast/cell type	35	results/Gittings_2023_C9_snRNA/predefined_17_gene_results.tsv	positive	FALSE	FALSE	displayable common log2FC scale, but cohort/model/region heterogeneity precludes an unqualified pooled estimate
Gittings_2023	independent_C9_replication	C9orf72	frontal cortex	FTD_vs_Control	Microglia	CHORDC1	log2FC	0.738208142173142	0.469641419923667	-0.182289040877245	1.65870532522353	0.121050680010804	0.999548534743539	whole-transcriptome FDR per contrast/cell type	35	results/Gittings_2023_C9_snRNA/predefined_17_gene_results.tsv	positive	FALSE	FALSE	displayable common log2FC scale, but cohort/model/region heterogeneity precludes an unqualified pooled estimate
Gittings_2023	independent_C9_replication	C9orf72	frontal cortex	FTD_vs_Control	Microglia	COA3	log2FC	0.716646168269806	0.65970767988554	-0.576380884305853	2.00967322084546	0.281409453271898	0.999548534743539	whole-transcriptome FDR per contrast/cell type	35	results/Gittings_2023_C9_snRNA/predefined_17_gene_results.tsv	positive	FALSE	FALSE	displayable common log2FC scale, but cohort/model/region heterogeneity precludes an unqualified pooled estimate
Gittings_2023	independent_C9_replication	C9orf72	frontal cortex	FTD_vs_Control	Microglia	COX5B	log2FC	-0.335289523784569	0.690696550230196	-1.68905476223575	1.01847571466661	0.629135908863654	0.999548534743539	whole-transcriptome FDR per contrast/cell type	35	results/Gittings_2023_C9_snRNA/predefined_17_gene_results.tsv	negative	FALSE	FALSE	displayable common log2FC scale, but cohort/model/region heterogeneity precludes an unqualified pooled estimate
Gittings_2023	independent_C9_replication	C9orf72	frontal cortex	FTD_vs_Control	Microglia	COX7C	log2FC	-0.102706638277668	0.638258114762523	-1.35369254321221	1.14827926665688	0.872698447145907	0.999548534743539	whole-transcriptome FDR per contrast/cell type	35	results/Gittings_2023_C9_snRNA/predefined_17_gene_results.tsv	negative	FALSE	FALSE	displayable common log2FC scale, but cohort/model/region heterogeneity precludes an unqualified pooled estimate
Gittings_2023	independent_C9_replication	C9orf72	frontal cortex	FTD_vs_Control	Microglia	DOCK7	log2FC	0.373253030973659	0.257599201275459	-0.131641403526241	0.878147465473559	0.15221957621957	0.999548534743539	whole-transcriptome FDR per contrast/cell type	35	results/Gittings_2023_C9_snRNA/predefined_17_gene_results.tsv	positive	FALSE	FALSE	displayable common log2FC scale, but cohort/model/region heterogeneity precludes an unqualified pooled estimate
Gittings_2023	independent_C9_replication	C9orf72	frontal cortex	FTD_vs_Control	Microglia	HSP90AA1	log2FC	0.0270829339607168	0.723338782161472	-1.39066107907577	1.4448269469972	0.97026232330355	0.999548534743539	whole-transcriptome FDR per contrast/cell type	35	results/Gittings_2023_C9_snRNA/predefined_17_gene_results.tsv	positive	FALSE	FALSE	displayable common log2FC scale, but cohort/model/region heterogeneity precludes an unqualified pooled estimate
Gittings_2023	independent_C9_replication	C9orf72	frontal cortex	FTD_vs_Control	Microglia	HSP90AB1	log2FC	0.192749117603558	0.50579540625942	-0.798609878664906	1.18410811387202	0.704489154394229	0.999548534743539	whole-transcriptome FDR per contrast/cell type	35	results/Gittings_2023_C9_snRNA/predefined_17_gene_results.tsv	positive	FALSE	FALSE	displayable common log2FC scale, but cohort/model/region heterogeneity precludes an unqualified pooled estimate
Gittings_2023	independent_C9_replication	C9orf72	frontal cortex	FTD_vs_Control	Microglia	MAP1B	log2FC	-0.729083843147517	0.782230686091264	-2.26225598788639	0.80408830159136	0.355154856070449	0.999548534743539	whole-transcriptome FDR per contrast/cell type	35	results/Gittings_2023_C9_snRNA/predefined_17_gene_results.tsv	negative	FALSE	FALSE	displayable common log2FC scale, but cohort/model/region heterogeneity precludes an unqualified pooled estimate
Gittings_2023	independent_C9_replication	C9orf72	frontal cortex	FTD_vs_Control	Microglia	MAPT	log2FC	0.0687875022868143	0.550613562288531	-1.01041507979871	1.14799008437233	0.900974398211637	0.999548534743539	whole-transcriptome FDR per contrast/cell type	35	results/Gittings_2023_C9_snRNA/predefined_17_gene_results.tsv	positive	FALSE	FALSE	displayable common log2FC scale, but cohort/model/region heterogeneity precludes an unqualified pooled estimate
Gittings_2023	independent_C9_replication	C9orf72	frontal cortex	FTD_vs_Control	Microglia	PARK7	log2FC	-0.195051626993123	0.508082928503806	-1.19089416686058	0.800790912874337	0.702345654496215	0.999548534743539	whole-transcriptome FDR per contrast/cell type	35	results/Gittings_2023_C9_snRNA/predefined_17_gene_results.tsv	negative	FALSE	FALSE	displayable common log2FC scale, but cohort/model/region heterogeneity precludes an unqualified pooled estimate
Gittings_2023	independent_C9_replication	C9orf72	frontal cortex	FTD_vs_Control	Microglia	STARD13	log2FC	1.38690550442786	0.299995275957184	0.79891476355178	1.97489624530394	0.0000188103695295084	0.264981675562185	whole-transcriptome FDR per contrast/cell type	35	results/Gittings_2023_C9_snRNA/predefined_17_gene_results.tsv	positive	FALSE	FALSE	displayable common log2FC scale, but cohort/model/region heterogeneity precludes an unqualified pooled estimate
GSE219280	discovery	C9orf72	BA4/BA9 model-averaged	FTD_vs_Control	OPC	ARHGAP35	log2FC	0.447258178282583	0.116848231312419	0.218235644910242	0.676280711654924	0.000718865479266737	0.180281313293335	global gene tests within model collection	17	results/GSE219280_pseudobulk_DE/all_gene_contrast_results.tsv	positive	FALSE	FALSE	displayable common log2FC scale, but cohort/model/region heterogeneity precludes an unqualified pooled estimate
Gittings_2023	independent_C9_replication	C9orf72	frontal cortex	FTD_vs_Control	OPC	ARHGAP35	log2FC	0.331937220527581	0.214434834574882	-0.0883550552391874	0.752229496294349	0.126208889983585	0.999910824798957	whole-transcriptome FDR per contrast/cell type	37	results/Gittings_2023_C9_snRNA/predefined_17_gene_results.tsv	positive	FALSE	FALSE	displayable common log2FC scale, but cohort/model/region heterogeneity precludes an unqualified pooled estimate
GSE219280	discovery	C9orf72	BA4/BA9 model-averaged	FTD_vs_Control	OPC	ARHGAP39	log2FC	0.359418929122379	0.262720165447257	-0.155512595154245	0.874350453399003	0.18284295968468	0.779331891953111	global gene tests within model collection	17	results/GSE219280_pseudobulk_DE/all_gene_contrast_results.tsv	positive	FALSE	FALSE	displayable common log2FC scale, but cohort/model/region heterogeneity precludes an unqualified pooled estimate
Gittings_2023	independent_C9_replication	C9orf72	frontal cortex	FTD_vs_Control	OPC	ARHGAP39	log2FC	0.120319179079737	0.264404470957988	-0.39791358399792	0.638551942157394	0.650497598705722	0.999910824798957	whole-transcriptome FDR per contrast/cell type	37	results/Gittings_2023_C9_snRNA/predefined_17_gene_results.tsv	positive	FALSE	FALSE	displayable common log2FC scale, but cohort/model/region heterogeneity precludes an unqualified pooled estimate
GSE219280	discovery	C9orf72	BA4/BA9 model-averaged	FTD_vs_Control	OPC	BAG3	log2FC	2.32446941836406	0.719570852298282	0.914110547859427	3.73482828886869	0.00331550924698852	0.270755752923578	global gene tests within model collection	17	results/GSE219280_pseudobulk_DE/all_gene_contrast_results.tsv	positive	FALSE	FALSE	displayable common log2FC scale, but cohort/model/region heterogeneity precludes an unqualified pooled estimate
Gittings_2023	independent_C9_replication	C9orf72	frontal cortex	FTD_vs_Control	OPC	BAG3	log2FC	-0.715841392318561	0.754120541370915	-2.19391765340555	0.762234868768432	0.345878924462867	0.999910824798957	whole-transcriptome FDR per contrast/cell type	37	results/Gittings_2023_C9_snRNA/predefined_17_gene_results.tsv	negative	FALSE	FALSE	displayable common log2FC scale, but cohort/model/region heterogeneity precludes an unqualified pooled estimate
GSE219280	discovery	C9orf72	BA4/BA9 model-averaged	FTD_vs_Control	OPC	BCR	log2FC	0.201323079609623	0.122072664350552	-0.0379393425174599	0.440585501736706	0.11097595680626	0.696911328589325	global gene tests within model collection	17	results/GSE219280_pseudobulk_DE/all_gene_contrast_results.tsv	positive	FALSE	FALSE	displayable common log2FC scale, but cohort/model/region heterogeneity precludes an unqualified pooled estimate
Gittings_2023	independent_C9_replication	C9orf72	frontal cortex	FTD_vs_Control	OPC	BCR	log2FC	0.0729310720719489	0.253696650604677	-0.424314363113218	0.570176507257116	0.774624578561394	0.999910824798957	whole-transcriptome FDR per contrast/cell type	37	results/Gittings_2023_C9_snRNA/predefined_17_gene_results.tsv	positive	FALSE	FALSE	displayable common log2FC scale, but cohort/model/region heterogeneity precludes an unqualified pooled estimate
GSE219280	discovery	C9orf72	BA4/BA9 model-averaged	FTD_vs_Control	OPC	CCT5	log2FC	0.743477037569803	0.438386389783541	-0.115760286405937	1.60271436154554	0.103055755168791	0.685910433427637	global gene tests within model collection	17	results/GSE219280_pseudobulk_DE/all_gene_contrast_results.tsv	positive	FALSE	FALSE	displayable common log2FC scale, but cohort/model/region heterogeneity precludes an unqualified pooled estimate
Gittings_2023	independent_C9_replication	C9orf72	frontal cortex	FTD_vs_Control	OPC	CCT5	log2FC	-0.0549235712265448	0.335763707354123	-0.713020437640626	0.603173295187537	0.870542226551353	0.999910824798957	whole-transcriptome FDR per contrast/cell type	37	results/Gittings_2023_C9_snRNA/predefined_17_gene_results.tsv	negative	FALSE	FALSE	displayable common log2FC scale, but cohort/model/region heterogeneity precludes an unqualified pooled estimate
GSE219280	discovery	C9orf72	BA4/BA9 model-averaged	FTD_vs_Control	OPC	CCT8	log2FC	0.408639479762746	0.482882543490666	-0.537810305478959	1.35508926500445	0.406003282454819	0.899845774280447	global gene tests within model collection	17	results/GSE219280_pseudobulk_DE/all_gene_contrast_results.tsv	positive	FALSE	FALSE	displayable common log2FC scale, but cohort/model/region heterogeneity precludes an unqualified pooled estimate
Gittings_2023	independent_C9_replication	C9orf72	frontal cortex	FTD_vs_Control	OPC	CCT8	log2FC	-0.0856712629446239	0.284102820278601	-0.642512790690682	0.471170264801435	0.763902529110695	0.999910824798957	whole-transcriptome FDR per contrast/cell type	37	results/Gittings_2023_C9_snRNA/predefined_17_gene_results.tsv	negative	FALSE	FALSE	displayable common log2FC scale, but cohort/model/region heterogeneity precludes an unqualified pooled estimate
GSE219280	discovery	C9orf72	BA4/BA9 model-averaged	FTD_vs_Control	OPC	CHORDC1	log2FC	1.38729521726187	0.449714478359	0.50585483967823	2.26873559484551	0.0053049635623157	0.305751277791358	global gene tests within model collection	17	results/GSE219280_pseudobulk_DE/all_gene_contrast_results.tsv	positive	FALSE	FALSE	displayable common log2FC scale, but cohort/model/region heterogeneity precludes an unqualified pooled estimate
Gittings_2023	independent_C9_replication	C9orf72	frontal cortex	FTD_vs_Control	OPC	CHORDC1	log2FC	0.220216385041968	0.393865404844773	-0.551759808453787	0.992192578537723	0.578019711584234	0.999910824798957	whole-transcriptome FDR per contrast/cell type	37	results/Gittings_2023_C9_snRNA/predefined_17_gene_results.tsv	positive	FALSE	FALSE	displayable common log2FC scale, but cohort/model/region heterogeneity precludes an unqualified pooled estimate
GSE219280	discovery	C9orf72	BA4/BA9 model-averaged	FTD_vs_Control	OPC	COA3	log2FC	1.28968544430647	1.13945252235948	-0.943641499518107	3.52301238813105	0.268320216827047	0.839266189150182	global gene tests within model collection	17	results/GSE219280_pseudobulk_DE/all_gene_contrast_results.tsv	positive	FALSE	FALSE	displayable common log2FC scale, but cohort/model/region heterogeneity precludes an unqualified pooled estimate
Gittings_2023	independent_C9_replication	C9orf72	frontal cortex	FTD_vs_Control	OPC	COA3	log2FC	-0.326695908718679	0.381180793966034	-1.07381026489211	0.420418447454748	0.394379093431125	0.999910824798957	whole-transcriptome FDR per contrast/cell type	37	results/Gittings_2023_C9_snRNA/predefined_17_gene_results.tsv	negative	FALSE	FALSE	displayable common log2FC scale, but cohort/model/region heterogeneity precludes an unqualified pooled estimate
GSE219280	discovery	C9orf72	BA4/BA9 model-averaged	FTD_vs_Control	OPC	COX5B	log2FC	2.26619084487854	1.16318423042002	-0.0136502467447004	4.54603193650178	0.0625243664917777	0.602973487627143	global gene tests within model collection	17	results/GSE219280_pseudobulk_DE/all_gene_contrast_results.tsv	positive	FALSE	FALSE	displayable common log2FC scale, but cohort/model/region heterogeneity precludes an unqualified pooled estimate
Gittings_2023	independent_C9_replication	C9orf72	frontal cortex	FTD_vs_Control	OPC	COX5B	log2FC	-0.222538691726432	0.567374260673507	-1.33459224264651	0.889514859193642	0.696218928970689	0.999910824798957	whole-transcriptome FDR per contrast/cell type	37	results/Gittings_2023_C9_snRNA/predefined_17_gene_results.tsv	negative	FALSE	FALSE	displayable common log2FC scale, but cohort/model/region heterogeneity precludes an unqualified pooled estimate
GSE219280	discovery	C9orf72	BA4/BA9 model-averaged	FTD_vs_Control	OPC	COX7C	log2FC	1.77315821020576	1.09678577923534	-0.376541917095504	3.92285833750702	0.119465824145562	0.708857154297101	global gene tests within model collection	17	results/GSE219280_pseudobulk_DE/all_gene_contrast_results.tsv	positive	FALSE	FALSE	displayable common log2FC scale, but cohort/model/region heterogeneity precludes an unqualified pooled estimate
Gittings_2023	independent_C9_replication	C9orf72	frontal cortex	FTD_vs_Control	OPC	COX7C	log2FC	-0.208224184407132	0.480895521533982	-1.15077940661374	0.734331037799473	0.666481154950373	0.999910824798957	whole-transcriptome FDR per contrast/cell type	37	results/Gittings_2023_C9_snRNA/predefined_17_gene_results.tsv	negative	FALSE	FALSE	displayable common log2FC scale, but cohort/model/region heterogeneity precludes an unqualified pooled estimate
GSE219280	discovery	C9orf72	BA4/BA9 model-averaged	FTD_vs_Control	OPC	DOCK7	log2FC	0.198676894563032	0.179005466649331	-0.152173820069657	0.549527609195721	0.277069878877318	0.843883847197395	global gene tests within model collection	17	results/GSE219280_pseudobulk_DE/all_gene_contrast_results.tsv	positive	FALSE	FALSE	displayable common log2FC scale, but cohort/model/region heterogeneity precludes an unqualified pooled estimate
Gittings_2023	independent_C9_replication	C9orf72	frontal cortex	FTD_vs_Control	OPC	DOCK7	log2FC	-0.414136427391784	0.224352446568385	-0.853867222665818	0.0255943678822502	0.0691968631488078	0.964669684400098	whole-transcriptome FDR per contrast/cell type	37	results/Gittings_2023_C9_snRNA/predefined_17_gene_results.tsv	negative	FALSE	FALSE	displayable common log2FC scale, but cohort/model/region heterogeneity precludes an unqualified pooled estimate
GSE219280	discovery	C9orf72	BA4/BA9 model-averaged	FTD_vs_Control	OPC	HSP90AA1	log2FC	3.71943478332305	1.07370942885741	1.61496430276252	5.82390526388358	0.00224125663304727	0.243384089141038	global gene tests within model collection	17	results/GSE219280_pseudobulk_DE/all_gene_contrast_results.tsv	positive	FALSE	FALSE	displayable common log2FC scale, but cohort/model/region heterogeneity precludes an unqualified pooled estimate
Gittings_2023	independent_C9_replication	C9orf72	frontal cortex	FTD_vs_Control	OPC	HSP90AA1	log2FC	0.126796321447459	0.447474032817291	-0.750252782874432	1.00384542576935	0.777835900576636	0.999910824798957	whole-transcriptome FDR per contrast/cell type	37	results/Gittings_2023_C9_snRNA/predefined_17_gene_results.tsv	positive	FALSE	FALSE	displayable common log2FC scale, but cohort/model/region heterogeneity precludes an unqualified pooled estimate
GSE219280	discovery	C9orf72	BA4/BA9 model-averaged	FTD_vs_Control	OPC	HSP90AB1	log2FC	4.49543807352482	0.83585599093425	2.85716033129369	6.13371581575595	0.000020562283966695	0.0756900119958357	global gene tests within model collection	17	results/GSE219280_pseudobulk_DE/all_gene_contrast_results.tsv	positive	FALSE	FALSE	displayable common log2FC scale, but cohort/model/region heterogeneity precludes an unqualified pooled estimate
Gittings_2023	independent_C9_replication	C9orf72	frontal cortex	FTD_vs_Control	OPC	HSP90AB1	log2FC	-0.0358369743294578	0.39886195531444	-0.81760640674576	0.745932458086845	0.928690782491051	0.999910824798957	whole-transcriptome FDR per contrast/cell type	37	results/Gittings_2023_C9_snRNA/predefined_17_gene_results.tsv	negative	FALSE	FALSE	displayable common log2FC scale, but cohort/model/region heterogeneity precludes an unqualified pooled estimate
GSE219280	discovery	C9orf72	BA4/BA9 model-averaged	FTD_vs_Control	OPC	MAP1B	log2FC	1.85232416504567	0.58622565420607	0.703321882801772	3.00132644728957	0.00452389061045868	0.294065725746201	global gene tests within model collection	17	results/GSE219280_pseudobulk_DE/all_gene_contrast_results.tsv	positive	FALSE	FALSE	displayable common log2FC scale, but cohort/model/region heterogeneity precludes an unqualified pooled estimate
Gittings_2023	independent_C9_replication	C9orf72	frontal cortex	FTD_vs_Control	OPC	MAP1B	log2FC	-0.119527933807214	0.245915696850261	-0.601522699633725	0.362466832019297	0.628486758372037	0.999910824798957	whole-transcriptome FDR per contrast/cell type	37	results/Gittings_2023_C9_snRNA/predefined_17_gene_results.tsv	negative	FALSE	FALSE	displayable common log2FC scale, but cohort/model/region heterogeneity precludes an unqualified pooled estimate
GSE219280	discovery	C9orf72	BA4/BA9 model-averaged	FTD_vs_Control	OPC	MAPT	log2FC	0.731555171938026	0.219455507289142	0.301422377651308	1.16168796622474	0.00268472143280399	0.255270380032024	global gene tests within model collection	17	results/GSE219280_pseudobulk_DE/all_gene_contrast_results.tsv	positive	FALSE	FALSE	displayable common log2FC scale, but cohort/model/region heterogeneity precludes an unqualified pooled estimate
Gittings_2023	independent_C9_replication	C9orf72	frontal cortex	FTD_vs_Control	OPC	MAPT	log2FC	0.215661659314227	0.208497038370392	-0.192992535891741	0.624315854520195	0.304580519068121	0.999910824798957	whole-transcriptome FDR per contrast/cell type	37	results/Gittings_2023_C9_snRNA/predefined_17_gene_results.tsv	positive	FALSE	FALSE	displayable common log2FC scale, but cohort/model/region heterogeneity precludes an unqualified pooled estimate
GSE219280	discovery	C9orf72	BA4/BA9 model-averaged	FTD_vs_Control	OPC	PARK7	log2FC	2.57931709703269	1.04018454888189	0.540555381224185	4.61807881284119	0.0206709010199986	0.442892324980673	global gene tests within model collection	17	results/GSE219280_pseudobulk_DE/all_gene_contrast_results.tsv	positive	FALSE	FALSE	displayable common log2FC scale, but cohort/model/region heterogeneity precludes an unqualified pooled estimate
Gittings_2023	independent_C9_replication	C9orf72	frontal cortex	FTD_vs_Control	OPC	PARK7	log2FC	0.225673991246854	0.392126958321662	-0.542894847063604	0.994242829557312	0.566883947047708	0.999910824798957	whole-transcriptome FDR per contrast/cell type	37	results/Gittings_2023_C9_snRNA/predefined_17_gene_results.tsv	positive	FALSE	FALSE	displayable common log2FC scale, but cohort/model/region heterogeneity precludes an unqualified pooled estimate
GSE219280	discovery	C9orf72	BA4/BA9 model-averaged	FTD_vs_Control	OPC	STARD13	log2FC	0.393124864746069	0.192227767787071	0.0163584398834104	0.769891289608728	0.0509495687390093	0.571101464171536	global gene tests within model collection	17	results/GSE219280_pseudobulk_DE/all_gene_contrast_results.tsv	positive	FALSE	FALSE	displayable common log2FC scale, but cohort/model/region heterogeneity precludes an unqualified pooled estimate
Gittings_2023	independent_C9_replication	C9orf72	frontal cortex	FTD_vs_Control	OPC	STARD13	log2FC	0.189230188349597	0.303212780890933	-0.405066862196633	0.783527238895827	0.534689829553147	0.999910824798957	whole-transcriptome FDR per contrast/cell type	37	results/Gittings_2023_C9_snRNA/predefined_17_gene_results.tsv	positive	FALSE	FALSE	displayable common log2FC scale, but cohort/model/region heterogeneity precludes an unqualified pooled estimate
GSE219280	discovery	C9orf72	BA4/BA9 model-averaged	FTD_vs_Control	Oligodendrocyte	ARHGAP35	log2FC	0.529653648592722	0.135005745163128	0.26504238807299	0.794264909112454	0.000673789494764928	0.178034989526927	global gene tests within model collection	17	results/GSE219280_pseudobulk_DE/all_gene_contrast_results.tsv	positive	FALSE	FALSE	displayable common log2FC scale, but cohort/model/region heterogeneity precludes an unqualified pooled estimate
Gittings_2023	independent_C9_replication	C9orf72	frontal cortex	FTD_vs_Control	Oligodendrocyte	ARHGAP35	log2FC	-0.110561509255102	0.201653990482223	-0.505803330600259	0.284680312090055	0.585347551601261	0.853666752314822	whole-transcriptome FDR per contrast/cell type	37	results/Gittings_2023_C9_snRNA/predefined_17_gene_results.tsv	negative	FALSE	FALSE	displayable common log2FC scale, but cohort/model/region heterogeneity precludes an unqualified pooled estimate
GSE219280	discovery	C9orf72	BA4/BA9 model-averaged	FTD_vs_Control	Oligodendrocyte	ARHGAP39	log2FC	0.524165815482246	0.424503899977599	-0.307861828473848	1.35619345943834	0.229311971059483	0.815402912103234	global gene tests within model collection	17	results/GSE219280_pseudobulk_DE/all_gene_contrast_results.tsv	positive	FALSE	FALSE	displayable common log2FC scale, but cohort/model/region heterogeneity precludes an unqualified pooled estimate
Gittings_2023	independent_C9_replication	C9orf72	frontal cortex	FTD_vs_Control	Oligodendrocyte	ARHGAP39	log2FC	0.217402385717461	0.399845860007592	-0.56629549989742	1.00110027133234	0.588462841841216	0.854852175797821	whole-transcriptome FDR per contrast/cell type	37	results/Gittings_2023_C9_snRNA/predefined_17_gene_results.tsv	positive	FALSE	FALSE	displayable common log2FC scale, but cohort/model/region heterogeneity precludes an unqualified pooled estimate
GSE219280	discovery	C9orf72	BA4/BA9 model-averaged	FTD_vs_Control	Oligodendrocyte	BAG3	log2FC	5.37301574240688	1.60888317279104	2.21960472373645	8.52642676107731	0.00288145475187006	0.260022691071756	global gene tests within model collection	17	results/GSE219280_pseudobulk_DE/all_gene_contrast_results.tsv	positive	FALSE	FALSE	displayable common log2FC scale, but cohort/model/region heterogeneity precludes an unqualified pooled estimate
Gittings_2023	independent_C9_replication	C9orf72	frontal cortex	FTD_vs_Control	Oligodendrocyte	BAG3	log2FC	0.574652849649008	0.740573560913318	-0.876871329741095	2.02617702903911	0.440536773842831	0.77499559548362	whole-transcriptome FDR per contrast/cell type	37	results/Gittings_2023_C9_snRNA/predefined_17_gene_results.tsv	positive	FALSE	FALSE	displayable common log2FC scale, but cohort/model/region heterogeneity precludes an unqualified pooled estimate
GSE219280	discovery	C9orf72	BA4/BA9 model-averaged	FTD_vs_Control	Oligodendrocyte	BCR	log2FC	0.382502515180065	0.289498027898188	-0.184913619500384	0.949918649860514	0.199320585918396	0.793465197402923	global gene tests within model collection	17	results/GSE219280_pseudobulk_DE/all_gene_contrast_results.tsv	positive	FALSE	FALSE	displayable common log2FC scale, but cohort/model/region heterogeneity precludes an unqualified pooled estimate
Gittings_2023	independent_C9_replication	C9orf72	frontal cortex	FTD_vs_Control	Oligodendrocyte	BCR	log2FC	-0.0464377187998144	0.26523142781381	-0.566291317314882	0.473415879715253	0.861547955402004	0.962175374232613	whole-transcriptome FDR per contrast/cell type	37	results/Gittings_2023_C9_snRNA/predefined_17_gene_results.tsv	negative	FALSE	FALSE	displayable common log2FC scale, but cohort/model/region heterogeneity precludes an unqualified pooled estimate
GSE219280	discovery	C9orf72	BA4/BA9 model-averaged	FTD_vs_Control	Oligodendrocyte	CCT5	log2FC	0.710486031773082	0.541644157090174	-0.351136516123659	1.77210857966982	0.20272841207817	0.796447148935151	global gene tests within model collection	17	results/GSE219280_pseudobulk_DE/all_gene_contrast_results.tsv	positive	FALSE	FALSE	displayable common log2FC scale, but cohort/model/region heterogeneity precludes an unqualified pooled estimate
Gittings_2023	independent_C9_replication	C9orf72	frontal cortex	FTD_vs_Control	Oligodendrocyte	CCT5	log2FC	0.768115662698848	0.328441120194341	0.124371067117939	1.41186025827976	0.0223799266640658	0.24678326241806	whole-transcriptome FDR per contrast/cell type	37	results/Gittings_2023_C9_snRNA/predefined_17_gene_results.tsv	positive	FALSE	FALSE	displayable common log2FC scale, but cohort/model/region heterogeneity precludes an unqualified pooled estimate
GSE219280	discovery	C9orf72	BA4/BA9 model-averaged	FTD_vs_Control	Oligodendrocyte	CCT8	log2FC	0.382478104118632	0.729673131644674	-1.04768123390493	1.81263744214219	0.605237078151738	0.951567896501119	global gene tests within model collection	17	results/GSE219280_pseudobulk_DE/all_gene_contrast_results.tsv	positive	FALSE	FALSE	displayable common log2FC scale, but cohort/model/region heterogeneity precludes an unqualified pooled estimate
Gittings_2023	independent_C9_replication	C9orf72	frontal cortex	FTD_vs_Control	Oligodendrocyte	CCT8	log2FC	0.223005169241023	0.283389199640327	-0.332437662054018	0.778448000536064	0.434134414160577	0.771619490354923	whole-transcriptome FDR per contrast/cell type	37	results/Gittings_2023_C9_snRNA/predefined_17_gene_results.tsv	positive	FALSE	FALSE	displayable common log2FC scale, but cohort/model/region heterogeneity precludes an unqualified pooled estimate
GSE219280	discovery	C9orf72	BA4/BA9 model-averaged	FTD_vs_Control	Oligodendrocyte	CHORDC1	log2FC	1.92826407255761	0.459655309775244	1.02733966539813	2.82918847971709	0.000354509877209799	0.154043608396435	global gene tests within model collection	17	results/GSE219280_pseudobulk_DE/all_gene_contrast_results.tsv	positive	FALSE	FALSE	displayable common log2FC scale, but cohort/model/region heterogeneity precludes an unqualified pooled estimate
Gittings_2023	independent_C9_replication	C9orf72	frontal cortex	FTD_vs_Control	Oligodendrocyte	CHORDC1	log2FC	0.679266629789247	0.474245415170503	-0.250254383944939	1.60878764352343	0.156757891212118	0.53262339060783	whole-transcriptome FDR per contrast/cell type	37	results/Gittings_2023_C9_snRNA/predefined_17_gene_results.tsv	positive	FALSE	FALSE	displayable common log2FC scale, but cohort/model/region heterogeneity precludes an unqualified pooled estimate
GSE219280	discovery	C9orf72	BA4/BA9 model-averaged	FTD_vs_Control	Oligodendrocyte	COA3	log2FC	1.66329837982964	1.05718484357673	-0.408783913580753	3.73538067324003	0.12948054607882	0.722571195221496	global gene tests within model collection	17	results/GSE219280_pseudobulk_DE/all_gene_contrast_results.tsv	positive	FALSE	FALSE	displayable common log2FC scale, but cohort/model/region heterogeneity precludes an unqualified pooled estimate
Gittings_2023	independent_C9_replication	C9orf72	frontal cortex	FTD_vs_Control	Oligodendrocyte	COA3	log2FC	0.670725792338511	0.395583990609199	-0.104618829255519	1.44607041393254	0.0946708646506447	0.440030325946132	whole-transcriptome FDR per contrast/cell type	37	results/Gittings_2023_C9_snRNA/predefined_17_gene_results.tsv	positive	FALSE	FALSE	displayable common log2FC scale, but cohort/model/region heterogeneity precludes an unqualified pooled estimate
GSE219280	discovery	C9orf72	BA4/BA9 model-averaged	FTD_vs_Control	Oligodendrocyte	COX5B	log2FC	3.08470193624726	1.44036220190824	0.261592020507118	5.9078118519874	0.0431940123158261	0.54547947807606	global gene tests within model collection	17	results/GSE219280_pseudobulk_DE/all_gene_contrast_results.tsv	positive	FALSE	FALSE	displayable common log2FC scale, but cohort/model/region heterogeneity precludes an unqualified pooled estimate
Gittings_2023	independent_C9_replication	C9orf72	frontal cortex	FTD_vs_Control	Oligodendrocyte	COX5B	log2FC	0.619545777673737	0.518850700576731	-0.397401595456656	1.63649315080413	0.236708387426347	0.617045045990548	whole-transcriptome FDR per contrast/cell type	37	results/Gittings_2023_C9_snRNA/predefined_17_gene_results.tsv	positive	FALSE	FALSE	displayable common log2FC scale, but cohort/model/region heterogeneity precludes an unqualified pooled estimate
GSE219280	discovery	C9orf72	BA4/BA9 model-averaged	FTD_vs_Control	Oligodendrocyte	COX7C	log2FC	3.75088480850522	1.45126468541474	0.906406025092332	6.59536359191811	0.0166723336477623	0.41496006600813	global gene tests within model collection	17	results/GSE219280_pseudobulk_DE/all_gene_contrast_results.tsv	positive	FALSE	FALSE	displayable common log2FC scale, but cohort/model/region heterogeneity precludes an unqualified pooled estimate
Gittings_2023	independent_C9_replication	C9orf72	frontal cortex	FTD_vs_Control	Oligodendrocyte	COX7C	log2FC	0.574889436040492	0.559367536297925	-0.521470935103441	1.67124980718443	0.307806743754111	0.675570612018431	whole-transcriptome FDR per contrast/cell type	37	results/Gittings_2023_C9_snRNA/predefined_17_gene_results.tsv	positive	FALSE	FALSE	displayable common log2FC scale, but cohort/model/region heterogeneity precludes an unqualified pooled estimate
GSE219280	discovery	C9orf72	BA4/BA9 model-averaged	FTD_vs_Control	Oligodendrocyte	DOCK7	log2FC	0.950322249345239	0.25534922898377	0.44983776053705	1.45080673815343	0.00111019255295999	0.201518332961139	global gene tests within model collection	17	results/GSE219280_pseudobulk_DE/all_gene_contrast_results.tsv	positive	FALSE	FALSE	displayable common log2FC scale, but cohort/model/region heterogeneity precludes an unqualified pooled estimate
Gittings_2023	independent_C9_replication	C9orf72	frontal cortex	FTD_vs_Control	Oligodendrocyte	DOCK7	log2FC	0.235817383223107	0.258961383224707	-0.271746927897318	0.743381694343532	0.365793919351855	0.722705574758596	whole-transcriptome FDR per contrast/cell type	37	results/Gittings_2023_C9_snRNA/predefined_17_gene_results.tsv	positive	FALSE	FALSE	displayable common log2FC scale, but cohort/model/region heterogeneity precludes an unqualified pooled estimate
GSE219280	discovery	C9orf72	BA4/BA9 model-averaged	FTD_vs_Control	Oligodendrocyte	HSP90AA1	log2FC	1.79673774485391	0.923265625752324	-0.0128628816206444	3.60633837132846	0.0641315627885581	0.607054081612345	global gene tests within model collection	17	results/GSE219280_pseudobulk_DE/all_gene_contrast_results.tsv	positive	FALSE	FALSE	displayable common log2FC scale, but cohort/model/region heterogeneity precludes an unqualified pooled estimate
Gittings_2023	independent_C9_replication	C9orf72	frontal cortex	FTD_vs_Control	Oligodendrocyte	HSP90AA1	log2FC	0.444215407906428	0.344980885765153	-0.231947128193272	1.12037794400613	0.202348218527411	0.583328779235898	whole-transcriptome FDR per contrast/cell type	37	results/Gittings_2023_C9_snRNA/predefined_17_gene_results.tsv	positive	FALSE	FALSE	displayable common log2FC scale, but cohort/model/region heterogeneity precludes an unqualified pooled estimate
GSE219280	discovery	C9orf72	BA4/BA9 model-averaged	FTD_vs_Control	Oligodendrocyte	HSP90AB1	log2FC	2.6414771461541	0.969994563265812	0.740287802153108	4.54266649015509	0.01220847104207	0.381785123308288	global gene tests within model collection	17	results/GSE219280_pseudobulk_DE/all_gene_contrast_results.tsv	positive	FALSE	FALSE	displayable common log2FC scale, but cohort/model/region heterogeneity precludes an unqualified pooled estimate
Gittings_2023	independent_C9_replication	C9orf72	frontal cortex	FTD_vs_Control	Oligodendrocyte	HSP90AB1	log2FC	0.501318169294233	0.400531248657944	-0.283723078075337	1.2863594166638	0.215106125660664	0.594604294467514	whole-transcriptome FDR per contrast/cell type	37	results/Gittings_2023_C9_snRNA/predefined_17_gene_results.tsv	positive	FALSE	FALSE	displayable common log2FC scale, but cohort/model/region heterogeneity precludes an unqualified pooled estimate
GSE219280	discovery	C9orf72	BA4/BA9 model-averaged	FTD_vs_Control	Oligodendrocyte	MAP1B	log2FC	1.94656204051005	0.93442111061557	0.115096663703532	3.77802741731657	0.0486954455214395	0.563628650258992	global gene tests within model collection	17	results/GSE219280_pseudobulk_DE/all_gene_contrast_results.tsv	positive	FALSE	FALSE	displayable common log2FC scale, but cohort/model/region heterogeneity precludes an unqualified pooled estimate
Gittings_2023	independent_C9_replication	C9orf72	frontal cortex	FTD_vs_Control	Oligodendrocyte	MAP1B	log2FC	-0.541722978838914	0.209966289447023	-0.953256906155079	-0.130189051522749	0.0121033836482153	0.197505455239065	whole-transcriptome FDR per contrast/cell type	37	results/Gittings_2023_C9_snRNA/predefined_17_gene_results.tsv	negative	FALSE	FALSE	displayable common log2FC scale, but cohort/model/region heterogeneity precludes an unqualified pooled estimate
GSE219280	discovery	C9orf72	BA4/BA9 model-averaged	FTD_vs_Control	Oligodendrocyte	MAPT	log2FC	0.645121658577097	0.176677793601718	0.29883318311773	0.991410134036464	0.00132014736863659	0.211032590683208	global gene tests within model collection	17	results/GSE219280_pseudobulk_DE/all_gene_contrast_results.tsv	positive	FALSE	FALSE	displayable common log2FC scale, but cohort/model/region heterogeneity precludes an unqualified pooled estimate
Gittings_2023	independent_C9_replication	C9orf72	frontal cortex	FTD_vs_Control	Oligodendrocyte	MAPT	log2FC	0.461769338813349	0.213499380582272	0.0433105528720957	0.880228124754602	0.0341665131152206	0.291200470224119	whole-transcriptome FDR per contrast/cell type	37	results/Gittings_2023_C9_snRNA/predefined_17_gene_results.tsv	positive	FALSE	FALSE	displayable common log2FC scale, but cohort/model/region heterogeneity precludes an unqualified pooled estimate
GSE219280	discovery	C9orf72	BA4/BA9 model-averaged	FTD_vs_Control	Oligodendrocyte	PARK7	log2FC	2.76422522885452	1.10985726306128	0.58890499325442	4.93954546445462	0.0205226292476746	0.441841986313062	global gene tests within model collection	17	results/GSE219280_pseudobulk_DE/all_gene_contrast_results.tsv	positive	FALSE	FALSE	displayable common log2FC scale, but cohort/model/region heterogeneity precludes an unqualified pooled estimate
Gittings_2023	independent_C9_replication	C9orf72	frontal cortex	FTD_vs_Control	Oligodendrocyte	PARK7	log2FC	0.332646872706142	0.381509029239588	-0.41511082460345	1.08040457001573	0.386399697930564	0.737672150594713	whole-transcriptome FDR per contrast/cell type	37	results/Gittings_2023_C9_snRNA/predefined_17_gene_results.tsv	positive	FALSE	FALSE	displayable common log2FC scale, but cohort/model/region heterogeneity precludes an unqualified pooled estimate
GSE219280	discovery	C9orf72	BA4/BA9 model-averaged	FTD_vs_Control	Oligodendrocyte	STARD13	log2FC	0.269841191714882	0.165345241900459	-0.0542354824100171	0.593917865839781	0.116207555552856	0.703621011569935	global gene tests within model collection	17	results/GSE219280_pseudobulk_DE/all_gene_contrast_results.tsv	positive	FALSE	FALSE	displayable common log2FC scale, but cohort/model/region heterogeneity precludes an unqualified pooled estimate
Gittings_2023	independent_C9_replication	C9orf72	frontal cortex	FTD_vs_Control	Oligodendrocyte	STARD13	log2FC	-0.159003225691595	0.219350378466325	-0.588929967485591	0.270923516102401	0.471077415734859	0.79456022852607	whole-transcriptome FDR per contrast/cell type	37	results/Gittings_2023_C9_snRNA/predefined_17_gene_results.tsv	negative	FALSE	FALSE	displayable common log2FC scale, but cohort/model/region heterogeneity precludes an unqualified pooled estimate
Gittings_2023	independent_C9_replication	C9orf72	frontal cortex	FTD_vs_Control	Vascular	ARHGAP35	log2FC	-0.0598489858038755	0.262675872713237	-0.574693696321821	0.45499572471407	0.82067889948308	0.996615171707105	whole-transcriptome FDR per contrast/cell type	34	results/Gittings_2023_C9_snRNA/predefined_17_gene_results.tsv	negative	FALSE	FALSE	displayable common log2FC scale, but cohort/model/region heterogeneity precludes an unqualified pooled estimate
Gittings_2023	independent_C9_replication	C9orf72	frontal cortex	FTD_vs_Control	Vascular	ARHGAP39	log2FC	-0.658665597874629	0.526289599749747	-1.69019321338413	0.372862017634875	0.216452302310391	0.979534617981936	whole-transcriptome FDR per contrast/cell type	34	results/Gittings_2023_C9_snRNA/predefined_17_gene_results.tsv	negative	FALSE	FALSE	displayable common log2FC scale, but cohort/model/region heterogeneity precludes an unqualified pooled estimate
Gittings_2023	independent_C9_replication	C9orf72	frontal cortex	FTD_vs_Control	Vascular	BAG3	log2FC	0.654353179145571	0.626749906769678	-0.574076638122998	1.88278299641414	0.301680888453469	0.986348694477029	whole-transcriptome FDR per contrast/cell type	34	results/Gittings_2023_C9_snRNA/predefined_17_gene_results.tsv	positive	FALSE	FALSE	displayable common log2FC scale, but cohort/model/region heterogeneity precludes an unqualified pooled estimate
Gittings_2023	independent_C9_replication	C9orf72	frontal cortex	FTD_vs_Control	Vascular	BCR	log2FC	0.030635025493333	0.317912928011859	-0.59247431340991	0.653744364396576	0.923609986467521	0.998263316600882	whole-transcriptome FDR per contrast/cell type	34	results/Gittings_2023_C9_snRNA/predefined_17_gene_results.tsv	positive	FALSE	FALSE	displayable common log2FC scale, but cohort/model/region heterogeneity precludes an unqualified pooled estimate
Gittings_2023	independent_C9_replication	C9orf72	frontal cortex	FTD_vs_Control	Vascular	CCT5	log2FC	0.0426265351940573	0.422093856008894	-0.784677422583376	0.86993049297149	0.919955727439351	0.997839313139835	whole-transcriptome FDR per contrast/cell type	34	results/Gittings_2023_C9_snRNA/predefined_17_gene_results.tsv	positive	FALSE	FALSE	displayable common log2FC scale, but cohort/model/region heterogeneity precludes an unqualified pooled estimate
Gittings_2023	independent_C9_replication	C9orf72	frontal cortex	FTD_vs_Control	Vascular	CCT8	log2FC	-0.0696371393533539	0.359748357232777	-0.774743919529596	0.635469640822888	0.847280054460576	0.996770990509808	whole-transcriptome FDR per contrast/cell type	34	results/Gittings_2023_C9_snRNA/predefined_17_gene_results.tsv	negative	FALSE	FALSE	displayable common log2FC scale, but cohort/model/region heterogeneity precludes an unqualified pooled estimate
Gittings_2023	independent_C9_replication	C9orf72	frontal cortex	FTD_vs_Control	Vascular	CHORDC1	log2FC	0.718406628782299	0.610287456669392	-0.477756786289709	1.91457004385431	0.2450882372722	0.98243759035159	whole-transcriptome FDR per contrast/cell type	34	results/Gittings_2023_C9_snRNA/predefined_17_gene_results.tsv	positive	FALSE	FALSE	displayable common log2FC scale, but cohort/model/region heterogeneity precludes an unqualified pooled estimate
Gittings_2023	independent_C9_replication	C9orf72	frontal cortex	FTD_vs_Control	Vascular	COA3	log2FC	0.0234615746222735	0.399734066700793	-0.760017196111281	0.806940345355828	0.953426037284365	0.99844441246789	whole-transcriptome FDR per contrast/cell type	34	results/Gittings_2023_C9_snRNA/predefined_17_gene_results.tsv	positive	FALSE	FALSE	displayable common log2FC scale, but cohort/model/region heterogeneity precludes an unqualified pooled estimate
Gittings_2023	independent_C9_replication	C9orf72	frontal cortex	FTD_vs_Control	Vascular	COX5B	log2FC	-0.173218075729306	0.340949528151245	-0.841479150905746	0.495042999447133	0.613611404558589	0.993412329098932	whole-transcriptome FDR per contrast/cell type	34	results/Gittings_2023_C9_snRNA/predefined_17_gene_results.tsv	negative	FALSE	FALSE	displayable common log2FC scale, but cohort/model/region heterogeneity precludes an unqualified pooled estimate
Gittings_2023	independent_C9_replication	C9orf72	frontal cortex	FTD_vs_Control	Vascular	COX7C	log2FC	-0.0128893702780957	0.34554112701401	-0.690149979225556	0.664371238669364	0.970389847557819	0.99844441246789	whole-transcriptome FDR per contrast/cell type	34	results/Gittings_2023_C9_snRNA/predefined_17_gene_results.tsv	negative	FALSE	FALSE	displayable common log2FC scale, but cohort/model/region heterogeneity precludes an unqualified pooled estimate
Gittings_2023	independent_C9_replication	C9orf72	frontal cortex	FTD_vs_Control	Vascular	DOCK7	log2FC	0.174564553395499	0.296046232126016	-0.405686061571493	0.754815168362491	0.558026603840917	0.992091090113876	whole-transcriptome FDR per contrast/cell type	34	results/Gittings_2023_C9_snRNA/predefined_17_gene_results.tsv	positive	FALSE	FALSE	displayable common log2FC scale, but cohort/model/region heterogeneity precludes an unqualified pooled estimate
Gittings_2023	independent_C9_replication	C9orf72	frontal cortex	FTD_vs_Control	Vascular	HSP90AA1	log2FC	-0.207515834832282	0.607402415899762	-1.39802456999582	0.982992900331251	0.734188201860846	0.993412329098932	whole-transcriptome FDR per contrast/cell type	34	results/Gittings_2023_C9_snRNA/predefined_17_gene_results.tsv	negative	FALSE	FALSE	displayable common log2FC scale, but cohort/model/region heterogeneity precludes an unqualified pooled estimate
Gittings_2023	independent_C9_replication	C9orf72	frontal cortex	FTD_vs_Control	Vascular	HSP90AB1	log2FC	0.0338105594279945	0.479047338741304	-0.90512222450496	0.972743343360949	0.944029518642252	0.99844441246789	whole-transcriptome FDR per contrast/cell type	34	results/Gittings_2023_C9_snRNA/predefined_17_gene_results.tsv	positive	FALSE	FALSE	displayable common log2FC scale, but cohort/model/region heterogeneity precludes an unqualified pooled estimate
Gittings_2023	independent_C9_replication	C9orf72	frontal cortex	FTD_vs_Control	Vascular	MAP1B	log2FC	-0.42072940369488	0.392286668367183	-1.18961127369456	0.3481524663048	0.288656786342811	0.986348694477029	whole-transcriptome FDR per contrast/cell type	34	results/Gittings_2023_C9_snRNA/predefined_17_gene_results.tsv	negative	FALSE	FALSE	displayable common log2FC scale, but cohort/model/region heterogeneity precludes an unqualified pooled estimate
Gittings_2023	independent_C9_replication	C9orf72	frontal cortex	FTD_vs_Control	Vascular	MAPT	log2FC	-0.228067653378602	0.695112356340816	-1.5904878718066	1.1343525650494	0.744277435445401	0.993412329098932	whole-transcriptome FDR per contrast/cell type	34	results/Gittings_2023_C9_snRNA/predefined_17_gene_results.tsv	negative	FALSE	FALSE	displayable common log2FC scale, but cohort/model/region heterogeneity precludes an unqualified pooled estimate
Gittings_2023	independent_C9_replication	C9orf72	frontal cortex	FTD_vs_Control	Vascular	PARK7	log2FC	-0.232074453207818	0.332153773494204	-0.883095849256457	0.418946942840821	0.487916110213673	0.99179681821142	whole-transcriptome FDR per contrast/cell type	34	results/Gittings_2023_C9_snRNA/predefined_17_gene_results.tsv	negative	FALSE	FALSE	displayable common log2FC scale, but cohort/model/region heterogeneity precludes an unqualified pooled estimate
Gittings_2023	independent_C9_replication	C9orf72	frontal cortex	FTD_vs_Control	Vascular	STARD13	log2FC	0.00396164047630343	0.291881227019688	-0.568125564482285	0.576048845434892	0.989223774520717	0.998528144561658	whole-transcriptome FDR per contrast/cell type	34	results/Gittings_2023_C9_snRNA/predefined_17_gene_results.tsv	positive	FALSE	FALSE	displayable common log2FC scale, but cohort/model/region heterogeneity precludes an unqualified pooled estimate
GSE212630_Emory	paired_multiome_pathology_context	Control/C9orf72 pathology spectrum	BA9	pTDP_ordinal_trend	Astrocyte	ARHGAP35	log2FC_per_pTDP_level	0.283027000777007	0.321694707984114	-0.347494626871857	0.913548628425871	0.388632345917559	0.700715896427115	global pre-specified target-by-cell-type tests	14	results/GSE212630_multiome/GSE212630_predefined_17_gene_RNA_results.tsv	positive	FALSE	FALSE	ordinal pathology trend is not a diagnostic contrast
GSE212630_Emory	paired_multiome_pathology_context	Control/C9orf72 pathology spectrum	BA9	pTDP_ordinal_trend	Astrocyte	ARHGAP39	log2FC_per_pTDP_level	1.17822191359635	0.450375067045396	0.295486782187373	2.06095704500533	0.0159125740521456	0.129113785437042	global pre-specified target-by-cell-type tests	14	results/GSE212630_multiome/GSE212630_predefined_17_gene_RNA_results.tsv	positive	FALSE	FALSE	ordinal pathology trend is not a diagnostic contrast
GSE212630_Emory	paired_multiome_pathology_context	Control/C9orf72 pathology spectrum	BA9	pTDP_ordinal_trend	Astrocyte	BAG3	log2FC_per_pTDP_level	-0.0315096255869621	0.28711914727467	-0.594263154245315	0.53124390307139	0.913624855727825	0.988320055661227	global pre-specified target-by-cell-type tests	14	results/GSE212630_multiome/GSE212630_predefined_17_gene_RNA_results.tsv	negative	FALSE	FALSE	ordinal pathology trend is not a diagnostic contrast
GSE212630_Emory	paired_multiome_pathology_context	Control/C9orf72 pathology spectrum	BA9	pTDP_ordinal_trend	Astrocyte	BCR	log2FC_per_pTDP_level	0.235684564674128	0.30505592336174	-0.362225045114881	0.833594174463137	0.448119867300349	0.730351685851355	global pre-specified target-by-cell-type tests	14	results/GSE212630_multiome/GSE212630_predefined_17_gene_RNA_results.tsv	positive	FALSE	FALSE	ordinal pathology trend is not a diagnostic contrast
GSE212630_Emory	paired_multiome_pathology_context	Control/C9orf72 pathology spectrum	BA9	pTDP_ordinal_trend	Astrocyte	CCT5	log2FC_per_pTDP_level	-0.735333194652874	0.368675280206634	-1.45793674385788	-0.0127296454478721	0.0589103305673817	0.233573267452785	global pre-specified target-by-cell-type tests	14	results/GSE212630_multiome/GSE212630_predefined_17_gene_RNA_results.tsv	negative	FALSE	FALSE	ordinal pathology trend is not a diagnostic contrast
GSE212630_Emory	paired_multiome_pathology_context	Control/C9orf72 pathology spectrum	BA9	pTDP_ordinal_trend	Astrocyte	CCT8	log2FC_per_pTDP_level	-0.693271265271692	0.405217587339745	-1.48749773645759	0.100955205914209	0.101487948811701	0.301926647714811	global pre-specified target-by-cell-type tests	14	results/GSE212630_multiome/GSE212630_predefined_17_gene_RNA_results.tsv	negative	FALSE	FALSE	ordinal pathology trend is not a diagnostic contrast
GSE212630_Emory	paired_multiome_pathology_context	Control/C9orf72 pathology spectrum	BA9	pTDP_ordinal_trend	Astrocyte	CHORDC1	log2FC_per_pTDP_level	-0.308969063467591	0.332483912088597	-0.960637531161242	0.34269940422606	0.363043101577127	0.67503326699497	global pre-specified target-by-cell-type tests	14	results/GSE212630_multiome/GSE212630_predefined_17_gene_RNA_results.tsv	negative	FALSE	FALSE	ordinal pathology trend is not a diagnostic contrast
GSE212630_Emory	paired_multiome_pathology_context	Control/C9orf72 pathology spectrum	BA9	pTDP_ordinal_trend	Astrocyte	COA3	log2FC_per_pTDP_level	-1.69127440779166	0.671120111171299	-3.00666982568741	-0.375878989895915	0.0181155695535134	0.133770060161769	global pre-specified target-by-cell-type tests	14	results/GSE212630_multiome/GSE212630_predefined_17_gene_RNA_results.tsv	negative	FALSE	FALSE	ordinal pathology trend is not a diagnostic contrast
GSE212630_Emory	paired_multiome_pathology_context	Control/C9orf72 pathology spectrum	BA9	pTDP_ordinal_trend	Astrocyte	COX5B	log2FC_per_pTDP_level	-2.24628063537401	0.612632393777142	-3.44704012717721	-1.04552114357081	0.0013410553438962	0.0265975976539414	global pre-specified target-by-cell-type tests	14	results/GSE212630_multiome/GSE212630_predefined_17_gene_RNA_results.tsv	negative	TRUE	FALSE	ordinal pathology trend is not a diagnostic contrast
GSE212630_Emory	paired_multiome_pathology_context	Control/C9orf72 pathology spectrum	BA9	pTDP_ordinal_trend	Astrocyte	COX7C	log2FC_per_pTDP_level	-1.70597059651508	0.614965594725472	-2.91130316217701	-0.500638030853155	0.0111086557073706	0.110160835764758	global pre-specified target-by-cell-type tests	14	results/GSE212630_multiome/GSE212630_predefined_17_gene_RNA_results.tsv	negative	FALSE	FALSE	ordinal pathology trend is not a diagnostic contrast
GSE212630_Emory	paired_multiome_pathology_context	Control/C9orf72 pathology spectrum	BA9	pTDP_ordinal_trend	Astrocyte	DOCK7	log2FC_per_pTDP_level	-0.00432603885167596	0.286876857478309	-0.566604679509162	0.55795260180581	0.988106673013425	1	global pre-specified target-by-cell-type tests	14	results/GSE212630_multiome/GSE212630_predefined_17_gene_RNA_results.tsv	negative	FALSE	FALSE	ordinal pathology trend is not a diagnostic contrast
GSE212630_Emory	paired_multiome_pathology_context	Control/C9orf72 pathology spectrum	BA9	pTDP_ordinal_trend	Astrocyte	HSP90AA1	log2FC_per_pTDP_level	-1.5932365932288	0.374699830286656	-2.32764826059065	-0.858824925866954	0.000336016250636618	0.0115251521710285	global pre-specified target-by-cell-type tests	14	results/GSE212630_multiome/GSE212630_predefined_17_gene_RNA_results.tsv	negative	TRUE	FALSE	ordinal pathology trend is not a diagnostic contrast
GSE212630_Emory	paired_multiome_pathology_context	Control/C9orf72 pathology spectrum	BA9	pTDP_ordinal_trend	Astrocyte	HSP90AB1	log2FC_per_pTDP_level	-1.50834406349245	0.27263433658892	-2.04270736320673	-0.973980763778167	0.0000155326443767122	0.00184838468082875	global pre-specified target-by-cell-type tests	14	results/GSE212630_multiome/GSE212630_predefined_17_gene_RNA_results.tsv	negative	TRUE	FALSE	ordinal pathology trend is not a diagnostic contrast
GSE212630_Emory	paired_multiome_pathology_context	Control/C9orf72 pathology spectrum	BA9	pTDP_ordinal_trend	Astrocyte	MAP1B	log2FC_per_pTDP_level	-0.230179938752055	0.355564954089066	-0.927087248766624	0.466727371262514	0.524203819571131	0.774918629708187	global pre-specified target-by-cell-type tests	14	results/GSE212630_multiome/GSE212630_predefined_17_gene_RNA_results.tsv	negative	FALSE	FALSE	ordinal pathology trend is not a diagnostic contrast
GSE212630_Emory	paired_multiome_pathology_context	Control/C9orf72 pathology spectrum	BA9	pTDP_ordinal_trend	Astrocyte	MAPT	log2FC_per_pTDP_level	0.398668162955081	0.31394370744143	-0.216661503630122	1.01399782954028	0.217614021009746	0.488605066040751	global pre-specified target-by-cell-type tests	14	results/GSE212630_multiome/GSE212630_predefined_17_gene_RNA_results.tsv	positive	FALSE	FALSE	ordinal pathology trend is not a diagnostic contrast
GSE212630_Emory	paired_multiome_pathology_context	Control/C9orf72 pathology spectrum	BA9	pTDP_ordinal_trend	Astrocyte	PARK7	log2FC_per_pTDP_level	-1.15363118012299	0.35929022667375	-1.85784002440354	-0.449422335842441	0.00409829349112188	0.0541885472715005	global pre-specified target-by-cell-type tests	14	results/GSE212630_multiome/GSE212630_predefined_17_gene_RNA_results.tsv	negative	FALSE	FALSE	ordinal pathology trend is not a diagnostic contrast
GSE212630_Emory	paired_multiome_pathology_context	Control/C9orf72 pathology spectrum	BA9	pTDP_ordinal_trend	Astrocyte	STARD13	log2FC_per_pTDP_level	0.0713934020694258	0.321604084224129	-0.558950603009867	0.701737407148719	0.826401641906928	0.973681142444796	global pre-specified target-by-cell-type tests	14	results/GSE212630_multiome/GSE212630_predefined_17_gene_RNA_results.tsv	positive	FALSE	FALSE	ordinal pathology trend is not a diagnostic contrast
GSE212630_Emory	paired_multiome_pathology_context	Control/C9orf72 pathology spectrum	BA9	pTDP_ordinal_trend	Excitatory neuron	ARHGAP35	log2FC_per_pTDP_level	-0.725101748940058	0.318571117476816	-1.34950113919462	-0.100702358685498	0.0383117185064645	0.201632641280649	global pre-specified target-by-cell-type tests	12	results/GSE212630_multiome/GSE212630_predefined_17_gene_RNA_results.tsv	negative	FALSE	FALSE	ordinal pathology trend is not a diagnostic contrast
GSE212630_Emory	paired_multiome_pathology_context	Control/C9orf72 pathology spectrum	BA9	pTDP_ordinal_trend	Excitatory neuron	ARHGAP39	log2FC_per_pTDP_level	-0.713819464616934	0.321153270767622	-1.34327987532147	-0.084359053912395	0.0424374656782418	0.201632641280649	global pre-specified target-by-cell-type tests	12	results/GSE212630_multiome/GSE212630_predefined_17_gene_RNA_results.tsv	negative	FALSE	FALSE	ordinal pathology trend is not a diagnostic contrast
GSE212630_Emory	paired_multiome_pathology_context	Control/C9orf72 pathology spectrum	BA9	pTDP_ordinal_trend	Excitatory neuron	BAG3	log2FC_per_pTDP_level	-0.853349942969349	0.556772600951957	-1.94462424083518	0.237924354896486	0.142888063209351	0.393020893925138	global pre-specified target-by-cell-type tests	12	results/GSE212630_multiome/GSE212630_predefined_17_gene_RNA_results.tsv	negative	FALSE	FALSE	ordinal pathology trend is not a diagnostic contrast
GSE212630_Emory	paired_multiome_pathology_context	Control/C9orf72 pathology spectrum	BA9	pTDP_ordinal_trend	Excitatory neuron	BCR	log2FC_per_pTDP_level	-0.63949606516704	0.326572339581499	-1.27957785074678	0.000585720412697999	0.0695273834330933	0.243345842015827	global pre-specified target-by-cell-type tests	12	results/GSE212630_multiome/GSE212630_predefined_17_gene_RNA_results.tsv	negative	FALSE	FALSE	ordinal pathology trend is not a diagnostic contrast
GSE212630_Emory	paired_multiome_pathology_context	Control/C9orf72 pathology spectrum	BA9	pTDP_ordinal_trend	Excitatory neuron	CCT5	log2FC_per_pTDP_level	0.724748446267564	0.402545787325108	-0.0642412968896483	1.51373818942478	0.0924553198680044	0.282107258058783	global pre-specified target-by-cell-type tests	12	results/GSE212630_multiome/GSE212630_predefined_17_gene_RNA_results.tsv	positive	FALSE	FALSE	ordinal pathology trend is not a diagnostic contrast
GSE212630_Emory	paired_multiome_pathology_context	Control/C9orf72 pathology spectrum	BA9	pTDP_ordinal_trend	Excitatory neuron	CCT8	log2FC_per_pTDP_level	0.919004008033933	0.415617465905051	0.104393774860033	1.73361424120783	0.0433848121428659	0.201632641280649	global pre-specified target-by-cell-type tests	12	results/GSE212630_multiome/GSE212630_predefined_17_gene_RNA_results.tsv	positive	FALSE	FALSE	ordinal pathology trend is not a diagnostic contrast
GSE212630_Emory	paired_multiome_pathology_context	Control/C9orf72 pathology spectrum	BA9	pTDP_ordinal_trend	Excitatory neuron	CHORDC1	log2FC_per_pTDP_level	1.04755965338898	0.317911054463849	0.424453986639835	1.67066532013812	0.00504306867060133	0.0600125171801559	global pre-specified target-by-cell-type tests	12	results/GSE212630_multiome/GSE212630_predefined_17_gene_RNA_results.tsv	positive	FALSE	FALSE	ordinal pathology trend is not a diagnostic contrast
GSE212630_Emory	paired_multiome_pathology_context	Control/C9orf72 pathology spectrum	BA9	pTDP_ordinal_trend	Excitatory neuron	COA3	log2FC_per_pTDP_level	1.91266677402391	0.927301130754901	0.0951565577443039	3.73017699030352	0.0567367979279296	0.232816515635297	global pre-specified target-by-cell-type tests	12	results/GSE212630_multiome/GSE212630_predefined_17_gene_RNA_results.tsv	positive	FALSE	FALSE	ordinal pathology trend is not a diagnostic contrast
GSE212630_Emory	paired_multiome_pathology_context	Control/C9orf72 pathology spectrum	BA9	pTDP_ordinal_trend	Excitatory neuron	COX5B	log2FC_per_pTDP_level	1.99539518272654	0.831102494349804	0.366434293800925	3.62435607165215	0.0301452505727058	0.188804464113263	global pre-specified target-by-cell-type tests	12	results/GSE212630_multiome/GSE212630_predefined_17_gene_RNA_results.tsv	positive	FALSE	FALSE	ordinal pathology trend is not a diagnostic contrast
GSE212630_Emory	paired_multiome_pathology_context	Control/C9orf72 pathology spectrum	BA9	pTDP_ordinal_trend	Excitatory neuron	COX7C	log2FC_per_pTDP_level	2.79250672406749				1	1	global pre-specified target-by-cell-type tests	12	results/GSE212630_multiome/GSE212630_predefined_17_gene_RNA_results.tsv	positive	FALSE	FALSE	ordinal pathology trend is not a diagnostic contrast
GSE212630_Emory	paired_multiome_pathology_context	Control/C9orf72 pathology spectrum	BA9	pTDP_ordinal_trend	Excitatory neuron	DOCK7	log2FC_per_pTDP_level	-0.00869498456389853	0.191499818374836	-0.384034628578577	0.36664465945078	0.964397764688913	0.989339086189489	global pre-specified target-by-cell-type tests	12	results/GSE212630_multiome/GSE212630_predefined_17_gene_RNA_results.tsv	negative	FALSE	FALSE	ordinal pathology trend is not a diagnostic contrast
GSE212630_Emory	paired_multiome_pathology_context	Control/C9orf72 pathology spectrum	BA9	pTDP_ordinal_trend	Excitatory neuron	HSP90AA1	log2FC_per_pTDP_level	0.291169479407671	0.449953669662656	-0.590739713131134	1.17307867194648	0.527567928877647	0.774918629708187	global pre-specified target-by-cell-type tests	12	results/GSE212630_multiome/GSE212630_predefined_17_gene_RNA_results.tsv	positive	FALSE	FALSE	ordinal pathology trend is not a diagnostic contrast
GSE212630_Emory	paired_multiome_pathology_context	Control/C9orf72 pathology spectrum	BA9	pTDP_ordinal_trend	Excitatory neuron	HSP90AB1	log2FC_per_pTDP_level	1.09723851254993	0.495431963311642	0.126191864459112	2.06828516064075	0.0430725947533552	0.201632641280649	global pre-specified target-by-cell-type tests	12	results/GSE212630_multiome/GSE212630_predefined_17_gene_RNA_results.tsv	positive	FALSE	FALSE	ordinal pathology trend is not a diagnostic contrast
GSE212630_Emory	paired_multiome_pathology_context	Control/C9orf72 pathology spectrum	BA9	pTDP_ordinal_trend	Excitatory neuron	MAP1B	log2FC_per_pTDP_level	-0.114740942402097	0.186106548137399	-0.479509776751398	0.250027891947205	0.547001385676367	0.774918629708187	global pre-specified target-by-cell-type tests	12	results/GSE212630_multiome/GSE212630_predefined_17_gene_RNA_results.tsv	negative	FALSE	FALSE	ordinal pathology trend is not a diagnostic contrast
GSE212630_Emory	paired_multiome_pathology_context	Control/C9orf72 pathology spectrum	BA9	pTDP_ordinal_trend	Excitatory neuron	MAPT	log2FC_per_pTDP_level	-0.402155238381309	0.21122095082125	-0.816148301990959	0.011837825228341	0.0767404920524702	0.246814014979566	global pre-specified target-by-cell-type tests	12	results/GSE212630_multiome/GSE212630_predefined_17_gene_RNA_results.tsv	negative	FALSE	FALSE	ordinal pathology trend is not a diagnostic contrast
GSE212630_Emory	paired_multiome_pathology_context	Control/C9orf72 pathology spectrum	BA9	pTDP_ordinal_trend	Excitatory neuron	PARK7	log2FC_per_pTDP_level	0.180309065107584	0.412281639998946	-0.627762949290349	0.988381079505517	0.668242002772004	0.862148012727219	global pre-specified target-by-cell-type tests	12	results/GSE212630_multiome/GSE212630_predefined_17_gene_RNA_results.tsv	positive	FALSE	FALSE	ordinal pathology trend is not a diagnostic contrast
GSE212630_Emory	paired_multiome_pathology_context	Control/C9orf72 pathology spectrum	BA9	pTDP_ordinal_trend	Excitatory neuron	STARD13	log2FC_per_pTDP_level	0.0139191529089677	0.214358166854973	-0.406222854126779	0.434061159944714	0.949104066948112	0.988320055661227	global pre-specified target-by-cell-type tests	12	results/GSE212630_multiome/GSE212630_predefined_17_gene_RNA_results.tsv	positive	FALSE	FALSE	ordinal pathology trend is not a diagnostic contrast
GSE212630_Emory	paired_multiome_pathology_context	Control/C9orf72 pathology spectrum	BA9	pTDP_ordinal_trend	Inhibitory neuron	ARHGAP35	log2FC_per_pTDP_level	-0.200202726335796	0.187446022545	-0.567596930523996	0.167191477852404	0.299080612825052	0.605254299511809	global pre-specified target-by-cell-type tests	14	results/GSE212630_multiome/GSE212630_predefined_17_gene_RNA_results.tsv	negative	FALSE	FALSE	ordinal pathology trend is not a diagnostic contrast
GSE212630_Emory	paired_multiome_pathology_context	Control/C9orf72 pathology spectrum	BA9	pTDP_ordinal_trend	Inhibitory neuron	ARHGAP39	log2FC_per_pTDP_level	-0.305969273202369	0.232775045121109	-0.762208361639742	0.150269815235004	0.204609964113006	0.468242033258609	global pre-specified target-by-cell-type tests	14	results/GSE212630_multiome/GSE212630_predefined_17_gene_RNA_results.tsv	negative	FALSE	FALSE	ordinal pathology trend is not a diagnostic contrast
GSE212630_Emory	paired_multiome_pathology_context	Control/C9orf72 pathology spectrum	BA9	pTDP_ordinal_trend	Inhibitory neuron	BAG3	log2FC_per_pTDP_level	0.306642017303332	0.408846345171324	-0.494696819232464	1.10798085383913	0.461596818355957	0.730351685851355	global pre-specified target-by-cell-type tests	14	results/GSE212630_multiome/GSE212630_predefined_17_gene_RNA_results.tsv	positive	FALSE	FALSE	ordinal pathology trend is not a diagnostic contrast
GSE212630_Emory	paired_multiome_pathology_context	Control/C9orf72 pathology spectrum	BA9	pTDP_ordinal_trend	Inhibitory neuron	BCR	log2FC_per_pTDP_level	-0.149146867887576	0.235464758365527	-0.610657794284008	0.312364058508856	0.534130693877996	0.774918629708187	global pre-specified target-by-cell-type tests	14	results/GSE212630_multiome/GSE212630_predefined_17_gene_RNA_results.tsv	negative	FALSE	FALSE	ordinal pathology trend is not a diagnostic contrast
GSE212630_Emory	paired_multiome_pathology_context	Control/C9orf72 pathology spectrum	BA9	pTDP_ordinal_trend	Inhibitory neuron	CCT5	log2FC_per_pTDP_level	0.350716241383634	0.259847763172881	-0.158585374435213	0.860017857202482	0.193200107119338	0.459816254944025	global pre-specified target-by-cell-type tests	14	results/GSE212630_multiome/GSE212630_predefined_17_gene_RNA_results.tsv	positive	FALSE	FALSE	ordinal pathology trend is not a diagnostic contrast
GSE212630_Emory	paired_multiome_pathology_context	Control/C9orf72 pathology spectrum	BA9	pTDP_ordinal_trend	Inhibitory neuron	CCT8	log2FC_per_pTDP_level	0.0773384377857783	0.317001913517033	-0.543985312707606	0.698662188279162	0.809917833749134	0.963802222161469	global pre-specified target-by-cell-type tests	14	results/GSE212630_multiome/GSE212630_predefined_17_gene_RNA_results.tsv	positive	FALSE	FALSE	ordinal pathology trend is not a diagnostic contrast
GSE212630_Emory	paired_multiome_pathology_context	Control/C9orf72 pathology spectrum	BA9	pTDP_ordinal_trend	Inhibitory neuron	CHORDC1	log2FC_per_pTDP_level	0.524852452273682	0.31503328635403	-0.0926127889802169	1.14231769352758	0.112382459831471	0.326183237071832	global pre-specified target-by-cell-type tests	14	results/GSE212630_multiome/GSE212630_predefined_17_gene_RNA_results.tsv	positive	FALSE	FALSE	ordinal pathology trend is not a diagnostic contrast
GSE212630_Emory	paired_multiome_pathology_context	Control/C9orf72 pathology spectrum	BA9	pTDP_ordinal_trend	Inhibitory neuron	COA3	log2FC_per_pTDP_level	-0.106568271294504	0.785616759544858	-1.64637712000242	1.43324057741342	0.893352461246598	0.988320055661227	global pre-specified target-by-cell-type tests	14	results/GSE212630_multiome/GSE212630_predefined_17_gene_RNA_results.tsv	negative	FALSE	FALSE	ordinal pathology trend is not a diagnostic contrast
GSE212630_Emory	paired_multiome_pathology_context	Control/C9orf72 pathology spectrum	BA9	pTDP_ordinal_trend	Inhibitory neuron	COX5B	log2FC_per_pTDP_level	-0.0331381404948774	0.578043941506695	-1.166104265848	1.09982798485825	0.955099213454127	0.988320055661227	global pre-specified target-by-cell-type tests	14	results/GSE212630_multiome/GSE212630_predefined_17_gene_RNA_results.tsv	negative	FALSE	FALSE	ordinal pathology trend is not a diagnostic contrast
GSE212630_Emory	paired_multiome_pathology_context	Control/C9orf72 pathology spectrum	BA9	pTDP_ordinal_trend	Inhibitory neuron	COX7C	log2FC_per_pTDP_level	0.434909387440958	0.556651662902759	-0.65612787184845	1.52594664673037	0.447934512510173	0.730351685851355	global pre-specified target-by-cell-type tests	14	results/GSE212630_multiome/GSE212630_predefined_17_gene_RNA_results.tsv	positive	FALSE	FALSE	ordinal pathology trend is not a diagnostic contrast
GSE212630_Emory	paired_multiome_pathology_context	Control/C9orf72 pathology spectrum	BA9	pTDP_ordinal_trend	Inhibitory neuron	DOCK7	log2FC_per_pTDP_level	0.106672903860853	0.136359558667697	-0.160591831127833	0.373937638849539	0.44383118196101	0.730351685851355	global pre-specified target-by-cell-type tests	14	results/GSE212630_multiome/GSE212630_predefined_17_gene_RNA_results.tsv	positive	FALSE	FALSE	ordinal pathology trend is not a diagnostic contrast
GSE212630_Emory	paired_multiome_pathology_context	Control/C9orf72 pathology spectrum	BA9	pTDP_ordinal_trend	Inhibitory neuron	HSP90AA1	log2FC_per_pTDP_level	-0.0403794833762219	0.325575045058743	-0.678506571691358	0.597747604938914	0.902617859285849	0.988320055661227	global pre-specified target-by-cell-type tests	14	results/GSE212630_multiome/GSE212630_predefined_17_gene_RNA_results.tsv	negative	FALSE	FALSE	ordinal pathology trend is not a diagnostic contrast
GSE212630_Emory	paired_multiome_pathology_context	Control/C9orf72 pathology spectrum	BA9	pTDP_ordinal_trend	Inhibitory neuron	HSP90AB1	log2FC_per_pTDP_level	0.126517848426405	0.512505135898383	-0.877992217934425	1.13102791478723	0.809030400946298	0.963802222161469	global pre-specified target-by-cell-type tests	14	results/GSE212630_multiome/GSE212630_predefined_17_gene_RNA_results.tsv	positive	FALSE	FALSE	ordinal pathology trend is not a diagnostic contrast
GSE212630_Emory	paired_multiome_pathology_context	Control/C9orf72 pathology spectrum	BA9	pTDP_ordinal_trend	Inhibitory neuron	MAP1B	log2FC_per_pTDP_level	-0.26973920604445	0.137091879511136	-0.538439289886276	-0.00103912220262437	0.0641175351792968	0.23843708394801	global pre-specified target-by-cell-type tests	14	results/GSE212630_multiome/GSE212630_predefined_17_gene_RNA_results.tsv	negative	FALSE	FALSE	ordinal pathology trend is not a diagnostic contrast
GSE212630_Emory	paired_multiome_pathology_context	Control/C9orf72 pathology spectrum	BA9	pTDP_ordinal_trend	Inhibitory neuron	MAPT	log2FC_per_pTDP_level	0.0120191179093761	0.152316097048698	-0.286520432306071	0.310558668124823	0.937942648332668	0.988320055661227	global pre-specified target-by-cell-type tests	14	results/GSE212630_multiome/GSE212630_predefined_17_gene_RNA_results.tsv	positive	FALSE	FALSE	ordinal pathology trend is not a diagnostic contrast
GSE212630_Emory	paired_multiome_pathology_context	Control/C9orf72 pathology spectrum	BA9	pTDP_ordinal_trend	Inhibitory neuron	PARK7	log2FC_per_pTDP_level	-0.20658056852602	0.269247264785299	-0.734305207505207	0.321144070453167	0.452511221396921	0.730351685851355	global pre-specified target-by-cell-type tests	14	results/GSE212630_multiome/GSE212630_predefined_17_gene_RNA_results.tsv	negative	FALSE	FALSE	ordinal pathology trend is not a diagnostic contrast
GSE212630_Emory	paired_multiome_pathology_context	Control/C9orf72 pathology spectrum	BA9	pTDP_ordinal_trend	Inhibitory neuron	STARD13	log2FC_per_pTDP_level	0.230135075662596	0.246616149626521	-0.253232577605385	0.713502728930577	0.362617479117843	0.67503326699497	global pre-specified target-by-cell-type tests	14	results/GSE212630_multiome/GSE212630_predefined_17_gene_RNA_results.tsv	positive	FALSE	FALSE	ordinal pathology trend is not a diagnostic contrast
GSE212630_Emory	paired_multiome_pathology_context	Control/C9orf72 pathology spectrum	BA9	pTDP_ordinal_trend	Microglia	ARHGAP35	log2FC_per_pTDP_level	-0.132045476012804	0.187917681722894	-0.500364132189676	0.236273180164068	0.489804210615797	0.737806342573163	global pre-specified target-by-cell-type tests	14	results/GSE212630_multiome/GSE212630_predefined_17_gene_RNA_results.tsv	negative	FALSE	FALSE	ordinal pathology trend is not a diagnostic contrast
GSE212630_Emory	paired_multiome_pathology_context	Control/C9orf72 pathology spectrum	BA9	pTDP_ordinal_trend	Microglia	ARHGAP39	log2FC_per_pTDP_level	-0.446828394946925	0.312748594712757	-1.05981564058393	0.166158850690079	0.167393144274986	0.41499550351507	global pre-specified target-by-cell-type tests	14	results/GSE212630_multiome/GSE212630_predefined_17_gene_RNA_results.tsv	negative	FALSE	FALSE	ordinal pathology trend is not a diagnostic contrast
GSE212630_Emory	paired_multiome_pathology_context	Control/C9orf72 pathology spectrum	BA9	pTDP_ordinal_trend	Microglia	BAG3	log2FC_per_pTDP_level	-0.985440406991211	0.202886986540722	-1.38309890061103	-0.587781913371395	0.0000802460602981238	0.00477464058773837	global pre-specified target-by-cell-type tests	14	results/GSE212630_multiome/GSE212630_predefined_17_gene_RNA_results.tsv	negative	TRUE	FALSE	ordinal pathology trend is not a diagnostic contrast
GSE212630_Emory	paired_multiome_pathology_context	Control/C9orf72 pathology spectrum	BA9	pTDP_ordinal_trend	Microglia	BCR	log2FC_per_pTDP_level	0.0201143251976162	0.267698137130473	-0.504574023578111	0.544802673973343	0.94080326548246	0.988320055661227	global pre-specified target-by-cell-type tests	14	results/GSE212630_multiome/GSE212630_predefined_17_gene_RNA_results.tsv	positive	FALSE	FALSE	ordinal pathology trend is not a diagnostic contrast
GSE212630_Emory	paired_multiome_pathology_context	Control/C9orf72 pathology spectrum	BA9	pTDP_ordinal_trend	Microglia	CCT5	log2FC_per_pTDP_level	0.324864790485626	0.22356407103456	-0.113320788742111	0.763050369713363	0.160653473561134	0.407623821822847	global pre-specified target-by-cell-type tests	14	results/GSE212630_multiome/GSE212630_predefined_17_gene_RNA_results.tsv	positive	FALSE	FALSE	ordinal pathology trend is not a diagnostic contrast
GSE212630_Emory	paired_multiome_pathology_context	Control/C9orf72 pathology spectrum	BA9	pTDP_ordinal_trend	Microglia	CCT8	log2FC_per_pTDP_level	0.227536838635572	0.231801695210578	-0.226794483977161	0.681868161248305	0.337285415080837	0.657983022862616	global pre-specified target-by-cell-type tests	14	results/GSE212630_multiome/GSE212630_predefined_17_gene_RNA_results.tsv	positive	FALSE	FALSE	ordinal pathology trend is not a diagnostic contrast
GSE212630_Emory	paired_multiome_pathology_context	Control/C9orf72 pathology spectrum	BA9	pTDP_ordinal_trend	Microglia	CHORDC1	log2FC_per_pTDP_level	0.255168049835655	0.232621234760957	-0.200769570295821	0.711105669967131	0.284868763042132	0.594726014070416	global pre-specified target-by-cell-type tests	14	results/GSE212630_multiome/GSE212630_predefined_17_gene_RNA_results.tsv	positive	FALSE	FALSE	ordinal pathology trend is not a diagnostic contrast
GSE212630_Emory	paired_multiome_pathology_context	Control/C9orf72 pathology spectrum	BA9	pTDP_ordinal_trend	Microglia	COA3	log2FC_per_pTDP_level	0.291859597707647	0.552038934869133	-0.790136714635854	1.37385591005115	0.601504647905855	0.838024939196656	global pre-specified target-by-cell-type tests	14	results/GSE212630_multiome/GSE212630_predefined_17_gene_RNA_results.tsv	positive	FALSE	FALSE	ordinal pathology trend is not a diagnostic contrast
GSE212630_Emory	paired_multiome_pathology_context	Control/C9orf72 pathology spectrum	BA9	pTDP_ordinal_trend	Microglia	COX5B	log2FC_per_pTDP_level	0.0942375078178701	0.530194099472196	-0.944942927147635	1.13341794278337	0.861930342765218	0.988320055661227	global pre-specified target-by-cell-type tests	14	results/GSE212630_multiome/GSE212630_predefined_17_gene_RNA_results.tsv	positive	FALSE	FALSE	ordinal pathology trend is not a diagnostic contrast
GSE212630_Emory	paired_multiome_pathology_context	Control/C9orf72 pathology spectrum	BA9	pTDP_ordinal_trend	Microglia	COX7C	log2FC_per_pTDP_level	0.0283749298464386	0.471278422167165	-0.895330777601205	0.952080637294082	0.952975109214744	0.988320055661227	global pre-specified target-by-cell-type tests	14	results/GSE212630_multiome/GSE212630_predefined_17_gene_RNA_results.tsv	positive	FALSE	FALSE	ordinal pathology trend is not a diagnostic contrast
GSE212630_Emory	paired_multiome_pathology_context	Control/C9orf72 pathology spectrum	BA9	pTDP_ordinal_trend	Microglia	DOCK7	log2FC_per_pTDP_level	-0.0677982702257146	0.158854470309943	-0.379153032033203	0.243556491581774	0.673779539358247	0.862148012727219	global pre-specified target-by-cell-type tests	14	results/GSE212630_multiome/GSE212630_predefined_17_gene_RNA_results.tsv	negative	FALSE	FALSE	ordinal pathology trend is not a diagnostic contrast
GSE212630_Emory	paired_multiome_pathology_context	Control/C9orf72 pathology spectrum	BA9	pTDP_ordinal_trend	Microglia	HSP90AA1	log2FC_per_pTDP_level	-0.923356417724097	0.248334053819305	-1.41009116320994	-0.436621672238259	0.00307019862291073	0.0456692045157971	global pre-specified target-by-cell-type tests	14	results/GSE212630_multiome/GSE212630_predefined_17_gene_RNA_results.tsv	negative	TRUE	FALSE	ordinal pathology trend is not a diagnostic contrast
GSE212630_Emory	paired_multiome_pathology_context	Control/C9orf72 pathology spectrum	BA9	pTDP_ordinal_trend	Microglia	HSP90AB1	log2FC_per_pTDP_level	-0.443484341543655	0.230223342160642	-0.894722092178513	0.00775340909120303	0.0674020369951292	0.243055830376375	global pre-specified target-by-cell-type tests	14	results/GSE212630_multiome/GSE212630_predefined_17_gene_RNA_results.tsv	negative	FALSE	FALSE	ordinal pathology trend is not a diagnostic contrast
GSE212630_Emory	paired_multiome_pathology_context	Control/C9orf72 pathology spectrum	BA9	pTDP_ordinal_trend	Microglia	MAP1B	log2FC_per_pTDP_level	-0.682978712551391	0.162684644837333	-1.00184061643256	-0.364116808670219	0.000388340540819536	0.0115251521710285	global pre-specified target-by-cell-type tests	14	results/GSE212630_multiome/GSE212630_predefined_17_gene_RNA_results.tsv	negative	TRUE	FALSE	ordinal pathology trend is not a diagnostic contrast
GSE212630_Emory	paired_multiome_pathology_context	Control/C9orf72 pathology spectrum	BA9	pTDP_ordinal_trend	Microglia	MAPT	log2FC_per_pTDP_level	-0.232916180883899	0.241404571479429	-0.70606914098358	0.240236779215782	0.345367876148553	0.66288350422061	global pre-specified target-by-cell-type tests	14	results/GSE212630_multiome/GSE212630_predefined_17_gene_RNA_results.tsv	negative	FALSE	FALSE	ordinal pathology trend is not a diagnostic contrast
GSE212630_Emory	paired_multiome_pathology_context	Control/C9orf72 pathology spectrum	BA9	pTDP_ordinal_trend	Microglia	PARK7	log2FC_per_pTDP_level	-0.374583600546269	0.27516239629202	-0.913901897278629	0.164734696186091	0.18756920191731	0.455525204656325	global pre-specified target-by-cell-type tests	14	results/GSE212630_multiome/GSE212630_predefined_17_gene_RNA_results.tsv	negative	FALSE	FALSE	ordinal pathology trend is not a diagnostic contrast
GSE212630_Emory	paired_multiome_pathology_context	Control/C9orf72 pathology spectrum	BA9	pTDP_ordinal_trend	Microglia	STARD13	log2FC_per_pTDP_level	0.862436268121832	0.209986727044478	0.450862283114655	1.27401025312901	0.000484250091219685	0.0115251521710285	global pre-specified target-by-cell-type tests	14	results/GSE212630_multiome/GSE212630_predefined_17_gene_RNA_results.tsv	positive	TRUE	FALSE	ordinal pathology trend is not a diagnostic contrast
GSE212630_Emory	paired_multiome_pathology_context	Control/C9orf72 pathology spectrum	BA9	pTDP_ordinal_trend	OPC	ARHGAP35	log2FC_per_pTDP_level	0.165328324318136	0.231560525734406	-0.2885303061213	0.619186954757572	0.483968255469881	0.737806342573163	global pre-specified target-by-cell-type tests	14	results/GSE212630_multiome/GSE212630_predefined_17_gene_RNA_results.tsv	positive	FALSE	FALSE	ordinal pathology trend is not a diagnostic contrast
GSE212630_Emory	paired_multiome_pathology_context	Control/C9orf72 pathology spectrum	BA9	pTDP_ordinal_trend	OPC	ARHGAP39	log2FC_per_pTDP_level	0.208121538890976	0.266193993041987	-0.313618687471318	0.72986176525327	0.44392932484711	0.730351685851355	global pre-specified target-by-cell-type tests	14	results/GSE212630_multiome/GSE212630_predefined_17_gene_RNA_results.tsv	positive	FALSE	FALSE	ordinal pathology trend is not a diagnostic contrast
GSE212630_Emory	paired_multiome_pathology_context	Control/C9orf72 pathology spectrum	BA9	pTDP_ordinal_trend	OPC	BAG3	log2FC_per_pTDP_level	0.121962826072307	0.346650312027782	-0.557471785502146	0.80139743764676	0.728582550024677	0.906517072550242	global pre-specified target-by-cell-type tests	14	results/GSE212630_multiome/GSE212630_predefined_17_gene_RNA_results.tsv	positive	FALSE	FALSE	ordinal pathology trend is not a diagnostic contrast
GSE212630_Emory	paired_multiome_pathology_context	Control/C9orf72 pathology spectrum	BA9	pTDP_ordinal_trend	OPC	BCR	log2FC_per_pTDP_level	0.224331245571098	0.192456081072306	-0.152882673330621	0.601545164472818	0.258270495782582	0.558803436329585	global pre-specified target-by-cell-type tests	14	results/GSE212630_multiome/GSE212630_predefined_17_gene_RNA_results.tsv	positive	FALSE	FALSE	ordinal pathology trend is not a diagnostic contrast
GSE212630_Emory	paired_multiome_pathology_context	Control/C9orf72 pathology spectrum	BA9	pTDP_ordinal_trend	OPC	CCT5	log2FC_per_pTDP_level	0.0511869970767391	0.265364022646609	-0.468926487310615	0.571300481464093	0.849109832026738	0.988320055661227	global pre-specified target-by-cell-type tests	14	results/GSE212630_multiome/GSE212630_predefined_17_gene_RNA_results.tsv	positive	FALSE	FALSE	ordinal pathology trend is not a diagnostic contrast
GSE212630_Emory	paired_multiome_pathology_context	Control/C9orf72 pathology spectrum	BA9	pTDP_ordinal_trend	OPC	CCT8	log2FC_per_pTDP_level	0.329594904961356	0.247828679977377	-0.156149307794302	0.815339117717014	0.199348407002436	0.465146283005684	global pre-specified target-by-cell-type tests	14	results/GSE212630_multiome/GSE212630_predefined_17_gene_RNA_results.tsv	positive	FALSE	FALSE	ordinal pathology trend is not a diagnostic contrast
GSE212630_Emory	paired_multiome_pathology_context	Control/C9orf72 pathology spectrum	BA9	pTDP_ordinal_trend	OPC	CHORDC1	log2FC_per_pTDP_level	0.34397698257649	0.22835860605567	-0.103605885292624	0.791559850445604	0.148621346442279	0.393020893925138	global pre-specified target-by-cell-type tests	14	results/GSE212630_multiome/GSE212630_predefined_17_gene_RNA_results.tsv	positive	FALSE	FALSE	ordinal pathology trend is not a diagnostic contrast
GSE212630_Emory	paired_multiome_pathology_context	Control/C9orf72 pathology spectrum	BA9	pTDP_ordinal_trend	OPC	COA3	log2FC_per_pTDP_level	-0.0301239931909815	0.514109412921446	-1.03777844251701	0.977530456135052	0.953750350703065	0.988320055661227	global pre-specified target-by-cell-type tests	14	results/GSE212630_multiome/GSE212630_predefined_17_gene_RNA_results.tsv	negative	FALSE	FALSE	ordinal pathology trend is not a diagnostic contrast
GSE212630_Emory	paired_multiome_pathology_context	Control/C9orf72 pathology spectrum	BA9	pTDP_ordinal_trend	OPC	COX5B	log2FC_per_pTDP_level	-0.116140184767169	0.0317258115852329	-0.178322775474226	-0.0539575940601125	0.00232238101712154	0.0394804772910661	global pre-specified target-by-cell-type tests	14	results/GSE212630_multiome/GSE212630_predefined_17_gene_RNA_results.tsv	negative	TRUE	FALSE	ordinal pathology trend is not a diagnostic contrast
GSE212630_Emory	paired_multiome_pathology_context	Control/C9orf72 pathology spectrum	BA9	pTDP_ordinal_trend	OPC	COX7C	log2FC_per_pTDP_level	-0.0323355812455895	0.438723910751792	-0.892234446319101	0.827563283827922	0.942217886968964	0.988320055661227	global pre-specified target-by-cell-type tests	14	results/GSE212630_multiome/GSE212630_predefined_17_gene_RNA_results.tsv	negative	FALSE	FALSE	ordinal pathology trend is not a diagnostic contrast
GSE212630_Emory	paired_multiome_pathology_context	Control/C9orf72 pathology spectrum	BA9	pTDP_ordinal_trend	OPC	DOCK7	log2FC_per_pTDP_level	0.329367923392569	0.152650763716815	0.0301724265076113	0.628563420277527	0.0440541905319065	0.201632641280649	global pre-specified target-by-cell-type tests	14	results/GSE212630_multiome/GSE212630_predefined_17_gene_RNA_results.tsv	positive	FALSE	FALSE	ordinal pathology trend is not a diagnostic contrast
GSE212630_Emory	paired_multiome_pathology_context	Control/C9orf72 pathology spectrum	BA9	pTDP_ordinal_trend	OPC	HSP90AA1	log2FC_per_pTDP_level	-0.758824984977104	0.288163841892076	-1.32362611508557	-0.194023854868635	0.0191100085945384	0.133770060161769	global pre-specified target-by-cell-type tests	14	results/GSE212630_multiome/GSE212630_predefined_17_gene_RNA_results.tsv	negative	FALSE	FALSE	ordinal pathology trend is not a diagnostic contrast
GSE212630_Emory	paired_multiome_pathology_context	Control/C9orf72 pathology spectrum	BA9	pTDP_ordinal_trend	OPC	HSP90AB1	log2FC_per_pTDP_level	-0.346469281700899	0.212681469708967	-0.763324962330475	0.0703863989286772	0.12233509804553	0.346616111129001	global pre-specified target-by-cell-type tests	14	results/GSE212630_multiome/GSE212630_predefined_17_gene_RNA_results.tsv	negative	FALSE	FALSE	ordinal pathology trend is not a diagnostic contrast
GSE212630_Emory	paired_multiome_pathology_context	Control/C9orf72 pathology spectrum	BA9	pTDP_ordinal_trend	OPC	MAP1B	log2FC_per_pTDP_level	-0.305798960612461	0.160900350604444	-0.621163647797172	0.00956572657225008	0.0727227675230834	0.246814014979566	global pre-specified target-by-cell-type tests	14	results/GSE212630_multiome/GSE212630_predefined_17_gene_RNA_results.tsv	negative	FALSE	FALSE	ordinal pathology trend is not a diagnostic contrast
GSE212630_Emory	paired_multiome_pathology_context	Control/C9orf72 pathology spectrum	BA9	pTDP_ordinal_trend	OPC	MAPT	log2FC_per_pTDP_level	0.360312830044957	0.162534643325498	0.0417449291269806	0.678880730962933	0.0390984151172299	0.201632641280649	global pre-specified target-by-cell-type tests	14	results/GSE212630_multiome/GSE212630_predefined_17_gene_RNA_results.tsv	positive	FALSE	FALSE	ordinal pathology trend is not a diagnostic contrast
GSE212630_Emory	paired_multiome_pathology_context	Control/C9orf72 pathology spectrum	BA9	pTDP_ordinal_trend	OPC	PARK7	log2FC_per_pTDP_level	-0.193471452138453	0.217034495052238	-0.61885906244084	0.231916158163934	0.383945627661782	0.700715896427115	global pre-specified target-by-cell-type tests	14	results/GSE212630_multiome/GSE212630_predefined_17_gene_RNA_results.tsv	negative	FALSE	FALSE	ordinal pathology trend is not a diagnostic contrast
GSE212630_Emory	paired_multiome_pathology_context	Control/C9orf72 pathology spectrum	BA9	pTDP_ordinal_trend	OPC	STARD13	log2FC_per_pTDP_level	0.283342831743178	0.152652122042296	-0.0158553274597222	0.582540990946078	0.0791166663748341	0.247760086805401	global pre-specified target-by-cell-type tests	14	results/GSE212630_multiome/GSE212630_predefined_17_gene_RNA_results.tsv	positive	FALSE	FALSE	ordinal pathology trend is not a diagnostic contrast
GSE212630_Emory	paired_multiome_pathology_context	Control/C9orf72 pathology spectrum	BA9	pTDP_ordinal_trend	Oligodendrocyte	ARHGAP35	log2FC_per_pTDP_level	0.127783848907211	0.206078982741156	-0.276130957265454	0.531698655079876	0.541845555032072	0.774918629708187	global pre-specified target-by-cell-type tests	14	results/GSE212630_multiome/GSE212630_predefined_17_gene_RNA_results.tsv	positive	FALSE	FALSE	ordinal pathology trend is not a diagnostic contrast
GSE212630_Emory	paired_multiome_pathology_context	Control/C9orf72 pathology spectrum	BA9	pTDP_ordinal_trend	Oligodendrocyte	ARHGAP39	log2FC_per_pTDP_level	0.127557362684893	0.247207445645081	-0.356969230779465	0.612083956149251	0.611152396055378	0.838024939196656	global pre-specified target-by-cell-type tests	14	results/GSE212630_multiome/GSE212630_predefined_17_gene_RNA_results.tsv	positive	FALSE	FALSE	ordinal pathology trend is not a diagnostic contrast
GSE212630_Emory	paired_multiome_pathology_context	Control/C9orf72 pathology spectrum	BA9	pTDP_ordinal_trend	Oligodendrocyte	BAG3	log2FC_per_pTDP_level	0.230731519250238	0.310415284380252	-0.377682438135055	0.839145476635531	0.464664764264941	0.730351685851355	global pre-specified target-by-cell-type tests	14	results/GSE212630_multiome/GSE212630_predefined_17_gene_RNA_results.tsv	positive	FALSE	FALSE	ordinal pathology trend is not a diagnostic contrast
GSE212630_Emory	paired_multiome_pathology_context	Control/C9orf72 pathology spectrum	BA9	pTDP_ordinal_trend	Oligodendrocyte	BCR	log2FC_per_pTDP_level	0.254462676074511	0.239518569398399	-0.21499371994635	0.723919072095372	0.300084064463838	0.605254299511809	global pre-specified target-by-cell-type tests	14	results/GSE212630_multiome/GSE212630_predefined_17_gene_RNA_results.tsv	positive	FALSE	FALSE	ordinal pathology trend is not a diagnostic contrast
GSE212630_Emory	paired_multiome_pathology_context	Control/C9orf72 pathology spectrum	BA9	pTDP_ordinal_trend	Oligodendrocyte	CCT5	log2FC_per_pTDP_level	0.211663775334107	0.203185112103358	-0.186579044388475	0.609906595056689	0.309342486370582	0.613529264634988	global pre-specified target-by-cell-type tests	14	results/GSE212630_multiome/GSE212630_predefined_17_gene_RNA_results.tsv	positive	FALSE	FALSE	ordinal pathology trend is not a diagnostic contrast
GSE212630_Emory	paired_multiome_pathology_context	Control/C9orf72 pathology spectrum	BA9	pTDP_ordinal_trend	Oligodendrocyte	CCT8	log2FC_per_pTDP_level	0.144326618152881	0.201244627121675	-0.250112851005601	0.538766087311363	0.481150305380632	0.737806342573163	global pre-specified target-by-cell-type tests	14	results/GSE212630_multiome/GSE212630_predefined_17_gene_RNA_results.tsv	positive	FALSE	FALSE	ordinal pathology trend is not a diagnostic contrast
GSE212630_Emory	paired_multiome_pathology_context	Control/C9orf72 pathology spectrum	BA9	pTDP_ordinal_trend	Oligodendrocyte	CHORDC1	log2FC_per_pTDP_level	0.399133025722069	0.185265450766302	0.0360127422201167	0.762253309224021	0.0429178245335979	0.201632641280649	global pre-specified target-by-cell-type tests	14	results/GSE212630_multiome/GSE212630_predefined_17_gene_RNA_results.tsv	positive	FALSE	FALSE	ordinal pathology trend is not a diagnostic contrast
GSE212630_Emory	paired_multiome_pathology_context	Control/C9orf72 pathology spectrum	BA9	pTDP_ordinal_trend	Oligodendrocyte	COA3	log2FC_per_pTDP_level	0.204218433765209	0.439328738396899	-0.656865893492713	1.06530276102313	0.648268827974653	0.857155450322041	global pre-specified target-by-cell-type tests	14	results/GSE212630_multiome/GSE212630_predefined_17_gene_RNA_results.tsv	positive	FALSE	FALSE	ordinal pathology trend is not a diagnostic contrast
GSE212630_Emory	paired_multiome_pathology_context	Control/C9orf72 pathology spectrum	BA9	pTDP_ordinal_trend	Oligodendrocyte	COX5B	log2FC_per_pTDP_level	0.173671843911873	0.487568041569639	-0.78196151756462	1.12930520538837	0.728659208286642	0.906517072550242	global pre-specified target-by-cell-type tests	14	results/GSE212630_multiome/GSE212630_predefined_17_gene_RNA_results.tsv	positive	FALSE	FALSE	ordinal pathology trend is not a diagnostic contrast
GSE212630_Emory	paired_multiome_pathology_context	Control/C9orf72 pathology spectrum	BA9	pTDP_ordinal_trend	Oligodendrocyte	COX7C	log2FC_per_pTDP_level	0.0371562706401812	0.43615134789453	-0.817700371233097	0.892012912513459	0.933615755485948	0.988320055661227	global pre-specified target-by-cell-type tests	14	results/GSE212630_multiome/GSE212630_predefined_17_gene_RNA_results.tsv	positive	FALSE	FALSE	ordinal pathology trend is not a diagnostic contrast
GSE212630_Emory	paired_multiome_pathology_context	Control/C9orf72 pathology spectrum	BA9	pTDP_ordinal_trend	Oligodendrocyte	DOCK7	log2FC_per_pTDP_level	0.179331078543392	0.160150198460015	-0.134563310438238	0.493225467525022	0.275404170779025	0.585233862905428	global pre-specified target-by-cell-type tests	14	results/GSE212630_multiome/GSE212630_predefined_17_gene_RNA_results.tsv	positive	FALSE	FALSE	ordinal pathology trend is not a diagnostic contrast
GSE212630_Emory	paired_multiome_pathology_context	Control/C9orf72 pathology spectrum	BA9	pTDP_ordinal_trend	Oligodendrocyte	HSP90AA1	log2FC_per_pTDP_level	-0.509507353946683	0.234566848647343	-0.969258377295475	-0.0497563305978909	0.0474518336554275	0.201670293035567	global pre-specified target-by-cell-type tests	14	results/GSE212630_multiome/GSE212630_predefined_17_gene_RNA_results.tsv	negative	FALSE	FALSE	ordinal pathology trend is not a diagnostic contrast
GSE212630_Emory	paired_multiome_pathology_context	Control/C9orf72 pathology spectrum	BA9	pTDP_ordinal_trend	Oligodendrocyte	HSP90AB1	log2FC_per_pTDP_level	-0.110981952801441	0.246766123455188	-0.59464355477361	0.372679649170728	0.659755471467486	0.862148012727219	global pre-specified target-by-cell-type tests	14	results/GSE212630_multiome/GSE212630_predefined_17_gene_RNA_results.tsv	negative	FALSE	FALSE	ordinal pathology trend is not a diagnostic contrast
GSE212630_Emory	paired_multiome_pathology_context	Control/C9orf72 pathology spectrum	BA9	pTDP_ordinal_trend	Oligodendrocyte	MAP1B	log2FC_per_pTDP_level	-0.346387563979542	0.132665435031985	-0.606411816642232	-0.0863633113168521	0.0162748469038289	0.129113785437042	global pre-specified target-by-cell-type tests	14	results/GSE212630_multiome/GSE212630_predefined_17_gene_RNA_results.tsv	negative	FALSE	FALSE	ordinal pathology trend is not a diagnostic contrast
GSE212630_Emory	paired_multiome_pathology_context	Control/C9orf72 pathology spectrum	BA9	pTDP_ordinal_trend	Oligodendrocyte	MAPT	log2FC_per_pTDP_level	0.383506658449354	0.134360221832263	0.120160623658118	0.64685269324059	0.00946322315862585	0.102374868716043	global pre-specified target-by-cell-type tests	14	results/GSE212630_multiome/GSE212630_predefined_17_gene_RNA_results.tsv	positive	FALSE	FALSE	ordinal pathology trend is not a diagnostic contrast
GSE212630_Emory	paired_multiome_pathology_context	Control/C9orf72 pathology spectrum	BA9	pTDP_ordinal_trend	Oligodendrocyte	PARK7	log2FC_per_pTDP_level	-0.0573031594054189	0.199190011017106	-0.447715580998947	0.33310926218811	0.776397864256392	0.952488101510419	global pre-specified target-by-cell-type tests	14	results/GSE212630_multiome/GSE212630_predefined_17_gene_RNA_results.tsv	negative	FALSE	FALSE	ordinal pathology trend is not a diagnostic contrast
GSE212630_Emory	paired_multiome_pathology_context	Control/C9orf72 pathology spectrum	BA9	pTDP_ordinal_trend	Oligodendrocyte	STARD13	log2FC_per_pTDP_level	0.315620951042384	0.115342271002268	0.0895500998779395	0.541691802206829	0.012330516373558	0.112871649881031	global pre-specified target-by-cell-type tests	14	results/GSE212630_multiome/GSE212630_predefined_17_gene_RNA_results.tsv	positive	FALSE	FALSE	ordinal pathology trend is not a diagnostic contrast
