cell_type	contrast	set_id	set_label	threshold	minimum_nuclei	analysis_role	NES	pval	padj	comparison_FDR	global_primary_FDR	direction	size	ES	ranked_genes	leadingEdge	log2err	primary_NES	primary_pval	primary_comparison_FDR	primary_global_FDR	direction_retained	absolute_NES_difference	n_samples	n_donors	donor_aware_model	sensitivity_test	uncertainty_interval
Astro	ALS_vs_Ctrl_mean	axon_development	Axon development	min20_sensitivity	20	sensitivity	1.02461407509073	0.393258426966292	0.393258426966292	0.393258426966292		positive	76	0.246697565251962	15416	MAPT;TAOK2;STK11;SPTBN4;PRICKLE1;NTNG1;LLGL1;ULK1;KLF7;CNTNAP1;RAB8A;DCC;ACTG1;ANK3;OLIG2;MAP1A;MAP1B;DSCAML1;S100A6;BAIAP2;APLP1;ADGRB1	0.0802023444698144	1.02692101912002	0.399334442595674	0.399334442595674	0.449251247920133	TRUE	0.00230694402929399	31	16	limma duplicateCorrelation donor-blocked pseudobulk; diagnosis-by-region fixed effects	FGSEA rerun after 20- or 50-nucleus eligibility threshold; direction comparison to 30-nucleus primary	not applicable: descriptive direction-retention sensitivity summary
Astro	ALS_vs_Ctrl_mean	axon_development	Axon development	min50_sensitivity	50	sensitivity	1.00026064449251	0.454545454545455	0.454545454545455	0.454545454545455		positive	81	0.234059964590147	15943	MAPT;STK11;TAOK2;SPTBN4;PRICKLE1;CNTNAP1;MAP7D2;NTNG1;KLF7;LLGL1;ULK1;MAP1B;S100A6;RAB8A;OLIG2;ACTG1;DCC;ANK3;ADGRB1;WNT7A;BAIAP2;PITPNA;DSCAML1;NTNG2	0.0770736734944102	1.02692101912002	0.399334442595674	0.399334442595674	0.449251247920133	TRUE	0.0266603746275131	31	16	limma duplicateCorrelation donor-blocked pseudobulk; diagnosis-by-region fixed effects	FGSEA rerun after 20- or 50-nucleus eligibility threshold; direction comparison to 30-nucleus primary	not applicable: descriptive direction-retention sensitivity summary
Astro	ALS_vs_Ctrl_mean	heat_response	Heat response	min20_sensitivity	20	sensitivity	1.36918916796538	0.0884955752212389	0.154867256637168	0.154867256637168		positive	25	0.419524521772023	15416	HSPB1;EIF2B5;TRPM2;NOS1;LRP11;EIF2B1;DNAJA3;EIF2B2;HSPB6;AKT1;MAP2K7	0.199915231309662	1.39148336320641	0.0837988826815642	0.146648044692737	0.122775107184617	TRUE	0.0222941952410365	31	16	limma duplicateCorrelation donor-blocked pseudobulk; diagnosis-by-region fixed effects	FGSEA rerun after 20- or 50-nucleus eligibility threshold; direction comparison to 30-nucleus primary	not applicable: descriptive direction-retention sensitivity summary
Astro	ALS_vs_Ctrl_mean	heat_response	Heat response	min50_sensitivity	50	sensitivity	1.37780748215972	0.0845864661654135	0.148026315789474	0.148026315789474		positive	25	0.414660824035552	15943	TRPM2;HSPB1;EIF2B5;NOS1;LRP11;HSPB6;EIF2B1;DNAJA3;EIF2B2;AKT1;MAP2K7	0.211400189384923	1.39148336320641	0.0837988826815642	0.146648044692737	0.122775107184617	TRUE	0.0136758810466917	31	16	limma duplicateCorrelation donor-blocked pseudobulk; diagnosis-by-region fixed effects	FGSEA rerun after 20- or 50-nucleus eligibility threshold; direction comparison to 30-nucleus primary	not applicable: descriptive direction-retention sensitivity summary
Astro	ALS_vs_Ctrl_mean	mitochondrial_energy	Mitochondrial energy	min20_sensitivity	20	sensitivity	-1.34425536163202	0.114219114219114	0.15990675990676	0.15990675990676		negative	21	-0.409833239634501	15416	COX7A2;COX6B1;DGUOK;COX4I1;COX5B;COX7C;UQCRH;COX7B;UQCRC1;COX5A;NDUFA12;UQCRB	0.20207170902116	-1.33692123269839	0.112526539278132	0.149878345498784	0.154112434228746	TRUE	0.00733412893362928	31	16	limma duplicateCorrelation donor-blocked pseudobulk; diagnosis-by-region fixed effects	FGSEA rerun after 20- or 50-nucleus eligibility threshold; direction comparison to 30-nucleus primary	not applicable: descriptive direction-retention sensitivity summary
Astro	ALS_vs_Ctrl_mean	mitochondrial_energy	Mitochondrial energy	min50_sensitivity	50	sensitivity	-1.10659217231387	0.329087048832272	0.383934890304317	0.383934890304317		negative	22	-0.334231098743599	15943	COX7A2;COX6B1;DGUOK;COX4I1;COX7C;COX5B;COX7B;UQCRH;UQCRC1	0.106729884364606	-1.33692123269839	0.112526539278132	0.149878345498784	0.154112434228746	TRUE	0.230329060384517	31	16	limma duplicateCorrelation donor-blocked pseudobulk; diagnosis-by-region fixed effects	FGSEA rerun after 20- or 50-nucleus eligibility threshold; direction comparison to 30-nucleus primary	not applicable: descriptive direction-retention sensitivity summary
Astro	ALS_vs_Ctrl_mean	protein_folding	Protein folding	min20_sensitivity	20	sensitivity	1.3091712860178	0.0491551459293395	0.114695340501792	0.114695340501792		positive	149	0.284902321019991	15416	PDIA3;ENGASE;DNAJB13;CD74;PPIF;DNAJB2;TAPBP;PDIA5;CLU;PDIA6;DNAJB1;WIPF1;PDRG1;PTGES3;CALR;DNAJC7;HSPA5;PPIB;P4HB;HSPB1;PDIA4;UNC45A;RP2;MPDU1;BAG3;DNAJC4;COX19;DNAJC21;RIC8A;DNAJB5;DNAJA3;DNAJC5;CANX;CHORDC1;KHSRP;TBCD;QSOX2;HSPA9;HSPB6;TTC4;RIC8B;FKBP10;QSOX1;MESD;DNAJC18	0.252961123069611	1.32481016532058	0.0413314009940289	0.096439935652734	0.0693482401680361	TRUE	0.0156388793027862	31	16	limma duplicateCorrelation donor-blocked pseudobulk; diagnosis-by-region fixed effects	FGSEA rerun after 20- or 50-nucleus eligibility threshold; direction comparison to 30-nucleus primary	not applicable: descriptive direction-retention sensitivity summary
Astro	ALS_vs_Ctrl_mean	protein_folding	Protein folding	min50_sensitivity	50	sensitivity	1.29837096868207	0.0545746388443018	0.127340823970037	0.127340823970037		positive	150	0.274892056854762	15943	PDIA3;ENGASE;DNAJB13;CD74;PPIF;TAPBP;WIPF1;DNAJB2;DNAJB1;PDIA5;CLU;PDIA6;PTGES3;HSPB1;PDRG1;HSPA5;CALR;DNAJC7;P4HB;PPIB;PDIA4;UNC45A;BAG3;COX19;RP2;DNAJC4;MPDU1;DNAJB5;DNAJC21;RIC8A;HSPB6;CHORDC1;TBCD;DNAJA3;DNAJC5;CANX;KHSRP;HSPA9;QSOX2;TTC4;RIC8B;FKBP10;QSOX1;LTBP4	0.245041785430996	1.32481016532058	0.0413314009940289	0.096439935652734	0.0693482401680361	TRUE	0.0264391966385156	31	16	limma duplicateCorrelation donor-blocked pseudobulk; diagnosis-by-region fixed effects	FGSEA rerun after 20- or 50-nucleus eligibility threshold; direction comparison to 30-nucleus primary	not applicable: descriptive direction-retention sensitivity summary
Astro	ALS_vs_Ctrl_mean	protein_stabilization	Protein stabilization	min20_sensitivity	20	sensitivity	1.15904861790723	0.172262773722628	0.200973236009732	0.200973236009732		positive	194	0.243118857912865	15416	FLNA;HSPA1B;USP2;TMC8;CD74;PIM1;LAMP1;FLOT2;PRKCD;TNIP2;GRN;CLU;TMC6;HCFC1;PDRG1;PTGES3;SMAD3;AAK1;HSPA1A;CALR;PAQR4;LAMP2;PPIB;HSPB1;OTUD3;RASSF1;UBE2B;WIZ;CHP1;PEX6;BAG3;PML;IFT46;DVL1;COG7;DNAJA3;CDKN2A;BAG6;ATP1B2;EFNA1;ZSWIM7;SAV1;TBL1X;WFS1;RASSF2;UXT;TESC;USP36;MUL1	0.125033367555272	1.18196356169266	0.128467153284672	0.149878345498784	0.165172054223149	TRUE	0.0229149437854304	31	16	limma duplicateCorrelation donor-blocked pseudobulk; diagnosis-by-region fixed effects	FGSEA rerun after 20- or 50-nucleus eligibility threshold; direction comparison to 30-nucleus primary	not applicable: descriptive direction-retention sensitivity summary
Astro	ALS_vs_Ctrl_mean	protein_stabilization	Protein stabilization	min50_sensitivity	50	sensitivity	1.12182672806501	0.201612903225806	0.282258064516129	0.282258064516129		positive	195	0.231254789146985	15943	FLNA;HSPA1B;USP2;PIM1;TMC8;CD74;LAMP1;FLOT2;PRKCD;TNIP2;CLU;HCFC1;GRN;TMC6;SMAD3;HSPA1A;PTGES3;AAK1;HSPB1;PDRG1;CALR;PPIB;LAMP2;PAQR4;UBE2B;RASSF1;OTUD3;WIZ;PML;CHP1;BAG3;DVL1;PEX6;EFNA1;IFT46;COG7;DNAJA3;ZSWIM7;CDKN2A;BAG6;ATP1B2;TESC;TBL1X;WFS1;SAV1;UXT;RTN4;MUL1;USP36;RASSF2;STK3;MSX1;TBRG1;CHEK2;RUVBL2;TAF9B;WDR81;CRTAP;NCLN	0.120985142145252	1.18196356169266	0.128467153284672	0.149878345498784	0.165172054223149	TRUE	0.0601368336276587	31	16	limma duplicateCorrelation donor-blocked pseudobulk; diagnosis-by-region fixed effects	FGSEA rerun after 20- or 50-nucleus eligibility threshold; direction comparison to 30-nucleus primary	not applicable: descriptive direction-retention sensitivity summary
Astro	ALS_vs_Ctrl_mean	small_GTPase	Small GTPase	min20_sensitivity	20	sensitivity	1.64454068141092	0.000222032937373915	0.0015542305616174	0.0015542305616174		positive	177	0.349466756859107	15416	NUCB1;RALGDS;FGD3;RASGEF1B;PLCE1;FGD2;PLEKHG4B;MCF2L;ARHGEF3;RHOU;ARHGEF17;RGL3;DOCK8;ARHGAP15;RHOC;SIPA1;ARHGAP39;SRGAP2;RASGEF1C;DOCK2;ARHGEF10L;RASL12;RHOA;SH2D3C;ARHGAP1;RAPGEF3;ARHGAP25;TIAM2;RIT2;MYO9B;VAV2;PLD1;PLEKHG3;CHP1;RASGRP1;RHOG;ARHGAP22;VAV1;RAP1GAP;KNDC1;PLD2;DOCK10;DVL2;PREX1;AKAP13;RRAD;ARHGAP10;DOCK11;ARHGAP33;ABR;DEF6;ARAP1;ARHGAP6;ARHGEF40	0.518848077743792	1.67538289060368	0.000231025420251782	0.00161717794176247	0.000856153027991897	TRUE	0.0308422091927625	31	16	limma duplicateCorrelation donor-blocked pseudobulk; diagnosis-by-region fixed effects	FGSEA rerun after 20- or 50-nucleus eligibility threshold; direction comparison to 30-nucleus primary	not applicable: descriptive direction-retention sensitivity summary
Astro	ALS_vs_Ctrl_mean	small_GTPase	Small GTPase	min50_sensitivity	50	sensitivity	1.63029302799874	0.00038394010148922	0.00268758071042454	0.00268758071042454		positive	180	0.338294772003079	15943	RALGDS;RASGEF1B;NUCB1;FGD3;PLCE1;ARHGEF3;MCF2L;FGD2;PLEKHG4B;DOCK8;ARHGEF17;RHOU;RHOC;RGL3;ARHGAP15;ARHGAP39;SRGAP2;RASGEF1C;SIPA1;RASL12;DOCK2;ARHGEF10L;ARHGAP45;SH2D3C;RHOA;ARHGAP1;RAPGEF3;RIT2;ARHGAP25;VAV2;TIAM2;MYO9B;PLEKHG3;PLD1;RHOG;RASGRP1;CHP1;VAV1;RAP1GAP;PLD2;ARHGAP22;DOCK11;KNDC1;PREX1;DVL2;AKAP13;DOCK10;ARHGAP33;ABR;DEF6;ARAP1;ARHGAP10;ARHGEF40;ARHGEF11;RASGEF1A;SIPA1L3;RRAD;ARHGAP6;RHOBTB1;RIN2;TRIO;RRAGC;KALRN;MYO9A;TNK2;RND3	0.49849310876659	1.67538289060368	0.000231025420251782	0.00161717794176247	0.000856153027991897	TRUE	0.0450898626049447	31	16	limma duplicateCorrelation donor-blocked pseudobulk; diagnosis-by-region fixed effects	FGSEA rerun after 20- or 50-nucleus eligibility threshold; direction comparison to 30-nucleus primary	not applicable: descriptive direction-retention sensitivity summary
Astro	ALS_vs_Ctrl_mean	synapse_junction	Synapse / junction assembly	min20_sensitivity	20	sensitivity	1.5703240809712	0.0104599470360115	0.0366098146260402	0.0366098146260402		positive	63	0.392888900906335	15416	DNER;NLGN2;ADD2;MAPT;PLXNB2;PLXND1;SPOCK2;RHOA;DAG1;FZD5;PCDHB9;PLXNA1;PCDHB4;RAB29;PCDHB14;PCDHB10;PCDHB6;PLXNB1;PLXNA3	0.380730400722792	1.58370889048007	0.00989685014138998	0.0346389754948649	0.020783385296919	TRUE	0.0133848095088684	31	16	limma duplicateCorrelation donor-blocked pseudobulk; diagnosis-by-region fixed effects	FGSEA rerun after 20- or 50-nucleus eligibility threshold; direction comparison to 30-nucleus primary	not applicable: descriptive direction-retention sensitivity summary
Astro	ALS_vs_Ctrl_mean	synapse_junction	Synapse / junction assembly	min50_sensitivity	50	sensitivity	1.62461372315503	0.00902291700218959	0.0315802095076636	0.0315802095076636		positive	65	0.394649584838015	15943	DNER;ADD2;NLGN2;PLXNB2;MAPT;PLXND1;SPOCK2;RHOA;DAG1;FZD5;PCDHB4;PCDHB9;PLXNA1;MAP1B;PCDHB14;RAB29;PCDHB10;PLXNA3;PCDHB6;PLXNB1	0.380730400722792	1.58370889048007	0.00989685014138998	0.0346389754948649	0.020783385296919	TRUE	0.0409048326749664	31	16	limma duplicateCorrelation donor-blocked pseudobulk; diagnosis-by-region fixed effects	FGSEA rerun after 20- or 50-nucleus eligibility threshold; direction comparison to 30-nucleus primary	not applicable: descriptive direction-retention sensitivity summary
Astro	ALS_vs_FTD_mean	axon_development	Axon development	min20_sensitivity	20	sensitivity	-1.69280005247283	0.00139009049332415	0.00486531672663452	0.00486531672663452		negative	76	-0.420693114749432	15416	APP;NMNAT2;MARK2;GPM6B;ZPR1;CNTN4;MAP1A;TAOK2;MAP1B;PAK3;DOCK7;PARD3;SHTN1;MAPK8IP3;ACTB;PICALM;GRM7;APLP2;DCC;BRSK1;APBB1;SPAST;WNT7A;APLP1;CELSR2;ATL1;LLGL1;SPG11;DSCAML1;AMIGO1;MAP1S;PARD6B;RAB10;OLIG2;SLITRK5;PRICKLE1;TRIM46	0.45505986738723	-1.69191337549945	0.00146044166322245	0.00511154582127857	0.00400034020795714	TRUE	0.000886676973379519	31	16	limma duplicateCorrelation donor-blocked pseudobulk; diagnosis-by-region fixed effects	FGSEA rerun after 20- or 50-nucleus eligibility threshold; direction comparison to 30-nucleus primary	not applicable: descriptive direction-retention sensitivity summary
Astro	ALS_vs_FTD_mean	axon_development	Axon development	min50_sensitivity	50	sensitivity	-1.76983848881948	0.00061693923827112	0.00215928733394892	0.00215928733394892		negative	81	-0.422499675276875	15943	NMNAT2;APP;MAP1A;GPM6B;MARK2;CCK;CNTN4;MAP7D2;ZPR1;TAOK2;SHTN1;PAK3;MAP1B;PARD3;DOCK7;MAPK8IP3;APLP2;PICALM;GRM7;ACTB;DCC;BRSK1;CELSR3;WNT7A;SPAST;APLP1;APBB1	0.477270815362862	-1.69191337549945	0.00146044166322245	0.00511154582127857	0.00400034020795714	TRUE	0.0779251133200323	31	16	limma duplicateCorrelation donor-blocked pseudobulk; diagnosis-by-region fixed effects	FGSEA rerun after 20- or 50-nucleus eligibility threshold; direction comparison to 30-nucleus primary	not applicable: descriptive direction-retention sensitivity summary
Astro	ALS_vs_FTD_mean	heat_response	Heat response	min20_sensitivity	20	sensitivity	-1.09733835966558	0.315789473684211	0.368421052631579	0.368421052631579		negative	25	-0.341120106725715	15416	EIF2B3;DNAJA1;SOD1;HSP90AA1;MTOR;MAP2K7;CRYAB;HSPB1;NOS1;DNAJA2;EIF2B4;PSIP1	0.0956031492204301	-1.09377909596748	0.331658291457286	0.377708978328173	0.386934673366834	TRUE	0.00355926369810122	31	16	limma duplicateCorrelation donor-blocked pseudobulk; diagnosis-by-region fixed effects	FGSEA rerun after 20- or 50-nucleus eligibility threshold; direction comparison to 30-nucleus primary	not applicable: descriptive direction-retention sensitivity summary
Astro	ALS_vs_FTD_mean	heat_response	Heat response	min50_sensitivity	50	sensitivity	-1.07941733197102	0.351201478743068	0.351201478743068	0.351201478743068		negative	25	-0.331405435800857	15943	EIF2B3;DNAJA1;SOD1;HSP90AA1;MTOR;MAP2K7;CRYAB;HSPB1;NOS1;DNAJA2;EIF2B4;HSPA2	0.0943563635421779	-1.09377909596748	0.331658291457286	0.377708978328173	0.386934673366834	TRUE	0.0143617639964566	31	16	limma duplicateCorrelation donor-blocked pseudobulk; diagnosis-by-region fixed effects	FGSEA rerun after 20- or 50-nucleus eligibility threshold; direction comparison to 30-nucleus primary	not applicable: descriptive direction-retention sensitivity summary
Astro	ALS_vs_FTD_mean	mitochondrial_energy	Mitochondrial energy	min20_sensitivity	20	sensitivity	-1.33194175346381	0.13265306122449	0.185714285714286	0.185714285714286		negative	21	-0.429257870299188	15416	UQCRB;COX4I1;COX7A2;COX6B1;COX5B;COX7C;UQCRH;C2orf69;COX6C;COX5A;MT-CO1	0.157402899305283	-1.31471532449263	0.122033898305085	0.170847457627119	0.160169491525424	TRUE	0.0172264289711774	31	16	limma duplicateCorrelation donor-blocked pseudobulk; diagnosis-by-region fixed effects	FGSEA rerun after 20- or 50-nucleus eligibility threshold; direction comparison to 30-nucleus primary	not applicable: descriptive direction-retention sensitivity summary
Astro	ALS_vs_FTD_mean	mitochondrial_energy	Mitochondrial energy	min50_sensitivity	50	sensitivity	-1.17012276830885	0.25328330206379	0.295497185741088	0.295497185741088		negative	22	-0.374495987959958	15943	UQCRB;COX4I1;COX7A2;COX6B1;COX7C;COX5B;C2orf69;UQCRH;COX6A1;MT-CO1	0.115734447701689	-1.31471532449263	0.122033898305085	0.170847457627119	0.160169491525424	TRUE	0.144592556183776	31	16	limma duplicateCorrelation donor-blocked pseudobulk; diagnosis-by-region fixed effects	FGSEA rerun after 20- or 50-nucleus eligibility threshold; direction comparison to 30-nucleus primary	not applicable: descriptive direction-retention sensitivity summary
Astro	ALS_vs_FTD_mean	protein_folding	Protein folding	min20_sensitivity	20	sensitivity	-1.68928382571433	0.000246080345353512	0.00172256241747458	0.00172256241747458		negative	149	-0.380526407725924	15416	PPIA;FKBP4;HSPH1;HSP90AB1;HSP90B1;PFDN2;COA3;FKBP8;PDIA4;DNAJA1;ZPR1;PDCL3;TBCC;HSPA4;CCT7;DNAJB1;DNAJB2;BAG2;DNAJB6;SACS;KHSRP;COX19;NFYC;HSP90AA1;TCP1;TBCE;TRAP1;ST13;PTGES3;CCT4;AHSA1;ZMYND10;ATPAF2;CHORDC1;PFDN6;GRPEL1;ERP44;CDC123;TAPBP;PDIA5;TBCD;DNAJC5;HSPA4L;PPID;CRYAB;HSPBP1;CCT6A;ERP29;HSPA8;HSPB1	0.49849310876659	-1.69771836550436	0.000187094094413113	0.00130965866089179	0.000785795196535074	TRUE	0.00843453979003139	31	16	limma duplicateCorrelation donor-blocked pseudobulk; diagnosis-by-region fixed effects	FGSEA rerun after 20- or 50-nucleus eligibility threshold; direction comparison to 30-nucleus primary	not applicable: descriptive direction-retention sensitivity summary
Astro	ALS_vs_FTD_mean	protein_folding	Protein folding	min50_sensitivity	50	sensitivity	-1.69994413233782	0.000271045899748858	0.00189732129824201	0.00189732129824201		negative	150	-0.368497877965351	15943	PPIA;FKBP4;HSPH1;HSP90AB1;HSP90B1;COA3;PDIA4;PFDN2;FKBP8;DNAJA1;TBCC;PDCL3;SACS;HSPA4;NFYC;ZPR1;CCT7;DNAJB1;DNAJB2;BAG2;TBCE;DNAJB6;KHSRP;COX19;HSP90AA1;TRAP1;TCP1;ST13;ATPAF2;CCT4;DNAJC5;CHORDC1;PTGES3;AHSA1;CDC123;ZMYND10;ERP44;PFDN6;PDIA5;HYPK;GRPEL1;TBCD;CCT6A;HSPA4L;HSPA8;NGLY1;SIL1;TAPBP;RIC8B;CRYAB;HSPBP1;ERP29;PPID;MKKS	0.49849310876659	-1.69771836550436	0.000187094094413113	0.00130965866089179	0.000785795196535074	TRUE	0.00222576683345732	31	16	limma duplicateCorrelation donor-blocked pseudobulk; diagnosis-by-region fixed effects	FGSEA rerun after 20- or 50-nucleus eligibility threshold; direction comparison to 30-nucleus primary	not applicable: descriptive direction-retention sensitivity summary
Astro	ALS_vs_FTD_mean	protein_stabilization	Protein stabilization	min20_sensitivity	20	sensitivity	-1.34031717110547	0.0394557823129252	0.0920634920634921	0.0920634920634921		negative	194	-0.292061358678046	15416	HSP90AB1;PIN1;PFDN2;ANK2;RPL23;PARK7;STUB1;NAA16;PDCL3;PARVA;CCT7;GAPDH;BAG2;TRIM44;PAK4;USP13;HSP90AA1;TCP1;CFP;SOX4;HIP1;PFN1;MAPK8IP3;HSPA1B;MSX1;ATP1B1;HERC2;HSPA1A;PTGES3;CCT4;COG3;MDM4;MTOR;PFDN6;PPP1CA;STXBP4;CBL;ATP1B3;PEX6;POLR2E;WFS1;PINK1;BAG6;PTEN;CRYAB;CCT6A;HSPB1;FBXW7;TUBA1A;CCNH;EP300;USP36;VHL;MORC3;HSPD1;PYURF;CCT3;TTI2;WIZ;NAA15;EPHA4;CLU;PIK3R1;LAMP1;WDR81;BAG5;NCLN;PFDN5;BAG1;CBLB;USP27X;BAG4;PFN2;CCT8	0.266350657088526	-1.35345250936694	0.0233533693177136	0.0544911950746651	0.0432724196181164	TRUE	0.0131353382614647	31	16	limma duplicateCorrelation donor-blocked pseudobulk; diagnosis-by-region fixed effects	FGSEA rerun after 20- or 50-nucleus eligibility threshold; direction comparison to 30-nucleus primary	not applicable: descriptive direction-retention sensitivity summary
Astro	ALS_vs_FTD_mean	protein_stabilization	Protein stabilization	min50_sensitivity	50	sensitivity	-1.38881442502905	0.00852444011944791	0.0198903602787118	0.0198903602787118		negative	195	-0.290495968468371	15943	PIN1;HSP90AB1;ANK2;PFDN2;RPL23;STUB1;PARK7;PAK4;PARVA;NAA16;TRIM44;PDCL3;HIP1;CCT7;USP13;GAPDH;BAG2;CFP;MSX1;ATP1B1;HSP90AA1;MTOR;TCP1;HERC2;PFN1;COG3;MAPK8IP3;SOX4;CCT4;ATP1B3;HSPA1B;PTGES3;STXBP4;HSPA1A;CBL;POLR2E;PFDN6;PPP1CA;HYPK;PEX6;PIK3R1;MDM4;TTI2;PINK1;CCT6A;PTEN;WFS1;NAA15;CCNH;BAG6	0.380730400722792	-1.35345250936694	0.0233533693177136	0.0544911950746651	0.0432724196181164	TRUE	0.0353619156621112	31	16	limma duplicateCorrelation donor-blocked pseudobulk; diagnosis-by-region fixed effects	FGSEA rerun after 20- or 50-nucleus eligibility threshold; direction comparison to 30-nucleus primary	not applicable: descriptive direction-retention sensitivity summary
Astro	ALS_vs_FTD_mean	small_GTPase	Small GTPase	min20_sensitivity	20	sensitivity	-1.29322895178844	0.053941908713693	0.0943983402489627	0.0943983402489627		negative	177	-0.285129928765367	15416	NGEF;RND2;TIAM1;STARD13;GDI1;ARAP1;RASGEF1B;SOS1;SIPA1L3;SIPA1L1;FGD1;ARHGAP28;FAM13A;DOCK7;ARHGAP5;MYO9B;DOCK9;SOS2;ARHGEF28;ARHGEF25;DOCK3;RAC3;CCDC88A;PLEKHG4B;RAPGEF2;RAPGEF1;TIAM2;ARHGAP35;RALGPS1;RAPGEF4;RASGRF1;RIT2;RAC1;ARHGEF4;ARHGAP6;RASGRP2;ARHGEF2;ARHGAP31;ARHGAP23;RUNDC3A;RRAD;GNA13;TNK2;MCF2L;SIPA1;MCF2;RHOF;VAV3;RHOJ;RHOA;RHOQ;ARHGAP18;SRGAP2;RHOBTB1	0.227987202850442	-1.31469391049289	0.0386206896551724	0.0675862068965517	0.0675862068965517	TRUE	0.0214649587044429	31	16	limma duplicateCorrelation donor-blocked pseudobulk; diagnosis-by-region fixed effects	FGSEA rerun after 20- or 50-nucleus eligibility threshold; direction comparison to 30-nucleus primary	not applicable: descriptive direction-retention sensitivity summary
Astro	ALS_vs_FTD_mean	small_GTPase	Small GTPase	min50_sensitivity	50	sensitivity	-1.31650672877367	0.0339523922263981	0.0594166863961966	0.0594166863961966		negative	180	-0.278669958947036	15943	STARD13;RND2;NGEF;TIAM1;SIPA1L3;GDI1;ARAP1;ARHGAP5;RALGPS1;ARHGEF25;SIPA1L1;SOS1;RASGEF1B;FGD1;ARHGAP28;FAM13A;MYO9B;DOCK7;SOS2;DOCK9;DOCK3;RAC3;ARHGEF28;PLEKHG4B;VAV3;RAPGEF2;CCDC88A;ARHGEF4;RAPGEF1;ARHGAP35;TIAM2;ARHGAP6;RRAD;RASGRF1;RAPGEF4;RIT2;RASGRP2;ARHGEF2;TNK2;ARHGAP23;RALGAPB;RAC1;SIPA1;SRGAP3;RUNDC3A;ARHGAP32;ARHGAP31;MCF2L;ARHGAP18;RHOJ	0.321775918075361	-1.31469391049289	0.0386206896551724	0.0675862068965517	0.0675862068965517	TRUE	0.00181281828078483	31	16	limma duplicateCorrelation donor-blocked pseudobulk; diagnosis-by-region fixed effects	FGSEA rerun after 20- or 50-nucleus eligibility threshold; direction comparison to 30-nucleus primary	not applicable: descriptive direction-retention sensitivity summary
Astro	ALS_vs_FTD_mean	synapse_junction	Synapse / junction assembly	min20_sensitivity	20	sensitivity	-1.03115788687623	0.408882082695253	0.408882082695253	0.408882082695253		negative	63	-0.26689065673724	15416	GRIA1;SHANK3;DNM3;MAP1B;SDK2;ADGRL3;NRXN2;SDK1;PLXNB1;CDH2;NLGN3;OPHN1;ERBB4;PTEN;NRG3;NLGN1;PLXNA3	0.0756946307932749	-1.04259268020308	0.377708978328173	0.377708978328173	0.432648466084999	TRUE	0.011434793326847	31	16	limma duplicateCorrelation donor-blocked pseudobulk; diagnosis-by-region fixed effects	FGSEA rerun after 20- or 50-nucleus eligibility threshold; direction comparison to 30-nucleus primary	not applicable: descriptive direction-retention sensitivity summary
Astro	ALS_vs_FTD_mean	synapse_junction	Synapse / junction assembly	min50_sensitivity	50	sensitivity	-1.1384080446859	0.2375	0.295497185741088	0.295497185741088		negative	65	-0.283095649699039	15943	SHANK3;GRIA1;DNM3;SDK2;ADGRL3;MAP1B;NRXN2;PLXNA2;SDK1;CDH2;PLXNB1;NLGN3;ERBB4;PTEN;OPHN1;NLGN1	0.116739204791222	-1.04259268020308	0.377708978328173	0.377708978328173	0.432648466084999	TRUE	0.0958153644828219	31	16	limma duplicateCorrelation donor-blocked pseudobulk; diagnosis-by-region fixed effects	FGSEA rerun after 20- or 50-nucleus eligibility threshold; direction comparison to 30-nucleus primary	not applicable: descriptive direction-retention sensitivity summary
Astro	FTD_vs_Ctrl_mean	axon_development	Axon development	min20_sensitivity	20	sensitivity	1.6489279417987	0.00191088095121818	0.00334404166463181	0.00334404166463181		positive	76	0.414109645907231	15416	TAOK2;NMNAT2;MAP1A;MAP1B;APP;MARK2;CNTN4;DCC;STK11;LLGL1;MAPK8IP3;PRICKLE1;SPTBN4;GRM7;APLP1;ACTB;WNT7A;OLIG2;NTNG1;DSCAML1;BRSK1;DOCK7;PAK3;MAP1S;BAIAP2;PITPNA;SHTN1;ANK3;SLITRK5;RAB10;RAB8A;CELSR2;S100A6;PARD3;GPM6B;APLP2;PICALM;ACTG1;DRD2;PLP1;MAPT;SPG11;AMIGO1;NPR2	0.45505986738723	1.64793064899862	0.00222756448134375	0.00389823784235157	0.00584735676352736	TRUE	0.000997292800082095	31	16	limma duplicateCorrelation donor-blocked pseudobulk; diagnosis-by-region fixed effects	FGSEA rerun after 20- or 50-nucleus eligibility threshold; direction comparison to 30-nucleus primary	not applicable: descriptive direction-retention sensitivity summary
Astro	FTD_vs_Ctrl_mean	axon_development	Axon development	min50_sensitivity	50	sensitivity	1.73815587323869	0.00148154182851934	0.0034569309332118	0.0034569309332118		positive	81	0.413599432558184	15943	TAOK2;MAP7D2;MAP1A;MAP1B;NMNAT2;APP;MARK2;CCK;CNTN4;STK11;DCC;LLGL1;PRICKLE1;WNT7A;MAPK8IP3;SPTBN4;APLP1;GRM7;NTNG1;OLIG2;ACTB;BRSK1;DSCAML1;PAK3;DOCK7;CELSR3;MAP1S;BAIAP2;SLITRK5;RAB8A;SLITRK1;S100A6;SHTN1;ANK3;GPM6B;PITPNA;PARD3;CELSR2;APLP2	0.45505986738723	1.64793064899862	0.00222756448134375	0.00389823784235157	0.00584735676352736	TRUE	0.0902252242400725	31	16	limma duplicateCorrelation donor-blocked pseudobulk; diagnosis-by-region fixed effects	FGSEA rerun after 20- or 50-nucleus eligibility threshold; direction comparison to 30-nucleus primary	not applicable: descriptive direction-retention sensitivity summary
Astro	FTD_vs_Ctrl_mean	heat_response	Heat response	min20_sensitivity	20	sensitivity	1.42923144191951	0.0600924499229584	0.0701078582434515	0.0701078582434515		positive	25	0.453454866006764	15416	HSPB1;EIF2B3;DNAJA1;MAP2K7;HSP90AA1;NOS1;SOD1;CRYAB;EIF2B4;LRP11;HSPA2;MTOR	0.227987202850442	1.44428495452126	0.0464396284829721	0.0541795665634675	0.0750178613955704	TRUE	0.0150535126017486	31	16	limma duplicateCorrelation donor-blocked pseudobulk; diagnosis-by-region fixed effects	FGSEA rerun after 20- or 50-nucleus eligibility threshold; direction comparison to 30-nucleus primary	not applicable: descriptive direction-retention sensitivity summary
Astro	FTD_vs_Ctrl_mean	heat_response	Heat response	min50_sensitivity	50	sensitivity	1.55113169898538	0.0323210381112292	0.0377078777964341	0.0377078777964341		positive	25	0.47442783714178	15943	EIF2B3;DNAJA1;HSPB1;MAP2K7;HSP90AA1;SOD1;NOS1;CRYAB;EIF2B4;HSPA2;LRP11;MTOR	0.321775918075361	1.44428495452126	0.0464396284829721	0.0541795665634675	0.0750178613955704	TRUE	0.106846744464121	31	16	limma duplicateCorrelation donor-blocked pseudobulk; diagnosis-by-region fixed effects	FGSEA rerun after 20- or 50-nucleus eligibility threshold; direction comparison to 30-nucleus primary	not applicable: descriptive direction-retention sensitivity summary
Astro	FTD_vs_Ctrl_mean	mitochondrial_energy	Mitochondrial energy	min20_sensitivity	20	sensitivity	0.762294777103946	0.795631825273011	0.795631825273011	0.795631825273011		positive	21	0.253503819309657	15416	UQCRB;COX4I1;COX6C;MT-CO1;C2orf69;COX5B;NDUFV3;COX7A2;COX7C;ATP5F1C;UQCRH	0.044774889329693	0.774592021664811	0.787539936102236	0.787539936102236	0.787539936102236	TRUE	0.0122972445608653	31	16	limma duplicateCorrelation donor-blocked pseudobulk; diagnosis-by-region fixed effects	FGSEA rerun after 20- or 50-nucleus eligibility threshold; direction comparison to 30-nucleus primary	not applicable: descriptive direction-retention sensitivity summary
Astro	FTD_vs_Ctrl_mean	mitochondrial_energy	Mitochondrial energy	min50_sensitivity	50	sensitivity	0.794174208173499	0.799276672694394	0.799276672694394	0.799276672694394		positive	22	0.250417505880292	15943	UQCRB;COX4I1;COX6A1;COX6C;MT-CO1;C2orf69;COX5B;NDUFV3;COX7C;COX7A2;UQCRH;COX6B1;COX5A;ATP5F1C	0.0513223330421143	0.774592021664811	0.787539936102236	0.787539936102236	0.787539936102236	TRUE	0.0195821865086878	31	16	limma duplicateCorrelation donor-blocked pseudobulk; diagnosis-by-region fixed effects	FGSEA rerun after 20- or 50-nucleus eligibility threshold; direction comparison to 30-nucleus primary	not applicable: descriptive direction-retention sensitivity summary
Astro	FTD_vs_Ctrl_mean	protein_folding	Protein folding	min20_sensitivity	20	sensitivity	1.82936696217107	8.72725761457346e-06	6.10908033020142e-05	6.10908033020142e-05		positive	149	0.415078129132913	15416	PDIA4;PPIA;DNAJB2;HSPH1;DNAJB1;HSP90AB1;PDIA5;TAPBP;PTGES3;COX19;FKBP4;KHSRP;DNAJB6;CHORDC1;HSPB1;CLU;DNAJA1;FKBP8;PDIA3;DNAJC5;HSP90B1;TBCD;TBCE;P4HB;PFDN2;HSP90AA1;AHSA1;RIC8B;TRAP1;HSPA5;HSPA4L;ZMYND10;CANX;BAG3;HSPA4;ST13;ATPAF2;CRYAB;CCT4;HSPA9;HSPD1;PDCL3;BAG2;DNAJC18;RP2	0.593325476396405	1.84419732639559	4.51066345732279e-06	3.15746442012595e-05	6.4375098727079e-05	TRUE	0.0148303642245229	31	16	limma duplicateCorrelation donor-blocked pseudobulk; diagnosis-by-region fixed effects	FGSEA rerun after 20- or 50-nucleus eligibility threshold; direction comparison to 30-nucleus primary	not applicable: descriptive direction-retention sensitivity summary
Astro	FTD_vs_Ctrl_mean	protein_folding	Protein folding	min50_sensitivity	50	sensitivity	1.79445356736188	4.16460950416265e-05	0.000291522665291385	0.000291522665291385		positive	150	0.386285989624999	15943	PDIA4;DNAJB2;HSPH1;DNAJB1;PPIA;HSP90AB1;PDIA5;PTGES3;COX19;FKBP4;TAPBP;KHSRP;DNAJB6;CHORDC1;DNAJC5;DNAJA1;HSPB1;TBCE;HSP90B1;FKBP8;CLU;P4HB;PDIA3;TBCD;PFDN2;AHSA1;HSP90AA1;RIC8B;HSPA5;TRAP1;HSPA4L;ZMYND10;HSPA4;ATPAF2;BAG3;ST13;CANX;CCT4;PDCL3;HSPD1;SACS;HSPA9;BAG2;CRYAB	0.557332238758646	1.84419732639559	4.51066345732279e-06	3.15746442012595e-05	6.4375098727079e-05	TRUE	0.0497437590337113	31	16	limma duplicateCorrelation donor-blocked pseudobulk; diagnosis-by-region fixed effects	FGSEA rerun after 20- or 50-nucleus eligibility threshold; direction comparison to 30-nucleus primary	not applicable: descriptive direction-retention sensitivity summary
Astro	FTD_vs_Ctrl_mean	protein_stabilization	Protein stabilization	min20_sensitivity	20	sensitivity	1.62031913450884	0.000266229395783734	0.00062120192349538	0.00062120192349538		positive	194	0.354272134521984	15416	HSPA1B;HSP90AB1;PTGES3;HSPA1A;MSX1;PEX6;HSPB1;LAMP1;CLU;WIZ;PFDN2;BAG6;WFS1;MAPK8IP3;HSP90AA1;ATP1B1;PARK7;CBL;HIP1;NAA16;CFP;ANK2;USP36;PFN1;SOX4;FLNA;PRKCD;USP2;HCFC1;LAMP2;BAG3;DVL1;MORC3;PAK4;CRYAB;CCT4;NCLN;CCNH;TMC8;RASSF1;HSPD1;WDR81;RASSF2;PDCL3;BAG2;RPL23;RTN4;PINK1;PIN1;GRN;MDM4;ATP1B3;TMC6;AKT2;TUBA1A;FLOT2;TTI1;AAK1;USP27X;MTOR;COG7;VHL;BAG1;CDKN2A;TRIM44;CCT7;GAPDH;UBE2B;CALR;CRTAP;USP13;CCT3;PIM1;RUVBL2;GPIHBP1;CHEK2;TCP1;CD74	0.49849310876659	1.62237930103362	0.000261899442628797	0.000611098699467194	0.000916648049200791	TRUE	0.00206016652477947	31	16	limma duplicateCorrelation donor-blocked pseudobulk; diagnosis-by-region fixed effects	FGSEA rerun after 20- or 50-nucleus eligibility threshold; direction comparison to 30-nucleus primary	not applicable: descriptive direction-retention sensitivity summary
Astro	FTD_vs_Ctrl_mean	protein_stabilization	Protein stabilization	min50_sensitivity	50	sensitivity	1.52240531595544	0.00264285316580165	0.00462499304015289	0.00462499304015289		positive	195	0.318200641214576	15943	HSPA1B;HSP90AB1;PTGES3;HSPA1A;MSX1;PEX6;HSPB1;HIP1;CLU;LAMP1;PFDN2;WIZ;ATP1B1;WFS1;BAG6;PARK7;HSP90AA1;ANK2;CBL;MAPK8IP3;CFP;PAK4;NAA16;PFN1;HCFC1;USP36;SOX4;USP2;PRKCD;LAMP2;RASSF1;FLNA;BAG3;PIN1;CCNH;RASSF2;PINK1;CCT4;PDCL3;ATP1B3;HSPD1;TMC8;MORC3;RPL23;BAG2;CRYAB;DVL1;TTI1;NCLN;RTN4;TMC6;TRIM44;HYPK;AKT2;MTOR;TUBA1A;USP27X	0.431707695803346	1.62237930103362	0.000261899442628797	0.000611098699467194	0.000916648049200791	TRUE	0.0999739850781796	31	16	limma duplicateCorrelation donor-blocked pseudobulk; diagnosis-by-region fixed effects	FGSEA rerun after 20- or 50-nucleus eligibility threshold; direction comparison to 30-nucleus primary	not applicable: descriptive direction-retention sensitivity summary
Astro	FTD_vs_Ctrl_mean	small_GTPase	Small GTPase	min20_sensitivity	20	sensitivity	1.67060033947494	0.000168861649742012	0.000591015774097043	0.000591015774097043		positive	177	0.371688819274527	15416	RASGEF1B;NGEF;PLEKHG4B;MYO9B;ARAP1;MCF2L;SIPA1L3;SIPA1;RND2;TIAM2;RIT2;SOS1;SRGAP2;TIAM1;RHOA;PLCE1;FGD3;RRAD;DOCK9;ARHGAP6;RAC3;DOCK3;RASGRP2;FGD1;ARHGAP1;RHOC;RHOG;CCDC88A;RAPGEF1;ARHGAP28;GDI1;RAPGEF4;TNK2;ARHGAP10;PLEKHG3;FAM13A;ARHGEF10L;STARD13;RASL12;RASGRP1;DOCK7;ARHGEF4;RHOBTB1;ARHGEF40;RGL3;ARHGAP15;DOCK10;RALGPS1;ARHGEF17;ARHGAP35;OBSCN;ARHGAP22;SIPA1L1;RHOF;RASGEF1A;FGD2;RASGEF1C;PLD1;GNA13;ARHGAP39;PREX1;DOCK11;RHOQ;SOS2;ABR;ARHGAP33;MCF2;ARHGEF3;RAPGEF2;DOCK2;RAC1;RASGRP3;DOCK8;RUNDC3A;RASGRF1;ARHGEF1;VAV1;RHOU;ARHGAP23;TRIO;ARHGAP4;ARHGAP44;RABIF;PLEKHG5;ARHGAP20;RRAGC;RAPGEF5;NUCB1;ARHGEF2	0.518848077743792	1.67635785211178	7.78460992794584e-05	0.000272461347478104	0.000490430425460588	TRUE	0.00575751263684055	31	16	limma duplicateCorrelation donor-blocked pseudobulk; diagnosis-by-region fixed effects	FGSEA rerun after 20- or 50-nucleus eligibility threshold; direction comparison to 30-nucleus primary	not applicable: descriptive direction-retention sensitivity summary
Astro	FTD_vs_Ctrl_mean	small_GTPase	Small GTPase	min50_sensitivity	50	sensitivity	1.6163502819943	0.000247961125784356	0.000867863940245245	0.000867863940245245		positive	180	0.340606420214859	15943	RASGEF1B;PLEKHG4B;NGEF;MYO9B;ARAP1;SIPA1L3;MCF2L;SIPA1;RND2;TIAM2;SRGAP2;RIT2;TIAM1;SOS1;RHOA;RRAD;ARHGAP6;PLCE1;FGD3;RAC3;DOCK9;DOCK3;RASGRP2;RALGPS1;STARD13;ARHGAP1;RHOG;TNK2;FGD1;RHOC;ARHGAP28;RAPGEF1;ARHGEF10L;GDI1;ARHGEF4;RAPGEF4;PLEKHG3;ARHGAP10;CCDC88A;RASGRP1;RHOBTB1;RASL12;FAM13A;ARHGEF40;ARHGAP45;ARHGAP15;RGL3;DOCK7;PLD1;ARHGAP35;RASGEF1A;ARHGAP22;RHOQ;RASGEF1C;ARHGEF17;RHOF;DOCK10;PREX1;FGD2;OBSCN;DOCK11;ARHGAP39;SIPA1L1;GNA13;RASGRP3;MCF2;SOS2;DOCK8;ABR;RAPGEF2;ARHGAP33;DOCK2;RAC1;RABIF;ARHGEF3;RUNDC3A;RASGRF1;ARHGEF1;PLEKHG5;RHOU;ARHGAP23;VAV1;ARHGAP20	0.49849310876659	1.67635785211178	7.78460992794584e-05	0.000272461347478104	0.000490430425460588	TRUE	0.0600075701174854	31	16	limma duplicateCorrelation donor-blocked pseudobulk; diagnosis-by-region fixed effects	FGSEA rerun after 20- or 50-nucleus eligibility threshold; direction comparison to 30-nucleus primary	not applicable: descriptive direction-retention sensitivity summary
Astro	FTD_vs_Ctrl_mean	synapse_junction	Synapse / junction assembly	min20_sensitivity	20	sensitivity	1.63776273123944	0.0048994910262028	0.00685928743668392	0.00685928743668392		positive	63	0.42160694651981	15416	MAP1B;SDK2;ADD2;PLXNB1;NRXN2;PLXNB2;RHOA;SHANK3;SPOCK2;PLXND1;PLXNA3;NLGN3;NLGN1;SDK1;DNM3;PLXNA1;DSCAM;DAG1;KIRREL3	0.407017918923954	1.62158793371156	0.00545647088586568	0.00763905924021194	0.0127317654003532	TRUE	0.0161747975278874	31	16	limma duplicateCorrelation donor-blocked pseudobulk; diagnosis-by-region fixed effects	FGSEA rerun after 20- or 50-nucleus eligibility threshold; direction comparison to 30-nucleus primary	not applicable: descriptive direction-retention sensitivity summary
Astro	FTD_vs_Ctrl_mean	synapse_junction	Synapse / junction assembly	min50_sensitivity	50	sensitivity	1.50991158776253	0.00979488760001233	0.0137128426400173	0.0137128426400173		positive	65	0.376770917904337	15943	MAP1B;SDK2;SHANK3;NRXN2;ADD2;PLXNB1;PLXNB2;RHOA;PLXND1;NLGN3;SPOCK2;PLXNA3;DNM3;NLGN1;SDK1;PLXNA1;DSCAM	0.380730400722792	1.62158793371156	0.00545647088586568	0.00763905924021194	0.0127317654003532	TRUE	0.111676345949027	31	16	limma duplicateCorrelation donor-blocked pseudobulk; diagnosis-by-region fixed effects	FGSEA rerun after 20- or 50-nucleus eligibility threshold; direction comparison to 30-nucleus primary	not applicable: descriptive direction-retention sensitivity summary
OPC	ALS_vs_Ctrl_mean	axon_development	Axon development	min20_sensitivity	20	sensitivity	1.19036428888273	0.151401869158879	0.264953271028037	0.264953271028037		positive	74	0.282686354159495	12825	SPTBN4;CCK;DOCK7;CTNNA2;SLITRK1;NMNAT2;ACTG1;PLP1;BRSK1;APP;PARD3;NTNG1;KLF7;SLITRK4;CNTNAP1;RAB8A;SLITRK2;MAP1B;MAPT;PLPPR4;CELSR2;ADGRB1;APLP1;SPG11;GRM7;PICALM;ACTB	0.154190966581424	1.17893080311925	0.185770750988142	0.282641509433962	0.229481515926529	TRUE	0.0114334857634848	33	17	limma duplicateCorrelation donor-blocked pseudobulk; diagnosis-by-region fixed effects	FGSEA rerun after 20- or 50-nucleus eligibility threshold; direction comparison to 30-nucleus primary	not applicable: descriptive direction-retention sensitivity summary
OPC	ALS_vs_Ctrl_mean	axon_development	Axon development	min50_sensitivity	50	sensitivity	0.982123782178757	0.492094861660079	0.574110671936759	0.574110671936759		positive	74	0.235055557305135	12761	CCK;SPTBN4;DOCK7;SLITRK1;CTNNA2;PLP1;NMNAT2;BRSK1;ACTG1;RAB8A;KLF7;CNTNAP1;APLP1;NTNG1;SLITRK4;SLITRK2;APP;PARD3;PLPPR4;CELSR2;MAP1B	0.0793434960134973	1.17893080311925	0.185770750988142	0.282641509433962	0.229481515926529	TRUE	0.19680702094049	33	17	limma duplicateCorrelation donor-blocked pseudobulk; diagnosis-by-region fixed effects	FGSEA rerun after 20- or 50-nucleus eligibility threshold; direction comparison to 30-nucleus primary	not applicable: descriptive direction-retention sensitivity summary
OPC	ALS_vs_Ctrl_mean	heat_response	Heat response	min20_sensitivity	20	sensitivity	1.2231494028559	0.204280155642023	0.285992217898833	0.285992217898833		positive	21	0.392589233594371	12825	CRYAB;HSPB1;NOS1;HSP90AA1;EIF2B5;DNAJA3;DNAJA1;SOD1	0.133554954557592	1.22913067382814	0.20188679245283	0.282641509433962	0.244593613933237	TRUE	0.00598127097224332	33	17	limma duplicateCorrelation donor-blocked pseudobulk; diagnosis-by-region fixed effects	FGSEA rerun after 20- or 50-nucleus eligibility threshold; direction comparison to 30-nucleus primary	not applicable: descriptive direction-retention sensitivity summary
OPC	ALS_vs_Ctrl_mean	heat_response	Heat response	min50_sensitivity	50	sensitivity	1.29030682738168	0.146825396825397	0.25	0.25		positive	21	0.416362699333078	12761	CRYAB;NOS1;HSPB1;EIF2B5;DNAJA3;HSP90AA1;DNAJA1;SOD1;HSPA2	0.161978948883402	1.22913067382814	0.20188679245283	0.282641509433962	0.244593613933237	TRUE	0.0611761535535396	33	17	limma duplicateCorrelation donor-blocked pseudobulk; diagnosis-by-region fixed effects	FGSEA rerun after 20- or 50-nucleus eligibility threshold; direction comparison to 30-nucleus primary	not applicable: descriptive direction-retention sensitivity summary
OPC	ALS_vs_Ctrl_mean	mitochondrial_energy	Mitochondrial energy	min20_sensitivity	20	sensitivity	0.959907720652713	0.505836575875486	0.532319391634981	0.532319391634981		positive	21	0.308097633447291	12825	UQCRC2;NDUFV3;COX7B;C2orf69;COX5B	0.0770736734944102	0.964601724649418	0.492452830188679	0.492452830188679	0.534905660377359	TRUE	0.0046940039967045	33	17	limma duplicateCorrelation donor-blocked pseudobulk; diagnosis-by-region fixed effects	FGSEA rerun after 20- or 50-nucleus eligibility threshold; direction comparison to 30-nucleus primary	not applicable: descriptive direction-retention sensitivity summary
OPC	ALS_vs_Ctrl_mean	mitochondrial_energy	Mitochondrial energy	min50_sensitivity	50	sensitivity	1.25546534360187	0.178571428571429	0.25	0.25		positive	21	0.405119874039526	12761	UQCRC2;NDUFV3;C2orf69;COX7B;COX5B;UQCRB;NDUFB6;MT-CO1;NDUFS2;ATP5F1C;COX7C	0.14551614609036	0.964601724649418	0.492452830188679	0.492452830188679	0.534905660377359	TRUE	0.290863618952454	33	17	limma duplicateCorrelation donor-blocked pseudobulk; diagnosis-by-region fixed effects	FGSEA rerun after 20- or 50-nucleus eligibility threshold; direction comparison to 30-nucleus primary	not applicable: descriptive direction-retention sensitivity summary
OPC	ALS_vs_Ctrl_mean	protein_folding	Protein folding	min20_sensitivity	20	sensitivity	1.47457436898895	0.00852342439451858	0.029831985380815	0.029831985380815		positive	140	0.316631325833792	12825	CLU;DNAJB2;CRYAB;BAG3;HSP90AB1;PDIA4;TTC1;BAG2;PDIA3;FKBP10;PDIA5;HSPA9;PTGES3;CALR;HSPB1;PDIA6;HSP90B1;HSPH1;DNAJC7;HSPA8;CCT4;HSP90AA1;COX19;ERO1B;DNAJC21;LMAN2L;PPIF;ERO1A;ST13;DNAJA3;CRTAP;TBCE;TBCD;CHORDC1;CCT5;HSPA4L;FKBP4;CCT3;ATF6;RANBP2;DNAJB1;RIC8A;HSPA5	0.380730400722792	1.46135177145963	0.0083975239540757	0.0293913338392649	0.0188944288966703	TRUE	0.0132225975293241	33	17	limma duplicateCorrelation donor-blocked pseudobulk; diagnosis-by-region fixed effects	FGSEA rerun after 20- or 50-nucleus eligibility threshold; direction comparison to 30-nucleus primary	not applicable: descriptive direction-retention sensitivity summary
OPC	ALS_vs_Ctrl_mean	protein_folding	Protein folding	min50_sensitivity	50	sensitivity	1.55696224306376	0.00305794038740756	0.0107027913559265	0.0107027913559265		positive	140	0.334358233039258	12761	DNAJB2;CLU;CRYAB;BAG3;HSP90AB1;PDIA3;PDIA4;BAG2;TTC1;FKBP10;PTGES3;HSPA9;PDIA5;PDIA6;HSPB1;HSPH1;CALR;HSP90B1;DNAJC7;HSPA8;CCT4;PPIF;ERO1B;COX19;ERO1A;DNAJC21;ST13;FKBP4;DNAJA3;TBCE;TBCD;LMAN2L;CCT5;CRTAP;CHORDC1;HSPA4L;CCT3;RANBP2;DNAJB1;HSP90AA1	0.431707695803346	1.46135177145963	0.0083975239540757	0.0293913338392649	0.0188944288966703	TRUE	0.0956104716041308	33	17	limma duplicateCorrelation donor-blocked pseudobulk; diagnosis-by-region fixed effects	FGSEA rerun after 20- or 50-nucleus eligibility threshold; direction comparison to 30-nucleus primary	not applicable: descriptive direction-retention sensitivity summary
OPC	ALS_vs_Ctrl_mean	protein_stabilization	Protein stabilization	min20_sensitivity	20	sensitivity	1.30978264298591	0.0366203294203543	0.0854474353141601	0.0854474353141601		positive	180	0.272453922018534	12825	FLNA;CLU;ZSWIM7;FLOT2;CRYAB;BAG3;RAB21;HSP90AB1;UBE2B;BAG2;PRKRA;STK3;ATP1B2;PTGES3;CALR;DVL1;HSPB1;MORC3;SMAD3;TBL1X;HSPA1A;OTUD3;CCT4;PEX6;HSP90AA1;TBRG1;UXT;NAA30;MT3;NCLN;DNAJA3;TUBA1A;CRTAP;TMC6;HSPA1B;CCT5;CCT3;ZNF207;PPARGC1A;PER3;CBX4;WIZ;RUVBL1;AKT2;CCNH;USP2;USP33	0.321775918075361	1.30813121400575	0.0418290972442123	0.097601226903162	0.0693482401680361	TRUE	0.00165142898016124	33	17	limma duplicateCorrelation donor-blocked pseudobulk; diagnosis-by-region fixed effects	FGSEA rerun after 20- or 50-nucleus eligibility threshold; direction comparison to 30-nucleus primary	not applicable: descriptive direction-retention sensitivity summary
OPC	ALS_vs_Ctrl_mean	protein_stabilization	Protein stabilization	min50_sensitivity	50	sensitivity	1.32645087477897	0.0306702886480333	0.0715640068454109	0.0715640068454109		positive	178	0.27775101121217	12761	FLNA;CLU;CRYAB;ZSWIM7;FLOT2;BAG3;RAB21;STK3;HSP90AB1;UBE2B;BAG2;PRKRA;PTGES3;MORC3;ATP1B2;DVL1;HSPB1;OTUD3;SMAD3;TBL1X;CALR;HSPA1A;CCT4;PEX6;TBRG1;NAA30;MT3;NCLN;HSPA1B;DNAJA3;CCT5;UXT;PER3;ZNF207;CRTAP;CCT3;PPARGC1A;HSP90AA1;TUBA1A	0.352487857583619	1.30813121400575	0.0418290972442123	0.097601226903162	0.0693482401680361	TRUE	0.0183196607732172	33	17	limma duplicateCorrelation donor-blocked pseudobulk; diagnosis-by-region fixed effects	FGSEA rerun after 20- or 50-nucleus eligibility threshold; direction comparison to 30-nucleus primary	not applicable: descriptive direction-retention sensitivity summary
OPC	ALS_vs_Ctrl_mean	small_GTPase	Small GTPase	min20_sensitivity	20	sensitivity	1.9361767098634	2.29000321213147e-06	1.60300224849203e-05	1.60300224849203e-05		positive	161	0.406625878058734	12825	TIAM2;PLEKHG4B;ARHGEF3;RIT2;RAPGEF3;VAV3;RASGEF1C;ABR;PLEKHG1;TIAM1;RGL2;PLCE1;RHOU;DOCK7;RALGDS;ARHGAP25;ARL3;ARHGEF17;RACGAP1;ARHGAP24;SOS1;ARHGAP18;ARHGAP1;DOCK2;RHOQ;DOCK8;MCF2L;MCF2;KALRN;SYDE2;RHOC;ARHGEF12;RND2;MYO9A;FAM13B;RERG;VAV2;NET1;ARHGAP21;RHOB;CCDC88C;ARHGAP23;ARHGEF10L;PREX1;ARHGAP39;GDI2;RAC3;ECT2;AKAP13;FGD1;RALGPS2;DVL2;SRGAP2;NUCB2;DOCK6;ARAP1;DOCK4;RASGEF1B	0.627256739718528	1.92895220727043	3.55496522489143e-06	2.488475657424e-05	6.4375098727079e-05	TRUE	0.00722450259297758	33	17	limma duplicateCorrelation donor-blocked pseudobulk; diagnosis-by-region fixed effects	FGSEA rerun after 20- or 50-nucleus eligibility threshold; direction comparison to 30-nucleus primary	not applicable: descriptive direction-retention sensitivity summary
OPC	ALS_vs_Ctrl_mean	small_GTPase	Small GTPase	min50_sensitivity	50	sensitivity	1.91592352698541	1.56779053344719e-06	1.09745337341304e-05	1.09745337341304e-05		positive	160	0.405479389972629	12761	TIAM2;PLEKHG4B;RAPGEF3;ARHGEF3;RIT2;VAV3;PLEKHG1;RASGEF1C;ABR;RGL2;TIAM1;PLCE1;RALGDS;RHOU;ARL3;ARHGEF17;DOCK7;ARHGAP25;DOCK8;DOCK2;RACGAP1;RHOQ;ARHGAP18;ARHGAP24;ARHGAP21;MCF2L;SOS1;ARHGAP1;SYDE2;MCF2;KALRN;RND2;MYO9A;ARHGEF12;RERG;RHOC;RHOB;FAM13B;ARHGAP23;NET1;GDI2;CCDC88C;ARHGEF10L;VAV2;RASGEF1B;PREX1;RAC3;ARHGAP39;MYO9B;AKAP13;DOCK6;ECT2;FGD1;NUCB2;RALGPS2;ARAP1;DVL2;NUCB1;SRGAP2	0.643551836150722	1.92895220727043	3.55496522489143e-06	2.488475657424e-05	6.4375098727079e-05	TRUE	0.0130286802850168	33	17	limma duplicateCorrelation donor-blocked pseudobulk; diagnosis-by-region fixed effects	FGSEA rerun after 20- or 50-nucleus eligibility threshold; direction comparison to 30-nucleus primary	not applicable: descriptive direction-retention sensitivity summary
OPC	ALS_vs_Ctrl_mean	synapse_junction	Synapse / junction assembly	min20_sensitivity	20	sensitivity	0.972179402437844	0.532319391634981	0.532319391634981	0.532319391634981		positive	54	0.247822487282595	12825	SDK2;NLGN2;PLXNC1;SLITRK1;NRG3;MYO9A;ERBB4;NRXN2;PLXNB2;PLXNA3;PLXNA1;MAP1B;MAPT	0.0732558655828455	0.978918188032707	0.48443579766537	0.492452830188679	0.534905660377359	TRUE	0.00673878559486374	33	17	limma duplicateCorrelation donor-blocked pseudobulk; diagnosis-by-region fixed effects	FGSEA rerun after 20- or 50-nucleus eligibility threshold; direction comparison to 30-nucleus primary	not applicable: descriptive direction-retention sensitivity summary
OPC	ALS_vs_Ctrl_mean	synapse_junction	Synapse / junction assembly	min50_sensitivity	50	sensitivity	0.703242056226045	0.948818897637795	0.948818897637795	0.948818897637795		positive	54	0.179018917771165	12761	SDK2;NLGN2;PLXNC1;SLITRK1;MYO9A;NRG3;PLXNA3;PLXNB2;NRXN2	0.0473534245254193	0.978918188032707	0.48443579766537	0.492452830188679	0.534905660377359	TRUE	0.275676131806662	33	17	limma duplicateCorrelation donor-blocked pseudobulk; diagnosis-by-region fixed effects	FGSEA rerun after 20- or 50-nucleus eligibility threshold; direction comparison to 30-nucleus primary	not applicable: descriptive direction-retention sensitivity summary
OPC	ALS_vs_FTD_mean	axon_development	Axon development	min20_sensitivity	20	sensitivity	-2.11756849428931	7.98839501370944e-07	5.5918765095966e-06	5.5918765095966e-06		negative	74	-0.52219776017824	12825	GPM6B;DSCAML1;CAMSAP2;MAPT;OLIG2;MAP1B;MARK2;MAP1A;RAB10;OLIG1;PARD3;ANK3;ZPR1;MAPK8IP3;MAP7D2;CNTN4;SPAST;NMNAT2;ACTB;GRM7;SPG11;TAOK2;PITPNA;ATL1;MAP1S;DCC;DCHS2;PICALM;SLITRK5	0.659444398037935	-2.1138937290066	5.64499167774086e-07	3.9514941744186e-06	1.77817237848837e-05	TRUE	0.00367476528270716	33	17	limma duplicateCorrelation donor-blocked pseudobulk; diagnosis-by-region fixed effects	FGSEA rerun after 20- or 50-nucleus eligibility threshold; direction comparison to 30-nucleus primary	not applicable: descriptive direction-retention sensitivity summary
OPC	ALS_vs_FTD_mean	axon_development	Axon development	min50_sensitivity	50	sensitivity	-2.12104259826724	8.58531586233063e-07	6.00972110363144e-06	6.00972110363144e-06		negative	74	-0.522720758571383	12761	GPM6B;DSCAML1;CAMSAP2;GRM7;OLIG2;MAP1A;OLIG1;MAPT;RAB10;MARK2;MAP1B;PARD3;ANK3;MAP7D2;MAPK8IP3;ZPR1;SPAST;NMNAT2;ACTB;CNTN4;SPG11;DCC;PITPNA;TAOK2;ATL1;DCHS2;MAP1S;PICALM;SLITRK5;APLP1;SLITRK4	0.659444398037935	-2.1138937290066	5.64499167774086e-07	3.9514941744186e-06	1.77817237848837e-05	TRUE	0.00714886926063851	33	17	limma duplicateCorrelation donor-blocked pseudobulk; diagnosis-by-region fixed effects	FGSEA rerun after 20- or 50-nucleus eligibility threshold; direction comparison to 30-nucleus primary	not applicable: descriptive direction-retention sensitivity summary
OPC	ALS_vs_FTD_mean	heat_response	Heat response	min20_sensitivity	20	sensitivity	-1.55017322694073	0.033667556721143	0.0392788161746669	0.0392788161746669		negative	21	-0.494287542120491	12825	HSP90AA1;EIF2B3;MTOR;SOD1;MAP2K7;EIF2B4;DNAJA1;HSPB1	0.321775918075361	-1.50421835680148	0.0483592400690846	0.0564191134139321	0.0761658031088083	TRUE	0.0459548701392516	33	17	limma duplicateCorrelation donor-blocked pseudobulk; diagnosis-by-region fixed effects	FGSEA rerun after 20- or 50-nucleus eligibility threshold; direction comparison to 30-nucleus primary	not applicable: descriptive direction-retention sensitivity summary
OPC	ALS_vs_FTD_mean	heat_response	Heat response	min50_sensitivity	50	sensitivity	-1.48715758766749	0.0525451559934319	0.0613026819923372	0.0613026819923372		negative	21	-0.487119198099519	12761	HSP90AA1;EIF2B3;MTOR;SOD1;MAP2K7;EIF2B4;DNAJA1;DNAJA2;HSPB1	0.252961123069611	-1.50421835680148	0.0483592400690846	0.0564191134139321	0.0761658031088083	TRUE	0.0170607691339866	33	17	limma duplicateCorrelation donor-blocked pseudobulk; diagnosis-by-region fixed effects	FGSEA rerun after 20- or 50-nucleus eligibility threshold; direction comparison to 30-nucleus primary	not applicable: descriptive direction-retention sensitivity summary
OPC	ALS_vs_FTD_mean	mitochondrial_energy	Mitochondrial energy	min20_sensitivity	20	sensitivity	-1.40239111318929	0.087248322147651	0.087248322147651	0.087248322147651		negative	21	-0.447165803397311	12825	COX4I1;COX7A2;COX5A;UQCRB;COX6B1;C2orf69;UQCRH;MT-CO1;UQCRC1;COX7C;COX6C;COX5B;COX7B;NDUFA12	0.195789002148949	-1.36081724236568	0.115716753022453	0.115716753022453	0.155109690221585	TRUE	0.0415738708236111	33	17	limma duplicateCorrelation donor-blocked pseudobulk; diagnosis-by-region fixed effects	FGSEA rerun after 20- or 50-nucleus eligibility threshold; direction comparison to 30-nucleus primary	not applicable: descriptive direction-retention sensitivity summary
OPC	ALS_vs_FTD_mean	mitochondrial_energy	Mitochondrial energy	min50_sensitivity	50	sensitivity	-1.24371917129892	0.180623973727422	0.180623973727422	0.180623973727422		negative	21	-0.407380825279149	12761	COX7A2;COX4I1;COX5A;UQCRB;COX6B1;C2orf69;UQCRH;COX6C;UQCRC1;COX7C;MT-CO1;COX5B;COX7B	0.130105630751129	-1.36081724236568	0.115716753022453	0.115716753022453	0.155109690221585	TRUE	0.117098071066754	33	17	limma duplicateCorrelation donor-blocked pseudobulk; diagnosis-by-region fixed effects	FGSEA rerun after 20- or 50-nucleus eligibility threshold; direction comparison to 30-nucleus primary	not applicable: descriptive direction-retention sensitivity summary
OPC	ALS_vs_FTD_mean	protein_folding	Protein folding	min20_sensitivity	20	sensitivity	-1.85645396712333	1.56989232266221e-05	5.49462312931774e-05	5.49462312931774e-05		negative	140	-0.412657971644684	12825	PPIA;DNAJB1;HSP90AB1;WIPF1;HSPH1;DNAJB6;COX19;HSPA4;PFDN5;CMC1;CCT3;CWC27;FKBP8;KHSRP;BAG2;PFDN2;HSP90AA1;HSPBP1;PTGES3;ST13;TBCE;ERP44;CCT7;FKBP4;NUDC;CHORDC1;CCT4;HSPA4L;AHSA1;ZPR1;BAG4;RIC8B;DNAJB2;DNAJA1;HSP90B1;RUVBL2;TCP1;BAG1;HSPB1;COA3;ATPAF2;TBCC;TAPBP;HSPA8;BAG3;DNAJB5;DNAJC5;DNAJC18;HSPA9;CLU;NFYC;DNAJA2	0.575610261071129	-1.84560071902792	6.37148074847595e-06	2.23001826196658e-05	6.4375098727079e-05	TRUE	0.0108532480954111	33	17	limma duplicateCorrelation donor-blocked pseudobulk; diagnosis-by-region fixed effects	FGSEA rerun after 20- or 50-nucleus eligibility threshold; direction comparison to 30-nucleus primary	not applicable: descriptive direction-retention sensitivity summary
OPC	ALS_vs_FTD_mean	protein_folding	Protein folding	min50_sensitivity	50	sensitivity	-1.83956413669654	3.98999829030262e-05	9.30999601070612e-05	9.30999601070612e-05		negative	140	-0.404984449566713	12761	PPIA;DNAJB1;HSP90AB1;WIPF1;HSPH1;DNAJB6;COX19;HSPA4;CMC1;PFDN5;CWC27;CCT3;FKBP8;KHSRP;PFDN2;BAG2;HSP90AA1;HSPBP1;PTGES3;ST13;TBCE;ERP44;CCT7;CCT4;CHORDC1;NUDC;HSPA4L;FKBP4;BAG4;ZPR1;AHSA1;HSP90B1;RIC8B;TCP1;DNAJB2;RUVBL2;DNAJA1;BAG1;ATPAF2;TAPBP;TBCC;BAG3;COA3;DNAJC5;HSPA9;HSPA8;DNAJA2;HSPB1;DNAJB5;DNAJC18;NFYC	0.557332238758646	-1.84560071902792	6.37148074847595e-06	2.23001826196658e-05	6.4375098727079e-05	TRUE	0.00603658233137994	33	17	limma duplicateCorrelation donor-blocked pseudobulk; diagnosis-by-region fixed effects	FGSEA rerun after 20- or 50-nucleus eligibility threshold; direction comparison to 30-nucleus primary	not applicable: descriptive direction-retention sensitivity summary
OPC	ALS_vs_FTD_mean	protein_stabilization	Protein stabilization	min20_sensitivity	20	sensitivity	-1.34943459763711	0.0165898793789409	0.0232258311305173	0.0232258311305173		negative	180	-0.291121589652345	12825	HSP90AB1;HIP1;SMAD7;PFDN5;CCT3;PIN1;HSPA1A;POLR2E;NAA16;BAG2;PFDN2;CCNH;HSPA1B;C10orf90;HSP90AA1;PTGES3;PARK7;PIK3R1;PINK1;MTOR;GAPDH;CCT7;CCT4;EGLN3;MAPK8IP3;STUB1;BAG6;BAG4;ATP1B1;RASSF2;PPP1CA;EPHA4;NLK;RUVBL2;TCP1;MT3;BAG1;ZSWIM7;HSPB1;FLOT2;PFN1	0.352487857583619	-1.35549155461325	0.0251334984745961	0.0351868978644346	0.045240297254273	TRUE	0.00605695697613395	33	17	limma duplicateCorrelation donor-blocked pseudobulk; diagnosis-by-region fixed effects	FGSEA rerun after 20- or 50-nucleus eligibility threshold; direction comparison to 30-nucleus primary	not applicable: descriptive direction-retention sensitivity summary
OPC	ALS_vs_FTD_mean	protein_stabilization	Protein stabilization	min50_sensitivity	50	sensitivity	-1.39277047909233	0.0170163373965706	0.0238228723551988	0.0238228723551988		negative	178	-0.297940112695779	12761	HSP90AB1;HIP1;SMAD7;PFDN5;CCT3;CCNH;PIK3R1;HSPA1A;PFDN2;PIN1;NAA16;C10orf90;POLR2E;BAG2;HSP90AA1;PTGES3;HSPA1B;PARK7;PINK1;EGLN3;MTOR;CCT7;GAPDH;CCT4;MAPK8IP3;BAG4;BAG6;EPHA4;RASSF2;STUB1;TCP1;ATP1B1;NLK;GNAQ;PPP1CA;RUVBL2;PPARGC1A;MT3;BAG1;ZSWIM7;FLOT2;RPL23;RTN4	0.352487857583619	-1.35549155461325	0.0251334984745961	0.0351868978644346	0.045240297254273	TRUE	0.0372789244790812	33	17	limma duplicateCorrelation donor-blocked pseudobulk; diagnosis-by-region fixed effects	FGSEA rerun after 20- or 50-nucleus eligibility threshold; direction comparison to 30-nucleus primary	not applicable: descriptive direction-retention sensitivity summary
OPC	ALS_vs_FTD_mean	small_GTPase	Small GTPase	min20_sensitivity	20	sensitivity	-1.42344285812977	0.0132293330823628	0.0231513328941348	0.0231513328941348		negative	161	-0.310773687565878	12825	RIN2;RASGEF1B;ARHGAP35;ARHGAP5;RUNDC3A;CHN1;ARHGEF25;FAM13A;SOS1;ARHGAP31;ARHGEF28;DOCK10;ARHGAP1;RAPGEF4;DIRAS2;ARHGAP20;STARD13;NGEF;TNK2;RND1;DOCK4;RAPGEF2;GDI1;ARHGAP44;DOCK11;RAPGEF1;ARHGEF4;SRGAP2;RAC1;SIPA1L1;DOCK9;RRAGC;MCF2L;ARHGEF2;BCR;PLD1;CCDC88A;PLEKHG4B;SOS2;DOCK3;ARHGEF11;KRIT1;FGD4;RALGAPA2;ARHGAP26;DOCK1;FGD3;SIPA1L3	0.380730400722792	-1.41598854946698	0.0102883536319016	0.0180046188558278	0.0209085896390258	TRUE	0.0074543086627934	33	17	limma duplicateCorrelation donor-blocked pseudobulk; diagnosis-by-region fixed effects	FGSEA rerun after 20- or 50-nucleus eligibility threshold; direction comparison to 30-nucleus primary	not applicable: descriptive direction-retention sensitivity summary
OPC	ALS_vs_FTD_mean	small_GTPase	Small GTPase	min50_sensitivity	50	sensitivity	-1.49041300334461	0.00408670152597086	0.00715172767044901	0.00715172767044901		negative	160	-0.322762049418302	12761	RIN2;RASGEF1B;ARHGAP35;CHN1;FAM13A;RUNDC3A;ARHGAP5;SOS1;CCDC88A;ARHGEF25;ARHGEF4;ARHGAP31;DOCK10;RAPGEF4;ARHGEF28;ARHGAP1;ARHGAP20;DOCK4;RAPGEF2;DIRAS2;STARD13;PLD1;NGEF;GDI1;TNK2;ARHGAP44;RND1;RAPGEF1;RAC1;DOCK11;SIPA1L1;SOS2;SRGAP2;RRAGC;DOCK9;BCR;ARHGEF2;MCF2L;DOCK3;PLEKHG4B;FGD4;KRIT1;ARHGEF11;RALGAPA2;ARHGAP26;ARHGAP24;RHOBTB2;DOCK1;SIPA1L3;ARHGAP12;RASGRP3;FGD3	0.407017918923954	-1.41598854946698	0.0102883536319016	0.0180046188558278	0.0209085896390258	TRUE	0.0744244538776278	33	17	limma duplicateCorrelation donor-blocked pseudobulk; diagnosis-by-region fixed effects	FGSEA rerun after 20- or 50-nucleus eligibility threshold; direction comparison to 30-nucleus primary	not applicable: descriptive direction-retention sensitivity summary
OPC	ALS_vs_FTD_mean	synapse_junction	Synapse / junction assembly	min20_sensitivity	20	sensitivity	-1.86349473841052	0.000278275528454774	0.000649309566394472	0.000649309566394472		negative	54	-0.487342756473876	12825	OPHN1;PLXNB1;SDK1;NLGN4X;DSCAM;ADGRL3;DNER;MAPT;NRXN1;MAP1B;GPHN;DNM3;PLXNA3;ERBB4;NLGN1;NRG3	0.49849310876659	-1.84747532200089	0.000202687671788902	0.000472937900840771	0.000798082707668802	TRUE	0.0160194164096241	33	17	limma duplicateCorrelation donor-blocked pseudobulk; diagnosis-by-region fixed effects	FGSEA rerun after 20- or 50-nucleus eligibility threshold; direction comparison to 30-nucleus primary	not applicable: descriptive direction-retention sensitivity summary
OPC	ALS_vs_FTD_mean	synapse_junction	Synapse / junction assembly	min50_sensitivity	50	sensitivity	-2.04800736150536	1.76580663550676e-05	6.18032322427365e-05	6.18032322427365e-05		negative	54	-0.537197735437725	12761	NLGN4X;ADGRL3;OPHN1;NRXN1;DNER;NLGN1;SDK1;PLXNB1;DSCAM;MAPT;ERBB4;MAP1B;DNM3;GPHN;PLXNA3;NRG3	0.575610261071129	-1.84747532200089	0.000202687671788902	0.000472937900840771	0.000798082707668802	TRUE	0.200532039504463	33	17	limma duplicateCorrelation donor-blocked pseudobulk; diagnosis-by-region fixed effects	FGSEA rerun after 20- or 50-nucleus eligibility threshold; direction comparison to 30-nucleus primary	not applicable: descriptive direction-retention sensitivity summary
OPC	FTD_vs_Ctrl_mean	axon_development	Axon development	min20_sensitivity	20	sensitivity	2.20427761411168	4.87229201535998e-08	3.41060441075199e-07	3.41060441075199e-07		positive	74	0.546846118483486	12825	MAPT;GPM6B;DSCAML1;MAP1B;NMNAT2;PARD3;RAB10;SPTBN4;OLIG1;CTNNA2;MARK2;GRM7;MAP1A;ACTB;MAPK8IP3;SLITRK4;SPG11;CAMSAP2;ANK3;PICALM;SLITRK1;ACTG1;APLP1;KLF7;CNTN4;DCHS2;NTNG1;SLITRK5;ATL1;DCC;MAP1S;STK11;CCK;TAOK2;APP;SPAST;BAIAP2;DOCK7;PITPNA;PLP1;NTNG2;OLIG2	0.719512826338911	2.28832436912744	6.9566434409223e-08	4.86965040864561e-07	4.38268536778105e-06	TRUE	0.0840467550157618	33	17	limma duplicateCorrelation donor-blocked pseudobulk; diagnosis-by-region fixed effects	FGSEA rerun after 20- or 50-nucleus eligibility threshold; direction comparison to 30-nucleus primary	not applicable: descriptive direction-retention sensitivity summary
OPC	FTD_vs_Ctrl_mean	axon_development	Axon development	min50_sensitivity	50	sensitivity	2.21260452775684	2.85492524893945e-07	1.99844767425762e-06	1.99844767425762e-06		positive	74	0.536080588686865	12761	GPM6B;MAPT;DSCAML1;OLIG1;NMNAT2;GRM7;PARD3;MAP1B;RAB10;SPTBN4;MARK2;CTNNA2;MAP1A;MAPK8IP3;APLP1;ACTB;SPG11;SLITRK4;CAMSAP2;ANK3;PICALM;NTNG1;SLITRK1;ACTG1;KLF7;DCHS2;CNTN4;CCK;PLP1;SLITRK5;ATL1;OLIG2;TAOK2;STK11;MAP1S;PITPNA;NTNG2;SPAST;DCC;DOCK7;BAIAP2	0.674962860011025	2.28832436912744	6.9566434409223e-08	4.86965040864561e-07	4.38268536778105e-06	TRUE	0.0757198413705988	33	17	limma duplicateCorrelation donor-blocked pseudobulk; diagnosis-by-region fixed effects	FGSEA rerun after 20- or 50-nucleus eligibility threshold; direction comparison to 30-nucleus primary	not applicable: descriptive direction-retention sensitivity summary
OPC	FTD_vs_Ctrl_mean	heat_response	Heat response	min20_sensitivity	20	sensitivity	1.64069929812355	0.013200307024709	0.013200307024709	0.013200307024709		positive	21	0.529933851294925	12825	HSP90AA1;SOD1;NOS1;HSPB1;DNAJA1;EIF2B3;MAP2K7;CRYAB	0.380730400722792	1.65287895721478	0.016733074334941	0.016733074334941	0.0319449600939783	TRUE	0.0121796590912224	33	17	limma duplicateCorrelation donor-blocked pseudobulk; diagnosis-by-region fixed effects	FGSEA rerun after 20- or 50-nucleus eligibility threshold; direction comparison to 30-nucleus primary	not applicable: descriptive direction-retention sensitivity summary
OPC	FTD_vs_Ctrl_mean	heat_response	Heat response	min50_sensitivity	50	sensitivity	1.62438421062115	0.0227855687743492	0.0265831635700741	0.0265831635700741		positive	21	0.519727950772089	12761	HSP90AA1;SOD1;NOS1;HSPB1;CRYAB;DNAJA1;EIF2B3;MAP2K7	0.352487857583619	1.65287895721478	0.016733074334941	0.016733074334941	0.0319449600939783	TRUE	0.0284947465936258	33	17	limma duplicateCorrelation donor-blocked pseudobulk; diagnosis-by-region fixed effects	FGSEA rerun after 20- or 50-nucleus eligibility threshold; direction comparison to 30-nucleus primary	not applicable: descriptive direction-retention sensitivity summary
OPC	FTD_vs_Ctrl_mean	mitochondrial_energy	Mitochondrial energy	min20_sensitivity	20	sensitivity	1.64741477011906	0.0119934356074367	0.013200307024709	0.013200307024709		positive	21	0.532102899542774	12825	C2orf69;COX4I1;UQCRB;COX7B;COX5B;COX7A2;MT-CO1;COX7C;COX5A;COX6B1;UQCRH;COX6C	0.380730400722792	1.65964428122134	0.015444060006784	0.016733074334941	0.030405493138356	TRUE	0.0122295111022739	33	17	limma duplicateCorrelation donor-blocked pseudobulk; diagnosis-by-region fixed effects	FGSEA rerun after 20- or 50-nucleus eligibility threshold; direction comparison to 30-nucleus primary	not applicable: descriptive direction-retention sensitivity summary
OPC	FTD_vs_Ctrl_mean	mitochondrial_energy	Mitochondrial energy	min50_sensitivity	50	sensitivity	1.54802771329682	0.0402108748533612	0.0402108748533612	0.0402108748533612		positive	21	0.495297396951737	12761	C2orf69;COX4I1;UQCRB;COX7B;COX5B;COX7A2;COX7C;MT-CO1;COX5A;COX6C;COX6B1;UQCRH	0.321775918075361	1.65964428122134	0.015444060006784	0.016733074334941	0.030405493138356	TRUE	0.111616567924516	33	17	limma duplicateCorrelation donor-blocked pseudobulk; diagnosis-by-region fixed effects	FGSEA rerun after 20- or 50-nucleus eligibility threshold; direction comparison to 30-nucleus primary	not applicable: descriptive direction-retention sensitivity summary
OPC	FTD_vs_Ctrl_mean	protein_folding	Protein folding	min20_sensitivity	20	sensitivity	1.8648099580891	6.097690496475e-06	2.13419167376625e-05	2.13419167376625e-05		positive	140	0.41271668652308	12825	HSP90AB1;DNAJB1;HSPH1;COX19;DNAJB2;BAG2;DNAJB6;PTGES3;WIPF1;PPIA;CCT3;CLU;HSPA4;ST13;HSP90AA1;TBCE;CCT4;BAG3;KHSRP;CHORDC1;HSPA4L;HSP90B1;CWC27;FKBP4;HSPA9;FKBP8;PFDN2;HSPB1;HSPA8;DNAJA1;NUDC;BAG1;AHSA1;CRYAB;PDIA4;PDIA6;TAPBP;CMC1;CCT5;P4HB;RIC8B;PFDN5;ERP44;CCT7;PDIA3;CALR;ATF6;DNAJC7;LMAN2L;TCP1;DNAJB5;NFYC;ENGASE;RIC8A;HSPA5;RUVBL2;TBCD;DNAJC5;FKBP5;COA3	0.610526878385931	1.89011493429251	1.44496003957323e-05	4.30310484720189e-05	0.000113790603116392	TRUE	0.0253049762034154	33	17	limma duplicateCorrelation donor-blocked pseudobulk; diagnosis-by-region fixed effects	FGSEA rerun after 20- or 50-nucleus eligibility threshold; direction comparison to 30-nucleus primary	not applicable: descriptive direction-retention sensitivity summary
OPC	FTD_vs_Ctrl_mean	protein_folding	Protein folding	min50_sensitivity	50	sensitivity	1.85369026283896	7.86406886388671e-06	1.83494940157356e-05	1.83494940157356e-05		positive	140	0.411844786923232	12761	DNAJB1;HSP90AB1;HSPH1;COX19;DNAJB2;BAG2;DNAJB6;PTGES3;CCT3;WIPF1;PPIA;HSPA4;CLU;ST13;TBCE;BAG3;CCT4;HSP90AA1;KHSRP;CHORDC1;HSPA4L;CWC27;HSPA9;HSP90B1;FKBP4;PFDN2;FKBP8;HSPA8;HSPB1;CRYAB;BAG1;NUDC;DNAJA1;PDIA6;PDIA4;TAPBP;CMC1;AHSA1;CCT5;P4HB;PFDN5;RIC8B;PDIA3;ERP44;CALR;DNAJC7;ATF6;TCP1;DNAJB5;NFYC;CCT7;HSPA5;ENGASE;COA3;TBCD;LMAN2L;RUVBL2;TBCC;RIC8A;HSPBP1;DNAJC5;HSPD1	0.593325476396405	1.89011493429251	1.44496003957323e-05	4.30310484720189e-05	0.000113790603116392	TRUE	0.036424671453559	33	17	limma duplicateCorrelation donor-blocked pseudobulk; diagnosis-by-region fixed effects	FGSEA rerun after 20- or 50-nucleus eligibility threshold; direction comparison to 30-nucleus primary	not applicable: descriptive direction-retention sensitivity summary
OPC	FTD_vs_Ctrl_mean	protein_stabilization	Protein stabilization	min20_sensitivity	20	sensitivity	1.68870086928684	9.32198126752608e-05	0.000130507737745365	0.000130507737745365		positive	180	0.361095409573762	12825	HSP90AB1;BAG2;PTGES3;HSPA1A;CCT3;ZSWIM7;CLU;FLOT2;HIP1;HSP90AA1;CCNH;CCT4;BAG3;NAA16;HSPA1B;SMAD7;FLNA;MT3;PFDN2;UBE2B;HSPB1;SMAD3;PARK7;MORC3;PPARGC1A;DVL1;GAPDH;MAPK8IP3;PIN1;STUB1;PINK1;EGLN3;BAG1;CRYAB;TMC6;RTN4;PEX6;RASSF2;USP2;PTEN;CCT5;PRKRA;PFN1;MCM8;EP300;GNAQ;EPHA4;PIK3R1;ATP1B1;PFDN5;WIZ;RPL23;NLK;POLR2E;CCT7;CBLB;C10orf90;AAK1;ANK2;CALR;UXT	0.538434096309916	1.7130504306272	0.000121420436523203	0.000169988611132484	0.000588422115458597	TRUE	0.024349561340353	33	17	limma duplicateCorrelation donor-blocked pseudobulk; diagnosis-by-region fixed effects	FGSEA rerun after 20- or 50-nucleus eligibility threshold; direction comparison to 30-nucleus primary	not applicable: descriptive direction-retention sensitivity summary
OPC	FTD_vs_Ctrl_mean	protein_stabilization	Protein stabilization	min50_sensitivity	50	sensitivity	1.62007251053455	0.000457211534539116	0.000640096148354762	0.000640096148354762		positive	178	0.346551954068933	12761	HSP90AB1;BAG2;PTGES3;CCT3;HSPA1A;ZSWIM7;FLOT2;CLU;CCNH;HIP1;BAG3;CCT4;NAA16;HSP90AA1;HSPA1B;SMAD7;MT3;PFDN2;PPARGC1A;FLNA;PARK7;UBE2B;MORC3;SMAD3;HSPB1;CRYAB;BAG1;PIN1;MAPK8IP3;RTN4;STUB1;DVL1;GAPDH;PINK1;EGLN3;PEX6;RASSF2;GNAQ;RPL23;EPHA4;ANK2;USP2;CCT5;PTEN;PRKRA;EP300;ATP1B1;PFDN5;POLR2E;MCM8;PFN1;WIZ;PIK3R1;NLK;UXT;CBLB;CALR;ATM;TCP1;CCT7;C10orf90;RAB21;AAK1	0.49849310876659	1.7130504306272	0.000121420436523203	0.000169988611132484	0.000588422115458597	TRUE	0.0929779200926464	33	17	limma duplicateCorrelation donor-blocked pseudobulk; diagnosis-by-region fixed effects	FGSEA rerun after 20- or 50-nucleus eligibility threshold; direction comparison to 30-nucleus primary	not applicable: descriptive direction-retention sensitivity summary
OPC	FTD_vs_Ctrl_mean	small_GTPase	Small GTPase	min20_sensitivity	20	sensitivity	1.79565367762583	1.47150021647578e-05	3.43350050511015e-05	3.43350050511015e-05		positive	161	0.388474835104039	12825	RIN2;RASGEF1B;SOS1;PLEKHG4B;ARHGAP35;TIAM2;ARHGAP1;FAM13A;RIT2;RUNDC3A;MCF2L;RAPGEF4;DOCK4;SRGAP2;RASGEF1C;ARHGAP24;CHN1;ARHGEF25;GDI1;ARHGAP5;ARHGAP25;RND1;VAV3;STARD13;ARHGAP18;ARHGEF4;RAC1;ABR;DOCK11;PLD1;RALGDS;DOCK10;BCR;RAPGEF3;ARAP1;FGD4;SOS2;RAPGEF2;RALGAPA2;ARHGEF2;RAPGEF1;DIRAS2;RALGPS2;ARHGAP44;RALGAPA1;ARHGEF28;TIAM1;DOCK9;SIPA1L3;ITSN1;PLEKHG1;ARHGAP39;ARHGEF11;ARHGAP10;ARL3;DOCK6;ARHGAP26;GNA13;DOCK8;ARHGAP31;ARHGEF12;DOCK7;MYO9A;DOCK3	0.593325476396405	1.81066808677671	1.84418779165795e-05	4.30310484720189e-05	0.000129093145416057	TRUE	0.0150144091508759	33	17	limma duplicateCorrelation donor-blocked pseudobulk; diagnosis-by-region fixed effects	FGSEA rerun after 20- or 50-nucleus eligibility threshold; direction comparison to 30-nucleus primary	not applicable: descriptive direction-retention sensitivity summary
OPC	FTD_vs_Ctrl_mean	small_GTPase	Small GTPase	min50_sensitivity	50	sensitivity	1.9004625402724	7.57579654482927e-06	1.83494940157356e-05	1.83494940157356e-05		positive	160	0.411928487812902	12761	RASGEF1B;RIN2;SOS1;PLEKHG4B;ARHGAP35;TIAM2;ARHGAP1;FAM13A;CCDC88A;RIT2;MCF2L;RUNDC3A;ARHGEF4;RAPGEF4;DOCK4;RASGEF1C;ARHGAP24;SRGAP2;PLD1;ARHGEF25;CHN1;RND1;GDI1;VAV3;ARHGAP25;ARHGAP18;ARHGAP5;STARD13;RAPGEF3;DOCK10;RALGDS;FGD4;SOS2;DOCK11;ABR;ARHGEF2;RAC1;ARAP1;BCR;PLEKHG1;ARHGAP44;DOCK3;RAPGEF2;RAPGEF1;DOCK8;RALGAPA2;RALGPS2;RALGAPA1;ARHGEF28;ITSN1;DOCK9;TIAM1;DIRAS2;DOCK6;ARHGAP39;ARL3;SIPA1L3;ARHGEF11;DOCK2;RASGRP3;ARHGAP10;MYO9B	0.610526878385931	1.81066808677671	1.84418779165795e-05	4.30310484720189e-05	0.000129093145416057	TRUE	0.0897944534956949	33	17	limma duplicateCorrelation donor-blocked pseudobulk; diagnosis-by-region fixed effects	FGSEA rerun after 20- or 50-nucleus eligibility threshold; direction comparison to 30-nucleus primary	not applicable: descriptive direction-retention sensitivity summary
OPC	FTD_vs_Ctrl_mean	synapse_junction	Synapse / junction assembly	min20_sensitivity	20	sensitivity	1.9265069457696	7.26305582791828e-05	0.00012710347698857	0.00012710347698857		positive	54	0.505680093444748	12825	MAPT;NRG3;MAP1B;ERBB4;DNER;PLXNA3;NRXN1;ADGRL3;NLGN2;GPHN;SDK1;DNM3;SDK2;PLXNB1;NLGN1;DSCAM;PLXNC1;NRXN2;SLITRK1;PTEN;NLGN4X	0.538434096309916	2.01168591718957	9.22609385618391e-05	0.000161456642483219	0.000528403557217806	TRUE	0.0851789714199695	33	17	limma duplicateCorrelation donor-blocked pseudobulk; diagnosis-by-region fixed effects	FGSEA rerun after 20- or 50-nucleus eligibility threshold; direction comparison to 30-nucleus primary	not applicable: descriptive direction-retention sensitivity summary
OPC	FTD_vs_Ctrl_mean	synapse_junction	Synapse / junction assembly	min50_sensitivity	50	sensitivity	1.93631459930191	0.000110519189170294	0.000193408581048015	0.000193408581048015		positive	54	0.505270524300653	12761	NRG3;MAPT;ERBB4;DNER;NRXN1;PLXNA3;ADGRL3;MAP1B;GPHN;SDK1;NLGN1;NLGN2;DNM3;PLXNB1;SDK2;PLXNC1;DSCAM;NRXN2;SLITRK1;PTEN;NLGN4X	0.538434096309916	2.01168591718957	9.22609385618391e-05	0.000161456642483219	0.000528403557217806	TRUE	0.0753713178876618	33	17	limma duplicateCorrelation donor-blocked pseudobulk; diagnosis-by-region fixed effects	FGSEA rerun after 20- or 50-nucleus eligibility threshold; direction comparison to 30-nucleus primary	not applicable: descriptive direction-retention sensitivity summary
Oligo	ALS_vs_Ctrl_mean	axon_development	Axon development	min20_sensitivity	20	sensitivity	0.854882638398483	0.761467889908257	0.813592233009709	0.813592233009709		positive	78	0.206941815224324	16304	PARD3;PARD6B;LLGL1;DOCK7;CELSR3;GRM7;SLITRK2;NTNG2;BRSK2;KLF7;DCC;MAPT;MARK2;DSCAML1;SPG11;ULK1;S100B;RAB8A;APLP1;MAP1B;CELSR1;CELSR2	0.0542315935495841	0.853582267031354	0.761341222879684	0.779324055666004	0.786303230187215	TRUE	0.00130037136712868	33	17	limma duplicateCorrelation donor-blocked pseudobulk; diagnosis-by-region fixed effects	FGSEA rerun after 20- or 50-nucleus eligibility threshold; direction comparison to 30-nucleus primary	not applicable: descriptive direction-retention sensitivity summary
Oligo	ALS_vs_Ctrl_mean	axon_development	Axon development	min50_sensitivity	50	sensitivity	0.844869661456514	0.756007393715342	0.777570093457944	0.777570093457944		positive	78	0.206941815224324	16304	PARD3;PARD6B;LLGL1;DOCK7;CELSR3;GRM7;SLITRK2;NTNG2;BRSK2;KLF7;DCC;MAPT;MARK2;DSCAML1;SPG11;ULK1;S100B;RAB8A;APLP1;MAP1B;CELSR1;CELSR2	0.0549073703290958	0.853582267031354	0.761341222879684	0.779324055666004	0.786303230187215	TRUE	0.00871260557483966	33	17	limma duplicateCorrelation donor-blocked pseudobulk; diagnosis-by-region fixed effects	FGSEA rerun after 20- or 50-nucleus eligibility threshold; direction comparison to 30-nucleus primary	not applicable: descriptive direction-retention sensitivity summary
Oligo	ALS_vs_Ctrl_mean	heat_response	Heat response	min20_sensitivity	20	sensitivity	1.29781361199903	0.128846153846154	0.275641025641026	0.275641025641026		positive	23	0.415844014362978	16304	LRP11;HSPB1;DNAJA4;DNAJA3;CRYAB;PSIP1;DNAJA1;SOD1;EIF2B5;HSP90AA1	0.170932335370056	1.3318241883244	0.104536489151874	0.243918474687706	0.146351084812623	TRUE	0.0340105763253755	33	17	limma duplicateCorrelation donor-blocked pseudobulk; diagnosis-by-region fixed effects	FGSEA rerun after 20- or 50-nucleus eligibility threshold; direction comparison to 30-nucleus primary	not applicable: descriptive direction-retention sensitivity summary
Oligo	ALS_vs_Ctrl_mean	heat_response	Heat response	min50_sensitivity	50	sensitivity	1.29072177196172	0.136448598130841	0.278125	0.278125		positive	23	0.415844014362978	16304	LRP11;HSPB1;DNAJA4;DNAJA3;CRYAB;PSIP1;DNAJA1;SOD1;EIF2B5;HSP90AA1	0.163180127180689	1.3318241883244	0.104536489151874	0.243918474687706	0.146351084812623	TRUE	0.041102416362681	33	17	limma duplicateCorrelation donor-blocked pseudobulk; diagnosis-by-region fixed effects	FGSEA rerun after 20- or 50-nucleus eligibility threshold; direction comparison to 30-nucleus primary	not applicable: descriptive direction-retention sensitivity summary
Oligo	ALS_vs_Ctrl_mean	mitochondrial_energy	Mitochondrial energy	min20_sensitivity	20	sensitivity	0.775306250345859	0.813592233009709	0.813592233009709	0.813592233009709		positive	22	0.254641677716636	16304	C2orf69;ATP5F1C;NDUFV3;NDUFS2;COX6B1;COX5B;UQCRC2;COX4I1	0.05378728077603	0.808193360852544	0.779324055666004	0.779324055666004	0.787539936102236	TRUE	0.032887110506685	33	17	limma duplicateCorrelation donor-blocked pseudobulk; diagnosis-by-region fixed effects	FGSEA rerun after 20- or 50-nucleus eligibility threshold; direction comparison to 30-nucleus primary	not applicable: descriptive direction-retention sensitivity summary
Oligo	ALS_vs_Ctrl_mean	mitochondrial_energy	Mitochondrial energy	min50_sensitivity	50	sensitivity	0.778893361952893	0.777570093457944	0.777570093457944	0.777570093457944		positive	22	0.254641677716636	16304	C2orf69;ATP5F1C;NDUFV3;NDUFS2;COX6B1;COX5B;UQCRC2;COX4I1	0.0541200569620232	0.808193360852544	0.779324055666004	0.779324055666004	0.787539936102236	TRUE	0.029299998899651	33	17	limma duplicateCorrelation donor-blocked pseudobulk; diagnosis-by-region fixed effects	FGSEA rerun after 20- or 50-nucleus eligibility threshold; direction comparison to 30-nucleus primary	not applicable: descriptive direction-retention sensitivity summary
Oligo	ALS_vs_Ctrl_mean	protein_folding	Protein folding	min20_sensitivity	20	sensitivity	1.23598060373375	0.0842696629213483	0.275641025641026	0.275641025641026		positive	152	0.270772229092915	16304	DNAJB2;TBCD;TTC4;COX19;P3H1;PTGES3;QSOX1;PDIA3;PDIA6;ENGASE;PDIA5;HSPB1;UNC45A;CHORDC1;BAG2;PDIA4;HSPA8;BAG3;ATPAF2;DNAJA4;PPIF;DNAJA3;ERO1B;CALR;CRYAB;HSPA4L;ATF6;RIC3;HSP90AB1;FKBP6;ST13;NKTR;DNAJA1;TTC1;CCT4;HSP90AA1;TAPBP;SACS;TBCE;LMAN2L;ERO1A;CSNK2A1;PDIA2;CCT3;ALG12;PPID;DNAJB1;MESD	0.211400189384923	1.24254957539195	0.0757575757575758	0.243918474687706	0.116306932801745	TRUE	0.00656897165819825	33	17	limma duplicateCorrelation donor-blocked pseudobulk; diagnosis-by-region fixed effects	FGSEA rerun after 20- or 50-nucleus eligibility threshold; direction comparison to 30-nucleus primary	not applicable: descriptive direction-retention sensitivity summary
Oligo	ALS_vs_Ctrl_mean	protein_folding	Protein folding	min50_sensitivity	50	sensitivity	1.2348842861542	0.0948905109489051	0.278125	0.278125		positive	152	0.270772229092915	16304	DNAJB2;TBCD;TTC4;COX19;P3H1;PTGES3;QSOX1;PDIA3;PDIA6;ENGASE;PDIA5;HSPB1;UNC45A;CHORDC1;BAG2;PDIA4;HSPA8;BAG3;ATPAF2;DNAJA4;PPIF;DNAJA3;ERO1B;CALR;CRYAB;HSPA4L;ATF6;RIC3;HSP90AB1;FKBP6;ST13;NKTR;DNAJA1;TTC1;CCT4;HSP90AA1;TAPBP;SACS;TBCE;LMAN2L;ERO1A;CSNK2A1;PDIA2;CCT3;ALG12;PPID;DNAJB1;MESD	0.195789002148949	1.24254957539195	0.0757575757575758	0.243918474687706	0.116306932801745	TRUE	0.00766528923775334	33	17	limma duplicateCorrelation donor-blocked pseudobulk; diagnosis-by-region fixed effects	FGSEA rerun after 20- or 50-nucleus eligibility threshold; direction comparison to 30-nucleus primary	not applicable: descriptive direction-retention sensitivity summary
Oligo	ALS_vs_Ctrl_mean	protein_stabilization	Protein stabilization	min20_sensitivity	20	sensitivity	1.14452150272573	0.157509157509158	0.275641025641026	0.275641025641026		positive	192	0.242951020257956	16304	ZSWIM7;UBE2B;MORC3;P3H1;DBR1;COG7;PTGES3;TBL1X;ZNF207;HSPB1;SMAD3;PRKRA;TNIP2;BAG2;PEX6;CEP63;BAG3;HSPA1A;PIM1;DNAJA3;MT3;CALR;EFNA1;RTN4;CRYAB;CBL;PYHIN1;FLOT2;PER3;HSP90AB1;AAK1;HSPA1B;IFT46;USP2;TMC8;MYCNOS;RASSF1;CHP1;PRKCD;RABL3;CCT4;HSP90AA1;AKT2;CDK7;CSNK2A1;TRIM44;CCT3;PARK7;RUVBL1;OTUD3;UXT;GAPDH;FLNA;STX12;PTEN;CDKN2A;ATM	0.149207542435322	1.14593503659387	0.159090909090909	0.278409090909091	0.200454545454545	TRUE	0.00141353386813758	33	17	limma duplicateCorrelation donor-blocked pseudobulk; diagnosis-by-region fixed effects	FGSEA rerun after 20- or 50-nucleus eligibility threshold; direction comparison to 30-nucleus primary	not applicable: descriptive direction-retention sensitivity summary
Oligo	ALS_vs_Ctrl_mean	protein_stabilization	Protein stabilization	min50_sensitivity	50	sensitivity	1.15170516490786	0.158928571428571	0.278125	0.278125		positive	192	0.242951020257956	16304	ZSWIM7;UBE2B;MORC3;P3H1;DBR1;COG7;PTGES3;TBL1X;ZNF207;HSPB1;SMAD3;PRKRA;TNIP2;BAG2;PEX6;CEP63;BAG3;HSPA1A;PIM1;DNAJA3;MT3;CALR;EFNA1;RTN4;CRYAB;CBL;PYHIN1;FLOT2;PER3;HSP90AB1;AAK1;HSPA1B;IFT46;USP2;TMC8;MYCNOS;RASSF1;CHP1;PRKCD;RABL3;CCT4;HSP90AA1;AKT2;CDK7;CSNK2A1;TRIM44;CCT3;PARK7;RUVBL1;OTUD3;UXT;GAPDH;FLNA;STX12;PTEN;CDKN2A;ATM	0.14641623786055	1.14593503659387	0.159090909090909	0.278409090909091	0.200454545454545	TRUE	0.0057701283139926	33	17	limma duplicateCorrelation donor-blocked pseudobulk; diagnosis-by-region fixed effects	FGSEA rerun after 20- or 50-nucleus eligibility threshold; direction comparison to 30-nucleus primary	not applicable: descriptive direction-retention sensitivity summary
Oligo	ALS_vs_Ctrl_mean	small_GTPase	Small GTPase	min20_sensitivity	20	sensitivity	1.42154331515633	0.00661234303563655	0.0462864012494559	0.0462864012494559		positive	162	0.309574114139298	16304	ARHGAP39;RAPGEF3;ARHGAP22;ARHGAP33;ARHGEF10L;SIAH2;RIN2;ARHGAP31;RASGEF1C;PLCD4;RACGAP1;TRIO;DOCK11;RASGRF1;NUCB2;GDI2;DOCK7;SWAP70;SIPA1L2;TIAM2;RALGPS1;SOS1;TIAM1;RHOQ;RALGAPA1;ARHGEF1;BCR;RAB18;PREX2;MYO9B;SRGAP2;SIPA1L3;ARHGAP25;RAPGEF4;RHOF;ARHGEF10;DOCK10;GNA13;MCF2L;CHP1;ARHGEF3;GARNL3;CHM;PLD2;FAM13A;ARHGAP28;ARHGAP29;ABR;ARHGEF4;ARHGAP26;ITSN1;ARHGAP35;RRAD;RASGEF1B;DNMBP;TSC2	0.407017918923954	1.43649353203199	0.00894155464783459	0.0625908825348421	0.0194247566487441	TRUE	0.0149502168756663	33	17	limma duplicateCorrelation donor-blocked pseudobulk; diagnosis-by-region fixed effects	FGSEA rerun after 20- or 50-nucleus eligibility threshold; direction comparison to 30-nucleus primary	not applicable: descriptive direction-retention sensitivity summary
Oligo	ALS_vs_Ctrl_mean	small_GTPase	Small GTPase	min50_sensitivity	50	sensitivity	1.41999778983689	0.016391583021983	0.114741081153881	0.114741081153881		positive	162	0.309574114139298	16304	ARHGAP39;RAPGEF3;ARHGAP22;ARHGAP33;ARHGEF10L;SIAH2;RIN2;ARHGAP31;RASGEF1C;PLCD4;RACGAP1;TRIO;DOCK11;RASGRF1;NUCB2;GDI2;DOCK7;SWAP70;SIPA1L2;TIAM2;RALGPS1;SOS1;TIAM1;RHOQ;RALGAPA1;ARHGEF1;BCR;RAB18;PREX2;MYO9B;SRGAP2;SIPA1L3;ARHGAP25;RAPGEF4;RHOF;ARHGEF10;DOCK10;GNA13;MCF2L;CHP1;ARHGEF3;GARNL3;CHM;PLD2;FAM13A;ARHGAP28;ARHGAP29;ABR;ARHGEF4;ARHGAP26;ITSN1;ARHGAP35;RRAD;RASGEF1B;DNMBP;TSC2	0.352487857583619	1.43649353203199	0.00894155464783459	0.0625908825348421	0.0194247566487441	TRUE	0.0164957421951064	33	17	limma duplicateCorrelation donor-blocked pseudobulk; diagnosis-by-region fixed effects	FGSEA rerun after 20- or 50-nucleus eligibility threshold; direction comparison to 30-nucleus primary	not applicable: descriptive direction-retention sensitivity summary
Oligo	ALS_vs_Ctrl_mean	synapse_junction	Synapse / junction assembly	min20_sensitivity	20	sensitivity	-0.918531417182595	0.628509719222462	0.813592233009709	0.813592233009709		negative	65	-0.225767828297995	16304	OPHN1;GRIA1;BDNF;CDC42;PCDHB16;DRD2;SPOCK2;PLXNB3;SLITRK1;PCDHB5;DAG1;SDK1;NLGN3;VMP1;CDH1	0.0713052987340038	-0.913254886968132	0.646245059288538	0.779324055666004	0.678557312252965	TRUE	0.00527653021446339	33	17	limma duplicateCorrelation donor-blocked pseudobulk; diagnosis-by-region fixed effects	FGSEA rerun after 20- or 50-nucleus eligibility threshold; direction comparison to 30-nucleus primary	not applicable: descriptive direction-retention sensitivity summary
Oligo	ALS_vs_Ctrl_mean	synapse_junction	Synapse / junction assembly	min50_sensitivity	50	sensitivity	-0.909526756452087	0.63594470046083	0.777570093457944	0.777570093457944		negative	65	-0.225767828297995	16304	OPHN1;GRIA1;BDNF;CDC42;PCDHB16;DRD2;SPOCK2;PLXNB3;SLITRK1;PCDHB5;DAG1;SDK1;NLGN3;VMP1;CDH1	0.0739901439101342	-0.913254886968132	0.646245059288538	0.779324055666004	0.678557312252965	TRUE	0.00372813051604481	33	17	limma duplicateCorrelation donor-blocked pseudobulk; diagnosis-by-region fixed effects	FGSEA rerun after 20- or 50-nucleus eligibility threshold; direction comparison to 30-nucleus primary	not applicable: descriptive direction-retention sensitivity summary
Oligo	ALS_vs_FTD_mean	axon_development	Axon development	min20_sensitivity	20	sensitivity	-1.9067018353853	0.000105752692685698	0.000381417533232619	0.000381417533232619		negative	78	-0.422441087877532	16304	MAP7D2;RAB3A;S100A6;NMNAT2;CNTN4;STK11;APLP2;BAIAP2;GPM6B;NTNG1;MAPT;DOCK7;NPR2;MGARP;SLITRK5;MAPK8IP3;TAOK2;CAMSAP2;RAB10;CELSR2;APP;CNTNAP1;PITPNA;CTNNA2;NRCAM;PARD3;MAP1B;SHTN1;MARK2	0.538434096309916	-1.88157198157206	0.000171474831882252	0.000600161911587883	0.000771636743470135	TRUE	0.0251298538132421	33	17	limma duplicateCorrelation donor-blocked pseudobulk; diagnosis-by-region fixed effects	FGSEA rerun after 20- or 50-nucleus eligibility threshold; direction comparison to 30-nucleus primary	not applicable: descriptive direction-retention sensitivity summary
Oligo	ALS_vs_FTD_mean	axon_development	Axon development	min50_sensitivity	50	sensitivity	-1.87091373443428	9.44360605853229e-05	0.000421563787972293	0.000421563787972293		negative	78	-0.422441087877532	16304	MAP7D2;RAB3A;S100A6;NMNAT2;CNTN4;STK11;APLP2;BAIAP2;GPM6B;NTNG1;MAPT;DOCK7;NPR2;MGARP;SLITRK5;MAPK8IP3;TAOK2;CAMSAP2;RAB10;CELSR2;APP;CNTNAP1;PITPNA;CTNNA2;NRCAM;PARD3;MAP1B;SHTN1;MARK2	0.538434096309916	-1.88157198157206	0.000171474831882252	0.000600161911587883	0.000771636743470135	TRUE	0.0106582471377832	33	17	limma duplicateCorrelation donor-blocked pseudobulk; diagnosis-by-region fixed effects	FGSEA rerun after 20- or 50-nucleus eligibility threshold; direction comparison to 30-nucleus primary	not applicable: descriptive direction-retention sensitivity summary
Oligo	ALS_vs_FTD_mean	heat_response	Heat response	min20_sensitivity	20	sensitivity	-0.906420867905861	0.575178997613365	0.575178997613365	0.575178997613365		negative	23	-0.269364083952916	16304	HSPB1;SOD1;EIF2B3;MAP2K7;DNAJA2;DNAJA1;DNAJA4;HSP90AA1	0.0810802057550866	-0.93445139239187	0.55868544600939	0.55868544600939	0.596562425399857	TRUE	0.0280305244860086	33	17	limma duplicateCorrelation donor-blocked pseudobulk; diagnosis-by-region fixed effects	FGSEA rerun after 20- or 50-nucleus eligibility threshold; direction comparison to 30-nucleus primary	not applicable: descriptive direction-retention sensitivity summary
Oligo	ALS_vs_FTD_mean	heat_response	Heat response	min50_sensitivity	50	sensitivity	-0.921068826134726	0.584821428571429	0.584821428571429	0.584821428571429		negative	23	-0.269364083952916	16304	HSPB1;SOD1;EIF2B3;MAP2K7;DNAJA2;DNAJA1;DNAJA4;HSP90AA1	0.0766746872490091	-0.93445139239187	0.55868544600939	0.55868544600939	0.596562425399857	TRUE	0.0133825662571436	33	17	limma duplicateCorrelation donor-blocked pseudobulk; diagnosis-by-region fixed effects	FGSEA rerun after 20- or 50-nucleus eligibility threshold; direction comparison to 30-nucleus primary	not applicable: descriptive direction-retention sensitivity summary
Oligo	ALS_vs_FTD_mean	mitochondrial_energy	Mitochondrial energy	min20_sensitivity	20	sensitivity	-2.1478534403607	0.000108976438066462	0.000381417533232619	0.000381417533232619		negative	22	-0.647310605042217	16304	UQCRC1;UQCRB;COX6C;COX7B;COX7C;COX6B1;UQCRH;C2orf69;COX7A2;COX6A1;COX4I1;NDUFA12;COX5A;MT-CO1;COX5B;NDUFB6	0.538434096309916	-2.19372712824255	0.000107232852553699	0.000600161911587883	0.000562972475906921	TRUE	0.0458736878818526	33	17	limma duplicateCorrelation donor-blocked pseudobulk; diagnosis-by-region fixed effects	FGSEA rerun after 20- or 50-nucleus eligibility threshold; direction comparison to 30-nucleus primary	not applicable: descriptive direction-retention sensitivity summary
Oligo	ALS_vs_FTD_mean	mitochondrial_energy	Mitochondrial energy	min50_sensitivity	50	sensitivity	-2.18277704573386	0.000120446796563512	0.000421563787972293	0.000421563787972293		negative	22	-0.647310605042217	16304	UQCRC1;UQCRB;COX6C;COX7B;COX7C;COX6B1;UQCRH;C2orf69;COX7A2;COX6A1;COX4I1;NDUFA12;COX5A;MT-CO1;COX5B;NDUFB6	0.538434096309916	-2.19372712824255	0.000107232852553699	0.000600161911587883	0.000562972475906921	TRUE	0.0109500825086903	33	17	limma duplicateCorrelation donor-blocked pseudobulk; diagnosis-by-region fixed effects	FGSEA rerun after 20- or 50-nucleus eligibility threshold; direction comparison to 30-nucleus primary	not applicable: descriptive direction-retention sensitivity summary
Oligo	ALS_vs_FTD_mean	protein_folding	Protein folding	min20_sensitivity	20	sensitivity	-1.60406533480455	0.000598251113514023	0.00139591926486605	0.00139591926486605		negative	152	-0.319848168119665	16304	HSPB1;ZMYND10;BAG2;CLU;HSPA4;HSPA4L;PTGES3;CHORDC1;DNAJB1;FKBP4;RIC8B;DNAJB6;HSPH1;HYPK;PPIA;CCT2;TBCE;ST13;RUVBL2;CCT3;KHSRP;BAG3;AHSA1;ATPAF2;PPID;CCT4;TSC1;P4HB;COA3;CCT7;NUDC;HSP90AB1;PFDN4;CCT6A;MKKS;HSPD1;CCT5;GRPEL1;HSPA9;DNAJA2;DNAJA1	0.477270815362862	-1.58964458798259	0.000971926169787948	0.00226782772950521	0.00291577850936384	TRUE	0.0144207468219577	33	17	limma duplicateCorrelation donor-blocked pseudobulk; diagnosis-by-region fixed effects	FGSEA rerun after 20- or 50-nucleus eligibility threshold; direction comparison to 30-nucleus primary	not applicable: descriptive direction-retention sensitivity summary
Oligo	ALS_vs_FTD_mean	protein_folding	Protein folding	min50_sensitivity	50	sensitivity	-1.57915904022982	0.000417478001270204	0.000974115336297142	0.000974115336297142		negative	152	-0.319848168119665	16304	HSPB1;ZMYND10;BAG2;CLU;HSPA4;HSPA4L;PTGES3;CHORDC1;DNAJB1;FKBP4;RIC8B;DNAJB6;HSPH1;HYPK;PPIA;CCT2;TBCE;ST13;RUVBL2;CCT3;KHSRP;BAG3;AHSA1;ATPAF2;PPID;CCT4;TSC1;P4HB;COA3;CCT7;NUDC;HSP90AB1;PFDN4;CCT6A;MKKS;HSPD1;CCT5;GRPEL1;HSPA9;DNAJA2;DNAJA1	0.49849310876659	-1.58964458798259	0.000971926169787948	0.00226782772950521	0.00291577850936384	TRUE	0.0104855477527708	33	17	limma duplicateCorrelation donor-blocked pseudobulk; diagnosis-by-region fixed effects	FGSEA rerun after 20- or 50-nucleus eligibility threshold; direction comparison to 30-nucleus primary	not applicable: descriptive direction-retention sensitivity summary
Oligo	ALS_vs_FTD_mean	protein_stabilization	Protein stabilization	min20_sensitivity	20	sensitivity	-1.46371636611042	0.00141917439522016	0.00248355519163528	0.00248355519163528		negative	192	-0.280510792042708	16304	HSPB1;NAA16;HIP1;SOX4;BAG2;CLU;RTN4;SMAD3;PINK1;PTGES3;PARVA;HSPA1B;PPARGC1A;HYPK;MSX1;USP27X;CCT2;MAPK8IP3;PIM1;RUVBL2;CCT3;BAG3;CHEK2;CCT4;UBE2B;TSC1;CCT7;PARK7;HSP90AB1;MT3;WFS1;HSPA1A;CCT6A;HSPD1;CCT5;BAG6;WDR81;CCNH;APOA1;STUB1;STK4;LAMP1;FLNA;CAMLG;MORC3;PYHIN1;CBLB;TCP1;RASSF2;SPAG1;VHL;LAMP2;PFDN5;RPAP3;MCM8;PIN1;EGLN3;HCFC1;CCT8;PRKCD;FBXW7;HSP90AA1;RPL23;PEX6;TMC8	0.45505986738723	-1.43802007800456	0.00478661616308233	0.00670126262831526	0.0115983391643918	TRUE	0.0256962881058596	33	17	limma duplicateCorrelation donor-blocked pseudobulk; diagnosis-by-region fixed effects	FGSEA rerun after 20- or 50-nucleus eligibility threshold; direction comparison to 30-nucleus primary	not applicable: descriptive direction-retention sensitivity summary
Oligo	ALS_vs_FTD_mean	protein_stabilization	Protein stabilization	min50_sensitivity	50	sensitivity	-1.44013931713554	0.00246675543769209	0.00345345761276893	0.00345345761276893		negative	192	-0.280510792042708	16304	HSPB1;NAA16;HIP1;SOX4;BAG2;CLU;RTN4;SMAD3;PINK1;PTGES3;PARVA;HSPA1B;PPARGC1A;HYPK;MSX1;USP27X;CCT2;MAPK8IP3;PIM1;RUVBL2;CCT3;BAG3;CHEK2;CCT4;UBE2B;TSC1;CCT7;PARK7;HSP90AB1;MT3;WFS1;HSPA1A;CCT6A;HSPD1;CCT5;BAG6;WDR81;CCNH;APOA1;STUB1;STK4;LAMP1;FLNA;CAMLG;MORC3;PYHIN1;CBLB;TCP1;RASSF2;SPAG1;VHL;LAMP2;PFDN5;RPAP3;MCM8;PIN1;EGLN3;HCFC1;CCT8;PRKCD;FBXW7;HSP90AA1;RPL23;PEX6;TMC8	0.431707695803346	-1.43802007800456	0.00478661616308233	0.00670126262831526	0.0115983391643918	TRUE	0.00211923913097567	33	17	limma duplicateCorrelation donor-blocked pseudobulk; diagnosis-by-region fixed effects	FGSEA rerun after 20- or 50-nucleus eligibility threshold; direction comparison to 30-nucleus primary	not applicable: descriptive direction-retention sensitivity summary
Oligo	ALS_vs_FTD_mean	small_GTPase	Small GTPase	min20_sensitivity	20	sensitivity	-1.49131617169207	0.00289607177327112	0.00405450048257956	0.00405450048257956		negative	162	-0.295436855248697	16304	ARHGAP10;ARHGAP20;RAP1GAP2;ARHGAP35;STARD13;RASGEF1B;RUNDC3A;FAM13A;RIT2;ARHGAP25;ARHGAP18;RAPGEF1;ARHGEF10;RALGPS2;CHN1;DOCK7;SOS1;SIPA1L3;ABR;TIAM2;ARHGAP24;DOCK11;RASGRP3;DIRAS2;FAM13B;DOCK5;SOS2;RALGDS;DEF6;CCDC88A;DOCK1;ARHGAP31;ARHGAP44;RAC1;RALGAPB;RAPGEF4;ARHGAP12;RHOA;ARAP1;PLCE1;RALGAPA2;RND2;ARHGAP4;ARHGAP5;RAPGEF2;RAC3;ARHGAP11A;RHOBTB1;RGL3;DNMBP;ARHGAP15;GNA13;RRAGC;RABIF;KRIT1;RRAD;OBSCN	0.431707695803346	-1.49296886697339	0.00346217368571853	0.00605880395000743	0.0087246776880107	TRUE	0.00165269528132161	33	17	limma duplicateCorrelation donor-blocked pseudobulk; diagnosis-by-region fixed effects	FGSEA rerun after 20- or 50-nucleus eligibility threshold; direction comparison to 30-nucleus primary	not applicable: descriptive direction-retention sensitivity summary
Oligo	ALS_vs_FTD_mean	small_GTPase	Small GTPase	min50_sensitivity	50	sensitivity	-1.47306803033107	0.0017240870224012	0.0030171522892021	0.0030171522892021		negative	162	-0.295436855248697	16304	ARHGAP10;ARHGAP20;RAP1GAP2;ARHGAP35;STARD13;RASGEF1B;RUNDC3A;FAM13A;RIT2;ARHGAP25;ARHGAP18;RAPGEF1;ARHGEF10;RALGPS2;CHN1;DOCK7;SOS1;SIPA1L3;ABR;TIAM2;ARHGAP24;DOCK11;RASGRP3;DIRAS2;FAM13B;DOCK5;SOS2;RALGDS;DEF6;CCDC88A;DOCK1;ARHGAP31;ARHGAP44;RAC1;RALGAPB;RAPGEF4;ARHGAP12;RHOA;ARAP1;PLCE1;RALGAPA2;RND2;ARHGAP4;ARHGAP5;RAPGEF2;RAC3;ARHGAP11A;RHOBTB1;RGL3;DNMBP;ARHGAP15;GNA13;RRAGC;RABIF;KRIT1;RRAD;OBSCN	0.45505986738723	-1.49296886697339	0.00346217368571853	0.00605880395000743	0.0087246776880107	TRUE	0.0199008366423179	33	17	limma duplicateCorrelation donor-blocked pseudobulk; diagnosis-by-region fixed effects	FGSEA rerun after 20- or 50-nucleus eligibility threshold; direction comparison to 30-nucleus primary	not applicable: descriptive direction-retention sensitivity summary
Oligo	ALS_vs_FTD_mean	synapse_junction	Synapse / junction assembly	min20_sensitivity	20	sensitivity	-1.39473679078947	0.0447673369406405	0.0522285597640806	0.0522285597640806		negative	65	-0.31616515848568	16304	GRIA1;PLXNA4;SPOCK2;FARP1;MAPT;PLXNA1;SDK1;GPM6A;FLRT3;ZDHHC2;PLXNB2;RHOA;NRCAM;MAP1B;NRG3;DSCAM;GPHN;KIRREL3	0.321775918075361	-1.34846461211024	0.0775379552011636	0.0904609477346908	0.116306932801745	TRUE	0.046272178679232	33	17	limma duplicateCorrelation donor-blocked pseudobulk; diagnosis-by-region fixed effects	FGSEA rerun after 20- or 50-nucleus eligibility threshold; direction comparison to 30-nucleus primary	not applicable: descriptive direction-retention sensitivity summary
Oligo	ALS_vs_FTD_mean	synapse_junction	Synapse / junction assembly	min50_sensitivity	50	sensitivity	-1.37536110028605	0.0654205607476636	0.0763239875389408	0.0763239875389408		negative	65	-0.31616515848568	16304	GRIA1;PLXNA4;SPOCK2;FARP1;MAPT;PLXNA1;SDK1;GPM6A;FLRT3;ZDHHC2;PLXNB2;RHOA;NRCAM;MAP1B;NRG3;DSCAM;GPHN;KIRREL3	0.271288554688953	-1.34846461211024	0.0775379552011636	0.0904609477346908	0.116306932801745	TRUE	0.0268964881758087	33	17	limma duplicateCorrelation donor-blocked pseudobulk; diagnosis-by-region fixed effects	FGSEA rerun after 20- or 50-nucleus eligibility threshold; direction comparison to 30-nucleus primary	not applicable: descriptive direction-retention sensitivity summary
Oligo	FTD_vs_Ctrl_mean	axon_development	Axon development	min20_sensitivity	20	sensitivity	1.85087339358402	7.59159088444675e-05	0.000177137120637091	0.000177137120637091		positive	78	0.414937484330842	16304	MAP7D2;PARD3;DOCK7;MAPT;S100A6;RAB3A;STK11;MAPK8IP3;APLP2;NTNG1;MGARP;TAOK2;NPR2;NMNAT2;CELSR2;CAMSAP2;MARK2;MAP1B;APP;RAB10;BAIAP2;CELSR3;SLITRK5;CNTN4;NRCAM	0.538434096309916	1.86260798257112	0.000330234761584685	0.000680817757157071	0.00109498894630711	TRUE	0.0117345889870999	33	17	limma duplicateCorrelation donor-blocked pseudobulk; diagnosis-by-region fixed effects	FGSEA rerun after 20- or 50-nucleus eligibility threshold; direction comparison to 30-nucleus primary	not applicable: descriptive direction-retention sensitivity summary
Oligo	FTD_vs_Ctrl_mean	axon_development	Axon development	min50_sensitivity	50	sensitivity	1.86615064021732	0.000193486400198014	0.000451468267128699	0.000451468267128699		positive	78	0.414937484330842	16304	MAP7D2;PARD3;DOCK7;MAPT;S100A6;RAB3A;STK11;MAPK8IP3;APLP2;NTNG1;MGARP;TAOK2;NPR2;NMNAT2;CELSR2;CAMSAP2;MARK2;MAP1B;APP;RAB10;BAIAP2;CELSR3;SLITRK5;CNTN4;NRCAM	0.518848077743792	1.86260798257112	0.000330234761584685	0.000680817757157071	0.00109498894630711	TRUE	0.00354265764619144	33	17	limma duplicateCorrelation donor-blocked pseudobulk; diagnosis-by-region fixed effects	FGSEA rerun after 20- or 50-nucleus eligibility threshold; direction comparison to 30-nucleus primary	not applicable: descriptive direction-retention sensitivity summary
Oligo	FTD_vs_Ctrl_mean	heat_response	Heat response	min20_sensitivity	20	sensitivity	1.09910133044861	0.312056737588653	0.312056737588653	0.312056737588653		positive	23	0.325770299436292	16304	HSPB1;SOD1;DNAJA4;DNAJA1;HSP90AA1;EIF2B3	0.117249716749792	1.12325744253865	0.281795511221945	0.281795511221945	0.334964475603444	TRUE	0.0241561120900375	33	17	limma duplicateCorrelation donor-blocked pseudobulk; diagnosis-by-region fixed effects	FGSEA rerun after 20- or 50-nucleus eligibility threshold; direction comparison to 30-nucleus primary	not applicable: descriptive direction-retention sensitivity summary
Oligo	FTD_vs_Ctrl_mean	heat_response	Heat response	min50_sensitivity	50	sensitivity	1.08359209997393	0.324644549763033	0.324644549763033	0.324644549763033		positive	23	0.325770299436292	16304	HSPB1;SOD1;DNAJA4;DNAJA1;HSP90AA1;EIF2B3	0.114750719227023	1.12325744253865	0.281795511221945	0.281795511221945	0.334964475603444	TRUE	0.0396653425647207	33	17	limma duplicateCorrelation donor-blocked pseudobulk; diagnosis-by-region fixed effects	FGSEA rerun after 20- or 50-nucleus eligibility threshold; direction comparison to 30-nucleus primary	not applicable: descriptive direction-retention sensitivity summary
Oligo	FTD_vs_Ctrl_mean	mitochondrial_energy	Mitochondrial energy	min20_sensitivity	20	sensitivity	1.9973085843577	0.000790173004378637	0.00110624220613009	0.00110624220613009		positive	22	0.59806094012805	16304	C2orf69;COX6B1;UQCRB;COX7C;COX4I1;COX7A2;COX5B;COX6A1;COX6C;COX7B;UQCRC1;UQCRH;NDUFB6;COX5A;NDUFA12;NDUFV3	0.477270815362862	2.00565036910229	0.00108449851590354	0.00151829792226496	0.00310560938645105	TRUE	0.00834178474459146	33	17	limma duplicateCorrelation donor-blocked pseudobulk; diagnosis-by-region fixed effects	FGSEA rerun after 20- or 50-nucleus eligibility threshold; direction comparison to 30-nucleus primary	not applicable: descriptive direction-retention sensitivity summary
Oligo	FTD_vs_Ctrl_mean	mitochondrial_energy	Mitochondrial energy	min50_sensitivity	50	sensitivity	1.98334506039411	0.000697839233835621	0.000976974927369869	0.000976974927369869		positive	22	0.59806094012805	16304	C2orf69;COX6B1;UQCRB;COX7C;COX4I1;COX7A2;COX5B;COX6A1;COX6C;COX7B;UQCRC1;UQCRH;NDUFB6;COX5A;NDUFA12;NDUFV3	0.477270815362862	2.00565036910229	0.00108449851590354	0.00151829792226496	0.00310560938645105	TRUE	0.0223053087081764	33	17	limma duplicateCorrelation donor-blocked pseudobulk; diagnosis-by-region fixed effects	FGSEA rerun after 20- or 50-nucleus eligibility threshold; direction comparison to 30-nucleus primary	not applicable: descriptive direction-retention sensitivity summary
Oligo	FTD_vs_Ctrl_mean	protein_folding	Protein folding	min20_sensitivity	20	sensitivity	1.87750341037709	3.02080881217534e-06	2.11456616852274e-05	2.11456616852274e-05		positive	152	0.374683468693564	16304	HSPB1;ZMYND10;BAG2;PTGES3;CHORDC1;HSPA4L;DNAJB1;BAG3;ATPAF2;ST13;HSPA4;TBCE;FKBP4;DNAJB6;CCT3;HSP90AB1;CCT4;HYPK;PPID;COX19;AHSA1;HSPH1;HSPA8;DNAJA4;TSC1;TBCD;DNAJA1;DNAJB2;RIC8B;PDIA5;P4HB;RUVBL2;HSPD1;PPIA;CLU;NUDC;HSP90AA1;PDIA4;HSPA9	0.627256739718528	1.90623831061021	5.48771481622382e-06	2.50347606160863e-05	6.4375098727079e-05	TRUE	0.028734900233117	33	17	limma duplicateCorrelation donor-blocked pseudobulk; diagnosis-by-region fixed effects	FGSEA rerun after 20- or 50-nucleus eligibility threshold; direction comparison to 30-nucleus primary	not applicable: descriptive direction-retention sensitivity summary
Oligo	FTD_vs_Ctrl_mean	protein_folding	Protein folding	min50_sensitivity	50	sensitivity	1.89423653467184	6.33077204333484e-06	4.1128295830366e-05	4.1128295830366e-05		positive	152	0.374683468693564	16304	HSPB1;ZMYND10;BAG2;PTGES3;CHORDC1;HSPA4L;DNAJB1;BAG3;ATPAF2;ST13;HSPA4;TBCE;FKBP4;DNAJB6;CCT3;HSP90AB1;CCT4;HYPK;PPID;COX19;AHSA1;HSPH1;HSPA8;DNAJA4;TSC1;TBCD;DNAJA1;DNAJB2;RIC8B;PDIA5;P4HB;RUVBL2;HSPD1;PPIA;CLU;NUDC;HSP90AA1;PDIA4;HSPA9	0.610526878385931	1.90623831061021	5.48771481622382e-06	2.50347606160863e-05	6.4375098727079e-05	TRUE	0.0120017759383655	33	17	limma duplicateCorrelation donor-blocked pseudobulk; diagnosis-by-region fixed effects	FGSEA rerun after 20- or 50-nucleus eligibility threshold; direction comparison to 30-nucleus primary	not applicable: descriptive direction-retention sensitivity summary
Oligo	FTD_vs_Ctrl_mean	protein_stabilization	Protein stabilization	min20_sensitivity	20	sensitivity	1.60127781545876	0.000270075138537038	0.000472631492439817	0.000472631492439817		positive	192	0.307661762012447	16304	HSPB1;BAG2;PTGES3;SMAD3;RTN4;NAA16;UBE2B;SOX4;HIP1;BAG3;MORC3;PIM1;HSPA1B;HSPA1A;MT3;CCT3;HSP90AB1;CCT4;MAPK8IP3;HYPK;PARK7;PYHIN1;PINK1;TSC1;PEX6;PPARGC1A;RUVBL2;HSPD1;CLU;PARVA;FLNA;PRKCD;BAG6;HSP90AA1;CHEK2;TMC8;RASSF2;GAPDH;SPAG1;CCT7;WFS1;MCM8;STUB1;PIN1;TCP1;USP27X;UXT;VHL;LAMP1;MSX1;FLOT2;RPL23;USP33;RPAP3;CCT5;CCNH;PRKRA;HCFC1;CDKN2A;TNIP2;CAMLG;EP300;ZSWIM7;APOA1;CBLB;STK4;LAMP2;ATM;CCT6A;USP36;PFDN5	0.49849310876659	1.60945522210013	0.000389038718375469	0.000680817757157071	0.00122547196288273	TRUE	0.00817740664136468	33	17	limma duplicateCorrelation donor-blocked pseudobulk; diagnosis-by-region fixed effects	FGSEA rerun after 20- or 50-nucleus eligibility threshold; direction comparison to 30-nucleus primary	not applicable: descriptive direction-retention sensitivity summary
Oligo	FTD_vs_Ctrl_mean	protein_stabilization	Protein stabilization	min50_sensitivity	50	sensitivity	1.61454123997549	0.00050978321179392	0.00089212062063936	0.00089212062063936		positive	192	0.307661762012447	16304	HSPB1;BAG2;PTGES3;SMAD3;RTN4;NAA16;UBE2B;SOX4;HIP1;BAG3;MORC3;PIM1;HSPA1B;HSPA1A;MT3;CCT3;HSP90AB1;CCT4;MAPK8IP3;HYPK;PARK7;PYHIN1;PINK1;TSC1;PEX6;PPARGC1A;RUVBL2;HSPD1;CLU;PARVA;FLNA;PRKCD;BAG6;HSP90AA1;CHEK2;TMC8;RASSF2;GAPDH;SPAG1;CCT7;WFS1;MCM8;STUB1;PIN1;TCP1;USP27X;UXT;VHL;LAMP1;MSX1;FLOT2;RPL23;USP33;RPAP3;CCT5;CCNH;PRKRA;HCFC1;CDKN2A;TNIP2;CAMLG;EP300;ZSWIM7;APOA1;CBLB;STK4;LAMP2;ATM;CCT6A;USP36;PFDN5	0.477270815362862	1.60945522210013	0.000389038718375469	0.000680817757157071	0.00122547196288273	TRUE	0.00508601787536622	33	17	limma duplicateCorrelation donor-blocked pseudobulk; diagnosis-by-region fixed effects	FGSEA rerun after 20- or 50-nucleus eligibility threshold; direction comparison to 30-nucleus primary	not applicable: descriptive direction-retention sensitivity summary
Oligo	FTD_vs_Ctrl_mean	small_GTPase	Small GTPase	min20_sensitivity	20	sensitivity	1.80993118579243	1.18454964106627e-05	4.14592374373194e-05	4.14592374373194e-05		positive	162	0.358418250840997	16304	ARHGAP35;ARHGAP25;RASGEF1B;DOCK7;ARHGAP20;ARHGEF10;SOS1;FAM13A;TIAM2;DOCK11;SIPA1L3;ARHGAP31;RAPGEF1;ARHGAP10;RIT2;ABR;RALGPS2;RAP1GAP2;RAPGEF4;ARHGAP18;RASGRP3;RALGDS;RUNDC3A;SIAH2;DOCK1;RALGAPA2;GNA13;CHN1;RACGAP1;CCDC88A;ARAP1;RAPGEF2;RAC3;ARHGAP24;DNMBP;RALGPS1;STARD13;RGL3;ARHGAP5;RRAD;SIPA1L2;ARHGAP12;MCF2L;ITSN1;PLCE1;RRAGC;OBSCN;DOCK8;TRIO;BCR;SOS2;ARHGAP39;ARHGEF12;SIPA1;SRGAP2;ARHGAP26;RND2;DOCK10;RALGAPB;DIRAS2;ARHGEF11;RASGRF1;RHOBTB1;MYO9B;RHOA;ARHGAP44;ARHGAP11A;MCF2;RAC1;ARHGAP32;GDI1;FGD3;DVL2;RAPGEF3;AKAP13	0.593325476396405	1.83903316513648	7.15278874745322e-06	2.50347606160863e-05	6.4375098727079e-05	TRUE	0.0291019793440555	33	17	limma duplicateCorrelation donor-blocked pseudobulk; diagnosis-by-region fixed effects	FGSEA rerun after 20- or 50-nucleus eligibility threshold; direction comparison to 30-nucleus primary	not applicable: descriptive direction-retention sensitivity summary
Oligo	FTD_vs_Ctrl_mean	small_GTPase	Small GTPase	min50_sensitivity	50	sensitivity	1.83811580633438	1.17509416658189e-05	4.1128295830366e-05	4.1128295830366e-05		positive	162	0.358418250840997	16304	ARHGAP35;ARHGAP25;RASGEF1B;DOCK7;ARHGAP20;ARHGEF10;SOS1;FAM13A;TIAM2;DOCK11;SIPA1L3;ARHGAP31;RAPGEF1;ARHGAP10;RIT2;ABR;RALGPS2;RAP1GAP2;RAPGEF4;ARHGAP18;RASGRP3;RALGDS;RUNDC3A;SIAH2;DOCK1;RALGAPA2;GNA13;CHN1;RACGAP1;CCDC88A;ARAP1;RAPGEF2;RAC3;ARHGAP24;DNMBP;RALGPS1;STARD13;RGL3;ARHGAP5;RRAD;SIPA1L2;ARHGAP12;MCF2L;ITSN1;PLCE1;RRAGC;OBSCN;DOCK8;TRIO;BCR;SOS2;ARHGAP39;ARHGEF12;SIPA1;SRGAP2;ARHGAP26;RND2;DOCK10;RALGAPB;DIRAS2;ARHGEF11;RASGRF1;RHOBTB1;MYO9B;RHOA;ARHGAP44;ARHGAP11A;MCF2;RAC1;ARHGAP32;GDI1;FGD3;DVL2;RAPGEF3;AKAP13	0.593325476396405	1.83903316513648	7.15278874745322e-06	2.50347606160863e-05	6.4375098727079e-05	TRUE	0.000917358802103863	33	17	limma duplicateCorrelation donor-blocked pseudobulk; diagnosis-by-region fixed effects	FGSEA rerun after 20- or 50-nucleus eligibility threshold; direction comparison to 30-nucleus primary	not applicable: descriptive direction-retention sensitivity summary
Oligo	FTD_vs_Ctrl_mean	synapse_junction	Synapse / junction assembly	min20_sensitivity	20	sensitivity	1.2893796070677	0.102981029810298	0.120144534778681	0.120144534778681		positive	65	0.30159508314852	16304	MAPT;FARP1;PLXNA4;FLRT3;GPM6A;PLXNA1;SPOCK2;GPHN;GRIA1;MAP1B;NRCAM;SDK1;DSCAM;PLXNB2;ZDHHC2;NRG3;DNER	0.231126709673834	1.30779727341311	0.0891366746374728	0.103992787077052	0.127627511412745	TRUE	0.0184176663454112	33	17	limma duplicateCorrelation donor-blocked pseudobulk; diagnosis-by-region fixed effects	FGSEA rerun after 20- or 50-nucleus eligibility threshold; direction comparison to 30-nucleus primary	not applicable: descriptive direction-retention sensitivity summary
Oligo	FTD_vs_Ctrl_mean	synapse_junction	Synapse / junction assembly	min50_sensitivity	50	sensitivity	1.28915083676157	0.0895140664961637	0.104433077578858	0.104433077578858		positive	65	0.30159508314852	16304	MAPT;FARP1;PLXNA4;FLRT3;GPM6A;PLXNA1;SPOCK2;GPHN;GRIA1;MAP1B;NRCAM;SDK1;DSCAM;PLXNB2;ZDHHC2;NRG3;DNER	0.241339976815091	1.30779727341311	0.0891366746374728	0.103992787077052	0.127627511412745	TRUE	0.0186464366515358	33	17	limma duplicateCorrelation donor-blocked pseudobulk; diagnosis-by-region fixed effects	FGSEA rerun after 20- or 50-nucleus eligibility threshold; direction comparison to 30-nucleus primary	not applicable: descriptive direction-retention sensitivity summary
