cell_type	feature	log2FC_per_pTDP_level	logCPM	F	p_value	FDR	layer	n_donors	model	peak_test_universe	model_test	FDR_family	uncertainty_interval
MG	chr10:93062508-93063008	-1.1770159181784	3.21630360680806	33.9446532054021	6.36596970307222e-08	0.0064347221758654	ATAC_peak	14	ptdp_order+z_median_TSS+z_median_fragments+z_median_RNA_UMI	202160	edgeR robust quasi-likelihood ordinal pTDP trend adjusted for TSS enrichment, fragment depth and RNA UMI	BH across all retained peaks separately within each donor-cell-type ATAC model	not required for the displayed DAR count summary; peak estimates and exact FDR are supplied
MG	chr11:11311057-11311557	2.16437468733914	1.21397686498113	30.2865461284308	2.63969907239326e-07	0.0177880521491674	ATAC_peak	14	ptdp_order+z_median_TSS+z_median_fragments+z_median_RNA_UMI	202160	edgeR robust quasi-likelihood ordinal pTDP trend adjusted for TSS enrichment, fragment depth and RNA UMI	BH across all retained peaks separately within each donor-cell-type ATAC model	not required for the displayed DAR count summary; peak estimates and exact FDR are supplied
MG	chr22:50089608-50090108	-1.28265207736894	3.36569207873158	42.69432827589	2.30255590807585e-09	0.000465484702376613	ATAC_peak	14	ptdp_order+z_median_TSS+z_median_fragments+z_median_RNA_UMI	202160	edgeR robust quasi-likelihood ordinal pTDP trend adjusted for TSS enrichment, fragment depth and RNA UMI	BH across all retained peaks separately within each donor-cell-type ATAC model	not required for the displayed DAR count summary; peak estimates and exact FDR are supplied
ODC	chr1:2099153-2099653	-0.39590469710542	4.32369733355297	20.7239973000722	2.55237107285173e-05	0.027348243308769	ATAC_peak	14	ptdp_order+z_median_TSS+z_median_fragments+z_median_RNA_UMI	230490	edgeR robust quasi-likelihood ordinal pTDP trend adjusted for TSS enrichment, fragment depth and RNA UMI	BH across all retained peaks separately within each donor-cell-type ATAC model	not required for the displayed DAR count summary; peak estimates and exact FDR are supplied
ODC	chr1:2527211-2527711	-0.567523847355	3.70577982364512	26.607762773199	2.80757330310694e-06	0.00851470487675155	ATAC_peak	14	ptdp_order+z_median_TSS+z_median_fragments+z_median_RNA_UMI	230490	edgeR robust quasi-likelihood ordinal pTDP trend adjusted for TSS enrichment, fragment depth and RNA UMI	BH across all retained peaks separately within each donor-cell-type ATAC model	not required for the displayed DAR count summary; peak estimates and exact FDR are supplied
ODC	chr1:2890399-2890899	-0.72922281971772	1.71203473648599	18.7483217654593	5.36442595440462e-05	0.0384033985274246	ATAC_peak	14	ptdp_order+z_median_TSS+z_median_fragments+z_median_RNA_UMI	230490	edgeR robust quasi-likelihood ordinal pTDP trend adjusted for TSS enrichment, fragment depth and RNA UMI	BH across all retained peaks separately within each donor-cell-type ATAC model	not required for the displayed DAR count summary; peak estimates and exact FDR are supplied
ODC	chr1:3442153-3442653	-0.436932732171126	2.89021696337144	17.7509007923249	8.35474192874047e-05	0.0481421116788847	ATAC_peak	14	ptdp_order+z_median_TSS+z_median_fragments+z_median_RNA_UMI	230490	edgeR robust quasi-likelihood ordinal pTDP trend adjusted for TSS enrichment, fragment depth and RNA UMI	BH across all retained peaks separately within each donor-cell-type ATAC model	not required for the displayed DAR count summary; peak estimates and exact FDR are supplied
ODC	chr1:3625396-3625896	-0.521416449967285	2.00084734256996	17.7855896615115	8.19471925655385e-05	0.0478962584000473	ATAC_peak	14	ptdp_order+z_median_TSS+z_median_fragments+z_median_RNA_UMI	230490	edgeR robust quasi-likelihood ordinal pTDP trend adjusted for TSS enrichment, fragment depth and RNA UMI	BH across all retained peaks separately within each donor-cell-type ATAC model	not required for the displayed DAR count summary; peak estimates and exact FDR are supplied
ODC	chr1:7728058-7728558	-0.483722284112988	3.57575340467974	26.1020916426011	3.37002556848831e-06	0.0098323695352009	ATAC_peak	14	ptdp_order+z_median_TSS+z_median_fragments+z_median_RNA_UMI	230490	edgeR robust quasi-likelihood ordinal pTDP trend adjusted for TSS enrichment, fragment depth and RNA UMI	BH across all retained peaks separately within each donor-cell-type ATAC model	not required for the displayed DAR count summary; peak estimates and exact FDR are supplied
ODC	chr1:9129000-9129500	0.701171907322039	1.76834562323696	18.032280220092	7.46267645569731e-05	0.0455045581024781	ATAC_peak	14	ptdp_order+z_median_TSS+z_median_fragments+z_median_RNA_UMI	230490	edgeR robust quasi-likelihood ordinal pTDP trend adjusted for TSS enrichment, fragment depth and RNA UMI	BH across all retained peaks separately within each donor-cell-type ATAC model	not required for the displayed DAR count summary; peak estimates and exact FDR are supplied
ODC	chr1:18230843-18231343	-0.538082468299624	2.95853523276687	21.1341881369955	2.1769361563361e-05	0.0253978023943966	ATAC_peak	14	ptdp_order+z_median_TSS+z_median_fragments+z_median_RNA_UMI	230490	edgeR robust quasi-likelihood ordinal pTDP trend adjusted for TSS enrichment, fragment depth and RNA UMI	BH across all retained peaks separately within each donor-cell-type ATAC model	not required for the displayed DAR count summary; peak estimates and exact FDR are supplied
ODC	chr1:20480288-20480788	-0.360399152582321	4.58238082663246	21.2346381178572	2.09171863604645e-05	0.025132648379249	ATAC_peak	14	ptdp_order+z_median_TSS+z_median_fragments+z_median_RNA_UMI	230490	edgeR robust quasi-likelihood ordinal pTDP trend adjusted for TSS enrichment, fragment depth and RNA UMI	BH across all retained peaks separately within each donor-cell-type ATAC model	not required for the displayed DAR count summary; peak estimates and exact FDR are supplied
ODC	chr1:23743163-23743663	-0.428457272429291	3.47134834167635	20.2035975033764	3.13142785264957e-05	0.0299486641393029	ATAC_peak	14	ptdp_order+z_median_TSS+z_median_fragments+z_median_RNA_UMI	230490	edgeR robust quasi-likelihood ordinal pTDP trend adjusted for TSS enrichment, fragment depth and RNA UMI	BH across all retained peaks separately within each donor-cell-type ATAC model	not required for the displayed DAR count summary; peak estimates and exact FDR are supplied
ODC	chr1:25233021-25233521	-0.663812753110165	2.26576581384294	19.3460100941153	4.25116476820432e-05	0.0348974764552293	ATAC_peak	14	ptdp_order+z_median_TSS+z_median_fragments+z_median_RNA_UMI	230490	edgeR robust quasi-likelihood ordinal pTDP trend adjusted for TSS enrichment, fragment depth and RNA UMI	BH across all retained peaks separately within each donor-cell-type ATAC model	not required for the displayed DAR count summary; peak estimates and exact FDR are supplied
ODC	chr1:31372862-31373362	-0.503493712774901	4.03536819473523	32.3246921898144	3.814135547544e-07	0.00269153266406233	ATAC_peak	14	ptdp_order+z_median_TSS+z_median_fragments+z_median_RNA_UMI	230490	edgeR robust quasi-likelihood ordinal pTDP trend adjusted for TSS enrichment, fragment depth and RNA UMI	BH across all retained peaks separately within each donor-cell-type ATAC model	not required for the displayed DAR count summary; peak estimates and exact FDR are supplied
ODC	chr1:32077430-32077930	-0.690955207640227	2.29502609695759	25.7298552443233	3.71933444327825e-06	0.0102175248531143	ATAC_peak	14	ptdp_order+z_median_TSS+z_median_fragments+z_median_RNA_UMI	230490	edgeR robust quasi-likelihood ordinal pTDP trend adjusted for TSS enrichment, fragment depth and RNA UMI	BH across all retained peaks separately within each donor-cell-type ATAC model	not required for the displayed DAR count summary; peak estimates and exact FDR are supplied
ODC	chr1:32332631-32333131	-0.420446480654513	3.4488725998748	20.8835599647006	2.39903612509781e-05	0.0267248421393545	ATAC_peak	14	ptdp_order+z_median_TSS+z_median_fragments+z_median_RNA_UMI	230490	edgeR robust quasi-likelihood ordinal pTDP trend adjusted for TSS enrichment, fragment depth and RNA UMI	BH across all retained peaks separately within each donor-cell-type ATAC model	not required for the displayed DAR count summary; peak estimates and exact FDR are supplied
ODC	chr1:34739519-34740019	-0.973252377390363	0.460351838054077	19.2083308526264	4.45710126741096e-05	0.0357950268684861	ATAC_peak	14	ptdp_order+z_median_TSS+z_median_fragments+z_median_RNA_UMI	230490	edgeR robust quasi-likelihood ordinal pTDP trend adjusted for TSS enrichment, fragment depth and RNA UMI	BH across all retained peaks separately within each donor-cell-type ATAC model	not required for the displayed DAR count summary; peak estimates and exact FDR are supplied
ODC	chr1:37071745-37072245	0.462145247054802	3.36538550800787	20.4429507147135	2.85178335539438e-05	0.0283322217924505	ATAC_peak	14	ptdp_order+z_median_TSS+z_median_fragments+z_median_RNA_UMI	230490	edgeR robust quasi-likelihood ordinal pTDP trend adjusted for TSS enrichment, fragment depth and RNA UMI	BH across all retained peaks separately within each donor-cell-type ATAC model	not required for the displayed DAR count summary; peak estimates and exact FDR are supplied
ODC	chr1:37808875-37809375	-0.346773157781499	4.45514161707507	18.9712815214126	5.10165163315697e-05	0.0374483976091194	ATAC_peak	14	ptdp_order+z_median_TSS+z_median_fragments+z_median_RNA_UMI	230490	edgeR robust quasi-likelihood ordinal pTDP trend adjusted for TSS enrichment, fragment depth and RNA UMI	BH across all retained peaks separately within each donor-cell-type ATAC model	not required for the displayed DAR count summary; peak estimates and exact FDR are supplied
ODC	chr1:44802357-44802857	-0.541195592207497	3.55033626651064	26.6627446109397	2.75289973356562e-06	0.00851470487675155	ATAC_peak	14	ptdp_order+z_median_TSS+z_median_fragments+z_median_RNA_UMI	230490	edgeR robust quasi-likelihood ordinal pTDP trend adjusted for TSS enrichment, fragment depth and RNA UMI	BH across all retained peaks separately within each donor-cell-type ATAC model	not required for the displayed DAR count summary; peak estimates and exact FDR are supplied
ODC	chr1:53073909-53074409	-0.76031115268016	1.65071362530465	24.1444487289317	6.57659653649706e-06	0.014436568911402	ATAC_peak	14	ptdp_order+z_median_TSS+z_median_fragments+z_median_RNA_UMI	230490	edgeR robust quasi-likelihood ordinal pTDP trend adjusted for TSS enrichment, fragment depth and RNA UMI	BH across all retained peaks separately within each donor-cell-type ATAC model	not required for the displayed DAR count summary; peak estimates and exact FDR are supplied
ODC	chr1:54581609-54582109	0.544592447696987	2.76593564469952	18.7942231854943	5.48120128020594e-05	0.0387534381311247	ATAC_peak	14	ptdp_order+z_median_TSS+z_median_fragments+z_median_RNA_UMI	230490	edgeR robust quasi-likelihood ordinal pTDP trend adjusted for TSS enrichment, fragment depth and RNA UMI	BH across all retained peaks separately within each donor-cell-type ATAC model	not required for the displayed DAR count summary; peak estimates and exact FDR are supplied
ODC	chr1:56798055-56798555	-0.723071437746633	1.92243923471853	19.347753586507	4.26179833242486e-05	0.0348974764552293	ATAC_peak	14	ptdp_order+z_median_TSS+z_median_fragments+z_median_RNA_UMI	230490	edgeR robust quasi-likelihood ordinal pTDP trend adjusted for TSS enrichment, fragment depth and RNA UMI	BH across all retained peaks separately within each donor-cell-type ATAC model	not required for the displayed DAR count summary; peak estimates and exact FDR are supplied
ODC	chr1:110712211-110712711	0.64468857714069	2.4813162341186	22.0356415956241	1.5383831992539e-05	0.0219565600835579	ATAC_peak	14	ptdp_order+z_median_TSS+z_median_fragments+z_median_RNA_UMI	230490	edgeR robust quasi-likelihood ordinal pTDP trend adjusted for TSS enrichment, fragment depth and RNA UMI	BH across all retained peaks separately within each donor-cell-type ATAC model	not required for the displayed DAR count summary; peak estimates and exact FDR are supplied
ODC	chr1:114669894-114670394	0.361505483760823	4.1985414500875	18.3338996847424	6.59226908371054e-05	0.0423245710614051	ATAC_peak	14	ptdp_order+z_median_TSS+z_median_fragments+z_median_RNA_UMI	230490	edgeR robust quasi-likelihood ordinal pTDP trend adjusted for TSS enrichment, fragment depth and RNA UMI	BH across all retained peaks separately within each donor-cell-type ATAC model	not required for the displayed DAR count summary; peak estimates and exact FDR are supplied
ODC	chr1:145871882-145872382	0.637205380055324	2.2657130775662	23.9971405211773	7.32758468983086e-06	0.0154948164693497	ATAC_peak	14	ptdp_order+z_median_TSS+z_median_fragments+z_median_RNA_UMI	230490	edgeR robust quasi-likelihood ordinal pTDP trend adjusted for TSS enrichment, fragment depth and RNA UMI	BH across all retained peaks separately within each donor-cell-type ATAC model	not required for the displayed DAR count summary; peak estimates and exact FDR are supplied
ODC	chr1:147084754-147085254	-0.499790067353293	3.28671078619364	19.2621335405752	4.5472935447681e-05	0.0358240550671225	ATAC_peak	14	ptdp_order+z_median_TSS+z_median_fragments+z_median_RNA_UMI	230490	edgeR robust quasi-likelihood ordinal pTDP trend adjusted for TSS enrichment, fragment depth and RNA UMI	BH across all retained peaks separately within each donor-cell-type ATAC model	not required for the displayed DAR count summary; peak estimates and exact FDR are supplied
ODC	chr1:150561179-150561679	0.387548729031569	4.10187378434333	17.7075720991385	8.50087755287055e-05	0.0488620266124971	ATAC_peak	14	ptdp_order+z_median_TSS+z_median_fragments+z_median_RNA_UMI	230490	edgeR robust quasi-likelihood ordinal pTDP trend adjusted for TSS enrichment, fragment depth and RNA UMI	BH across all retained peaks separately within each donor-cell-type ATAC model	not required for the displayed DAR count summary; peak estimates and exact FDR are supplied
ODC	chr1:150895615-150896115	-1.07167123967519	2.39927662656343	31.907844764548	1.27902919421765e-06	0.00526434712455761	ATAC_peak	14	ptdp_order+z_median_TSS+z_median_fragments+z_median_RNA_UMI	230490	edgeR robust quasi-likelihood ordinal pTDP trend adjusted for TSS enrichment, fragment depth and RNA UMI	BH across all retained peaks separately within each donor-cell-type ATAC model	not required for the displayed DAR count summary; peak estimates and exact FDR are supplied
ODC	chr1:153324828-153325328	-0.561860976517058	2.46903882475475	18.2450308439737	6.78629234907494e-05	0.0425434664055271	ATAC_peak	14	ptdp_order+z_median_TSS+z_median_fragments+z_median_RNA_UMI	230490	edgeR robust quasi-likelihood ordinal pTDP trend adjusted for TSS enrichment, fragment depth and RNA UMI	BH across all retained peaks separately within each donor-cell-type ATAC model	not required for the displayed DAR count summary; peak estimates and exact FDR are supplied
ODC	chr1:153533150-153533650	0.750352847287185	3.10057607351258	36.5545372758161	9.47284826769795e-08	0.00145299266019732	ATAC_peak	14	ptdp_order+z_median_TSS+z_median_fragments+z_median_RNA_UMI	230490	edgeR robust quasi-likelihood ordinal pTDP trend adjusted for TSS enrichment, fragment depth and RNA UMI	BH across all retained peaks separately within each donor-cell-type ATAC model	not required for the displayed DAR count summary; peak estimates and exact FDR are supplied
ODC	chr1:158177657-158178157	0.444924229192801	3.30446372843011	19.5735737599637	4.01348317726106e-05	0.034133302698924	ATAC_peak	14	ptdp_order+z_median_TSS+z_median_fragments+z_median_RNA_UMI	230490	edgeR robust quasi-likelihood ordinal pTDP trend adjusted for TSS enrichment, fragment depth and RNA UMI	BH across all retained peaks separately within each donor-cell-type ATAC model	not required for the displayed DAR count summary; peak estimates and exact FDR are supplied
ODC	chr1:160209646-160210146	-0.49843817733266	3.01358511593812	19.265501217866	4.54137542357891e-05	0.0358240550671225	ATAC_peak	14	ptdp_order+z_median_TSS+z_median_fragments+z_median_RNA_UMI	230490	edgeR robust quasi-likelihood ordinal pTDP trend adjusted for TSS enrichment, fragment depth and RNA UMI	BH across all retained peaks separately within each donor-cell-type ATAC model	not required for the displayed DAR count summary; peak estimates and exact FDR are supplied
ODC	chr1:169107626-169108126	-0.474900900388961	2.6442338056764	18.903723312208	5.2424008529839e-05	0.0381719268288427	ATAC_peak	14	ptdp_order+z_median_TSS+z_median_fragments+z_median_RNA_UMI	230490	edgeR robust quasi-likelihood ordinal pTDP trend adjusted for TSS enrichment, fragment depth and RNA UMI	BH across all retained peaks separately within each donor-cell-type ATAC model	not required for the displayed DAR count summary; peak estimates and exact FDR are supplied
ODC	chr1:171426612-171427112	0.517739808099673	2.59096265134757	18.2575542949209	6.79248368138921e-05	0.0425434664055271	ATAC_peak	14	ptdp_order+z_median_TSS+z_median_fragments+z_median_RNA_UMI	230490	edgeR robust quasi-likelihood ordinal pTDP trend adjusted for TSS enrichment, fragment depth and RNA UMI	BH across all retained peaks separately within each donor-cell-type ATAC model	not required for the displayed DAR count summary; peak estimates and exact FDR are supplied
ODC	chr1:183593371-183593871	0.644103834093979	1.92289849191017	18.7706173334624	5.5355790847492e-05	0.0388358672536964	ATAC_peak	14	ptdp_order+z_median_TSS+z_median_fragments+z_median_RNA_UMI	230490	edgeR robust quasi-likelihood ordinal pTDP trend adjusted for TSS enrichment, fragment depth and RNA UMI	BH across all retained peaks separately within each donor-cell-type ATAC model	not required for the displayed DAR count summary; peak estimates and exact FDR are supplied
ODC	chr1:183593907-183594407	0.734551763750864	2.40588004153675	27.1761790540432	2.28998229280479e-06	0.00754025740955109	ATAC_peak	14	ptdp_order+z_median_TSS+z_median_fragments+z_median_RNA_UMI	230490	edgeR robust quasi-likelihood ordinal pTDP trend adjusted for TSS enrichment, fragment depth and RNA UMI	BH across all retained peaks separately within each donor-cell-type ATAC model	not required for the displayed DAR count summary; peak estimates and exact FDR are supplied
ODC	chr1:218817791-218818291	1.22009243380398	1.24507271662472	32.1728468959359	3.84325855833681e-07	0.00269153266406233	ATAC_peak	14	ptdp_order+z_median_TSS+z_median_fragments+z_median_RNA_UMI	230490	edgeR robust quasi-likelihood ordinal pTDP trend adjusted for TSS enrichment, fragment depth and RNA UMI	BH across all retained peaks separately within each donor-cell-type ATAC model	not required for the displayed DAR count summary; peak estimates and exact FDR are supplied
ODC	chr1:222310763-222311263	-0.644065343079062	1.92545254339752	18.1603668707869	6.92202866341653e-05	0.0431204969359696	ATAC_peak	14	ptdp_order+z_median_TSS+z_median_fragments+z_median_RNA_UMI	230490	edgeR robust quasi-likelihood ordinal pTDP trend adjusted for TSS enrichment, fragment depth and RNA UMI	BH across all retained peaks separately within each donor-cell-type ATAC model	not required for the displayed DAR count summary; peak estimates and exact FDR are supplied
ODC	chr1:223733175-223733675	0.991831065468013	1.6248481367844	25.3582936493418	4.20508075787848e-06	0.0107575961528456	ATAC_peak	14	ptdp_order+z_median_TSS+z_median_fragments+z_median_RNA_UMI	230490	edgeR robust quasi-likelihood ordinal pTDP trend adjusted for TSS enrichment, fragment depth and RNA UMI	BH across all retained peaks separately within each donor-cell-type ATAC model	not required for the displayed DAR count summary; peak estimates and exact FDR are supplied
ODC	chr1:226402771-226403271	-0.37488066168724	4.18754264402358	18.5034287562672	6.15712834243364e-05	0.0410246464594535	ATAC_peak	14	ptdp_order+z_median_TSS+z_median_fragments+z_median_RNA_UMI	230490	edgeR robust quasi-likelihood ordinal pTDP trend adjusted for TSS enrichment, fragment depth and RNA UMI	BH across all retained peaks separately within each donor-cell-type ATAC model	not required for the displayed DAR count summary; peak estimates and exact FDR are supplied
ODC	chr1:228374724-228375224	-0.633527342657968	2.2031950400528	19.0333410330046	4.93041530081378e-05	0.0367974862850042	ATAC_peak	14	ptdp_order+z_median_TSS+z_median_fragments+z_median_RNA_UMI	230490	edgeR robust quasi-likelihood ordinal pTDP trend adjusted for TSS enrichment, fragment depth and RNA UMI	BH across all retained peaks separately within each donor-cell-type ATAC model	not required for the displayed DAR count summary; peak estimates and exact FDR are supplied
ODC	chr1:236067773-236068273	-0.801375063986131	1.02682437270257	20.983428425611	2.19279043623798e-05	0.0253978023943966	ATAC_peak	14	ptdp_order+z_median_TSS+z_median_fragments+z_median_RNA_UMI	230490	edgeR robust quasi-likelihood ordinal pTDP trend adjusted for TSS enrichment, fragment depth and RNA UMI	BH across all retained peaks separately within each donor-cell-type ATAC model	not required for the displayed DAR count summary; peak estimates and exact FDR are supplied
ODC	chr1:244312023-244312523	1.29171024326888	0.744218482665234	23.5758337842558	7.92119985959729e-06	0.0157980158236705	ATAC_peak	14	ptdp_order+z_median_TSS+z_median_fragments+z_median_RNA_UMI	230490	edgeR robust quasi-likelihood ordinal pTDP trend adjusted for TSS enrichment, fragment depth and RNA UMI	BH across all retained peaks separately within each donor-cell-type ATAC model	not required for the displayed DAR count summary; peak estimates and exact FDR are supplied
ODC	chr1:246726851-246727351	-0.395351727311633	4.24532835261249	20.5853444026264	2.69508483012473e-05	0.0277317010042611	ATAC_peak	14	ptdp_order+z_median_TSS+z_median_fragments+z_median_RNA_UMI	230490	edgeR robust quasi-likelihood ordinal pTDP trend adjusted for TSS enrichment, fragment depth and RNA UMI	BH across all retained peaks separately within each donor-cell-type ATAC model	not required for the displayed DAR count summary; peak estimates and exact FDR are supplied
ODC	chr10:7549984-7550484	-0.940178492525231	2.37131892893775	36.1994584966551	1.01026438856466e-07	0.00145299266019732	ATAC_peak	14	ptdp_order+z_median_TSS+z_median_fragments+z_median_RNA_UMI	230490	edgeR robust quasi-likelihood ordinal pTDP trend adjusted for TSS enrichment, fragment depth and RNA UMI	BH across all retained peaks separately within each donor-cell-type ATAC model	not required for the displayed DAR count summary; peak estimates and exact FDR are supplied
ODC	chr10:11713880-11714380	-0.815070651268737	1.67106079930644	25.2930444277506	4.38735521117526e-06	0.010991755463302	ATAC_peak	14	ptdp_order+z_median_TSS+z_median_fragments+z_median_RNA_UMI	230490	edgeR robust quasi-likelihood ordinal pTDP trend adjusted for TSS enrichment, fragment depth and RNA UMI	BH across all retained peaks separately within each donor-cell-type ATAC model	not required for the displayed DAR count summary; peak estimates and exact FDR are supplied
ODC	chr10:25082305-25082805	-0.68355918541687	1.63299995569529	18.4529849110121	6.16082194193023e-05	0.0410246464594535	ATAC_peak	14	ptdp_order+z_median_TSS+z_median_fragments+z_median_RNA_UMI	230490	edgeR robust quasi-likelihood ordinal pTDP trend adjusted for TSS enrichment, fragment depth and RNA UMI	BH across all retained peaks separately within each donor-cell-type ATAC model	not required for the displayed DAR count summary; peak estimates and exact FDR are supplied
ODC	chr10:36766854-36767354	-0.603405298213211	1.78249849569289	19.1042142650161	4.77040487234858e-05	0.0360501842304139	ATAC_peak	14	ptdp_order+z_median_TSS+z_median_fragments+z_median_RNA_UMI	230490	edgeR robust quasi-likelihood ordinal pTDP trend adjusted for TSS enrichment, fragment depth and RNA UMI	BH across all retained peaks separately within each donor-cell-type ATAC model	not required for the displayed DAR count summary; peak estimates and exact FDR are supplied
ODC	chr10:43304623-43305123	0.623620682582008	1.95326342294391	18.0568610401445	7.34366033073161e-05	0.0450170284476152	ATAC_peak	14	ptdp_order+z_median_TSS+z_median_fragments+z_median_RNA_UMI	230490	edgeR robust quasi-likelihood ordinal pTDP trend adjusted for TSS enrichment, fragment depth and RNA UMI	BH across all retained peaks separately within each donor-cell-type ATAC model	not required for the displayed DAR count summary; peak estimates and exact FDR are supplied
ODC	chr10:70247553-70248053	0.5984623719299	2.43194144000289	19.2476859818422	4.57217071879523e-05	0.0358240550671225	ATAC_peak	14	ptdp_order+z_median_TSS+z_median_fragments+z_median_RNA_UMI	230490	edgeR robust quasi-likelihood ordinal pTDP trend adjusted for TSS enrichment, fragment depth and RNA UMI	BH across all retained peaks separately within each donor-cell-type ATAC model	not required for the displayed DAR count summary; peak estimates and exact FDR are supplied
ODC	chr10:70264926-70265426	0.57037848386448	2.6874919022082	20.1638661457396	3.18008405816141e-05	0.0300027931399772	ATAC_peak	14	ptdp_order+z_median_TSS+z_median_fragments+z_median_RNA_UMI	230490	edgeR robust quasi-likelihood ordinal pTDP trend adjusted for TSS enrichment, fragment depth and RNA UMI	BH across all retained peaks separately within each donor-cell-type ATAC model	not required for the displayed DAR count summary; peak estimates and exact FDR are supplied
ODC	chr10:71263307-71263807	-0.421912460216223	3.77427071406356	22.4137970509857	1.32964487025329e-05	0.0208482888533796	ATAC_peak	14	ptdp_order+z_median_TSS+z_median_fragments+z_median_RNA_UMI	230490	edgeR robust quasi-likelihood ordinal pTDP trend adjusted for TSS enrichment, fragment depth and RNA UMI	BH across all retained peaks separately within each donor-cell-type ATAC model	not required for the displayed DAR count summary; peak estimates and exact FDR are supplied
ODC	chr10:71752580-71753080	0.764578645177	1.19271534952619	17.7458610648284	8.2088260548236e-05	0.0478962584000473	ATAC_peak	14	ptdp_order+z_median_TSS+z_median_fragments+z_median_RNA_UMI	230490	edgeR robust quasi-likelihood ordinal pTDP trend adjusted for TSS enrichment, fragment depth and RNA UMI	BH across all retained peaks separately within each donor-cell-type ATAC model	not required for the displayed DAR count summary; peak estimates and exact FDR are supplied
ODC	chr10:71756721-71757221	0.606268592934229	2.32652533796721	22.3394597436855	1.36969576200189e-05	0.0209261027855705	ATAC_peak	14	ptdp_order+z_median_TSS+z_median_fragments+z_median_RNA_UMI	230490	edgeR robust quasi-likelihood ordinal pTDP trend adjusted for TSS enrichment, fragment depth and RNA UMI	BH across all retained peaks separately within each donor-cell-type ATAC model	not required for the displayed DAR count summary; peak estimates and exact FDR are supplied
ODC	chr10:71757351-71757851	0.660105363361357	2.39961282101465	23.9522987351911	7.44877839661215e-06	0.0156078993875921	ATAC_peak	14	ptdp_order+z_median_TSS+z_median_fragments+z_median_RNA_UMI	230490	edgeR robust quasi-likelihood ordinal pTDP trend adjusted for TSS enrichment, fragment depth and RNA UMI	BH across all retained peaks separately within each donor-cell-type ATAC model	not required for the displayed DAR count summary; peak estimates and exact FDR are supplied
ODC	chr10:71772656-71773156	0.775467924045331	1.38845974509243	19.1358434213112	4.76631395497919e-05	0.0360501842304139	ATAC_peak	14	ptdp_order+z_median_TSS+z_median_fragments+z_median_RNA_UMI	230490	edgeR robust quasi-likelihood ordinal pTDP trend adjusted for TSS enrichment, fragment depth and RNA UMI	BH across all retained peaks separately within each donor-cell-type ATAC model	not required for the displayed DAR count summary; peak estimates and exact FDR are supplied
ODC	chr10:71773348-71773848	0.611468677588357	3.38322989689948	31.7860570962316	4.57541414972213e-07	0.00270406976248578	ATAC_peak	14	ptdp_order+z_median_TSS+z_median_fragments+z_median_RNA_UMI	230490	edgeR robust quasi-likelihood ordinal pTDP trend adjusted for TSS enrichment, fragment depth and RNA UMI	BH across all retained peaks separately within each donor-cell-type ATAC model	not required for the displayed DAR count summary; peak estimates and exact FDR are supplied
ODC	chr10:75976679-75977179	-0.749591358990707	1.70041276989582	18.2334400263844	6.5363804204377e-05	0.0420829699191812	ATAC_peak	14	ptdp_order+z_median_TSS+z_median_fragments+z_median_RNA_UMI	230490	edgeR robust quasi-likelihood ordinal pTDP trend adjusted for TSS enrichment, fragment depth and RNA UMI	BH across all retained peaks separately within each donor-cell-type ATAC model	not required for the displayed DAR count summary; peak estimates and exact FDR are supplied
ODC	chr10:77872193-77872693	0.37758002727039	4.59913174503387	23.8462644554192	7.73587090833645e-06	0.015640709523355	ATAC_peak	14	ptdp_order+z_median_TSS+z_median_fragments+z_median_RNA_UMI	230490	edgeR robust quasi-likelihood ordinal pTDP trend adjusted for TSS enrichment, fragment depth and RNA UMI	BH across all retained peaks separately within each donor-cell-type ATAC model	not required for the displayed DAR count summary; peak estimates and exact FDR are supplied
ODC	chr10:79084133-79084633	1.11080061482363	0.22180748671537	18.3518924029	6.05068824639564e-05	0.0410246464594535	ATAC_peak	14	ptdp_order+z_median_TSS+z_median_fragments+z_median_RNA_UMI	230490	edgeR robust quasi-likelihood ordinal pTDP trend adjusted for TSS enrichment, fragment depth and RNA UMI	BH across all retained peaks separately within each donor-cell-type ATAC model	not required for the displayed DAR count summary; peak estimates and exact FDR are supplied
ODC	chr10:112755676-112756176	0.615053864447999	2.46267973779718	23.7188325087399	8.12609222337504e-06	0.0158727372590315	ATAC_peak	14	ptdp_order+z_median_TSS+z_median_fragments+z_median_RNA_UMI	230490	edgeR robust quasi-likelihood ordinal pTDP trend adjusted for TSS enrichment, fragment depth and RNA UMI	BH across all retained peaks separately within each donor-cell-type ATAC model	not required for the displayed DAR count summary; peak estimates and exact FDR are supplied
ODC	chr10:116697678-116698178	-0.741018146062932	2.46135693558506	23.9947387992734	7.27098102648313e-06	0.0154948164693497	ATAC_peak	14	ptdp_order+z_median_TSS+z_median_fragments+z_median_RNA_UMI	230490	edgeR robust quasi-likelihood ordinal pTDP trend adjusted for TSS enrichment, fragment depth and RNA UMI	BH across all retained peaks separately within each donor-cell-type ATAC model	not required for the displayed DAR count summary; peak estimates and exact FDR are supplied
ODC	chr10:133089292-133089792	-0.325133887985051	4.61695078609808	17.7796023253821	8.25539588711392e-05	0.0478962584000473	ATAC_peak	14	ptdp_order+z_median_TSS+z_median_fragments+z_median_RNA_UMI	230490	edgeR robust quasi-likelihood ordinal pTDP trend adjusted for TSS enrichment, fragment depth and RNA UMI	BH across all retained peaks separately within each donor-cell-type ATAC model	not required for the displayed DAR count summary; peak estimates and exact FDR are supplied
ODC	chr11:35943755-35944255	0.381749194652542	4.41773000962275	22.2829394300593	1.39717684407459e-05	0.0209261027855705	ATAC_peak	14	ptdp_order+z_median_TSS+z_median_fragments+z_median_RNA_UMI	230490	edgeR robust quasi-likelihood ordinal pTDP trend adjusted for TSS enrichment, fragment depth and RNA UMI	BH across all retained peaks separately within each donor-cell-type ATAC model	not required for the displayed DAR count summary; peak estimates and exact FDR are supplied
ODC	chr11:45894824-45895324	-1.00528483739725	0.346510517853842	20.2986089228698	2.8487058084222e-05	0.0283322217924505	ATAC_peak	14	ptdp_order+z_median_TSS+z_median_fragments+z_median_RNA_UMI	230490	edgeR robust quasi-likelihood ordinal pTDP trend adjusted for TSS enrichment, fragment depth and RNA UMI	BH across all retained peaks separately within each donor-cell-type ATAC model	not required for the displayed DAR count summary; peak estimates and exact FDR are supplied
ODC	chr11:46918366-46918866	0.355866804479436	4.77827246546444	22.6875993330385	1.19748032814398e-05	0.0196827011000336	ATAC_peak	14	ptdp_order+z_median_TSS+z_median_fragments+z_median_RNA_UMI	230490	edgeR robust quasi-likelihood ordinal pTDP trend adjusted for TSS enrichment, fragment depth and RNA UMI	BH across all retained peaks separately within each donor-cell-type ATAC model	not required for the displayed DAR count summary; peak estimates and exact FDR are supplied
ODC	chr11:47268774-47269274	-0.437408633728829	3.31640424350306	18.7445642098875	5.59114395863427e-05	0.0388358672536964	ATAC_peak	14	ptdp_order+z_median_TSS+z_median_fragments+z_median_RNA_UMI	230490	edgeR robust quasi-likelihood ordinal pTDP trend adjusted for TSS enrichment, fragment depth and RNA UMI	BH across all retained peaks separately within each donor-cell-type ATAC model	not required for the displayed DAR count summary; peak estimates and exact FDR are supplied
ODC	chr11:64313692-64314192	-0.536879515189562	3.42535473133823	21.1877371021281	2.13221767219036e-05	0.0251650040926257	ATAC_peak	14	ptdp_order+z_median_TSS+z_median_fragments+z_median_RNA_UMI	230490	edgeR robust quasi-likelihood ordinal pTDP trend adjusted for TSS enrichment, fragment depth and RNA UMI	BH across all retained peaks separately within each donor-cell-type ATAC model	not required for the displayed DAR count summary; peak estimates and exact FDR are supplied
ODC	chr11:65503902-65504402	-0.559238899547113	2.20400415892818	19.4349464346495	4.12776388464467e-05	0.0342233200637321	ATAC_peak	14	ptdp_order+z_median_TSS+z_median_fragments+z_median_RNA_UMI	230490	edgeR robust quasi-likelihood ordinal pTDP trend adjusted for TSS enrichment, fragment depth and RNA UMI	BH across all retained peaks separately within each donor-cell-type ATAC model	not required for the displayed DAR count summary; peak estimates and exact FDR are supplied
ODC	chr11:65504990-65505490	-0.622327992039862	1.92310715876723	20.5699893987879	2.63696832590413e-05	0.0276152161925989	ATAC_peak	14	ptdp_order+z_median_TSS+z_median_fragments+z_median_RNA_UMI	230490	edgeR robust quasi-likelihood ordinal pTDP trend adjusted for TSS enrichment, fragment depth and RNA UMI	BH across all retained peaks separately within each donor-cell-type ATAC model	not required for the displayed DAR count summary; peak estimates and exact FDR are supplied
ODC	chr11:68903627-68904127	-0.372658699770871	4.13187203731756	21.5283511984055	1.86728787357489e-05	0.0233908251076238	ATAC_peak	14	ptdp_order+z_median_TSS+z_median_fragments+z_median_RNA_UMI	230490	edgeR robust quasi-likelihood ordinal pTDP trend adjusted for TSS enrichment, fragment depth and RNA UMI	BH across all retained peaks separately within each donor-cell-type ATAC model	not required for the displayed DAR count summary; peak estimates and exact FDR are supplied
ODC	chr11:69497134-69497634	-0.730640085397713	2.91303342135213	33.6949516446711	2.40478605562609e-07	0.00230661384505749	ATAC_peak	14	ptdp_order+z_median_TSS+z_median_fragments+z_median_RNA_UMI	230490	edgeR robust quasi-likelihood ordinal pTDP trend adjusted for TSS enrichment, fragment depth and RNA UMI	BH across all retained peaks separately within each donor-cell-type ATAC model	not required for the displayed DAR count summary; peak estimates and exact FDR are supplied
ODC	chr11:114259090-114259590	1.03487354663968	0.59163875338463	18.1946046093841	6.72612468781045e-05	0.0425434664055271	ATAC_peak	14	ptdp_order+z_median_TSS+z_median_fragments+z_median_RNA_UMI	230490	edgeR robust quasi-likelihood ordinal pTDP trend adjusted for TSS enrichment, fragment depth and RNA UMI	BH across all retained peaks separately within each donor-cell-type ATAC model	not required for the displayed DAR count summary; peak estimates and exact FDR are supplied
ODC	chr11:119910100-119910600	-0.43678611284213	3.59189097868122	20.6904525882117	2.5866272034846e-05	0.027348243308769	ATAC_peak	14	ptdp_order+z_median_TSS+z_median_fragments+z_median_RNA_UMI	230490	edgeR robust quasi-likelihood ordinal pTDP trend adjusted for TSS enrichment, fragment depth and RNA UMI	BH across all retained peaks separately within each donor-cell-type ATAC model	not required for the displayed DAR count summary; peak estimates and exact FDR are supplied
ODC	chr11:119995644-119996144	-0.498248728093428	2.97762236653925	18.9020787791903	5.24990273102657e-05	0.0381719268288427	ATAC_peak	14	ptdp_order+z_median_TSS+z_median_fragments+z_median_RNA_UMI	230490	edgeR robust quasi-likelihood ordinal pTDP trend adjusted for TSS enrichment, fragment depth and RNA UMI	BH across all retained peaks separately within each donor-cell-type ATAC model	not required for the displayed DAR count summary; peak estimates and exact FDR are supplied
ODC	chr11:122229042-122229542	-0.684537678892022	2.77380306326952	20.1861712502912	3.07186083605018e-05	0.0295468365167498	ATAC_peak	14	ptdp_order+z_median_TSS+z_median_fragments+z_median_RNA_UMI	230490	edgeR robust quasi-likelihood ordinal pTDP trend adjusted for TSS enrichment, fragment depth and RNA UMI	BH across all retained peaks separately within each donor-cell-type ATAC model	not required for the displayed DAR count summary; peak estimates and exact FDR are supplied
ODC	chr11:125929630-125930130	-0.518164545045091	2.61419335589508	19.5420078284892	4.04473559231781e-05	0.034149124786569	ATAC_peak	14	ptdp_order+z_median_TSS+z_median_fragments+z_median_RNA_UMI	230490	edgeR robust quasi-likelihood ordinal pTDP trend adjusted for TSS enrichment, fragment depth and RNA UMI	BH across all retained peaks separately within each donor-cell-type ATAC model	not required for the displayed DAR count summary; peak estimates and exact FDR are supplied
ODC	chr12:3077050-3077550	0.428315151395634	4.18193186950642	22.3147392320476	1.38040319828736e-05	0.0209261027855705	ATAC_peak	14	ptdp_order+z_median_TSS+z_median_fragments+z_median_RNA_UMI	230490	edgeR robust quasi-likelihood ordinal pTDP trend adjusted for TSS enrichment, fragment depth and RNA UMI	BH across all retained peaks separately within each donor-cell-type ATAC model	not required for the displayed DAR count summary; peak estimates and exact FDR are supplied
ODC	chr12:10722547-10723047	1.39477692299793	0.527114426140589	26.9591189570378	2.22180279447601e-06	0.00754025740955109	ATAC_peak	14	ptdp_order+z_median_TSS+z_median_fragments+z_median_RNA_UMI	230490	edgeR robust quasi-likelihood ordinal pTDP trend adjusted for TSS enrichment, fragment depth and RNA UMI	BH across all retained peaks separately within each donor-cell-type ATAC model	not required for the displayed DAR count summary; peak estimates and exact FDR are supplied
ODC	chr12:10723114-10723614	1.22557104742821	1.16159150106177	31.3106504422029	4.95048772787785e-07	0.00285259479099642	ATAC_peak	14	ptdp_order+z_median_TSS+z_median_fragments+z_median_RNA_UMI	230490	edgeR robust quasi-likelihood ordinal pTDP trend adjusted for TSS enrichment, fragment depth and RNA UMI	BH across all retained peaks separately within each donor-cell-type ATAC model	not required for the displayed DAR count summary; peak estimates and exact FDR are supplied
ODC	chr12:45588086-45588586	0.874074841402042	1.58938767573063	27.1365837389452	2.26968261183401e-06	0.00754025740955109	ATAC_peak	14	ptdp_order+z_median_TSS+z_median_fragments+z_median_RNA_UMI	230490	edgeR robust quasi-likelihood ordinal pTDP trend adjusted for TSS enrichment, fragment depth and RNA UMI	BH across all retained peaks separately within each donor-cell-type ATAC model	not required for the displayed DAR count summary; peak estimates and exact FDR are supplied
ODC	chr12:45611022-45611522	0.662062010341676	2.14094176768245	20.3401163181642	2.93536719617698e-05	0.0289133668823433	ATAC_peak	14	ptdp_order+z_median_TSS+z_median_fragments+z_median_RNA_UMI	230490	edgeR robust quasi-likelihood ordinal pTDP trend adjusted for TSS enrichment, fragment depth and RNA UMI	BH across all retained peaks separately within each donor-cell-type ATAC model	not required for the displayed DAR count summary; peak estimates and exact FDR are supplied
ODC	chr12:46368032-46368532	-0.430276317663877	3.36600703125513	17.9925475993696	7.57610466511213e-05	0.0457124702686308	ATAC_peak	14	ptdp_order+z_median_TSS+z_median_fragments+z_median_RNA_UMI	230490	edgeR robust quasi-likelihood ordinal pTDP trend adjusted for TSS enrichment, fragment depth and RNA UMI	BH across all retained peaks separately within each donor-cell-type ATAC model	not required for the displayed DAR count summary; peak estimates and exact FDR are supplied
ODC	chr12:48814548-48815048	0.452791786272266	3.16570937138219	20.1380022255727	3.21134998786207e-05	0.0300489085795529	ATAC_peak	14	ptdp_order+z_median_TSS+z_median_fragments+z_median_RNA_UMI	230490	edgeR robust quasi-likelihood ordinal pTDP trend adjusted for TSS enrichment, fragment depth and RNA UMI	BH across all retained peaks separately within each donor-cell-type ATAC model	not required for the displayed DAR count summary; peak estimates and exact FDR are supplied
ODC	chr12:52006651-52007151	0.889800736678843	1.80077828839153	26.238647538831	3.17959899510977e-06	0.00939571503054937	ATAC_peak	14	ptdp_order+z_median_TSS+z_median_fragments+z_median_RNA_UMI	230490	edgeR robust quasi-likelihood ordinal pTDP trend adjusted for TSS enrichment, fragment depth and RNA UMI	BH across all retained peaks separately within each donor-cell-type ATAC model	not required for the displayed DAR count summary; peak estimates and exact FDR are supplied
ODC	chr12:55707678-55708178	0.607676301300028	2.72669445176569	24.6991495423452	5.64172498442255e-06	0.0130036119165955	ATAC_peak	14	ptdp_order+z_median_TSS+z_median_fragments+z_median_RNA_UMI	230490	edgeR robust quasi-likelihood ordinal pTDP trend adjusted for TSS enrichment, fragment depth and RNA UMI	BH across all retained peaks separately within each donor-cell-type ATAC model	not required for the displayed DAR count summary; peak estimates and exact FDR are supplied
ODC	chr12:57088614-57089114	0.413717910105512	5.18378147054273	23.3869746385941	1.65303978885107e-05	0.0222315095037421	ATAC_peak	14	ptdp_order+z_median_TSS+z_median_fragments+z_median_RNA_UMI	230490	edgeR robust quasi-likelihood ordinal pTDP trend adjusted for TSS enrichment, fragment depth and RNA UMI	BH across all retained peaks separately within each donor-cell-type ATAC model	not required for the displayed DAR count summary; peak estimates and exact FDR are supplied
ODC	chr12:57629781-57630281	-0.504134177360982	3.86248447235699	33.2452366173083	2.80021547094335e-07	0.00248239101499128	ATAC_peak	14	ptdp_order+z_median_TSS+z_median_fragments+z_median_RNA_UMI	230490	edgeR robust quasi-likelihood ordinal pTDP trend adjusted for TSS enrichment, fragment depth and RNA UMI	BH across all retained peaks separately within each donor-cell-type ATAC model	not required for the displayed DAR count summary; peak estimates and exact FDR are supplied
ODC	chr12:66428272-66428772	-0.752451926137679	1.37264781453018	18.4509508803558	6.24740809027211e-05	0.0410246464594535	ATAC_peak	14	ptdp_order+z_median_TSS+z_median_fragments+z_median_RNA_UMI	230490	edgeR robust quasi-likelihood ordinal pTDP trend adjusted for TSS enrichment, fragment depth and RNA UMI	BH across all retained peaks separately within each donor-cell-type ATAC model	not required for the displayed DAR count summary; peak estimates and exact FDR are supplied
ODC	chr12:76878844-76879344	0.510830283635343	4.20522568688297	31.2631890367493	5.46514319554248e-07	0.00299919251223949	ATAC_peak	14	ptdp_order+z_median_TSS+z_median_fragments+z_median_RNA_UMI	230490	edgeR robust quasi-likelihood ordinal pTDP trend adjusted for TSS enrichment, fragment depth and RNA UMI	BH across all retained peaks separately within each donor-cell-type ATAC model	not required for the displayed DAR count summary; peak estimates and exact FDR are supplied
ODC	chr12:92288480-92288980	0.574885300567256	2.74039714025545	20.5206558985449	2.7655483903614e-05	0.0282049224997522	ATAC_peak	14	ptdp_order+z_median_TSS+z_median_fragments+z_median_RNA_UMI	230490	edgeR robust quasi-likelihood ordinal pTDP trend adjusted for TSS enrichment, fragment depth and RNA UMI	BH across all retained peaks separately within each donor-cell-type ATAC model	not required for the displayed DAR count summary; peak estimates and exact FDR are supplied
ODC	chr12:98559596-98560096	-0.416943144148432	3.62521966318556	18.502844224352	6.16097608779654e-05	0.0410246464594535	ATAC_peak	14	ptdp_order+z_median_TSS+z_median_fragments+z_median_RNA_UMI	230490	edgeR robust quasi-likelihood ordinal pTDP trend adjusted for TSS enrichment, fragment depth and RNA UMI	BH across all retained peaks separately within each donor-cell-type ATAC model	not required for the displayed DAR count summary; peak estimates and exact FDR are supplied
ODC	chr12:100573381-100573881	0.371350540688932	4.08144095280577	19.8257739819909	3.63127842075157e-05	0.0321469997515316	ATAC_peak	14	ptdp_order+z_median_TSS+z_median_fragments+z_median_RNA_UMI	230490	edgeR robust quasi-likelihood ordinal pTDP trend adjusted for TSS enrichment, fragment depth and RNA UMI	BH across all retained peaks separately within each donor-cell-type ATAC model	not required for the displayed DAR count summary; peak estimates and exact FDR are supplied
ODC	chr12:109715255-109715755	-0.525241057710596	3.07839710599776	25.4698393742633	4.24721788324418e-06	0.0107575961528456	ATAC_peak	14	ptdp_order+z_median_TSS+z_median_fragments+z_median_RNA_UMI	230490	edgeR robust quasi-likelihood ordinal pTDP trend adjusted for TSS enrichment, fragment depth and RNA UMI	BH across all retained peaks separately within each donor-cell-type ATAC model	not required for the displayed DAR count summary; peak estimates and exact FDR are supplied
ODC	chr12:111322275-111322775	-0.692080977654975	2.69339976979264	31.8296857247659	4.42699194056211e-07	0.00269153266406233	ATAC_peak	14	ptdp_order+z_median_TSS+z_median_fragments+z_median_RNA_UMI	230490	edgeR robust quasi-likelihood ordinal pTDP trend adjusted for TSS enrichment, fragment depth and RNA UMI	BH across all retained peaks separately within each donor-cell-type ATAC model	not required for the displayed DAR count summary; peak estimates and exact FDR are supplied
ODC	chr12:118826991-118827491	-0.594657353712869	3.03200432478336	18.1035098918308	7.10940743174087e-05	0.043700723604403	ATAC_peak	14	ptdp_order+z_median_TSS+z_median_fragments+z_median_RNA_UMI	230490	edgeR robust quasi-likelihood ordinal pTDP trend adjusted for TSS enrichment, fragment depth and RNA UMI	BH across all retained peaks separately within each donor-cell-type ATAC model	not required for the displayed DAR count summary; peak estimates and exact FDR are supplied
ODC	chr12:121444408-121444908	-0.487876531631029	3.75132347397255	28.2709655881252	1.54810783273373e-06	0.00584956351420979	ATAC_peak	14	ptdp_order+z_median_TSS+z_median_fragments+z_median_RNA_UMI	230490	edgeR robust quasi-likelihood ordinal pTDP trend adjusted for TSS enrichment, fragment depth and RNA UMI	BH across all retained peaks separately within each donor-cell-type ATAC model	not required for the displayed DAR count summary; peak estimates and exact FDR are supplied
ODC	chr12:122895892-122896392	-0.465149339001085	4.02567080138342	24.5192053765572	6.02537622831548e-06	0.0136155781065141	ATAC_peak	14	ptdp_order+z_median_TSS+z_median_fragments+z_median_RNA_UMI	230490	edgeR robust quasi-likelihood ordinal pTDP trend adjusted for TSS enrichment, fragment depth and RNA UMI	BH across all retained peaks separately within each donor-cell-type ATAC model	not required for the displayed DAR count summary; peak estimates and exact FDR are supplied
ODC	chr12:124501116-124501616	-0.449478661463206	3.18952221145928	19.529513815331	4.08721906618077e-05	0.0341806904280083	ATAC_peak	14	ptdp_order+z_median_TSS+z_median_fragments+z_median_RNA_UMI	230490	edgeR robust quasi-likelihood ordinal pTDP trend adjusted for TSS enrichment, fragment depth and RNA UMI	BH across all retained peaks separately within each donor-cell-type ATAC model	not required for the displayed DAR count summary; peak estimates and exact FDR are supplied
ODC	chr12:132030570-132031070	-0.469446000279774	3.49811121290138	24.8990990715122	5.23663442096321e-06	0.0123162435478348	ATAC_peak	14	ptdp_order+z_median_TSS+z_median_fragments+z_median_RNA_UMI	230490	edgeR robust quasi-likelihood ordinal pTDP trend adjusted for TSS enrichment, fragment depth and RNA UMI	BH across all retained peaks separately within each donor-cell-type ATAC model	not required for the displayed DAR count summary; peak estimates and exact FDR are supplied
ODC	chr13:23579075-23579575	0.460280412978197	4.19295501195316	26.7119859264046	2.69961768532864e-06	0.00851470487675155	ATAC_peak	14	ptdp_order+z_median_TSS+z_median_fragments+z_median_RNA_UMI	230490	edgeR robust quasi-likelihood ordinal pTDP trend adjusted for TSS enrichment, fragment depth and RNA UMI	BH across all retained peaks separately within each donor-cell-type ATAC model	not required for the displayed DAR count summary; peak estimates and exact FDR are supplied
ODC	chr13:23979486-23979986	0.442947873816832	4.22187930332036	21.1208097639307	3.07220311449158e-05	0.0295468365167498	ATAC_peak	14	ptdp_order+z_median_TSS+z_median_fragments+z_median_RNA_UMI	230490	edgeR robust quasi-likelihood ordinal pTDP trend adjusted for TSS enrichment, fragment depth and RNA UMI	BH across all retained peaks separately within each donor-cell-type ATAC model	not required for the displayed DAR count summary; peak estimates and exact FDR are supplied
ODC	chr13:23980066-23980566	0.384651748977137	4.55291295082359	21.9285830065583	1.60037402665527e-05	0.0219565600835579	ATAC_peak	14	ptdp_order+z_median_TSS+z_median_fragments+z_median_RNA_UMI	230490	edgeR robust quasi-likelihood ordinal pTDP trend adjusted for TSS enrichment, fragment depth and RNA UMI	BH across all retained peaks separately within each donor-cell-type ATAC model	not required for the displayed DAR count summary; peak estimates and exact FDR are supplied
ODC	chr13:35880709-35881209	0.8137067437613	1.71362067883679	26.6679444353796	2.71797436316591e-06	0.00851470487675155	ATAC_peak	14	ptdp_order+z_median_TSS+z_median_fragments+z_median_RNA_UMI	230490	edgeR robust quasi-likelihood ordinal pTDP trend adjusted for TSS enrichment, fragment depth and RNA UMI	BH across all retained peaks separately within each donor-cell-type ATAC model	not required for the displayed DAR count summary; peak estimates and exact FDR are supplied
ODC	chr13:35881274-35881774	0.575024971191932	3.1972834325495	28.6432890793432	1.3569676902861e-06	0.00548714882340427	ATAC_peak	14	ptdp_order+z_median_TSS+z_median_fragments+z_median_RNA_UMI	230490	edgeR robust quasi-likelihood ordinal pTDP trend adjusted for TSS enrichment, fragment depth and RNA UMI	BH across all retained peaks separately within each donor-cell-type ATAC model	not required for the displayed DAR count summary; peak estimates and exact FDR are supplied
ODC	chr13:87671641-87672141	0.541599182150274	3.52053057299086	31.080958856047	5.81829969459779e-07	0.00311874394559964	ATAC_peak	14	ptdp_order+z_median_TSS+z_median_fragments+z_median_RNA_UMI	230490	edgeR robust quasi-likelihood ordinal pTDP trend adjusted for TSS enrichment, fragment depth and RNA UMI	BH across all retained peaks separately within each donor-cell-type ATAC model	not required for the displayed DAR count summary; peak estimates and exact FDR are supplied
ODC	chr13:91291026-91291526	0.878768897753435	1.27169558334395	21.9212347675716	1.59079811497921e-05	0.0219565600835579	ATAC_peak	14	ptdp_order+z_median_TSS+z_median_fragments+z_median_RNA_UMI	230490	edgeR robust quasi-likelihood ordinal pTDP trend adjusted for TSS enrichment, fragment depth and RNA UMI	BH across all retained peaks separately within each donor-cell-type ATAC model	not required for the displayed DAR count summary; peak estimates and exact FDR are supplied
ODC	chr13:91399105-91399605	0.560864963740314	2.07818533477548	17.6325472411768	8.74927049302154e-05	0.0496704274861215	ATAC_peak	14	ptdp_order+z_median_TSS+z_median_fragments+z_median_RNA_UMI	230490	edgeR robust quasi-likelihood ordinal pTDP trend adjusted for TSS enrichment, fragment depth and RNA UMI	BH across all retained peaks separately within each donor-cell-type ATAC model	not required for the displayed DAR count summary; peak estimates and exact FDR are supplied
ODC	chr13:100560624-100561124	0.638572332315095	3.85211420517616	46.4204879528154	4.62680057985877e-09	0.000266607816412912	ATAC_peak	14	ptdp_order+z_median_TSS+z_median_fragments+z_median_RNA_UMI	230490	edgeR robust quasi-likelihood ordinal pTDP trend adjusted for TSS enrichment, fragment depth and RNA UMI	BH across all retained peaks separately within each donor-cell-type ATAC model	not required for the displayed DAR count summary; peak estimates and exact FDR are supplied
ODC	chr14:21191897-21192397	0.66287829529786	1.94642874290289	19.8654511915879	3.57887854863565e-05	0.0318492554700784	ATAC_peak	14	ptdp_order+z_median_TSS+z_median_fragments+z_median_RNA_UMI	230490	edgeR robust quasi-likelihood ordinal pTDP trend adjusted for TSS enrichment, fragment depth and RNA UMI	BH across all retained peaks separately within each donor-cell-type ATAC model	not required for the displayed DAR count summary; peak estimates and exact FDR are supplied
ODC	chr14:23379885-23380385	0.422710505746343	3.13652910896335	18.0012358865425	7.54495874279229e-05	0.0456440299376954	ATAC_peak	14	ptdp_order+z_median_TSS+z_median_fragments+z_median_RNA_UMI	230490	edgeR robust quasi-likelihood ordinal pTDP trend adjusted for TSS enrichment, fragment depth and RNA UMI	BH across all retained peaks separately within each donor-cell-type ATAC model	not required for the displayed DAR count summary; peak estimates and exact FDR are supplied
ODC	chr14:49688019-49688519	0.388666846094218	3.6251895723775	18.3596047928979	6.52462009995543e-05	0.0420829699191812	ATAC_peak	14	ptdp_order+z_median_TSS+z_median_fragments+z_median_RNA_UMI	230490	edgeR robust quasi-likelihood ordinal pTDP trend adjusted for TSS enrichment, fragment depth and RNA UMI	BH across all retained peaks separately within each donor-cell-type ATAC model	not required for the displayed DAR count summary; peak estimates and exact FDR are supplied
ODC	chr14:84458867-84459367	-0.932395141151635	1.15366444532557	17.8449317709464	7.71224019236288e-05	0.0462915167171281	ATAC_peak	14	ptdp_order+z_median_TSS+z_median_fragments+z_median_RNA_UMI	230490	edgeR robust quasi-likelihood ordinal pTDP trend adjusted for TSS enrichment, fragment depth and RNA UMI	BH across all retained peaks separately within each donor-cell-type ATAC model	not required for the displayed DAR count summary; peak estimates and exact FDR are supplied
ODC	chr14:90522775-90523275	0.513171370236874	2.66954565758002	19.1588982189148	4.71740037575565e-05	0.0360501842304139	ATAC_peak	14	ptdp_order+z_median_TSS+z_median_fragments+z_median_RNA_UMI	230490	edgeR robust quasi-likelihood ordinal pTDP trend adjusted for TSS enrichment, fragment depth and RNA UMI	BH across all retained peaks separately within each donor-cell-type ATAC model	not required for the displayed DAR count summary; peak estimates and exact FDR are supplied
ODC	chr14:91888582-91889082	-0.453443587029439	3.05943545186792	17.6933505750619	8.54967863625941e-05	0.0490202843002844	ATAC_peak	14	ptdp_order+z_median_TSS+z_median_fragments+z_median_RNA_UMI	230490	edgeR robust quasi-likelihood ordinal pTDP trend adjusted for TSS enrichment, fragment depth and RNA UMI	BH across all retained peaks separately within each donor-cell-type ATAC model	not required for the displayed DAR count summary; peak estimates and exact FDR are supplied
ODC	chr14:94612144-94612644	1.05382846302751	1.2147393186948	19.9272092456923	3.24251352133136e-05	0.0300489085795529	ATAC_peak	14	ptdp_order+z_median_TSS+z_median_fragments+z_median_RNA_UMI	230490	edgeR robust quasi-likelihood ordinal pTDP trend adjusted for TSS enrichment, fragment depth and RNA UMI	BH across all retained peaks separately within each donor-cell-type ATAC model	not required for the displayed DAR count summary; peak estimates and exact FDR are supplied
ODC	chr14:99269730-99270230	-1.88099236739936	-0.235016238361528	24.4582286262785	6.14788156346909e-06	0.0137575264229514	ATAC_peak	14	ptdp_order+z_median_TSS+z_median_fragments+z_median_RNA_UMI	230490	edgeR robust quasi-likelihood ordinal pTDP trend adjusted for TSS enrichment, fragment depth and RNA UMI	BH across all retained peaks separately within each donor-cell-type ATAC model	not required for the displayed DAR count summary; peak estimates and exact FDR are supplied
ODC	chr14:99534337-99534837	-0.697826999481214	1.93658724077055	22.7156856567035	1.14455177685067e-05	0.0194040655822272	ATAC_peak	14	ptdp_order+z_median_TSS+z_median_fragments+z_median_RNA_UMI	230490	edgeR robust quasi-likelihood ordinal pTDP trend adjusted for TSS enrichment, fragment depth and RNA UMI	BH across all retained peaks separately within each donor-cell-type ATAC model	not required for the displayed DAR count summary; peak estimates and exact FDR are supplied
ODC	chr14:104424614-104425114	-0.51334595500719	3.4253639887334	21.9818278809574	1.56949434375992e-05	0.0219565600835579	ATAC_peak	14	ptdp_order+z_median_TSS+z_median_fragments+z_median_RNA_UMI	230490	edgeR robust quasi-likelihood ordinal pTDP trend adjusted for TSS enrichment, fragment depth and RNA UMI	BH across all retained peaks separately within each donor-cell-type ATAC model	not required for the displayed DAR count summary; peak estimates and exact FDR are supplied
ODC	chr14:105204547-105205047	-0.519019695623691	3.20749836163051	21.792824437673	1.68893365142524e-05	0.0222315095037421	ATAC_peak	14	ptdp_order+z_median_TSS+z_median_fragments+z_median_RNA_UMI	230490	edgeR robust quasi-likelihood ordinal pTDP trend adjusted for TSS enrichment, fragment depth and RNA UMI	BH across all retained peaks separately within each donor-cell-type ATAC model	not required for the displayed DAR count summary; peak estimates and exact FDR are supplied
ODC	chr15:31080492-31080992	0.966231562780986	1.86471812627088	37.4454320975382	7.13008299229576e-08	0.00127256066182844	ATAC_peak	14	ptdp_order+z_median_TSS+z_median_fragments+z_median_RNA_UMI	230490	edgeR robust quasi-likelihood ordinal pTDP trend adjusted for TSS enrichment, fragment depth and RNA UMI	BH across all retained peaks separately within each donor-cell-type ATAC model	not required for the displayed DAR count summary; peak estimates and exact FDR are supplied
ODC	chr15:60744773-60745273	-0.822483019070377	1.16728295666384	20.7880412677946	2.36438961514782e-05	0.0265838127997766	ATAC_peak	14	ptdp_order+z_median_TSS+z_median_fragments+z_median_RNA_UMI	230490	edgeR robust quasi-likelihood ordinal pTDP trend adjusted for TSS enrichment, fragment depth and RNA UMI	BH across all retained peaks separately within each donor-cell-type ATAC model	not required for the displayed DAR count summary; peak estimates and exact FDR are supplied
ODC	chr15:69893879-69894379	-0.67755348858368	2.90229589195829	20.2443165608834	3.01401521074338e-05	0.0293122517267612	ATAC_peak	14	ptdp_order+z_median_TSS+z_median_fragments+z_median_RNA_UMI	230490	edgeR robust quasi-likelihood ordinal pTDP trend adjusted for TSS enrichment, fragment depth and RNA UMI	BH across all retained peaks separately within each donor-cell-type ATAC model	not required for the displayed DAR count summary; peak estimates and exact FDR are supplied
ODC	chr15:70033503-70034003	-0.722529034919772	2.3393075578642	20.3629427300181	2.82349529408498e-05	0.0283322217924505	ATAC_peak	14	ptdp_order+z_median_TSS+z_median_fragments+z_median_RNA_UMI	230490	edgeR robust quasi-likelihood ordinal pTDP trend adjusted for TSS enrichment, fragment depth and RNA UMI	BH across all retained peaks separately within each donor-cell-type ATAC model	not required for the displayed DAR count summary; peak estimates and exact FDR are supplied
ODC	chr15:73753105-73753605	-0.825852251990197	1.9070764362183	23.8412316174854	1.13988557898157e-05	0.0194040655822272	ATAC_peak	14	ptdp_order+z_median_TSS+z_median_fragments+z_median_RNA_UMI	230490	edgeR robust quasi-likelihood ordinal pTDP trend adjusted for TSS enrichment, fragment depth and RNA UMI	BH across all retained peaks separately within each donor-cell-type ATAC model	not required for the displayed DAR count summary; peak estimates and exact FDR are supplied
ODC	chr15:73763770-73764270	-0.929268591161723	1.99357597631104	31.602162001121	4.43742640610736e-07	0.00269153266406233	ATAC_peak	14	ptdp_order+z_median_TSS+z_median_fragments+z_median_RNA_UMI	230490	edgeR robust quasi-likelihood ordinal pTDP trend adjusted for TSS enrichment, fragment depth and RNA UMI	BH across all retained peaks separately within each donor-cell-type ATAC model	not required for the displayed DAR count summary; peak estimates and exact FDR are supplied
ODC	chr15:74771707-74772207	-0.431535380167796	3.89489989561693	18.4992767689861	6.16899282039102e-05	0.0410246464594535	ATAC_peak	14	ptdp_order+z_median_TSS+z_median_fragments+z_median_RNA_UMI	230490	edgeR robust quasi-likelihood ordinal pTDP trend adjusted for TSS enrichment, fragment depth and RNA UMI	BH across all retained peaks separately within each donor-cell-type ATAC model	not required for the displayed DAR count summary; peak estimates and exact FDR are supplied
ODC	chr15:77819333-77819833	-0.729238048599674	1.8653419756871	25.3042251498093	4.44861932218889e-06	0.0110254007265733	ATAC_peak	14	ptdp_order+z_median_TSS+z_median_fragments+z_median_RNA_UMI	230490	edgeR robust quasi-likelihood ordinal pTDP trend adjusted for TSS enrichment, fragment depth and RNA UMI	BH across all retained peaks separately within each donor-cell-type ATAC model	not required for the displayed DAR count summary; peak estimates and exact FDR are supplied
ODC	chr15:78316210-78316710	-0.411621709123688	4.57529714331048	20.610761171836	2.6684201195882e-05	0.0276152161925989	ATAC_peak	14	ptdp_order+z_median_TSS+z_median_fragments+z_median_RNA_UMI	230490	edgeR robust quasi-likelihood ordinal pTDP trend adjusted for TSS enrichment, fragment depth and RNA UMI	BH across all retained peaks separately within each donor-cell-type ATAC model	not required for the displayed DAR count summary; peak estimates and exact FDR are supplied
ODC	chr15:78364208-78364708	-0.481649899356286	3.58232386680594	19.9701628891128	3.43325506360846e-05	0.0307910879226114	ATAC_peak	14	ptdp_order+z_median_TSS+z_median_fragments+z_median_RNA_UMI	230490	edgeR robust quasi-likelihood ordinal pTDP trend adjusted for TSS enrichment, fragment depth and RNA UMI	BH across all retained peaks separately within each donor-cell-type ATAC model	not required for the displayed DAR count summary; peak estimates and exact FDR are supplied
ODC	chr15:80152259-80152759	0.563119549477183	3.32138208726165	25.4976643032268	4.20046766209631e-06	0.0107575961528456	ATAC_peak	14	ptdp_order+z_median_TSS+z_median_fragments+z_median_RNA_UMI	230490	edgeR robust quasi-likelihood ordinal pTDP trend adjusted for TSS enrichment, fragment depth and RNA UMI	BH across all retained peaks separately within each donor-cell-type ATAC model	not required for the displayed DAR count summary; peak estimates and exact FDR are supplied
ODC	chr15:80246244-80246744	-1.0217305926329	0.847533377171492	19.9386319509851	3.32681628677327e-05	0.0303363838552377	ATAC_peak	14	ptdp_order+z_median_TSS+z_median_fragments+z_median_RNA_UMI	230490	edgeR robust quasi-likelihood ordinal pTDP trend adjusted for TSS enrichment, fragment depth and RNA UMI	BH across all retained peaks separately within each donor-cell-type ATAC model	not required for the displayed DAR count summary; peak estimates and exact FDR are supplied
ODC	chr15:90184109-90184609	0.539470202018524	2.75296578823455	19.05755050515	4.93315252812109e-05	0.0367974862850042	ATAC_peak	14	ptdp_order+z_median_TSS+z_median_fragments+z_median_RNA_UMI	230490	edgeR robust quasi-likelihood ordinal pTDP trend adjusted for TSS enrichment, fragment depth and RNA UMI	BH across all retained peaks separately within each donor-cell-type ATAC model	not required for the displayed DAR count summary; peak estimates and exact FDR are supplied
ODC	chr15:90184990-90185490	0.391545579776751	4.05145718695131	19.5353124781736	4.07456048106011e-05	0.0341806904280083	ATAC_peak	14	ptdp_order+z_median_TSS+z_median_fragments+z_median_RNA_UMI	230490	edgeR robust quasi-likelihood ordinal pTDP trend adjusted for TSS enrichment, fragment depth and RNA UMI	BH across all retained peaks separately within each donor-cell-type ATAC model	not required for the displayed DAR count summary; peak estimates and exact FDR are supplied
ODC	chr15:101267374-101267874	-0.468697068222654	3.94652518229841	22.2888412274047	1.39510257964588e-05	0.0209261027855705	ATAC_peak	14	ptdp_order+z_median_TSS+z_median_fragments+z_median_RNA_UMI	230490	edgeR robust quasi-likelihood ordinal pTDP trend adjusted for TSS enrichment, fragment depth and RNA UMI	BH across all retained peaks separately within each donor-cell-type ATAC model	not required for the displayed DAR count summary; peak estimates and exact FDR are supplied
ODC	chr16:717776-718276	-0.700811402909823	2.63781818864308	31.9294562745451	4.26952344561409e-07	0.00269153266406233	ATAC_peak	14	ptdp_order+z_median_TSS+z_median_fragments+z_median_RNA_UMI	230490	edgeR robust quasi-likelihood ordinal pTDP trend adjusted for TSS enrichment, fragment depth and RNA UMI	BH across all retained peaks separately within each donor-cell-type ATAC model	not required for the displayed DAR count summary; peak estimates and exact FDR are supplied
ODC	chr16:720407-720907	-0.403765609335468	3.63176218424099	18.8761723054045	5.30196615104532e-05	0.038298706698998	ATAC_peak	14	ptdp_order+z_median_TSS+z_median_fragments+z_median_RNA_UMI	230490	edgeR robust quasi-likelihood ordinal pTDP trend adjusted for TSS enrichment, fragment depth and RNA UMI	BH across all retained peaks separately within each donor-cell-type ATAC model	not required for the displayed DAR count summary; peak estimates and exact FDR are supplied
ODC	chr16:727963-728463	-0.441031665144356	3.8615048726659	21.9388030950657	1.5954040566546e-05	0.0219565600835579	ATAC_peak	14	ptdp_order+z_median_TSS+z_median_fragments+z_median_RNA_UMI	230490	edgeR robust quasi-likelihood ordinal pTDP trend adjusted for TSS enrichment, fragment depth and RNA UMI	BH across all retained peaks separately within each donor-cell-type ATAC model	not required for the displayed DAR count summary; peak estimates and exact FDR are supplied
ODC	chr16:938039-938539	-0.582484692108484	3.21545712743968	30.5800362066513	6.92188564643599e-07	0.00339452217584475	ATAC_peak	14	ptdp_order+z_median_TSS+z_median_fragments+z_median_RNA_UMI	230490	edgeR robust quasi-likelihood ordinal pTDP trend adjusted for TSS enrichment, fragment depth and RNA UMI	BH across all retained peaks separately within each donor-cell-type ATAC model	not required for the displayed DAR count summary; peak estimates and exact FDR are supplied
ODC	chr16:2057047-2057547	-0.580896394236653	3.57528619256569	20.4080780413848	7.79908667813704e-05	0.0466912074920469	ATAC_peak	14	ptdp_order+z_median_TSS+z_median_fragments+z_median_RNA_UMI	230490	edgeR robust quasi-likelihood ordinal pTDP trend adjusted for TSS enrichment, fragment depth and RNA UMI	BH across all retained peaks separately within each donor-cell-type ATAC model	not required for the displayed DAR count summary; peak estimates and exact FDR are supplied
ODC	chr16:2175217-2175717	1.32293095782384	-0.0603847214430703	19.1634599786645	4.7371040152367e-05	0.0360501842304139	ATAC_peak	14	ptdp_order+z_median_TSS+z_median_fragments+z_median_RNA_UMI	230490	edgeR robust quasi-likelihood ordinal pTDP trend adjusted for TSS enrichment, fragment depth and RNA UMI	BH across all retained peaks separately within each donor-cell-type ATAC model	not required for the displayed DAR count summary; peak estimates and exact FDR are supplied
ODC	chr16:10980064-10980564	-0.740259332172828	1.68023378572518	18.677074495292	5.56879404848522e-05	0.0388358672536964	ATAC_peak	14	ptdp_order+z_median_TSS+z_median_fragments+z_median_RNA_UMI	230490	edgeR robust quasi-likelihood ordinal pTDP trend adjusted for TSS enrichment, fragment depth and RNA UMI	BH across all retained peaks separately within each donor-cell-type ATAC model	not required for the displayed DAR count summary; peak estimates and exact FDR are supplied
ODC	chr16:11111773-11112273	2.70323411824065	-0.848423568149224	22.2188642360878	1.59201693540453e-05	0.0219565600835579	ATAC_peak	14	ptdp_order+z_median_TSS+z_median_fragments+z_median_RNA_UMI	230490	edgeR robust quasi-likelihood ordinal pTDP trend adjusted for TSS enrichment, fragment depth and RNA UMI	BH across all retained peaks separately within each donor-cell-type ATAC model	not required for the displayed DAR count summary; peak estimates and exact FDR are supplied
ODC	chr16:15142400-15142900	0.627990713078128	2.25187492405136	19.8191051840707	3.64023035062247e-05	0.0321469997515316	ATAC_peak	14	ptdp_order+z_median_TSS+z_median_fragments+z_median_RNA_UMI	230490	edgeR robust quasi-likelihood ordinal pTDP trend adjusted for TSS enrichment, fragment depth and RNA UMI	BH across all retained peaks separately within each donor-cell-type ATAC model	not required for the displayed DAR count summary; peak estimates and exact FDR are supplied
ODC	chr16:20860421-20860921	-0.948292879492777	0.99565820486436	21.82867554376	1.56286855173716e-05	0.0219565600835579	ATAC_peak	14	ptdp_order+z_median_TSS+z_median_fragments+z_median_RNA_UMI	230490	edgeR robust quasi-likelihood ordinal pTDP trend adjusted for TSS enrichment, fragment depth and RNA UMI	BH across all retained peaks separately within each donor-cell-type ATAC model	not required for the displayed DAR count summary; peak estimates and exact FDR are supplied
ODC	chr16:27268518-27269018	-0.380331725179039	4.06548734472904	18.4865052873439	6.19902598629043e-05	0.0410246464594535	ATAC_peak	14	ptdp_order+z_median_TSS+z_median_fragments+z_median_RNA_UMI	230490	edgeR robust quasi-likelihood ordinal pTDP trend adjusted for TSS enrichment, fragment depth and RNA UMI	BH across all retained peaks separately within each donor-cell-type ATAC model	not required for the displayed DAR count summary; peak estimates and exact FDR are supplied
ODC	chr16:27816455-27816955	-0.44969909673677	3.37397259779674	18.0097915415888	7.5226295376399e-05	0.04562870742449	ATAC_peak	14	ptdp_order+z_median_TSS+z_median_fragments+z_median_RNA_UMI	230490	edgeR robust quasi-likelihood ordinal pTDP trend adjusted for TSS enrichment, fragment depth and RNA UMI	BH across all retained peaks separately within each donor-cell-type ATAC model	not required for the displayed DAR count summary; peak estimates and exact FDR are supplied
ODC	chr16:30417746-30418246	-0.378036573107933	4.05565114069372	17.6502385280059	8.70462205267516e-05	0.0495389712820024	ATAC_peak	14	ptdp_order+z_median_TSS+z_median_fragments+z_median_RNA_UMI	230490	edgeR robust quasi-likelihood ordinal pTDP trend adjusted for TSS enrichment, fragment depth and RNA UMI	BH across all retained peaks separately within each donor-cell-type ATAC model	not required for the displayed DAR count summary; peak estimates and exact FDR are supplied
ODC	chr16:31440521-31441021	-0.899688271790768	1.21878239016555	20.1820792014538	3.01026873322583e-05	0.0293122517267612	ATAC_peak	14	ptdp_order+z_median_TSS+z_median_fragments+z_median_RNA_UMI	230490	edgeR robust quasi-likelihood ordinal pTDP trend adjusted for TSS enrichment, fragment depth and RNA UMI	BH across all retained peaks separately within each donor-cell-type ATAC model	not required for the displayed DAR count summary; peak estimates and exact FDR are supplied
ODC	chr16:51095519-51096019	0.590197718003178	1.94771902346038	17.7783583040507	8.27051535564182e-05	0.0478962584000473	ATAC_peak	14	ptdp_order+z_median_TSS+z_median_fragments+z_median_RNA_UMI	230490	edgeR robust quasi-likelihood ordinal pTDP trend adjusted for TSS enrichment, fragment depth and RNA UMI	BH across all retained peaks separately within each donor-cell-type ATAC model	not required for the displayed DAR count summary; peak estimates and exact FDR are supplied
ODC	chr16:56558256-56558756	0.48203359097631	3.10995508822347	17.820334060967	8.12568104499667e-05	0.0477777608178899	ATAC_peak	14	ptdp_order+z_median_TSS+z_median_fragments+z_median_RNA_UMI	230490	edgeR robust quasi-likelihood ordinal pTDP trend adjusted for TSS enrichment, fragment depth and RNA UMI	BH across all retained peaks separately within each donor-cell-type ATAC model	not required for the displayed DAR count summary; peak estimates and exact FDR are supplied
ODC	chr16:67247312-67247812	0.483615168111362	3.67405539505628	18.7406789898086	8.62799532823579e-05	0.0492244218615116	ATAC_peak	14	ptdp_order+z_median_TSS+z_median_fragments+z_median_RNA_UMI	230490	edgeR robust quasi-likelihood ordinal pTDP trend adjusted for TSS enrichment, fragment depth and RNA UMI	BH across all retained peaks separately within each donor-cell-type ATAC model	not required for the displayed DAR count summary; peak estimates and exact FDR are supplied
ODC	chr16:71767465-71767965	-0.685020931355173	2.16699589615036	23.706971225111	8.01929737242157e-06	0.0157980158236705	ATAC_peak	14	ptdp_order+z_median_TSS+z_median_fragments+z_median_RNA_UMI	230490	edgeR robust quasi-likelihood ordinal pTDP trend adjusted for TSS enrichment, fragment depth and RNA UMI	BH across all retained peaks separately within each donor-cell-type ATAC model	not required for the displayed DAR count summary; peak estimates and exact FDR are supplied
ODC	chr16:79165530-79166030	-0.797973598975695	0.949621716748938	18.525144362093	5.83733203405504e-05	0.0400430553728972	ATAC_peak	14	ptdp_order+z_median_TSS+z_median_fragments+z_median_RNA_UMI	230490	edgeR robust quasi-likelihood ordinal pTDP trend adjusted for TSS enrichment, fragment depth and RNA UMI	BH across all retained peaks separately within each donor-cell-type ATAC model	not required for the displayed DAR count summary; peak estimates and exact FDR are supplied
ODC	chr16:79209232-79209732	-0.891548463053629	1.76410074656213	31.2427132124242	5.1380298264869e-07	0.00288844998709016	ATAC_peak	14	ptdp_order+z_median_TSS+z_median_fragments+z_median_RNA_UMI	230490	edgeR robust quasi-likelihood ordinal pTDP trend adjusted for TSS enrichment, fragment depth and RNA UMI	BH across all retained peaks separately within each donor-cell-type ATAC model	not required for the displayed DAR count summary; peak estimates and exact FDR are supplied
ODC	chr16:83246949-83247449	0.919106418978909	1.95746926166682	32.6710274386806	3.39647171395321e-07	0.00263793719716875	ATAC_peak	14	ptdp_order+z_median_TSS+z_median_fragments+z_median_RNA_UMI	230490	edgeR robust quasi-likelihood ordinal pTDP trend adjusted for TSS enrichment, fragment depth and RNA UMI	BH across all retained peaks separately within each donor-cell-type ATAC model	not required for the displayed DAR count summary; peak estimates and exact FDR are supplied
ODC	chr16:83247655-83248155	0.588469474495961	3.54260982171693	29.0214162764506	1.1876418890579e-06	0.00515316829660537	ATAC_peak	14	ptdp_order+z_median_TSS+z_median_fragments+z_median_RNA_UMI	230490	edgeR robust quasi-likelihood ordinal pTDP trend adjusted for TSS enrichment, fragment depth and RNA UMI	BH across all retained peaks separately within each donor-cell-type ATAC model	not required for the displayed DAR count summary; peak estimates and exact FDR are supplied
ODC	chr16:83272782-83273282	0.625890068689965	2.26786255147915	20.4220050734703	2.87467758232476e-05	0.0284371002553663	ATAC_peak	14	ptdp_order+z_median_TSS+z_median_fragments+z_median_RNA_UMI	230490	edgeR robust quasi-likelihood ordinal pTDP trend adjusted for TSS enrichment, fragment depth and RNA UMI	BH across all retained peaks separately within each donor-cell-type ATAC model	not required for the displayed DAR count summary; peak estimates and exact FDR are supplied
ODC	chr16:83312217-83312717	0.770109670702955	1.56600152446101	19.0750248658076	4.87876481823613e-05	0.0366288763177605	ATAC_peak	14	ptdp_order+z_median_TSS+z_median_fragments+z_median_RNA_UMI	230490	edgeR robust quasi-likelihood ordinal pTDP trend adjusted for TSS enrichment, fragment depth and RNA UMI	BH across all retained peaks separately within each donor-cell-type ATAC model	not required for the displayed DAR count summary; peak estimates and exact FDR are supplied
ODC	chr16:86537361-86537861	-0.823613748766832	1.89042209661189	28.1004472909803	1.60103602276479e-06	0.0059519805304364	ATAC_peak	14	ptdp_order+z_median_TSS+z_median_fragments+z_median_RNA_UMI	230490	edgeR robust quasi-likelihood ordinal pTDP trend adjusted for TSS enrichment, fragment depth and RNA UMI	BH across all retained peaks separately within each donor-cell-type ATAC model	not required for the displayed DAR count summary; peak estimates and exact FDR are supplied
ODC	chr16:87853678-87854178	0.61860556624425	2.44502632131061	18.1412257318916	6.95555003543213e-05	0.0432125263522035	ATAC_peak	14	ptdp_order+z_median_TSS+z_median_fragments+z_median_RNA_UMI	230490	edgeR robust quasi-likelihood ordinal pTDP trend adjusted for TSS enrichment, fragment depth and RNA UMI	BH across all retained peaks separately within each donor-cell-type ATAC model	not required for the displayed DAR count summary; peak estimates and exact FDR are supplied
ODC	chr17:7354899-7355399	-0.475253789039444	4.0696628090715	21.2696296535764	2.06505195249352e-05	0.0250743776193147	ATAC_peak	14	ptdp_order+z_median_TSS+z_median_fragments+z_median_RNA_UMI	230490	edgeR robust quasi-likelihood ordinal pTDP trend adjusted for TSS enrichment, fragment depth and RNA UMI	BH across all retained peaks separately within each donor-cell-type ATAC model	not required for the displayed DAR count summary; peak estimates and exact FDR are supplied
ODC	chr17:9313318-9313818	-0.758852829371301	1.77758284740674	22.3843221868893	1.27784038749525e-05	0.0202743693484647	ATAC_peak	14	ptdp_order+z_median_TSS+z_median_fragments+z_median_RNA_UMI	230490	edgeR robust quasi-likelihood ordinal pTDP trend adjusted for TSS enrichment, fragment depth and RNA UMI	BH across all retained peaks separately within each donor-cell-type ATAC model	not required for the displayed DAR count summary; peak estimates and exact FDR are supplied
ODC	chr17:15262367-15262867	-0.325098311048902	4.78364594132672	18.6557869590875	5.79000298986027e-05	0.0398369489293401	ATAC_peak	14	ptdp_order+z_median_TSS+z_median_fragments+z_median_RNA_UMI	230490	edgeR robust quasi-likelihood ordinal pTDP trend adjusted for TSS enrichment, fragment depth and RNA UMI	BH across all retained peaks separately within each donor-cell-type ATAC model	not required for the displayed DAR count summary; peak estimates and exact FDR are supplied
ODC	chr17:17723299-17723799	-0.545085249205903	2.59018351494873	19.1512331288868	4.73946180445109e-05	0.0360501842304139	ATAC_peak	14	ptdp_order+z_median_TSS+z_median_fragments+z_median_RNA_UMI	230490	edgeR robust quasi-likelihood ordinal pTDP trend adjusted for TSS enrichment, fragment depth and RNA UMI	BH across all retained peaks separately within each donor-cell-type ATAC model	not required for the displayed DAR count summary; peak estimates and exact FDR are supplied
ODC	chr17:18184552-18185052	-0.43296209593395	3.01929412692358	18.4105079873182	6.39462182889701e-05	0.041753438678257	ATAC_peak	14	ptdp_order+z_median_TSS+z_median_fragments+z_median_RNA_UMI	230490	edgeR robust quasi-likelihood ordinal pTDP trend adjusted for TSS enrichment, fragment depth and RNA UMI	BH across all retained peaks separately within each donor-cell-type ATAC model	not required for the displayed DAR count summary; peak estimates and exact FDR are supplied
ODC	chr17:19716375-19716875	1.1644752790852	0.710944099663951	27.7325369483728	1.65997690758346e-06	0.00607314408617319	ATAC_peak	14	ptdp_order+z_median_TSS+z_median_fragments+z_median_RNA_UMI	230490	edgeR robust quasi-likelihood ordinal pTDP trend adjusted for TSS enrichment, fragment depth and RNA UMI	BH across all retained peaks separately within each donor-cell-type ATAC model	not required for the displayed DAR count summary; peak estimates and exact FDR are supplied
ODC	chr17:19744780-19745280	0.36890278514513	4.47685127237807	22.0320789165647	1.53802982813569e-05	0.0219565600835579	ATAC_peak	14	ptdp_order+z_median_TSS+z_median_fragments+z_median_RNA_UMI	230490	edgeR robust quasi-likelihood ordinal pTDP trend adjusted for TSS enrichment, fragment depth and RNA UMI	BH across all retained peaks separately within each donor-cell-type ATAC model	not required for the displayed DAR count summary; peak estimates and exact FDR are supplied
ODC	chr17:32723521-32724021	-0.573888751034115	3.30781656427481	23.888600172913	7.60045156565681e-06	0.015640709523355	ATAC_peak	14	ptdp_order+z_median_TSS+z_median_fragments+z_median_RNA_UMI	230490	edgeR robust quasi-likelihood ordinal pTDP trend adjusted for TSS enrichment, fragment depth and RNA UMI	BH across all retained peaks separately within each donor-cell-type ATAC model	not required for the displayed DAR count summary; peak estimates and exact FDR are supplied
ODC	chr17:63841564-63842064	-0.426604243514216	3.5572287024083	21.6246841448489	1.7998485000827e-05	0.0227937956474759	ATAC_peak	14	ptdp_order+z_median_TSS+z_median_fragments+z_median_RNA_UMI	230490	edgeR robust quasi-likelihood ordinal pTDP trend adjusted for TSS enrichment, fragment depth and RNA UMI	BH across all retained peaks separately within each donor-cell-type ATAC model	not required for the displayed DAR count summary; peak estimates and exact FDR are supplied
ODC	chr17:67138331-67138831	-0.72583402382644	2.61418539326567	19.115792299373	4.65334484371908e-05	0.0358240550671225	ATAC_peak	14	ptdp_order+z_median_TSS+z_median_fragments+z_median_RNA_UMI	230490	edgeR robust quasi-likelihood ordinal pTDP trend adjusted for TSS enrichment, fragment depth and RNA UMI	BH across all retained peaks separately within each donor-cell-type ATAC model	not required for the displayed DAR count summary; peak estimates and exact FDR are supplied
ODC	chr17:74301073-74301573	-0.36389763117408	4.52561747858131	22.3248333033772	1.37514465641286e-05	0.0209261027855705	ATAC_peak	14	ptdp_order+z_median_TSS+z_median_fragments+z_median_RNA_UMI	230490	edgeR robust quasi-likelihood ordinal pTDP trend adjusted for TSS enrichment, fragment depth and RNA UMI	BH across all retained peaks separately within each donor-cell-type ATAC model	not required for the displayed DAR count summary; peak estimates and exact FDR are supplied
ODC	chr17:75587560-75588060	-0.458926409691214	3.56160967816054	20.4770018011598	2.81155059214701e-05	0.0283322217924505	ATAC_peak	14	ptdp_order+z_median_TSS+z_median_fragments+z_median_RNA_UMI	230490	edgeR robust quasi-likelihood ordinal pTDP trend adjusted for TSS enrichment, fragment depth and RNA UMI	BH across all retained peaks separately within each donor-cell-type ATAC model	not required for the displayed DAR count summary; peak estimates and exact FDR are supplied
ODC	chr17:81315104-81315604	-0.379015736599734	3.72488129122846	18.7430417691545	5.593955454999e-05	0.0388358672536964	ATAC_peak	14	ptdp_order+z_median_TSS+z_median_fragments+z_median_RNA_UMI	230490	edgeR robust quasi-likelihood ordinal pTDP trend adjusted for TSS enrichment, fragment depth and RNA UMI	BH across all retained peaks separately within each donor-cell-type ATAC model	not required for the displayed DAR count summary; peak estimates and exact FDR are supplied
ODC	chr18:7458629-7459129	0.907631691146495	0.97275218708881	19.1878681646885	4.61573832668861e-05	0.0358240550671225	ATAC_peak	14	ptdp_order+z_median_TSS+z_median_fragments+z_median_RNA_UMI	230490	edgeR robust quasi-likelihood ordinal pTDP trend adjusted for TSS enrichment, fragment depth and RNA UMI	BH across all retained peaks separately within each donor-cell-type ATAC model	not required for the displayed DAR count summary; peak estimates and exact FDR are supplied
ODC	chr18:7460040-7460540	0.414588533401905	3.63836149351025	20.0891300002583	3.27347742598912e-05	0.030116220227394	ATAC_peak	14	ptdp_order+z_median_TSS+z_median_fragments+z_median_RNA_UMI	230490	edgeR robust quasi-likelihood ordinal pTDP trend adjusted for TSS enrichment, fragment depth and RNA UMI	BH across all retained peaks separately within each donor-cell-type ATAC model	not required for the displayed DAR count summary; peak estimates and exact FDR are supplied
ODC	chr18:11980441-11980941	0.427246392378306	3.67038222585275	20.6264061055598	2.65125556814568e-05	0.0276152161925989	ATAC_peak	14	ptdp_order+z_median_TSS+z_median_fragments+z_median_RNA_UMI	230490	edgeR robust quasi-likelihood ordinal pTDP trend adjusted for TSS enrichment, fragment depth and RNA UMI	BH across all retained peaks separately within each donor-cell-type ATAC model	not required for the displayed DAR count summary; peak estimates and exact FDR are supplied
ODC	chr18:13614887-13615387	-0.357301940657039	3.89772402290577	19.5646428705656	4.0280525550381e-05	0.034133302698924	ATAC_peak	14	ptdp_order+z_median_TSS+z_median_fragments+z_median_RNA_UMI	230490	edgeR robust quasi-likelihood ordinal pTDP trend adjusted for TSS enrichment, fragment depth and RNA UMI	BH across all retained peaks separately within each donor-cell-type ATAC model	not required for the displayed DAR count summary; peak estimates and exact FDR are supplied
ODC	chr18:22930030-22930530	0.982495652775984	0.995959710158634	24.5630737912023	5.59297193366339e-06	0.0130036119165955	ATAC_peak	14	ptdp_order+z_median_TSS+z_median_fragments+z_median_RNA_UMI	230490	edgeR robust quasi-likelihood ordinal pTDP trend adjusted for TSS enrichment, fragment depth and RNA UMI	BH across all retained peaks separately within each donor-cell-type ATAC model	not required for the displayed DAR count summary; peak estimates and exact FDR are supplied
ODC	chr18:34158992-34159492	0.435945271196275	3.37051220765809	18.5704905773363	5.99279874199153e-05	0.0408662775751961	ATAC_peak	14	ptdp_order+z_median_TSS+z_median_fragments+z_median_RNA_UMI	230490	edgeR robust quasi-likelihood ordinal pTDP trend adjusted for TSS enrichment, fragment depth and RNA UMI	BH across all retained peaks separately within each donor-cell-type ATAC model	not required for the displayed DAR count summary; peak estimates and exact FDR are supplied
ODC	chr18:37393943-37394443	0.302566380389398	5.74131683779168	20.54090134096	2.74045797454529e-05	0.0280732514912419	ATAC_peak	14	ptdp_order+z_median_TSS+z_median_fragments+z_median_RNA_UMI	230490	edgeR robust quasi-likelihood ordinal pTDP trend adjusted for TSS enrichment, fragment depth and RNA UMI	BH across all retained peaks separately within each donor-cell-type ATAC model	not required for the displayed DAR count summary; peak estimates and exact FDR are supplied
ODC	chr18:48161507-48162007	0.448123322814682	3.92296944939463	23.2544428173545	9.66373299214475e-06	0.0176777287092019	ATAC_peak	14	ptdp_order+z_median_TSS+z_median_fragments+z_median_RNA_UMI	230490	edgeR robust quasi-likelihood ordinal pTDP trend adjusted for TSS enrichment, fragment depth and RNA UMI	BH across all retained peaks separately within each donor-cell-type ATAC model	not required for the displayed DAR count summary; peak estimates and exact FDR are supplied
ODC	chr18:66682891-66683391	0.400572844627675	4.13818200887891	18.570324607307	5.99244119517772e-05	0.0408662775751961	ATAC_peak	14	ptdp_order+z_median_TSS+z_median_fragments+z_median_RNA_UMI	230490	edgeR robust quasi-likelihood ordinal pTDP trend adjusted for TSS enrichment, fragment depth and RNA UMI	BH across all retained peaks separately within each donor-cell-type ATAC model	not required for the displayed DAR count summary; peak estimates and exact FDR are supplied
ODC	chr19:1566545-1567045	-0.300301982333907	5.46547575668264	18.9984891293961	5.04588364806586e-05	0.0371573713112683	ATAC_peak	14	ptdp_order+z_median_TSS+z_median_fragments+z_median_RNA_UMI	230490	edgeR robust quasi-likelihood ordinal pTDP trend adjusted for TSS enrichment, fragment depth and RNA UMI	BH across all retained peaks separately within each donor-cell-type ATAC model	not required for the displayed DAR count summary; peak estimates and exact FDR are supplied
ODC	chr19:2043113-2043613	-0.525721382166292	2.19327342883675	19.2009666326209	4.64698508420725e-05	0.0358240550671225	ATAC_peak	14	ptdp_order+z_median_TSS+z_median_fragments+z_median_RNA_UMI	230490	edgeR robust quasi-likelihood ordinal pTDP trend adjusted for TSS enrichment, fragment depth and RNA UMI	BH across all retained peaks separately within each donor-cell-type ATAC model	not required for the displayed DAR count summary; peak estimates and exact FDR are supplied
ODC	chr19:3119816-3120316	-0.576833471194051	2.78748740706961	20.6650044303369	2.56899964682064e-05	0.027348243308769	ATAC_peak	14	ptdp_order+z_median_TSS+z_median_fragments+z_median_RNA_UMI	230490	edgeR robust quasi-likelihood ordinal pTDP trend adjusted for TSS enrichment, fragment depth and RNA UMI	BH across all retained peaks separately within each donor-cell-type ATAC model	not required for the displayed DAR count summary; peak estimates and exact FDR are supplied
ODC	chr19:3536416-3536916	-0.379733797534017	4.82938873447899	21.6970123460246	1.7500244790544e-05	0.0224628104266557	ATAC_peak	14	ptdp_order+z_median_TSS+z_median_fragments+z_median_RNA_UMI	230490	edgeR robust quasi-likelihood ordinal pTDP trend adjusted for TSS enrichment, fragment depth and RNA UMI	BH across all retained peaks separately within each donor-cell-type ATAC model	not required for the displayed DAR count summary; peak estimates and exact FDR are supplied
ODC	chr19:12660906-12661406	-0.657486596566456	3.60197433249731	32.2806854477566	3.86995643128685e-07	0.00269153266406233	ATAC_peak	14	ptdp_order+z_median_TSS+z_median_fragments+z_median_RNA_UMI	230490	edgeR robust quasi-likelihood ordinal pTDP trend adjusted for TSS enrichment, fragment depth and RNA UMI	BH across all retained peaks separately within each donor-cell-type ATAC model	not required for the displayed DAR count summary; peak estimates and exact FDR are supplied
ODC	chr19:14515452-14515952	-0.731200997654209	1.77318235576844	22.7521506589418	1.10860385035916e-05	0.0193577349597941	ATAC_peak	14	ptdp_order+z_median_TSS+z_median_fragments+z_median_RNA_UMI	230490	edgeR robust quasi-likelihood ordinal pTDP trend adjusted for TSS enrichment, fragment depth and RNA UMI	BH across all retained peaks separately within each donor-cell-type ATAC model	not required for the displayed DAR count summary; peak estimates and exact FDR are supplied
ODC	chr19:16645080-16645580	-0.457507215109893	3.79129026101836	22.0527590431134	1.52733884711788e-05	0.0219565600835579	ATAC_peak	14	ptdp_order+z_median_TSS+z_median_fragments+z_median_RNA_UMI	230490	edgeR robust quasi-likelihood ordinal pTDP trend adjusted for TSS enrichment, fragment depth and RNA UMI	BH across all retained peaks separately within each donor-cell-type ATAC model	not required for the displayed DAR count summary; peak estimates and exact FDR are supplied
ODC	chr19:16719562-16720062	-0.597323515798133	2.2625617333443	19.37648886623	4.33518632577351e-05	0.0353080246016797	ATAC_peak	14	ptdp_order+z_median_TSS+z_median_fragments+z_median_RNA_UMI	230490	edgeR robust quasi-likelihood ordinal pTDP trend adjusted for TSS enrichment, fragment depth and RNA UMI	BH across all retained peaks separately within each donor-cell-type ATAC model	not required for the displayed DAR count summary; peak estimates and exact FDR are supplied
ODC	chr19:18856344-18856844	-0.845438333067841	2.90442794249703	20.8666578112505	8.3250756793999e-05	0.04809139582318	ATAC_peak	14	ptdp_order+z_median_TSS+z_median_fragments+z_median_RNA_UMI	230490	edgeR robust quasi-likelihood ordinal pTDP trend adjusted for TSS enrichment, fragment depth and RNA UMI	BH across all retained peaks separately within each donor-cell-type ATAC model	not required for the displayed DAR count summary; peak estimates and exact FDR are supplied
ODC	chr19:19032353-19032853	-0.726072510953867	2.11522098584909	19.961195791714	3.32990807209646e-05	0.0303363838552377	ATAC_peak	14	ptdp_order+z_median_TSS+z_median_fragments+z_median_RNA_UMI	230490	edgeR robust quasi-likelihood ordinal pTDP trend adjusted for TSS enrichment, fragment depth and RNA UMI	BH across all retained peaks separately within each donor-cell-type ATAC model	not required for the displayed DAR count summary; peak estimates and exact FDR are supplied
ODC	chr19:29382795-29383295	-0.775096301296627	1.81628615196905	21.0818668407979	2.13993700470938e-05	0.0251650040926257	ATAC_peak	14	ptdp_order+z_median_TSS+z_median_fragments+z_median_RNA_UMI	230490	edgeR robust quasi-likelihood ordinal pTDP trend adjusted for TSS enrichment, fragment depth and RNA UMI	BH across all retained peaks separately within each donor-cell-type ATAC model	not required for the displayed DAR count summary; peak estimates and exact FDR are supplied
ODC	chr19:40279143-40279643	-0.589648822039741	2.74259754382396	22.0285116343672	1.53613613420738e-05	0.0219565600835579	ATAC_peak	14	ptdp_order+z_median_TSS+z_median_fragments+z_median_RNA_UMI	230490	edgeR robust quasi-likelihood ordinal pTDP trend adjusted for TSS enrichment, fragment depth and RNA UMI	BH across all retained peaks separately within each donor-cell-type ATAC model	not required for the displayed DAR count summary; peak estimates and exact FDR are supplied
ODC	chr19:40294530-40295030	-0.455062413839981	3.716250189605	22.7125146495029	1.1870704546688e-05	0.0196827011000336	ATAC_peak	14	ptdp_order+z_median_TSS+z_median_fragments+z_median_RNA_UMI	230490	edgeR robust quasi-likelihood ordinal pTDP trend adjusted for TSS enrichment, fragment depth and RNA UMI	BH across all retained peaks separately within each donor-cell-type ATAC model	not required for the displayed DAR count summary; peak estimates and exact FDR are supplied
ODC	chr19:45152513-45153013	-0.678601016550524	1.56434563312956	18.3378926954203	6.4985673860674e-05	0.0420745729442324	ATAC_peak	14	ptdp_order+z_median_TSS+z_median_fragments+z_median_RNA_UMI	230490	edgeR robust quasi-likelihood ordinal pTDP trend adjusted for TSS enrichment, fragment depth and RNA UMI	BH across all retained peaks separately within each donor-cell-type ATAC model	not required for the displayed DAR count summary; peak estimates and exact FDR are supplied
ODC	chr19:47776639-47777139	-0.542686252279471	2.94226818427856	20.6980610840114	2.57477631042309e-05	0.027348243308769	ATAC_peak	14	ptdp_order+z_median_TSS+z_median_fragments+z_median_RNA_UMI	230490	edgeR robust quasi-likelihood ordinal pTDP trend adjusted for TSS enrichment, fragment depth and RNA UMI	BH across all retained peaks separately within each donor-cell-type ATAC model	not required for the displayed DAR count summary; peak estimates and exact FDR are supplied
ODC	chr19:54209425-54209925	-0.504209379768473	3.8748347992092	25.6938500062635	3.91083070559922e-06	0.0106047925803949	ATAC_peak	14	ptdp_order+z_median_TSS+z_median_fragments+z_median_RNA_UMI	230490	edgeR robust quasi-likelihood ordinal pTDP trend adjusted for TSS enrichment, fragment depth and RNA UMI	BH across all retained peaks separately within each donor-cell-type ATAC model	not required for the displayed DAR count summary; peak estimates and exact FDR are supplied
ODC	chr2:1968496-1968996	1.01803610946938	0.911230286115741	18.2365702242219	6.67260098308487e-05	0.0425434664055271	ATAC_peak	14	ptdp_order+z_median_TSS+z_median_fragments+z_median_RNA_UMI	230490	edgeR robust quasi-likelihood ordinal pTDP trend adjusted for TSS enrichment, fragment depth and RNA UMI	BH across all retained peaks separately within each donor-cell-type ATAC model	not required for the displayed DAR count summary; peak estimates and exact FDR are supplied
ODC	chr2:6650289-6650789	-0.567765998963337	3.07205688608946	19.5066099251579	4.09296306049299e-05	0.0341806904280083	ATAC_peak	14	ptdp_order+z_median_TSS+z_median_fragments+z_median_RNA_UMI	230490	edgeR robust quasi-likelihood ordinal pTDP trend adjusted for TSS enrichment, fragment depth and RNA UMI	BH across all retained peaks separately within each donor-cell-type ATAC model	not required for the displayed DAR count summary; peak estimates and exact FDR are supplied
ODC	chr2:11080162-11080662	-0.777663936356482	2.49011767613271	30.1153840432527	7.7865597890806e-07	0.00373900867871914	ATAC_peak	14	ptdp_order+z_median_TSS+z_median_fragments+z_median_RNA_UMI	230490	edgeR robust quasi-likelihood ordinal pTDP trend adjusted for TSS enrichment, fragment depth and RNA UMI	BH across all retained peaks separately within each donor-cell-type ATAC model	not required for the displayed DAR count summary; peak estimates and exact FDR are supplied
ODC	chr2:20629570-20630070	-0.530668273755514	2.57099434724686	18.7417607132183	5.55853659405093e-05	0.0388358672536964	ATAC_peak	14	ptdp_order+z_median_TSS+z_median_fragments+z_median_RNA_UMI	230490	edgeR robust quasi-likelihood ordinal pTDP trend adjusted for TSS enrichment, fragment depth and RNA UMI	BH across all retained peaks separately within each donor-cell-type ATAC model	not required for the displayed DAR count summary; peak estimates and exact FDR are supplied
ODC	chr2:32012771-32013271	-0.831520150558179	1.39627903655554	22.7674100110845	1.10770208148607e-05	0.0193577349597941	ATAC_peak	14	ptdp_order+z_median_TSS+z_median_fragments+z_median_RNA_UMI	230490	edgeR robust quasi-likelihood ordinal pTDP trend adjusted for TSS enrichment, fragment depth and RNA UMI	BH across all retained peaks separately within each donor-cell-type ATAC model	not required for the displayed DAR count summary; peak estimates and exact FDR are supplied
ODC	chr2:43636985-43637485	0.823671065446883	3.80166202575412	73.7101773600462	4.00420971257428e-12	9.22930296651246e-07	ATAC_peak	14	ptdp_order+z_median_TSS+z_median_fragments+z_median_RNA_UMI	230490	edgeR robust quasi-likelihood ordinal pTDP trend adjusted for TSS enrichment, fragment depth and RNA UMI	BH across all retained peaks separately within each donor-cell-type ATAC model	not required for the displayed DAR count summary; peak estimates and exact FDR are supplied
ODC	chr2:58023796-58024296	0.68876499526267	1.82111454234569	22.2828147405116	1.39816036660066e-05	0.0209261027855705	ATAC_peak	14	ptdp_order+z_median_TSS+z_median_fragments+z_median_RNA_UMI	230490	edgeR robust quasi-likelihood ordinal pTDP trend adjusted for TSS enrichment, fragment depth and RNA UMI	BH across all retained peaks separately within each donor-cell-type ATAC model	not required for the displayed DAR count summary; peak estimates and exact FDR are supplied
ODC	chr2:70850948-70851448	-0.479921038285993	3.50187472794701	18.0446934120941	7.41965766557787e-05	0.0453622518657571	ATAC_peak	14	ptdp_order+z_median_TSS+z_median_fragments+z_median_RNA_UMI	230490	edgeR robust quasi-likelihood ordinal pTDP trend adjusted for TSS enrichment, fragment depth and RNA UMI	BH across all retained peaks separately within each donor-cell-type ATAC model	not required for the displayed DAR count summary; peak estimates and exact FDR are supplied
ODC	chr2:71637191-71637691	1.41277326666753	-0.00522325781252365	21.2877458082109	1.92901758515734e-05	0.0240334736866441	ATAC_peak	14	ptdp_order+z_median_TSS+z_median_fragments+z_median_RNA_UMI	230490	edgeR robust quasi-likelihood ordinal pTDP trend adjusted for TSS enrichment, fragment depth and RNA UMI	BH across all retained peaks separately within each donor-cell-type ATAC model	not required for the displayed DAR count summary; peak estimates and exact FDR are supplied
ODC	chr2:73112747-73113247	0.378519417353572	4.72138302663767	20.7588821703054	2.51676191332904e-05	0.027348243308769	ATAC_peak	14	ptdp_order+z_median_TSS+z_median_fragments+z_median_RNA_UMI	230490	edgeR robust quasi-likelihood ordinal pTDP trend adjusted for TSS enrichment, fragment depth and RNA UMI	BH across all retained peaks separately within each donor-cell-type ATAC model	not required for the displayed DAR count summary; peak estimates and exact FDR are supplied
ODC	chr2:80292993-80293493	-0.496428823059725	2.95440157071957	18.5240552528178	6.10524445708957e-05	0.0410246464594535	ATAC_peak	14	ptdp_order+z_median_TSS+z_median_fragments+z_median_RNA_UMI	230490	edgeR robust quasi-likelihood ordinal pTDP trend adjusted for TSS enrichment, fragment depth and RNA UMI	BH across all retained peaks separately within each donor-cell-type ATAC model	not required for the displayed DAR count summary; peak estimates and exact FDR are supplied
ODC	chr2:105773395-105773895	1.64948854057694	-0.329356441406217	18.4554376597874	5.69235379206021e-05	0.039282354057843	ATAC_peak	14	ptdp_order+z_median_TSS+z_median_fragments+z_median_RNA_UMI	230490	edgeR robust quasi-likelihood ordinal pTDP trend adjusted for TSS enrichment, fragment depth and RNA UMI	BH across all retained peaks separately within each donor-cell-type ATAC model	not required for the displayed DAR count summary; peak estimates and exact FDR are supplied
ODC	chr2:111094557-111095057	-0.683887259414626	1.64470553724401	20.9090464001848	2.31634376372603e-05	0.0261712781422163	ATAC_peak	14	ptdp_order+z_median_TSS+z_median_fragments+z_median_RNA_UMI	230490	edgeR robust quasi-likelihood ordinal pTDP trend adjusted for TSS enrichment, fragment depth and RNA UMI	BH across all retained peaks separately within each donor-cell-type ATAC model	not required for the displayed DAR count summary; peak estimates and exact FDR are supplied
ODC	chr2:166375860-166376360	0.653162686234941	2.81548294319924	23.9020278915489	1.14481776979871e-05	0.0194040655822272	ATAC_peak	14	ptdp_order+z_median_TSS+z_median_fragments+z_median_RNA_UMI	230490	edgeR robust quasi-likelihood ordinal pTDP trend adjusted for TSS enrichment, fragment depth and RNA UMI	BH across all retained peaks separately within each donor-cell-type ATAC model	not required for the displayed DAR count summary; peak estimates and exact FDR are supplied
ODC	chr2:167729875-167730375	0.602890400937163	2.15505636571866	19.5820895043705	3.99877163392727e-05	0.034133302698924	ATAC_peak	14	ptdp_order+z_median_TSS+z_median_fragments+z_median_RNA_UMI	230490	edgeR robust quasi-likelihood ordinal pTDP trend adjusted for TSS enrichment, fragment depth and RNA UMI	BH across all retained peaks separately within each donor-cell-type ATAC model	not required for the displayed DAR count summary; peak estimates and exact FDR are supplied
ODC	chr2:174692132-174692632	-0.625397946162109	4.64277271871955	33.2624934992368	1.54477748833339e-06	0.00584956351420979	ATAC_peak	14	ptdp_order+z_median_TSS+z_median_fragments+z_median_RNA_UMI	230490	edgeR robust quasi-likelihood ordinal pTDP trend adjusted for TSS enrichment, fragment depth and RNA UMI	BH across all retained peaks separately within each donor-cell-type ATAC model	not required for the displayed DAR count summary; peak estimates and exact FDR are supplied
ODC	chr2:191165983-191166483	-0.564105130099193	2.59412827497357	20.1539071843997	3.17513220160275e-05	0.0300027931399772	ATAC_peak	14	ptdp_order+z_median_TSS+z_median_fragments+z_median_RNA_UMI	230490	edgeR robust quasi-likelihood ordinal pTDP trend adjusted for TSS enrichment, fragment depth and RNA UMI	BH across all retained peaks separately within each donor-cell-type ATAC model	not required for the displayed DAR count summary; peak estimates and exact FDR are supplied
ODC	chr2:201872672-201873172	0.771539412746708	1.98275465533255	22.2132250467156	1.43590957377033e-05	0.0212155639524566	ATAC_peak	14	ptdp_order+z_median_TSS+z_median_fragments+z_median_RNA_UMI	230490	edgeR robust quasi-likelihood ordinal pTDP trend adjusted for TSS enrichment, fragment depth and RNA UMI	BH across all retained peaks separately within each donor-cell-type ATAC model	not required for the displayed DAR count summary; peak estimates and exact FDR are supplied
ODC	chr2:236503544-236504044	-1.09205403519643	0.549470529596554	22.5602807079551	1.1696181890698e-05	0.0195351664057028	ATAC_peak	14	ptdp_order+z_median_TSS+z_median_fragments+z_median_RNA_UMI	230490	edgeR robust quasi-likelihood ordinal pTDP trend adjusted for TSS enrichment, fragment depth and RNA UMI	BH across all retained peaks separately within each donor-cell-type ATAC model	not required for the displayed DAR count summary; peak estimates and exact FDR are supplied
ODC	chr2:240233152-240233652	0.423735502037363	3.62975690818588	18.9423343644271	5.16188484319624e-05	0.0377702488097874	ATAC_peak	14	ptdp_order+z_median_TSS+z_median_fragments+z_median_RNA_UMI	230490	edgeR robust quasi-likelihood ordinal pTDP trend adjusted for TSS enrichment, fragment depth and RNA UMI	BH across all retained peaks separately within each donor-cell-type ATAC model	not required for the displayed DAR count summary; peak estimates and exact FDR are supplied
ODC	chr2:241854798-241855298	1.9416621948192	-0.250731238275878	26.5027942764555	2.7840970064477e-06	0.00851470487675155	ATAC_peak	14	ptdp_order+z_median_TSS+z_median_fragments+z_median_RNA_UMI	230490	edgeR robust quasi-likelihood ordinal pTDP trend adjusted for TSS enrichment, fragment depth and RNA UMI	BH across all retained peaks separately within each donor-cell-type ATAC model	not required for the displayed DAR count summary; peak estimates and exact FDR are supplied
ODC	chr20:8116181-8116681	-0.96454830494807	1.20251536625946	19.3339376870862	4.19608365574567e-05	0.0346650652979505	ATAC_peak	14	ptdp_order+z_median_TSS+z_median_fragments+z_median_RNA_UMI	230490	edgeR robust quasi-likelihood ordinal pTDP trend adjusted for TSS enrichment, fragment depth and RNA UMI	BH across all retained peaks separately within each donor-cell-type ATAC model	not required for the displayed DAR count summary; peak estimates and exact FDR are supplied
ODC	chr20:18182418-18182918	-0.726721966592166	1.46265516345493	20.710002109679	2.4992447229485e-05	0.027348243308769	ATAC_peak	14	ptdp_order+z_median_TSS+z_median_fragments+z_median_RNA_UMI	230490	edgeR robust quasi-likelihood ordinal pTDP trend adjusted for TSS enrichment, fragment depth and RNA UMI	BH across all retained peaks separately within each donor-cell-type ATAC model	not required for the displayed DAR count summary; peak estimates and exact FDR are supplied
ODC	chr20:19942843-19943343	0.456331595568191	3.01662301488855	18.3859282918623	6.4578919827064e-05	0.0419798318399773	ATAC_peak	14	ptdp_order+z_median_TSS+z_median_fragments+z_median_RNA_UMI	230490	edgeR robust quasi-likelihood ordinal pTDP trend adjusted for TSS enrichment, fragment depth and RNA UMI	BH across all retained peaks separately within each donor-cell-type ATAC model	not required for the displayed DAR count summary; peak estimates and exact FDR are supplied
ODC	chr20:32780653-32781153	-0.582261467565652	3.77566729942543	40.3188835705692	2.89284100160826e-08	0.000666770922460689	ATAC_peak	14	ptdp_order+z_median_TSS+z_median_fragments+z_median_RNA_UMI	230490	edgeR robust quasi-likelihood ordinal pTDP trend adjusted for TSS enrichment, fragment depth and RNA UMI	BH across all retained peaks separately within each donor-cell-type ATAC model	not required for the displayed DAR count summary; peak estimates and exact FDR are supplied
ODC	chr20:34534746-34535246	0.799196399014146	0.845660917280599	18.0575548353209	7.08942922928628e-05	0.043700723604403	ATAC_peak	14	ptdp_order+z_median_TSS+z_median_fragments+z_median_RNA_UMI	230490	edgeR robust quasi-likelihood ordinal pTDP trend adjusted for TSS enrichment, fragment depth and RNA UMI	BH across all retained peaks separately within each donor-cell-type ATAC model	not required for the displayed DAR count summary; peak estimates and exact FDR are supplied
ODC	chr20:34560099-34560599	-0.337039963858583	4.49498255291673	21.2323907185704	2.09356956432635e-05	0.025132648379249	ATAC_peak	14	ptdp_order+z_median_TSS+z_median_fragments+z_median_RNA_UMI	230490	edgeR robust quasi-likelihood ordinal pTDP trend adjusted for TSS enrichment, fragment depth and RNA UMI	BH across all retained peaks separately within each donor-cell-type ATAC model	not required for the displayed DAR count summary; peak estimates and exact FDR are supplied
ODC	chr20:35497670-35498170	-0.706263045400002	2.97498788992309	33.5630390479644	2.50185891476581e-07	0.00230661384505749	ATAC_peak	14	ptdp_order+z_median_TSS+z_median_fragments+z_median_RNA_UMI	230490	edgeR robust quasi-likelihood ordinal pTDP trend adjusted for TSS enrichment, fragment depth and RNA UMI	BH across all retained peaks separately within each donor-cell-type ATAC model	not required for the displayed DAR count summary; peak estimates and exact FDR are supplied
ODC	chr20:44026892-44027392	3.39901955040371	-1.05049285373696	18.8249913156552	6.12206413385685e-05	0.0410246464594535	ATAC_peak	14	ptdp_order+z_median_TSS+z_median_fragments+z_median_RNA_UMI	230490	edgeR robust quasi-likelihood ordinal pTDP trend adjusted for TSS enrichment, fragment depth and RNA UMI	BH across all retained peaks separately within each donor-cell-type ATAC model	not required for the displayed DAR count summary; peak estimates and exact FDR are supplied
ODC	chr20:44629491-44629991	0.467396896777957	3.03504172212276	21.1174146310786	2.1904016188601e-05	0.0253978023943966	ATAC_peak	14	ptdp_order+z_median_TSS+z_median_fragments+z_median_RNA_UMI	230490	edgeR robust quasi-likelihood ordinal pTDP trend adjusted for TSS enrichment, fragment depth and RNA UMI	BH across all retained peaks separately within each donor-cell-type ATAC model	not required for the displayed DAR count summary; peak estimates and exact FDR are supplied
ODC	chr20:47177479-47177979	-0.980224451447786	0.836593007084816	17.8561198905741	7.65481995812877e-05	0.0460668264268694	ATAC_peak	14	ptdp_order+z_median_TSS+z_median_fragments+z_median_RNA_UMI	230490	edgeR robust quasi-likelihood ordinal pTDP trend adjusted for TSS enrichment, fragment depth and RNA UMI	BH across all retained peaks separately within each donor-cell-type ATAC model	not required for the displayed DAR count summary; peak estimates and exact FDR are supplied
ODC	chr20:50790547-50791047	-0.697868293095501	4.16280606719864	38.7203322421637	1.59143894222532e-07	0.00190929735712055	ATAC_peak	14	ptdp_order+z_median_TSS+z_median_fragments+z_median_RNA_UMI	230490	edgeR robust quasi-likelihood ordinal pTDP trend adjusted for TSS enrichment, fragment depth and RNA UMI	BH across all retained peaks separately within each donor-cell-type ATAC model	not required for the displayed DAR count summary; peak estimates and exact FDR are supplied
ODC	chr20:50929291-50929791	-0.438371118680925	3.77572630278377	25.2360937728138	4.62360460167867e-06	0.0112178381541149	ATAC_peak	14	ptdp_order+z_median_TSS+z_median_fragments+z_median_RNA_UMI	230490	edgeR robust quasi-likelihood ordinal pTDP trend adjusted for TSS enrichment, fragment depth and RNA UMI	BH across all retained peaks separately within each donor-cell-type ATAC model	not required for the displayed DAR count summary; peak estimates and exact FDR are supplied
ODC	chr20:58293321-58293821	-0.788583461361073	1.70780217842253	27.2068518694131	2.19840633586961e-06	0.00754025740955109	ATAC_peak	14	ptdp_order+z_median_TSS+z_median_fragments+z_median_RNA_UMI	230490	edgeR robust quasi-likelihood ordinal pTDP trend adjusted for TSS enrichment, fragment depth and RNA UMI	BH across all retained peaks separately within each donor-cell-type ATAC model	not required for the displayed DAR count summary; peak estimates and exact FDR are supplied
ODC	chr20:64099042-64099542	-0.746464148929371	2.18376037985746	23.0909873628846	9.88562970734152e-06	0.0179412503247649	ATAC_peak	14	ptdp_order+z_median_TSS+z_median_fragments+z_median_RNA_UMI	230490	edgeR robust quasi-likelihood ordinal pTDP trend adjusted for TSS enrichment, fragment depth and RNA UMI	BH across all retained peaks separately within each donor-cell-type ATAC model	not required for the displayed DAR count summary; peak estimates and exact FDR are supplied
ODC	chr21:24117111-24117611	0.760335745788012	1.27650993558784	18.8305475632194	5.30899182557155e-05	0.038298706698998	ATAC_peak	14	ptdp_order+z_median_TSS+z_median_fragments+z_median_RNA_UMI	230490	edgeR robust quasi-likelihood ordinal pTDP trend adjusted for TSS enrichment, fragment depth and RNA UMI	BH across all retained peaks separately within each donor-cell-type ATAC model	not required for the displayed DAR count summary; peak estimates and exact FDR are supplied
ODC	chr21:26448687-26449187	0.773141646100991	1.91880551104727	19.6716424365627	5.03654601676179e-05	0.0371573713112683	ATAC_peak	14	ptdp_order+z_median_TSS+z_median_fragments+z_median_RNA_UMI	230490	edgeR robust quasi-likelihood ordinal pTDP trend adjusted for TSS enrichment, fragment depth and RNA UMI	BH across all retained peaks separately within each donor-cell-type ATAC model	not required for the displayed DAR count summary; peak estimates and exact FDR are supplied
ODC	chr21:26965328-26965828	1.11675189455262	1.09231611392188	24.3163818153663	6.24965495230935e-06	0.0138507977880556	ATAC_peak	14	ptdp_order+z_median_TSS+z_median_fragments+z_median_RNA_UMI	230490	edgeR robust quasi-likelihood ordinal pTDP trend adjusted for TSS enrichment, fragment depth and RNA UMI	BH across all retained peaks separately within each donor-cell-type ATAC model	not required for the displayed DAR count summary; peak estimates and exact FDR are supplied
ODC	chr21:34128802-34129302	0.71871619148072	1.54008024758739	18.2611425888506	6.72093091202082e-05	0.0425434664055271	ATAC_peak	14	ptdp_order+z_median_TSS+z_median_fragments+z_median_RNA_UMI	230490	edgeR robust quasi-likelihood ordinal pTDP trend adjusted for TSS enrichment, fragment depth and RNA UMI	BH across all retained peaks separately within each donor-cell-type ATAC model	not required for the displayed DAR count summary; peak estimates and exact FDR are supplied
ODC	chr21:34201885-34202385	0.551794471406555	3.70421222839915	28.9217827308407	1.22965966555293e-06	0.00515316829660537	ATAC_peak	14	ptdp_order+z_median_TSS+z_median_fragments+z_median_RNA_UMI	230490	edgeR robust quasi-likelihood ordinal pTDP trend adjusted for TSS enrichment, fragment depth and RNA UMI	BH across all retained peaks separately within each donor-cell-type ATAC model	not required for the displayed DAR count summary; peak estimates and exact FDR are supplied
ODC	chr21:34343951-34344451	0.504314156655783	3.41619578350812	23.6325403738309	8.3847331334211e-06	0.0161049761660186	ATAC_peak	14	ptdp_order+z_median_TSS+z_median_fragments+z_median_RNA_UMI	230490	edgeR robust quasi-likelihood ordinal pTDP trend adjusted for TSS enrichment, fragment depth and RNA UMI	BH across all retained peaks separately within each donor-cell-type ATAC model	not required for the displayed DAR count summary; peak estimates and exact FDR are supplied
ODC	chr21:45281284-45281784	-0.613716995315026	3.53114590954114	25.5981264458758	4.05027626738053e-06	0.0107304388145809	ATAC_peak	14	ptdp_order+z_median_TSS+z_median_fragments+z_median_RNA_UMI	230490	edgeR robust quasi-likelihood ordinal pTDP trend adjusted for TSS enrichment, fragment depth and RNA UMI	BH across all retained peaks separately within each donor-cell-type ATAC model	not required for the displayed DAR count summary; peak estimates and exact FDR are supplied
ODC	chr21:45981281-45981781	0.61078146408142	2.78364369371106	23.8619798713966	7.69884657753495e-06	0.015640709523355	ATAC_peak	14	ptdp_order+z_median_TSS+z_median_fragments+z_median_RNA_UMI	230490	edgeR robust quasi-likelihood ordinal pTDP trend adjusted for TSS enrichment, fragment depth and RNA UMI	BH across all retained peaks separately within each donor-cell-type ATAC model	not required for the displayed DAR count summary; peak estimates and exact FDR are supplied
ODC	chr22:20026368-20026868	-0.555972159249722	2.94903998069035	22.5227995534327	1.27655465851752e-05	0.0202743693484647	ATAC_peak	14	ptdp_order+z_median_TSS+z_median_fragments+z_median_RNA_UMI	230490	edgeR robust quasi-likelihood ordinal pTDP trend adjusted for TSS enrichment, fragment depth and RNA UMI	BH across all retained peaks separately within each donor-cell-type ATAC model	not required for the displayed DAR count summary; peak estimates and exact FDR are supplied
ODC	chr22:22110847-22111347	-0.793313613066129	2.52219815501608	39.2350720799822	3.98526324585961e-08	0.000835057568671075	ATAC_peak	14	ptdp_order+z_median_TSS+z_median_fragments+z_median_RNA_UMI	230490	edgeR robust quasi-likelihood ordinal pTDP trend adjusted for TSS enrichment, fragment depth and RNA UMI	BH across all retained peaks separately within each donor-cell-type ATAC model	not required for the displayed DAR count summary; peak estimates and exact FDR are supplied
ODC	chr22:23098627-23099127	0.351890604683053	4.07067715377965	17.8009020897326	8.18421497573391e-05	0.0478962584000473	ATAC_peak	14	ptdp_order+z_median_TSS+z_median_fragments+z_median_RNA_UMI	230490	edgeR robust quasi-likelihood ordinal pTDP trend adjusted for TSS enrichment, fragment depth and RNA UMI	BH across all retained peaks separately within each donor-cell-type ATAC model	not required for the displayed DAR count summary; peak estimates and exact FDR are supplied
ODC	chr22:28822901-28823401	-1.20776012785368	0.0931214521035716	19.5662198273707	3.87442453960972e-05	0.0335720342907761	ATAC_peak	14	ptdp_order+z_median_TSS+z_median_fragments+z_median_RNA_UMI	230490	edgeR robust quasi-likelihood ordinal pTDP trend adjusted for TSS enrichment, fragment depth and RNA UMI	BH across all retained peaks separately within each donor-cell-type ATAC model	not required for the displayed DAR count summary; peak estimates and exact FDR are supplied
ODC	chr22:29225022-29225522	1.04435236093588	0.464824818444406	18.6401221321931	5.50846592265215e-05	0.038827104297006	ATAC_peak	14	ptdp_order+z_median_TSS+z_median_fragments+z_median_RNA_UMI	230490	edgeR robust quasi-likelihood ordinal pTDP trend adjusted for TSS enrichment, fragment depth and RNA UMI	BH across all retained peaks separately within each donor-cell-type ATAC model	not required for the displayed DAR count summary; peak estimates and exact FDR are supplied
ODC	chr22:29716674-29717174	-0.461450958672801	3.4058222483002	19.6363640488024	3.91822602115027e-05	0.0338092200360669	ATAC_peak	14	ptdp_order+z_median_TSS+z_median_fragments+z_median_RNA_UMI	230490	edgeR robust quasi-likelihood ordinal pTDP trend adjusted for TSS enrichment, fragment depth and RNA UMI	BH across all retained peaks separately within each donor-cell-type ATAC model	not required for the displayed DAR count summary; peak estimates and exact FDR are supplied
ODC	chr22:32378726-32379226	-0.774592512420063	3.04310356387572	33.6506111204599	2.40901340165444e-07	0.00230661384505749	ATAC_peak	14	ptdp_order+z_median_TSS+z_median_fragments+z_median_RNA_UMI	230490	edgeR robust quasi-likelihood ordinal pTDP trend adjusted for TSS enrichment, fragment depth and RNA UMI	BH across all retained peaks separately within each donor-cell-type ATAC model	not required for the displayed DAR count summary; peak estimates and exact FDR are supplied
ODC	chr22:32672419-32672919	-0.680493091164574	2.49217112172331	20.8120423673087	2.44248401403557e-05	0.0270657759805316	ATAC_peak	14	ptdp_order+z_median_TSS+z_median_fragments+z_median_RNA_UMI	230490	edgeR robust quasi-likelihood ordinal pTDP trend adjusted for TSS enrichment, fragment depth and RNA UMI	BH across all retained peaks separately within each donor-cell-type ATAC model	not required for the displayed DAR count summary; peak estimates and exact FDR are supplied
ODC	chr22:35535885-35536385	-0.373974278731975	4.88232942668158	19.1987213818895	4.65888767924728e-05	0.0358240550671225	ATAC_peak	14	ptdp_order+z_median_TSS+z_median_fragments+z_median_RNA_UMI	230490	edgeR robust quasi-likelihood ordinal pTDP trend adjusted for TSS enrichment, fragment depth and RNA UMI	BH across all retained peaks separately within each donor-cell-type ATAC model	not required for the displayed DAR count summary; peak estimates and exact FDR are supplied
ODC	chr22:37675305-37675805	0.485956421466649	3.3332746947932	22.9467405021907	1.08580722475632e-05	0.0192513620949295	ATAC_peak	14	ptdp_order+z_median_TSS+z_median_fragments+z_median_RNA_UMI	230490	edgeR robust quasi-likelihood ordinal pTDP trend adjusted for TSS enrichment, fragment depth and RNA UMI	BH across all retained peaks separately within each donor-cell-type ATAC model	not required for the displayed DAR count summary; peak estimates and exact FDR are supplied
ODC	chr22:40175537-40176037	-0.822430614874219	1.54869918442384	25.0692662732835	4.53404265922512e-06	0.0111175690694127	ATAC_peak	14	ptdp_order+z_median_TSS+z_median_fragments+z_median_RNA_UMI	230490	edgeR robust quasi-likelihood ordinal pTDP trend adjusted for TSS enrichment, fragment depth and RNA UMI	BH across all retained peaks separately within each donor-cell-type ATAC model	not required for the displayed DAR count summary; peak estimates and exact FDR are supplied
ODC	chr22:40422429-40422929	-0.798736358277562	2.55429985095012	36.0390963419092	1.07166797793199e-07	0.00145299266019732	ATAC_peak	14	ptdp_order+z_median_TSS+z_median_fragments+z_median_RNA_UMI	230490	edgeR robust quasi-likelihood ordinal pTDP trend adjusted for TSS enrichment, fragment depth and RNA UMI	BH across all retained peaks separately within each donor-cell-type ATAC model	not required for the displayed DAR count summary; peak estimates and exact FDR are supplied
ODC	chr22:40425081-40425581	-0.741193186131678	1.15735266111958	21.0966739229236	2.10738010594691e-05	0.0251650040926257	ATAC_peak	14	ptdp_order+z_median_TSS+z_median_fragments+z_median_RNA_UMI	230490	edgeR robust quasi-likelihood ordinal pTDP trend adjusted for TSS enrichment, fragment depth and RNA UMI	BH across all retained peaks separately within each donor-cell-type ATAC model	not required for the displayed DAR count summary; peak estimates and exact FDR are supplied
ODC	chr22:41264305-41264805	-0.347938366731785	5.15375933052177	21.741654676112	1.71954921186275e-05	0.0223440283914926	ATAC_peak	14	ptdp_order+z_median_TSS+z_median_fragments+z_median_RNA_UMI	230490	edgeR robust quasi-likelihood ordinal pTDP trend adjusted for TSS enrichment, fragment depth and RNA UMI	BH across all retained peaks separately within each donor-cell-type ATAC model	not required for the displayed DAR count summary; peak estimates and exact FDR are supplied
ODC	chr22:44729605-44730105	-0.742214448296134	3.74600728639591	44.2090389370084	8.82229293205257e-09	0.0003389083829848	ATAC_peak	14	ptdp_order+z_median_TSS+z_median_fragments+z_median_RNA_UMI	230490	edgeR robust quasi-likelihood ordinal pTDP trend adjusted for TSS enrichment, fragment depth and RNA UMI	BH across all retained peaks separately within each donor-cell-type ATAC model	not required for the displayed DAR count summary; peak estimates and exact FDR are supplied
ODC	chr22:45997392-45997892	-0.476935489411348	3.57167177933324	19.0057963726742	5.03599268531472e-05	0.0371573713112683	ATAC_peak	14	ptdp_order+z_median_TSS+z_median_fragments+z_median_RNA_UMI	230490	edgeR robust quasi-likelihood ordinal pTDP trend adjusted for TSS enrichment, fragment depth and RNA UMI	BH across all retained peaks separately within each donor-cell-type ATAC model	not required for the displayed DAR count summary; peak estimates and exact FDR are supplied
ODC	chr22:46245452-46245952	-0.430476271159535	3.50640682451512	19.2446625544293	4.57467415778455e-05	0.0358240550671225	ATAC_peak	14	ptdp_order+z_median_TSS+z_median_fragments+z_median_RNA_UMI	230490	edgeR robust quasi-likelihood ordinal pTDP trend adjusted for TSS enrichment, fragment depth and RNA UMI	BH across all retained peaks separately within each donor-cell-type ATAC model	not required for the displayed DAR count summary; peak estimates and exact FDR are supplied
ODC	chr22:46576537-46577037	-0.470444889997058	3.63172104324686	19.7159857734695	3.7950035836835e-05	0.0331329687880004	ATAC_peak	14	ptdp_order+z_median_TSS+z_median_fragments+z_median_RNA_UMI	230490	edgeR robust quasi-likelihood ordinal pTDP trend adjusted for TSS enrichment, fragment depth and RNA UMI	BH across all retained peaks separately within each donor-cell-type ATAC model	not required for the displayed DAR count summary; peak estimates and exact FDR are supplied
ODC	chr22:46768504-46769004	-0.558978667870229	2.39357696182947	18.117113785616	7.10997065020224e-05	0.043700723604403	ATAC_peak	14	ptdp_order+z_median_TSS+z_median_fragments+z_median_RNA_UMI	230490	edgeR robust quasi-likelihood ordinal pTDP trend adjusted for TSS enrichment, fragment depth and RNA UMI	BH across all retained peaks separately within each donor-cell-type ATAC model	not required for the displayed DAR count summary; peak estimates and exact FDR are supplied
ODC	chr22:48632571-48633071	-0.518123697646781	3.79418792159041	31.9543220955377	4.32805642996469e-07	0.00269153266406233	ATAC_peak	14	ptdp_order+z_median_TSS+z_median_fragments+z_median_RNA_UMI	230490	edgeR robust quasi-likelihood ordinal pTDP trend adjusted for TSS enrichment, fragment depth and RNA UMI	BH across all retained peaks separately within each donor-cell-type ATAC model	not required for the displayed DAR count summary; peak estimates and exact FDR are supplied
ODC	chr22:48633101-48633601	-0.702086755900631	2.42966199857874	30.9410606488717	5.99629869101485e-07	0.00314110655748185	ATAC_peak	14	ptdp_order+z_median_TSS+z_median_fragments+z_median_RNA_UMI	230490	edgeR robust quasi-likelihood ordinal pTDP trend adjusted for TSS enrichment, fragment depth and RNA UMI	BH across all retained peaks separately within each donor-cell-type ATAC model	not required for the displayed DAR count summary; peak estimates and exact FDR are supplied
ODC	chr22:48634963-48635463	-0.548147225726754	3.3309892120982	25.9804821473099	3.52625945472646e-06	0.0101595942714988	ATAC_peak	14	ptdp_order+z_median_TSS+z_median_fragments+z_median_RNA_UMI	230490	edgeR robust quasi-likelihood ordinal pTDP trend adjusted for TSS enrichment, fragment depth and RNA UMI	BH across all retained peaks separately within each donor-cell-type ATAC model	not required for the displayed DAR count summary; peak estimates and exact FDR are supplied
ODC	chr22:48635867-48636367	-0.704516593532448	1.25758538124053	18.3517334616694	6.23893306966037e-05	0.0410246464594535	ATAC_peak	14	ptdp_order+z_median_TSS+z_median_fragments+z_median_RNA_UMI	230490	edgeR robust quasi-likelihood ordinal pTDP trend adjusted for TSS enrichment, fragment depth and RNA UMI	BH across all retained peaks separately within each donor-cell-type ATAC model	not required for the displayed DAR count summary; peak estimates and exact FDR are supplied
ODC	chr22:48640166-48640666	-0.725613644299919	2.00761316116108	19.5059721810649	5.36504591341521e-05	0.0384033985274246	ATAC_peak	14	ptdp_order+z_median_TSS+z_median_fragments+z_median_RNA_UMI	230490	edgeR robust quasi-likelihood ordinal pTDP trend adjusted for TSS enrichment, fragment depth and RNA UMI	BH across all retained peaks separately within each donor-cell-type ATAC model	not required for the displayed DAR count summary; peak estimates and exact FDR are supplied
ODC	chr22:50471155-50471655	-0.362759291551392	4.52592525441228	22.7911410188489	1.15143789174425e-05	0.0194040655822272	ATAC_peak	14	ptdp_order+z_median_TSS+z_median_fragments+z_median_RNA_UMI	230490	edgeR robust quasi-likelihood ordinal pTDP trend adjusted for TSS enrichment, fragment depth and RNA UMI	BH across all retained peaks separately within each donor-cell-type ATAC model	not required for the displayed DAR count summary; peak estimates and exact FDR are supplied
ODC	chr22:50473568-50474068	-0.715874866003776	2.10676055668634	27.0588501869731	2.2712431771581e-06	0.00754025740955109	ATAC_peak	14	ptdp_order+z_median_TSS+z_median_fragments+z_median_RNA_UMI	230490	edgeR robust quasi-likelihood ordinal pTDP trend adjusted for TSS enrichment, fragment depth and RNA UMI	BH across all retained peaks separately within each donor-cell-type ATAC model	not required for the displayed DAR count summary; peak estimates and exact FDR are supplied
ODC	chr3:1249576-1250076	1.15169095361545	0.624451145911737	20.5592394979587	2.56741343621953e-05	0.027348243308769	ATAC_peak	14	ptdp_order+z_median_TSS+z_median_fragments+z_median_RNA_UMI	230490	edgeR robust quasi-likelihood ordinal pTDP trend adjusted for TSS enrichment, fragment depth and RNA UMI	BH across all retained peaks separately within each donor-cell-type ATAC model	not required for the displayed DAR count summary; peak estimates and exact FDR are supplied
ODC	chr3:4978607-4979107	0.698577580860288	1.47092456343942	18.6997080472457	5.6469257263948e-05	0.0390858832035056	ATAC_peak	14	ptdp_order+z_median_TSS+z_median_fragments+z_median_RNA_UMI	230490	edgeR robust quasi-likelihood ordinal pTDP trend adjusted for TSS enrichment, fragment depth and RNA UMI	BH across all retained peaks separately within each donor-cell-type ATAC model	not required for the displayed DAR count summary; peak estimates and exact FDR are supplied
ODC	chr3:11514346-11514846	1.08943299293081	0.589316827433883	20.3103148400615	2.85159394978354e-05	0.0283322217924505	ATAC_peak	14	ptdp_order+z_median_TSS+z_median_fragments+z_median_RNA_UMI	230490	edgeR robust quasi-likelihood ordinal pTDP trend adjusted for TSS enrichment, fragment depth and RNA UMI	BH across all retained peaks separately within each donor-cell-type ATAC model	not required for the displayed DAR count summary; peak estimates and exact FDR are supplied
ODC	chr3:29454288-29454788	-0.604720979483166	2.37170652405282	19.8508709206317	3.55020842959465e-05	0.0317165713541578	ATAC_peak	14	ptdp_order+z_median_TSS+z_median_fragments+z_median_RNA_UMI	230490	edgeR robust quasi-likelihood ordinal pTDP trend adjusted for TSS enrichment, fragment depth and RNA UMI	BH across all retained peaks separately within each donor-cell-type ATAC model	not required for the displayed DAR count summary; peak estimates and exact FDR are supplied
ODC	chr3:39809181-39809681	0.394141191781119	4.23082504096121	17.8336946140095	8.07564018289209e-05	0.0476257056215991	ATAC_peak	14	ptdp_order+z_median_TSS+z_median_fragments+z_median_RNA_UMI	230490	edgeR robust quasi-likelihood ordinal pTDP trend adjusted for TSS enrichment, fragment depth and RNA UMI	BH across all retained peaks separately within each donor-cell-type ATAC model	not required for the displayed DAR count summary; peak estimates and exact FDR are supplied
ODC	chr3:48662737-48663237	-0.364594689260389	4.05870338974939	19.22497419605	4.61026774224032e-05	0.0358240550671225	ATAC_peak	14	ptdp_order+z_median_TSS+z_median_fragments+z_median_RNA_UMI	230490	edgeR robust quasi-likelihood ordinal pTDP trend adjusted for TSS enrichment, fragment depth and RNA UMI	BH across all retained peaks separately within each donor-cell-type ATAC model	not required for the displayed DAR count summary; peak estimates and exact FDR are supplied
ODC	chr3:48663338-48663838	-0.362733845249483	4.8120069922142	20.1774536437406	3.16080614014878e-05	0.0300027931399772	ATAC_peak	14	ptdp_order+z_median_TSS+z_median_fragments+z_median_RNA_UMI	230490	edgeR robust quasi-likelihood ordinal pTDP trend adjusted for TSS enrichment, fragment depth and RNA UMI	BH across all retained peaks separately within each donor-cell-type ATAC model	not required for the displayed DAR count summary; peak estimates and exact FDR are supplied
ODC	chr3:50299950-50300450	-0.391065338096388	4.18468673345773	23.7603025210871	7.99118494059922e-06	0.0157980158236705	ATAC_peak	14	ptdp_order+z_median_TSS+z_median_fragments+z_median_RNA_UMI	230490	edgeR robust quasi-likelihood ordinal pTDP trend adjusted for TSS enrichment, fragment depth and RNA UMI	BH across all retained peaks separately within each donor-cell-type ATAC model	not required for the displayed DAR count summary; peak estimates and exact FDR are supplied
ODC	chr3:52365883-52366383	-0.540707519045571	2.36301195067895	20.1137993098678	3.22259860436976e-05	0.0300489085795529	ATAC_peak	14	ptdp_order+z_median_TSS+z_median_fragments+z_median_RNA_UMI	230490	edgeR robust quasi-likelihood ordinal pTDP trend adjusted for TSS enrichment, fragment depth and RNA UMI	BH across all retained peaks separately within each donor-cell-type ATAC model	not required for the displayed DAR count summary; peak estimates and exact FDR are supplied
ODC	chr3:52366506-52367006	-0.536569992999929	4.59964104334864	42.686854729866	1.39938367474752e-08	0.000460777061703652	ATAC_peak	14	ptdp_order+z_median_TSS+z_median_fragments+z_median_RNA_UMI	230490	edgeR robust quasi-likelihood ordinal pTDP trend adjusted for TSS enrichment, fragment depth and RNA UMI	BH across all retained peaks separately within each donor-cell-type ATAC model	not required for the displayed DAR count summary; peak estimates and exact FDR are supplied
ODC	chr3:52682012-52682512	-0.788905838491214	1.65370488191257	25.6700855426041	3.72161804415344e-06	0.0102175248531143	ATAC_peak	14	ptdp_order+z_median_TSS+z_median_fragments+z_median_RNA_UMI	230490	edgeR robust quasi-likelihood ordinal pTDP trend adjusted for TSS enrichment, fragment depth and RNA UMI	BH across all retained peaks separately within each donor-cell-type ATAC model	not required for the displayed DAR count summary; peak estimates and exact FDR are supplied
ODC	chr3:53885173-53885673	-0.623604133790661	2.47736357345381	18.2397478378985	6.72545038172842e-05	0.0425434664055271	ATAC_peak	14	ptdp_order+z_median_TSS+z_median_fragments+z_median_RNA_UMI	230490	edgeR robust quasi-likelihood ordinal pTDP trend adjusted for TSS enrichment, fragment depth and RNA UMI	BH across all retained peaks separately within each donor-cell-type ATAC model	not required for the displayed DAR count summary; peak estimates and exact FDR are supplied
ODC	chr3:64463933-64464433	-0.390094428347848	3.9107179278799	19.5085027459361	4.118907921889e-05	0.0342233200637321	ATAC_peak	14	ptdp_order+z_median_TSS+z_median_fragments+z_median_RNA_UMI	230490	edgeR robust quasi-likelihood ordinal pTDP trend adjusted for TSS enrichment, fragment depth and RNA UMI	BH across all retained peaks separately within each donor-cell-type ATAC model	not required for the displayed DAR count summary; peak estimates and exact FDR are supplied
ODC	chr3:117285680-117286180	0.673558679987252	1.77909724120174	19.0052110472166	5.02054188047816e-05	0.0371573713112683	ATAC_peak	14	ptdp_order+z_median_TSS+z_median_fragments+z_median_RNA_UMI	230490	edgeR robust quasi-likelihood ordinal pTDP trend adjusted for TSS enrichment, fragment depth and RNA UMI	BH across all retained peaks separately within each donor-cell-type ATAC model	not required for the displayed DAR count summary; peak estimates and exact FDR are supplied
ODC	chr3:117302378-117302878	0.692112644152899	2.10491798444197	20.7532868303028	2.52554825166246e-05	0.027348243308769	ATAC_peak	14	ptdp_order+z_median_TSS+z_median_fragments+z_median_RNA_UMI	230490	edgeR robust quasi-likelihood ordinal pTDP trend adjusted for TSS enrichment, fragment depth and RNA UMI	BH across all retained peaks separately within each donor-cell-type ATAC model	not required for the displayed DAR count summary; peak estimates and exact FDR are supplied
ODC	chr3:117305620-117306120	1.15046028837567	0.691677980215455	25.2181843982598	4.24561431621332e-06	0.0107575961528456	ATAC_peak	14	ptdp_order+z_median_TSS+z_median_fragments+z_median_RNA_UMI	230490	edgeR robust quasi-likelihood ordinal pTDP trend adjusted for TSS enrichment, fragment depth and RNA UMI	BH across all retained peaks separately within each donor-cell-type ATAC model	not required for the displayed DAR count summary; peak estimates and exact FDR are supplied
ODC	chr3:123719724-123720224	0.878162915012332	1.55224475418026	21.7652570507439	1.67676966732962e-05	0.0222315095037421	ATAC_peak	14	ptdp_order+z_median_TSS+z_median_fragments+z_median_RNA_UMI	230490	edgeR robust quasi-likelihood ordinal pTDP trend adjusted for TSS enrichment, fragment depth and RNA UMI	BH across all retained peaks separately within each donor-cell-type ATAC model	not required for the displayed DAR count summary; peak estimates and exact FDR are supplied
ODC	chr3:128062067-128062567	-0.765211489042611	1.65959407856028	18.7464110196808	5.40259638192031e-05	0.0385524594448549	ATAC_peak	14	ptdp_order+z_median_TSS+z_median_fragments+z_median_RNA_UMI	230490	edgeR robust quasi-likelihood ordinal pTDP trend adjusted for TSS enrichment, fragment depth and RNA UMI	BH across all retained peaks separately within each donor-cell-type ATAC model	not required for the displayed DAR count summary; peak estimates and exact FDR are supplied
ODC	chr3:129507407-129507907	0.473737599262734	3.88779546868789	30.5816109895757	6.90656957247643e-07	0.00339452217584475	ATAC_peak	14	ptdp_order+z_median_TSS+z_median_fragments+z_median_RNA_UMI	230490	edgeR robust quasi-likelihood ordinal pTDP trend adjusted for TSS enrichment, fragment depth and RNA UMI	BH across all retained peaks separately within each donor-cell-type ATAC model	not required for the displayed DAR count summary; peak estimates and exact FDR are supplied
ODC	chr3:138329659-138330159	0.473025248012929	3.64050702889165	28.4028115861815	1.47648666295339e-06	0.00576805781261231	ATAC_peak	14	ptdp_order+z_median_TSS+z_median_fragments+z_median_RNA_UMI	230490	edgeR robust quasi-likelihood ordinal pTDP trend adjusted for TSS enrichment, fragment depth and RNA UMI	BH across all retained peaks separately within each donor-cell-type ATAC model	not required for the displayed DAR count summary; peak estimates and exact FDR are supplied
ODC	chr3:148991151-148991651	0.331075812630737	4.79563684333543	22.7865025777429	1.15335024719733e-05	0.0194040655822272	ATAC_peak	14	ptdp_order+z_median_TSS+z_median_fragments+z_median_RNA_UMI	230490	edgeR robust quasi-likelihood ordinal pTDP trend adjusted for TSS enrichment, fragment depth and RNA UMI	BH across all retained peaks separately within each donor-cell-type ATAC model	not required for the displayed DAR count summary; peak estimates and exact FDR are supplied
ODC	chr3:149221775-149222275	1.12326799104742	0.119497399084765	20.1006163689724	2.99109892239762e-05	0.0293122517267612	ATAC_peak	14	ptdp_order+z_median_TSS+z_median_fragments+z_median_RNA_UMI	230490	edgeR robust quasi-likelihood ordinal pTDP trend adjusted for TSS enrichment, fragment depth and RNA UMI	BH across all retained peaks separately within each donor-cell-type ATAC model	not required for the displayed DAR count summary; peak estimates and exact FDR are supplied
ODC	chr3:170640746-170641246	-0.388067637453092	4.88548400036228	21.9978435613712	1.55845119693258e-05	0.0219565600835579	ATAC_peak	14	ptdp_order+z_median_TSS+z_median_fragments+z_median_RNA_UMI	230490	edgeR robust quasi-likelihood ordinal pTDP trend adjusted for TSS enrichment, fragment depth and RNA UMI	BH across all retained peaks separately within each donor-cell-type ATAC model	not required for the displayed DAR count summary; peak estimates and exact FDR are supplied
ODC	chr3:190322226-190322726	0.52068337982634	2.85139369639565	19.7957852347597	3.67772840540686e-05	0.0322311642647235	ATAC_peak	14	ptdp_order+z_median_TSS+z_median_fragments+z_median_RNA_UMI	230490	edgeR robust quasi-likelihood ordinal pTDP trend adjusted for TSS enrichment, fragment depth and RNA UMI	BH across all retained peaks separately within each donor-cell-type ATAC model	not required for the displayed DAR count summary; peak estimates and exact FDR are supplied
ODC	chr3:190424395-190424895	0.50326647302057	2.66113190155763	18.4962985388706	6.17942488991151e-05	0.0410246464594535	ATAC_peak	14	ptdp_order+z_median_TSS+z_median_fragments+z_median_RNA_UMI	230490	edgeR robust quasi-likelihood ordinal pTDP trend adjusted for TSS enrichment, fragment depth and RNA UMI	BH across all retained peaks separately within each donor-cell-type ATAC model	not required for the displayed DAR count summary; peak estimates and exact FDR are supplied
ODC	chr3:190807641-190808141	0.802982237826177	1.71137649106258	24.1496460727849	6.91284809318241e-06	0.0150315316697888	ATAC_peak	14	ptdp_order+z_median_TSS+z_median_fragments+z_median_RNA_UMI	230490	edgeR robust quasi-likelihood ordinal pTDP trend adjusted for TSS enrichment, fragment depth and RNA UMI	BH across all retained peaks separately within each donor-cell-type ATAC model	not required for the displayed DAR count summary; peak estimates and exact FDR are supplied
ODC	chr3:194139407-194139907	0.832739163148944	1.14085474038194	19.9941690354833	3.24620514395795e-05	0.0300489085795529	ATAC_peak	14	ptdp_order+z_median_TSS+z_median_fragments+z_median_RNA_UMI	230490	edgeR robust quasi-likelihood ordinal pTDP trend adjusted for TSS enrichment, fragment depth and RNA UMI	BH across all retained peaks separately within each donor-cell-type ATAC model	not required for the displayed DAR count summary; peak estimates and exact FDR are supplied
ODC	chr3:194141475-194141975	0.487939289437035	4.83755351989386	32.7041429065295	3.35404341283151e-07	0.00263793719716875	ATAC_peak	14	ptdp_order+z_median_TSS+z_median_fragments+z_median_RNA_UMI	230490	edgeR robust quasi-likelihood ordinal pTDP trend adjusted for TSS enrichment, fragment depth and RNA UMI	BH across all retained peaks separately within each donor-cell-type ATAC model	not required for the displayed DAR count summary; peak estimates and exact FDR are supplied
ODC	chr4:1580375-1580875	0.67858728490559	3.06860203204583	33.925160053193	2.23616596312534e-07	0.00230661384505749	ATAC_peak	14	ptdp_order+z_median_TSS+z_median_fragments+z_median_RNA_UMI	230490	edgeR robust quasi-likelihood ordinal pTDP trend adjusted for TSS enrichment, fragment depth and RNA UMI	BH across all retained peaks separately within each donor-cell-type ATAC model	not required for the displayed DAR count summary; peak estimates and exact FDR are supplied
ODC	chr4:2792765-2793265	0.540719898897124	2.39261548323618	17.7810753672806	8.25937548628605e-05	0.0478962584000473	ATAC_peak	14	ptdp_order+z_median_TSS+z_median_fragments+z_median_RNA_UMI	230490	edgeR robust quasi-likelihood ordinal pTDP trend adjusted for TSS enrichment, fragment depth and RNA UMI	BH across all retained peaks separately within each donor-cell-type ATAC model	not required for the displayed DAR count summary; peak estimates and exact FDR are supplied
ODC	chr4:2801048-2801548	0.440106193315393	3.65431753178689	18.8203405350772	5.42169130805485e-05	0.0385667708415708	ATAC_peak	14	ptdp_order+z_median_TSS+z_median_fragments+z_median_RNA_UMI	230490	edgeR robust quasi-likelihood ordinal pTDP trend adjusted for TSS enrichment, fragment depth and RNA UMI	BH across all retained peaks separately within each donor-cell-type ATAC model	not required for the displayed DAR count summary; peak estimates and exact FDR are supplied
ODC	chr4:3305978-3306478	-0.487064910049618	3.26778441289289	21.9759058623495	1.57370366432181e-05	0.0219565600835579	ATAC_peak	14	ptdp_order+z_median_TSS+z_median_fragments+z_median_RNA_UMI	230490	edgeR robust quasi-likelihood ordinal pTDP trend adjusted for TSS enrichment, fragment depth and RNA UMI	BH across all retained peaks separately within each donor-cell-type ATAC model	not required for the displayed DAR count summary; peak estimates and exact FDR are supplied
ODC	chr4:3827750-3828250	-0.765699277370475	1.21270933490435	18.4715784263325	6.14956636174424e-05	0.0410246464594535	ATAC_peak	14	ptdp_order+z_median_TSS+z_median_fragments+z_median_RNA_UMI	230490	edgeR robust quasi-likelihood ordinal pTDP trend adjusted for TSS enrichment, fragment depth and RNA UMI	BH across all retained peaks separately within each donor-cell-type ATAC model	not required for the displayed DAR count summary; peak estimates and exact FDR are supplied
ODC	chr4:7017404-7017904	-0.606491187569859	1.94058080683126	18.2607930970786	6.75685792059488e-05	0.0425434664055271	ATAC_peak	14	ptdp_order+z_median_TSS+z_median_fragments+z_median_RNA_UMI	230490	edgeR robust quasi-likelihood ordinal pTDP trend adjusted for TSS enrichment, fragment depth and RNA UMI	BH across all retained peaks separately within each donor-cell-type ATAC model	not required for the displayed DAR count summary; peak estimates and exact FDR are supplied
ODC	chr4:7250466-7250966	0.492846709745123	3.1508691388345	19.970367815258	3.43199083014842e-05	0.0307910879226114	ATAC_peak	14	ptdp_order+z_median_TSS+z_median_fragments+z_median_RNA_UMI	230490	edgeR robust quasi-likelihood ordinal pTDP trend adjusted for TSS enrichment, fragment depth and RNA UMI	BH across all retained peaks separately within each donor-cell-type ATAC model	not required for the displayed DAR count summary; peak estimates and exact FDR are supplied
ODC	chr4:8152440-8152940	1.52131096286991	-0.388682198633271	19.3468655916938	4.02034869180296e-05	0.034133302698924	ATAC_peak	14	ptdp_order+z_median_TSS+z_median_fragments+z_median_RNA_UMI	230490	edgeR robust quasi-likelihood ordinal pTDP trend adjusted for TSS enrichment, fragment depth and RNA UMI	BH across all retained peaks separately within each donor-cell-type ATAC model	not required for the displayed DAR count summary; peak estimates and exact FDR are supplied
ODC	chr4:12882168-12882668	-0.702275752465104	1.30483609854634	19.2299370391594	4.41107031622486e-05	0.035587152171083	ATAC_peak	14	ptdp_order+z_median_TSS+z_median_fragments+z_median_RNA_UMI	230490	edgeR robust quasi-likelihood ordinal pTDP trend adjusted for TSS enrichment, fragment depth and RNA UMI	BH across all retained peaks separately within each donor-cell-type ATAC model	not required for the displayed DAR count summary; peak estimates and exact FDR are supplied
ODC	chr4:84582583-84583083	0.42145272618185	3.81624411310903	19.8032682575455	3.66538372947768e-05	0.0322311642647235	ATAC_peak	14	ptdp_order+z_median_TSS+z_median_fragments+z_median_RNA_UMI	230490	edgeR robust quasi-likelihood ordinal pTDP trend adjusted for TSS enrichment, fragment depth and RNA UMI	BH across all retained peaks separately within each donor-cell-type ATAC model	not required for the displayed DAR count summary; peak estimates and exact FDR are supplied
ODC	chr4:121330246-121330746	-0.768773958800641	1.95613893772543	21.5692948518524	1.76250388754441e-05	0.0224628104266557	ATAC_peak	14	ptdp_order+z_median_TSS+z_median_fragments+z_median_RNA_UMI	230490	edgeR robust quasi-likelihood ordinal pTDP trend adjusted for TSS enrichment, fragment depth and RNA UMI	BH across all retained peaks separately within each donor-cell-type ATAC model	not required for the displayed DAR count summary; peak estimates and exact FDR are supplied
ODC	chr4:138217539-138218039	1.12416366324566	1.36597845494366	29.7806042082132	8.31538720136769e-07	0.00391145631845559	ATAC_peak	14	ptdp_order+z_median_TSS+z_median_fragments+z_median_RNA_UMI	230490	edgeR robust quasi-likelihood ordinal pTDP trend adjusted for TSS enrichment, fragment depth and RNA UMI	BH across all retained peaks separately within each donor-cell-type ATAC model	not required for the displayed DAR count summary; peak estimates and exact FDR are supplied
ODC	chr4:169902643-169903143	0.629140183592841	1.84830818331626	19.2020581238129	4.66276910934824e-05	0.0358240550671225	ATAC_peak	14	ptdp_order+z_median_TSS+z_median_fragments+z_median_RNA_UMI	230490	edgeR robust quasi-likelihood ordinal pTDP trend adjusted for TSS enrichment, fragment depth and RNA UMI	BH across all retained peaks separately within each donor-cell-type ATAC model	not required for the displayed DAR count summary; peak estimates and exact FDR are supplied
ODC	chr5:757871-758371	-0.819163410792749	3.06307165039128	36.8393134439807	1.6909436450628e-07	0.00190929735712055	ATAC_peak	14	ptdp_order+z_median_TSS+z_median_fragments+z_median_RNA_UMI	230490	edgeR robust quasi-likelihood ordinal pTDP trend adjusted for TSS enrichment, fragment depth and RNA UMI	BH across all retained peaks separately within each donor-cell-type ATAC model	not required for the displayed DAR count summary; peak estimates and exact FDR are supplied
ODC	chr5:761965-762465	-0.506856678700073	3.34482808975657	21.7932390305397	1.68769547080931e-05	0.0222315095037421	ATAC_peak	14	ptdp_order+z_median_TSS+z_median_fragments+z_median_RNA_UMI	230490	edgeR robust quasi-likelihood ordinal pTDP trend adjusted for TSS enrichment, fragment depth and RNA UMI	BH across all retained peaks separately within each donor-cell-type ATAC model	not required for the displayed DAR count summary; peak estimates and exact FDR are supplied
ODC	chr5:5494503-5495003	0.539120029330838	2.64192516796999	17.8789838088728	7.93211824866902e-05	0.047364609718542	ATAC_peak	14	ptdp_order+z_median_TSS+z_median_fragments+z_median_RNA_UMI	230490	edgeR robust quasi-likelihood ordinal pTDP trend adjusted for TSS enrichment, fragment depth and RNA UMI	BH across all retained peaks separately within each donor-cell-type ATAC model	not required for the displayed DAR count summary; peak estimates and exact FDR are supplied
ODC	chr5:85267255-85267755	-1.09836417643321	0.242538266955601	17.9277203868015	7.51926434251957e-05	0.04562870742449	ATAC_peak	14	ptdp_order+z_median_TSS+z_median_fragments+z_median_RNA_UMI	230490	edgeR robust quasi-likelihood ordinal pTDP trend adjusted for TSS enrichment, fragment depth and RNA UMI	BH across all retained peaks separately within each donor-cell-type ATAC model	not required for the displayed DAR count summary; peak estimates and exact FDR are supplied
ODC	chr5:91381610-91382110	-0.415348467205675	3.84090350789487	17.8566224925098	8.00444100110591e-05	0.0475949202171756	ATAC_peak	14	ptdp_order+z_median_TSS+z_median_fragments+z_median_RNA_UMI	230490	edgeR robust quasi-likelihood ordinal pTDP trend adjusted for TSS enrichment, fragment depth and RNA UMI	BH across all retained peaks separately within each donor-cell-type ATAC model	not required for the displayed DAR count summary; peak estimates and exact FDR are supplied
ODC	chr5:93621000-93621500	0.380861145552984	4.09193064212858	20.7168869491951	2.55856514940549e-05	0.027348243308769	ATAC_peak	14	ptdp_order+z_median_TSS+z_median_fragments+z_median_RNA_UMI	230490	edgeR robust quasi-likelihood ordinal pTDP trend adjusted for TSS enrichment, fragment depth and RNA UMI	BH across all retained peaks separately within each donor-cell-type ATAC model	not required for the displayed DAR count summary; peak estimates and exact FDR are supplied
ODC	chr5:134465682-134466182	0.519179553231851	4.11301748858231	30.728144033319	6.56441701716386e-07	0.00336229439619133	ATAC_peak	14	ptdp_order+z_median_TSS+z_median_fragments+z_median_RNA_UMI	230490	edgeR robust quasi-likelihood ordinal pTDP trend adjusted for TSS enrichment, fragment depth and RNA UMI	BH across all retained peaks separately within each donor-cell-type ATAC model	not required for the displayed DAR count summary; peak estimates and exact FDR are supplied
ODC	chr5:134466569-134467069	0.381290913817802	4.70375543187846	18.2952750340146	6.69567541257514e-05	0.0425434664055271	ATAC_peak	14	ptdp_order+z_median_TSS+z_median_fragments+z_median_RNA_UMI	230490	edgeR robust quasi-likelihood ordinal pTDP trend adjusted for TSS enrichment, fragment depth and RNA UMI	BH across all retained peaks separately within each donor-cell-type ATAC model	not required for the displayed DAR count summary; peak estimates and exact FDR are supplied
ODC	chr5:135337036-135337536	-0.810633449758643	1.84247563148884	19.926223263481	3.41064677955313e-05	0.0307910879226114	ATAC_peak	14	ptdp_order+z_median_TSS+z_median_fragments+z_median_RNA_UMI	230490	edgeR robust quasi-likelihood ordinal pTDP trend adjusted for TSS enrichment, fragment depth and RNA UMI	BH across all retained peaks separately within each donor-cell-type ATAC model	not required for the displayed DAR count summary; peak estimates and exact FDR are supplied
ODC	chr5:139961369-139961869	-0.683824488684991	1.66678193171865	21.5273898065184	1.76396749847051e-05	0.0224628104266557	ATAC_peak	14	ptdp_order+z_median_TSS+z_median_fragments+z_median_RNA_UMI	230490	edgeR robust quasi-likelihood ordinal pTDP trend adjusted for TSS enrichment, fragment depth and RNA UMI	BH across all retained peaks separately within each donor-cell-type ATAC model	not required for the displayed DAR count summary; peak estimates and exact FDR are supplied
ODC	chr5:157449392-157449892	0.546725298934994	2.76263842648395	20.2488336442893	3.07659367609005e-05	0.0295468365167498	ATAC_peak	14	ptdp_order+z_median_TSS+z_median_fragments+z_median_RNA_UMI	230490	edgeR robust quasi-likelihood ordinal pTDP trend adjusted for TSS enrichment, fragment depth and RNA UMI	BH across all retained peaks separately within each donor-cell-type ATAC model	not required for the displayed DAR count summary; peak estimates and exact FDR are supplied
ODC	chr5:175383179-175383679	0.885995482744009	1.66915913255844	28.9198717302758	1.21699654351692e-06	0.00515316829660537	ATAC_peak	14	ptdp_order+z_median_TSS+z_median_fragments+z_median_RNA_UMI	230490	edgeR robust quasi-likelihood ordinal pTDP trend adjusted for TSS enrichment, fragment depth and RNA UMI	BH across all retained peaks separately within each donor-cell-type ATAC model	not required for the displayed DAR count summary; peak estimates and exact FDR are supplied
ODC	chr6:2081082-2081582	-1.03847798508412	0.702492228910217	19.1702236683015	4.52594171056092e-05	0.0358240550671225	ATAC_peak	14	ptdp_order+z_median_TSS+z_median_fragments+z_median_RNA_UMI	230490	edgeR robust quasi-likelihood ordinal pTDP trend adjusted for TSS enrichment, fragment depth and RNA UMI	BH across all retained peaks separately within each donor-cell-type ATAC model	not required for the displayed DAR count summary; peak estimates and exact FDR are supplied
ODC	chr6:31830818-31831318	-0.634618334290055	2.16078676422026	20.7885493427071	2.40012248811071e-05	0.0267248421393545	ATAC_peak	14	ptdp_order+z_median_TSS+z_median_fragments+z_median_RNA_UMI	230490	edgeR robust quasi-likelihood ordinal pTDP trend adjusted for TSS enrichment, fragment depth and RNA UMI	BH across all retained peaks separately within each donor-cell-type ATAC model	not required for the displayed DAR count summary; peak estimates and exact FDR are supplied
ODC	chr6:34580946-34581446	1.45051689054381	-0.174717287735783	22.1991294376204	1.3490655657071e-05	0.0209261027855705	ATAC_peak	14	ptdp_order+z_median_TSS+z_median_fragments+z_median_RNA_UMI	230490	edgeR robust quasi-likelihood ordinal pTDP trend adjusted for TSS enrichment, fragment depth and RNA UMI	BH across all retained peaks separately within each donor-cell-type ATAC model	not required for the displayed DAR count summary; peak estimates and exact FDR are supplied
ODC	chr6:40437135-40437635	-0.515953919569506	2.5472245555168	20.7843364450886	2.48915259098441e-05	0.027348243308769	ATAC_peak	14	ptdp_order+z_median_TSS+z_median_fragments+z_median_RNA_UMI	230490	edgeR robust quasi-likelihood ordinal pTDP trend adjusted for TSS enrichment, fragment depth and RNA UMI	BH across all retained peaks separately within each donor-cell-type ATAC model	not required for the displayed DAR count summary; peak estimates and exact FDR are supplied
ODC	chr6:47922328-47922828	-0.535966440062846	3.1178524636597	23.2703992216686	9.6179736516347e-06	0.0176777287092019	ATAC_peak	14	ptdp_order+z_median_TSS+z_median_fragments+z_median_RNA_UMI	230490	edgeR robust quasi-likelihood ordinal pTDP trend adjusted for TSS enrichment, fragment depth and RNA UMI	BH across all retained peaks separately within each donor-cell-type ATAC model	not required for the displayed DAR count summary; peak estimates and exact FDR are supplied
ODC	chr6:89829592-89830092	0.406267788964662	4.53588437101081	27.811866363453	1.8199880729647e-06	0.00645367770673282	ATAC_peak	14	ptdp_order+z_median_TSS+z_median_fragments+z_median_RNA_UMI	230490	edgeR robust quasi-likelihood ordinal pTDP trend adjusted for TSS enrichment, fragment depth and RNA UMI	BH across all retained peaks separately within each donor-cell-type ATAC model	not required for the displayed DAR count summary; peak estimates and exact FDR are supplied
ODC	chr6:97497647-97498147	0.467561560889358	3.476913869523	23.4811712344045	8.87439310135133e-06	0.0167772124671548	ATAC_peak	14	ptdp_order+z_median_TSS+z_median_fragments+z_median_RNA_UMI	230490	edgeR robust quasi-likelihood ordinal pTDP trend adjusted for TSS enrichment, fragment depth and RNA UMI	BH across all retained peaks separately within each donor-cell-type ATAC model	not required for the displayed DAR count summary; peak estimates and exact FDR are supplied
ODC	chr6:99445998-99446498	-0.715806444521203	1.87526180986071	18.7696312430832	5.43806695453621e-05	0.0385667708415708	ATAC_peak	14	ptdp_order+z_median_TSS+z_median_fragments+z_median_RNA_UMI	230490	edgeR robust quasi-likelihood ordinal pTDP trend adjusted for TSS enrichment, fragment depth and RNA UMI	BH across all retained peaks separately within each donor-cell-type ATAC model	not required for the displayed DAR count summary; peak estimates and exact FDR are supplied
ODC	chr6:125153462-125153962	0.570416728167294	2.70105114456786	23.1362565722808	1.00662031944427e-05	0.0181262435491179	ATAC_peak	14	ptdp_order+z_median_TSS+z_median_fragments+z_median_RNA_UMI	230490	edgeR robust quasi-likelihood ordinal pTDP trend adjusted for TSS enrichment, fragment depth and RNA UMI	BH across all retained peaks separately within each donor-cell-type ATAC model	not required for the displayed DAR count summary; peak estimates and exact FDR are supplied
ODC	chr6:125154147-125154647	0.793757673516891	1.45254893240562	21.5006288761052	1.8166437749421e-05	0.0228807772506232	ATAC_peak	14	ptdp_order+z_median_TSS+z_median_fragments+z_median_RNA_UMI	230490	edgeR robust quasi-likelihood ordinal pTDP trend adjusted for TSS enrichment, fragment depth and RNA UMI	BH across all retained peaks separately within each donor-cell-type ATAC model	not required for the displayed DAR count summary; peak estimates and exact FDR are supplied
ODC	chr6:131807740-131808240	0.480846809667538	4.36729666806755	36.900214816336	8.46373683564117e-08	0.0013934333594621	ATAC_peak	14	ptdp_order+z_median_TSS+z_median_fragments+z_median_RNA_UMI	230490	edgeR robust quasi-likelihood ordinal pTDP trend adjusted for TSS enrichment, fragment depth and RNA UMI	BH across all retained peaks separately within each donor-cell-type ATAC model	not required for the displayed DAR count summary; peak estimates and exact FDR are supplied
ODC	chr6:150068983-150069483	0.440779730456842	3.57945024452412	19.9730057316675	3.4264706760544e-05	0.0307910879226114	ATAC_peak	14	ptdp_order+z_median_TSS+z_median_fragments+z_median_RNA_UMI	230490	edgeR robust quasi-likelihood ordinal pTDP trend adjusted for TSS enrichment, fragment depth and RNA UMI	BH across all retained peaks separately within each donor-cell-type ATAC model	not required for the displayed DAR count summary; peak estimates and exact FDR are supplied
ODC	chr6:156283083-156283583	-0.534689436428287	2.5462122770669	18.2403300784298	6.85083720495006e-05	0.0427926684923832	ATAC_peak	14	ptdp_order+z_median_TSS+z_median_fragments+z_median_RNA_UMI	230490	edgeR robust quasi-likelihood ordinal pTDP trend adjusted for TSS enrichment, fragment depth and RNA UMI	BH across all retained peaks separately within each donor-cell-type ATAC model	not required for the displayed DAR count summary; peak estimates and exact FDR are supplied
ODC	chr6:156534114-156534614	-0.670413789180271	2.33651652560318	20.9828223059156	2.22564917328099e-05	0.0255218844751013	ATAC_peak	14	ptdp_order+z_median_TSS+z_median_fragments+z_median_RNA_UMI	230490	edgeR robust quasi-likelihood ordinal pTDP trend adjusted for TSS enrichment, fragment depth and RNA UMI	BH across all retained peaks separately within each donor-cell-type ATAC model	not required for the displayed DAR count summary; peak estimates and exact FDR are supplied
ODC	chr7:1054973-1055473	0.444798147842154	3.83129552662815	19.625459197972	3.93113409244042e-05	0.0338092200360669	ATAC_peak	14	ptdp_order+z_median_TSS+z_median_fragments+z_median_RNA_UMI	230490	edgeR robust quasi-likelihood ordinal pTDP trend adjusted for TSS enrichment, fragment depth and RNA UMI	BH across all retained peaks separately within each donor-cell-type ATAC model	not required for the displayed DAR count summary; peak estimates and exact FDR are supplied
ODC	chr7:7566570-7567070	0.3405619450486	4.58180113659963	21.3813177952841	1.97610694073361e-05	0.0244877897188006	ATAC_peak	14	ptdp_order+z_median_TSS+z_median_fragments+z_median_RNA_UMI	230490	edgeR robust quasi-likelihood ordinal pTDP trend adjusted for TSS enrichment, fragment depth and RNA UMI	BH across all retained peaks separately within each donor-cell-type ATAC model	not required for the displayed DAR count summary; peak estimates and exact FDR are supplied
ODC	chr7:12715608-12716108	0.502510273693049	3.55221294262831	28.5216716160844	1.41582465607738e-06	0.00562643836171164	ATAC_peak	14	ptdp_order+z_median_TSS+z_median_fragments+z_median_RNA_UMI	230490	edgeR robust quasi-likelihood ordinal pTDP trend adjusted for TSS enrichment, fragment depth and RNA UMI	BH across all retained peaks separately within each donor-cell-type ATAC model	not required for the displayed DAR count summary; peak estimates and exact FDR are supplied
ODC	chr7:12821675-12822175	0.59270326690961	2.23607432210617	18.264489347533	6.7894586443612e-05	0.0425434664055271	ATAC_peak	14	ptdp_order+z_median_TSS+z_median_fragments+z_median_RNA_UMI	230490	edgeR robust quasi-likelihood ordinal pTDP trend adjusted for TSS enrichment, fragment depth and RNA UMI	BH across all retained peaks separately within each donor-cell-type ATAC model	not required for the displayed DAR count summary; peak estimates and exact FDR are supplied
ODC	chr7:22853868-22854368	0.421929995718307	3.95108194818462	21.7790110953027	1.69513247483367e-05	0.0222315095037421	ATAC_peak	14	ptdp_order+z_median_TSS+z_median_fragments+z_median_RNA_UMI	230490	edgeR robust quasi-likelihood ordinal pTDP trend adjusted for TSS enrichment, fragment depth and RNA UMI	BH across all retained peaks separately within each donor-cell-type ATAC model	not required for the displayed DAR count summary; peak estimates and exact FDR are supplied
ODC	chr7:33722318-33722818	-0.486332660342314	3.2342909134648	19.3279408970732	4.4133397527715e-05	0.035587152171083	ATAC_peak	14	ptdp_order+z_median_TSS+z_median_fragments+z_median_RNA_UMI	230490	edgeR robust quasi-likelihood ordinal pTDP trend adjusted for TSS enrichment, fragment depth and RNA UMI	BH across all retained peaks separately within each donor-cell-type ATAC model	not required for the displayed DAR count summary; peak estimates and exact FDR are supplied
ODC	chr7:39758242-39758742	0.778148633103439	1.71812057741941	25.5471015765304	4.04427879022732e-06	0.0107304388145809	ATAC_peak	14	ptdp_order+z_median_TSS+z_median_fragments+z_median_RNA_UMI	230490	edgeR robust quasi-likelihood ordinal pTDP trend adjusted for TSS enrichment, fragment depth and RNA UMI	BH across all retained peaks separately within each donor-cell-type ATAC model	not required for the displayed DAR count summary; peak estimates and exact FDR are supplied
ODC	chr7:44146000-44146500	0.369665104971169	4.36977059790616	21.2924194465669	2.0453520990684e-05	0.0250743776193147	ATAC_peak	14	ptdp_order+z_median_TSS+z_median_fragments+z_median_RNA_UMI	230490	edgeR robust quasi-likelihood ordinal pTDP trend adjusted for TSS enrichment, fragment depth and RNA UMI	BH across all retained peaks separately within each donor-cell-type ATAC model	not required for the displayed DAR count summary; peak estimates and exact FDR are supplied
ODC	chr7:55075704-55076204	1.06532456099147	2.07430411178594	44.5376342439392	8.00260660066395e-09	0.0003389083829848	ATAC_peak	14	ptdp_order+z_median_TSS+z_median_fragments+z_median_RNA_UMI	230490	edgeR robust quasi-likelihood ordinal pTDP trend adjusted for TSS enrichment, fragment depth and RNA UMI	BH across all retained peaks separately within each donor-cell-type ATAC model	not required for the displayed DAR count summary; peak estimates and exact FDR are supplied
ODC	chr7:55086623-55087123	1.14205683643874	1.91654967758319	29.0031053387669	5.99126672324594e-06	0.0136155781065141	ATAC_peak	14	ptdp_order+z_median_TSS+z_median_fragments+z_median_RNA_UMI	230490	edgeR robust quasi-likelihood ordinal pTDP trend adjusted for TSS enrichment, fragment depth and RNA UMI	BH across all retained peaks separately within each donor-cell-type ATAC model	not required for the displayed DAR count summary; peak estimates and exact FDR are supplied
ODC	chr7:68677167-68677667	-0.591459309776464	3.92536778422101	26.2558637442511	5.11775891090553e-06	0.0121607448595321	ATAC_peak	14	ptdp_order+z_median_TSS+z_median_fragments+z_median_RNA_UMI	230490	edgeR robust quasi-likelihood ordinal pTDP trend adjusted for TSS enrichment, fragment depth and RNA UMI	BH across all retained peaks separately within each donor-cell-type ATAC model	not required for the displayed DAR count summary; peak estimates and exact FDR are supplied
ODC	chr7:73410450-73410950	0.566742037296233	2.4428673998808	20.606987908318	2.67178324914294e-05	0.0276152161925989	ATAC_peak	14	ptdp_order+z_median_TSS+z_median_fragments+z_median_RNA_UMI	230490	edgeR robust quasi-likelihood ordinal pTDP trend adjusted for TSS enrichment, fragment depth and RNA UMI	BH across all retained peaks separately within each donor-cell-type ATAC model	not required for the displayed DAR count summary; peak estimates and exact FDR are supplied
ODC	chr7:90595732-90596232	0.514051520225103	3.11665921714043	23.4813648455844	8.88029815173278e-06	0.0167772124671548	ATAC_peak	14	ptdp_order+z_median_TSS+z_median_fragments+z_median_RNA_UMI	230490	edgeR robust quasi-likelihood ordinal pTDP trend adjusted for TSS enrichment, fragment depth and RNA UMI	BH across all retained peaks separately within each donor-cell-type ATAC model	not required for the displayed DAR count summary; peak estimates and exact FDR are supplied
ODC	chr7:95550179-95550679	0.385478368429324	4.63628071922206	19.6645421474924	3.87032184535694e-05	0.0335720342907761	ATAC_peak	14	ptdp_order+z_median_TSS+z_median_fragments+z_median_RNA_UMI	230490	edgeR robust quasi-likelihood ordinal pTDP trend adjusted for TSS enrichment, fragment depth and RNA UMI	BH across all retained peaks separately within each donor-cell-type ATAC model	not required for the displayed DAR count summary; peak estimates and exact FDR are supplied
ODC	chr7:95550771-95551271	0.680430323508935	2.36940770812301	23.8513287880246	7.73509265160951e-06	0.015640709523355	ATAC_peak	14	ptdp_order+z_median_TSS+z_median_fragments+z_median_RNA_UMI	230490	edgeR robust quasi-likelihood ordinal pTDP trend adjusted for TSS enrichment, fragment depth and RNA UMI	BH across all retained peaks separately within each donor-cell-type ATAC model	not required for the displayed DAR count summary; peak estimates and exact FDR are supplied
ODC	chr7:98400987-98401487	0.791077192990078	1.07346163689888	18.4072055789057	6.27185019222317e-05	0.0410681463297023	ATAC_peak	14	ptdp_order+z_median_TSS+z_median_fragments+z_median_RNA_UMI	230490	edgeR robust quasi-likelihood ordinal pTDP trend adjusted for TSS enrichment, fragment depth and RNA UMI	BH across all retained peaks separately within each donor-cell-type ATAC model	not required for the displayed DAR count summary; peak estimates and exact FDR are supplied
ODC	chr7:98568805-98569305	0.69587557963615	1.89548907524953	17.8363356834171	8.07915783680214e-05	0.0476257056215991	ATAC_peak	14	ptdp_order+z_median_TSS+z_median_fragments+z_median_RNA_UMI	230490	edgeR robust quasi-likelihood ordinal pTDP trend adjusted for TSS enrichment, fragment depth and RNA UMI	BH across all retained peaks separately within each donor-cell-type ATAC model	not required for the displayed DAR count summary; peak estimates and exact FDR are supplied
ODC	chr7:100604032-100604532	0.691355843675708	2.07322617467286	22.5902157403359	1.23864612822413e-05	0.0199647235031035	ATAC_peak	14	ptdp_order+z_median_TSS+z_median_fragments+z_median_RNA_UMI	230490	edgeR robust quasi-likelihood ordinal pTDP trend adjusted for TSS enrichment, fragment depth and RNA UMI	BH across all retained peaks separately within each donor-cell-type ATAC model	not required for the displayed DAR count summary; peak estimates and exact FDR are supplied
ODC	chr7:100879619-100880119	-0.595341136281443	2.43840802592186	17.8248438790358	8.06696236470364e-05	0.0476257056215991	ATAC_peak	14	ptdp_order+z_median_TSS+z_median_fragments+z_median_RNA_UMI	230490	edgeR robust quasi-likelihood ordinal pTDP trend adjusted for TSS enrichment, fragment depth and RNA UMI	BH across all retained peaks separately within each donor-cell-type ATAC model	not required for the displayed DAR count summary; peak estimates and exact FDR are supplied
ODC	chr7:105129982-105130482	-0.490403918050959	3.16609278763312	20.151372693636	3.18915541641478e-05	0.0300027931399772	ATAC_peak	14	ptdp_order+z_median_TSS+z_median_fragments+z_median_RNA_UMI	230490	edgeR robust quasi-likelihood ordinal pTDP trend adjusted for TSS enrichment, fragment depth and RNA UMI	BH across all retained peaks separately within each donor-cell-type ATAC model	not required for the displayed DAR count summary; peak estimates and exact FDR are supplied
ODC	chr7:121558280-121558780	0.618464732906874	2.79758031750357	22.9932822116846	1.06725404808506e-05	0.0190690996545058	ATAC_peak	14	ptdp_order+z_median_TSS+z_median_fragments+z_median_RNA_UMI	230490	edgeR robust quasi-likelihood ordinal pTDP trend adjusted for TSS enrichment, fragment depth and RNA UMI	BH across all retained peaks separately within each donor-cell-type ATAC model	not required for the displayed DAR count summary; peak estimates and exact FDR are supplied
ODC	chr7:127253175-127253675	0.515126122397917	2.62875361345145	19.123995955204	4.80316637962487e-05	0.0361791444065273	ATAC_peak	14	ptdp_order+z_median_TSS+z_median_fragments+z_median_RNA_UMI	230490	edgeR robust quasi-likelihood ordinal pTDP trend adjusted for TSS enrichment, fragment depth and RNA UMI	BH across all retained peaks separately within each donor-cell-type ATAC model	not required for the displayed DAR count summary; peak estimates and exact FDR are supplied
ODC	chr7:128304144-128304644	-0.599484559256784	2.91447469086759	23.3465745806596	9.06023530376888e-06	0.0169779970338674	ATAC_peak	14	ptdp_order+z_median_TSS+z_median_fragments+z_median_RNA_UMI	230490	edgeR robust quasi-likelihood ordinal pTDP trend adjusted for TSS enrichment, fragment depth and RNA UMI	BH across all retained peaks separately within each donor-cell-type ATAC model	not required for the displayed DAR count summary; peak estimates and exact FDR are supplied
ODC	chr7:128409775-128410275	0.372449005680739	4.68875274182989	21.7326004038592	1.72555731428074e-05	0.0223440283914926	ATAC_peak	14	ptdp_order+z_median_TSS+z_median_fragments+z_median_RNA_UMI	230490	edgeR robust quasi-likelihood ordinal pTDP trend adjusted for TSS enrichment, fragment depth and RNA UMI	BH across all retained peaks separately within each donor-cell-type ATAC model	not required for the displayed DAR count summary; peak estimates and exact FDR are supplied
ODC	chr7:141072420-141072920	-0.592799879630248	2.65584707843297	26.9094584467844	2.51899771451124e-06	0.00817751807348868	ATAC_peak	14	ptdp_order+z_median_TSS+z_median_fragments+z_median_RNA_UMI	230490	edgeR robust quasi-likelihood ordinal pTDP trend adjusted for TSS enrichment, fragment depth and RNA UMI	BH across all retained peaks separately within each donor-cell-type ATAC model	not required for the displayed DAR count summary; peak estimates and exact FDR are supplied
ODC	chr7:157601482-157601982	-0.659095943310115	3.12626894901543	25.8062737289098	3.7236847050267e-06	0.0102175248531143	ATAC_peak	14	ptdp_order+z_median_TSS+z_median_fragments+z_median_RNA_UMI	230490	edgeR robust quasi-likelihood ordinal pTDP trend adjusted for TSS enrichment, fragment depth and RNA UMI	BH across all retained peaks separately within each donor-cell-type ATAC model	not required for the displayed DAR count summary; peak estimates and exact FDR are supplied
ODC	chr7:157784894-157785394	-0.672917925090497	2.60765014626126	20.3512307561188	2.83238616902266e-05	0.0283322217924505	ATAC_peak	14	ptdp_order+z_median_TSS+z_median_fragments+z_median_RNA_UMI	230490	edgeR robust quasi-likelihood ordinal pTDP trend adjusted for TSS enrichment, fragment depth and RNA UMI	BH across all retained peaks separately within each donor-cell-type ATAC model	not required for the displayed DAR count summary; peak estimates and exact FDR are supplied
ODC	chr8:3539803-3540303	0.500104623218301	2.87599305720382	21.30665362334	2.03613736811103e-05	0.0250743776193147	ATAC_peak	14	ptdp_order+z_median_TSS+z_median_fragments+z_median_RNA_UMI	230490	edgeR robust quasi-likelihood ordinal pTDP trend adjusted for TSS enrichment, fragment depth and RNA UMI	BH across all retained peaks separately within each donor-cell-type ATAC model	not required for the displayed DAR count summary; peak estimates and exact FDR are supplied
ODC	chr8:9402585-9403085	0.698082268907781	3.14793790429812	34.9525155032283	1.59350528776479e-07	0.00190929735712055	ATAC_peak	14	ptdp_order+z_median_TSS+z_median_fragments+z_median_RNA_UMI	230490	edgeR robust quasi-likelihood ordinal pTDP trend adjusted for TSS enrichment, fragment depth and RNA UMI	BH across all retained peaks separately within each donor-cell-type ATAC model	not required for the displayed DAR count summary; peak estimates and exact FDR are supplied
ODC	chr8:11449717-11450217	-1.15538914854237	1.99650114647124	27.7337430153873	2.06695810996998e-05	0.0250743776193147	ATAC_peak	14	ptdp_order+z_median_TSS+z_median_fragments+z_median_RNA_UMI	230490	edgeR robust quasi-likelihood ordinal pTDP trend adjusted for TSS enrichment, fragment depth and RNA UMI	BH across all retained peaks separately within each donor-cell-type ATAC model	not required for the displayed DAR count summary; peak estimates and exact FDR are supplied
ODC	chr8:11451520-11452020	-1.30692982559245	2.01717856656459	33.3847256081272	8.29362050292718e-06	0.0160638368884007	ATAC_peak	14	ptdp_order+z_median_TSS+z_median_fragments+z_median_RNA_UMI	230490	edgeR robust quasi-likelihood ordinal pTDP trend adjusted for TSS enrichment, fragment depth and RNA UMI	BH across all retained peaks separately within each donor-cell-type ATAC model	not required for the displayed DAR count summary; peak estimates and exact FDR are supplied
ODC	chr8:11453960-11454460	-1.22066938496998	1.41291284915964	41.1617652787544	2.02773583156548e-08	0.000584216039771909	ATAC_peak	14	ptdp_order+z_median_TSS+z_median_fragments+z_median_RNA_UMI	230490	edgeR robust quasi-likelihood ordinal pTDP trend adjusted for TSS enrichment, fragment depth and RNA UMI	BH across all retained peaks separately within each donor-cell-type ATAC model	not required for the displayed DAR count summary; peak estimates and exact FDR are supplied
ODC	chr8:11455356-11455856	-0.880927697755527	0.858449223977828	18.7223111161344	5.31718779282371e-05	0.038298706698998	ATAC_peak	14	ptdp_order+z_median_TSS+z_median_fragments+z_median_RNA_UMI	230490	edgeR robust quasi-likelihood ordinal pTDP trend adjusted for TSS enrichment, fragment depth and RNA UMI	BH across all retained peaks separately within each donor-cell-type ATAC model	not required for the displayed DAR count summary; peak estimates and exact FDR are supplied
ODC	chr8:11464586-11465086	-1.00767667146127	1.25826329886745	29.2244440341567	1.01380658479171e-06	0.00458180940644394	ATAC_peak	14	ptdp_order+z_median_TSS+z_median_fragments+z_median_RNA_UMI	230490	edgeR robust quasi-likelihood ordinal pTDP trend adjusted for TSS enrichment, fragment depth and RNA UMI	BH across all retained peaks separately within each donor-cell-type ATAC model	not required for the displayed DAR count summary; peak estimates and exact FDR are supplied
ODC	chr8:11466886-11467386	-0.916018162512442	2.12864684861728	23.2908463329093	4.26963788466948e-05	0.0348974764552293	ATAC_peak	14	ptdp_order+z_median_TSS+z_median_fragments+z_median_RNA_UMI	230490	edgeR robust quasi-likelihood ordinal pTDP trend adjusted for TSS enrichment, fragment depth and RNA UMI	BH across all retained peaks separately within each donor-cell-type ATAC model	not required for the displayed DAR count summary; peak estimates and exact FDR are supplied
ODC	chr8:19901753-19902253	0.775196698904802	2.41062407731369	32.6442625950981	3.43347285847813e-07	0.00263793719716875	ATAC_peak	14	ptdp_order+z_median_TSS+z_median_fragments+z_median_RNA_UMI	230490	edgeR robust quasi-likelihood ordinal pTDP trend adjusted for TSS enrichment, fragment depth and RNA UMI	BH across all retained peaks separately within each donor-cell-type ATAC model	not required for the displayed DAR count summary; peak estimates and exact FDR are supplied
ODC	chr8:21036499-21036999	-0.906939559945866	1.11712474477158	17.7346485722649	8.01198709022697e-05	0.0475949202171756	ATAC_peak	14	ptdp_order+z_median_TSS+z_median_fragments+z_median_RNA_UMI	230490	edgeR robust quasi-likelihood ordinal pTDP trend adjusted for TSS enrichment, fragment depth and RNA UMI	BH across all retained peaks separately within each donor-cell-type ATAC model	not required for the displayed DAR count summary; peak estimates and exact FDR are supplied
ODC	chr8:22056412-22056912	-0.567261437564779	2.4366669037718	20.6145655610835	2.65905616461298e-05	0.0276152161925989	ATAC_peak	14	ptdp_order+z_median_TSS+z_median_fragments+z_median_RNA_UMI	230490	edgeR robust quasi-likelihood ordinal pTDP trend adjusted for TSS enrichment, fragment depth and RNA UMI	BH across all retained peaks separately within each donor-cell-type ATAC model	not required for the displayed DAR count summary; peak estimates and exact FDR are supplied
ODC	chr8:27735178-27735678	-0.887712380874529	0.599686099117479	19.1158099416554	4.55365531375825e-05	0.0358240550671225	ATAC_peak	14	ptdp_order+z_median_TSS+z_median_fragments+z_median_RNA_UMI	230490	edgeR robust quasi-likelihood ordinal pTDP trend adjusted for TSS enrichment, fragment depth and RNA UMI	BH across all retained peaks separately within each donor-cell-type ATAC model	not required for the displayed DAR count summary; peak estimates and exact FDR are supplied
ODC	chr8:37695418-37695918	0.333500528493513	4.75443346164087	18.4730561679266	6.23175530553106e-05	0.0410246464594535	ATAC_peak	14	ptdp_order+z_median_TSS+z_median_fragments+z_median_RNA_UMI	230490	edgeR robust quasi-likelihood ordinal pTDP trend adjusted for TSS enrichment, fragment depth and RNA UMI	BH across all retained peaks separately within each donor-cell-type ATAC model	not required for the displayed DAR count summary; peak estimates and exact FDR are supplied
ODC	chr8:47627554-47628054	0.955398715577344	1.59251150104078	22.4845375159636	1.28424570474895e-05	0.0202743693484647	ATAC_peak	14	ptdp_order+z_median_TSS+z_median_fragments+z_median_RNA_UMI	230490	edgeR robust quasi-likelihood ordinal pTDP trend adjusted for TSS enrichment, fragment depth and RNA UMI	BH across all retained peaks separately within each donor-cell-type ATAC model	not required for the displayed DAR count summary; peak estimates and exact FDR are supplied
ODC	chr8:47649803-47650303	0.846406262162093	2.42441153020062	32.9465940581427	3.09568867421064e-07	0.00263793719716875	ATAC_peak	14	ptdp_order+z_median_TSS+z_median_fragments+z_median_RNA_UMI	230490	edgeR robust quasi-likelihood ordinal pTDP trend adjusted for TSS enrichment, fragment depth and RNA UMI	BH across all retained peaks separately within each donor-cell-type ATAC model	not required for the displayed DAR count summary; peak estimates and exact FDR are supplied
ODC	chr8:47658756-47659256	0.690965453080578	2.50918901032412	25.1599856485037	4.7600317169608e-06	0.0114285386504406	ATAC_peak	14	ptdp_order+z_median_TSS+z_median_fragments+z_median_RNA_UMI	230490	edgeR robust quasi-likelihood ordinal pTDP trend adjusted for TSS enrichment, fragment depth and RNA UMI	BH across all retained peaks separately within each donor-cell-type ATAC model	not required for the displayed DAR count summary; peak estimates and exact FDR are supplied
ODC	chr8:47659388-47659888	0.643845200460037	4.2610751916166	34.1387847689677	8.74225375629042e-07	0.00403000413657476	ATAC_peak	14	ptdp_order+z_median_TSS+z_median_fragments+z_median_RNA_UMI	230490	edgeR robust quasi-likelihood ordinal pTDP trend adjusted for TSS enrichment, fragment depth and RNA UMI	BH across all retained peaks separately within each donor-cell-type ATAC model	not required for the displayed DAR count summary; peak estimates and exact FDR are supplied
ODC	chr8:47661443-47661943	0.780673571540251	1.62387795045733	22.6531049664005	1.20406996186591e-05	0.0196827011000336	ATAC_peak	14	ptdp_order+z_median_TSS+z_median_fragments+z_median_RNA_UMI	230490	edgeR robust quasi-likelihood ordinal pTDP trend adjusted for TSS enrichment, fragment depth and RNA UMI	BH across all retained peaks separately within each donor-cell-type ATAC model	not required for the displayed DAR count summary; peak estimates and exact FDR are supplied
ODC	chr8:47669151-47669651	1.05383867072038	2.61341193105802	52.2394913396948	8.79418852019805e-10	0.000101348625601022	ATAC_peak	14	ptdp_order+z_median_TSS+z_median_fragments+z_median_RNA_UMI	230490	edgeR robust quasi-likelihood ordinal pTDP trend adjusted for TSS enrichment, fragment depth and RNA UMI	BH across all retained peaks separately within each donor-cell-type ATAC model	not required for the displayed DAR count summary; peak estimates and exact FDR are supplied
ODC	chr8:47737366-47737866	0.712457852972997	2.76229637350901	29.1256215936464	1.147152339882e-06	0.00508475274652695	ATAC_peak	14	ptdp_order+z_median_TSS+z_median_fragments+z_median_RNA_UMI	230490	edgeR robust quasi-likelihood ordinal pTDP trend adjusted for TSS enrichment, fragment depth and RNA UMI	BH across all retained peaks separately within each donor-cell-type ATAC model	not required for the displayed DAR count summary; peak estimates and exact FDR are supplied
ODC	chr8:47737926-47738426	0.827697673255096	3.68434840586566	43.3345640827149	7.17744310111926e-08	0.00127256066182844	ATAC_peak	14	ptdp_order+z_median_TSS+z_median_fragments+z_median_RNA_UMI	230490	edgeR robust quasi-likelihood ordinal pTDP trend adjusted for TSS enrichment, fragment depth and RNA UMI	BH across all retained peaks separately within each donor-cell-type ATAC model	not required for the displayed DAR count summary; peak estimates and exact FDR are supplied
ODC	chr8:97325709-97326209	0.744513772205437	1.40108430203566	19.1364179311743	4.55999081343331e-05	0.0358240550671225	ATAC_peak	14	ptdp_order+z_median_TSS+z_median_fragments+z_median_RNA_UMI	230490	edgeR robust quasi-likelihood ordinal pTDP trend adjusted for TSS enrichment, fragment depth and RNA UMI	BH across all retained peaks separately within each donor-cell-type ATAC model	not required for the displayed DAR count summary; peak estimates and exact FDR are supplied
ODC	chr8:100212810-100213310	0.625689621549025	3.53889700383501	40.5556593930215	2.6821261241346e-08	0.000666770922460689	ATAC_peak	14	ptdp_order+z_median_TSS+z_median_fragments+z_median_RNA_UMI	230490	edgeR robust quasi-likelihood ordinal pTDP trend adjusted for TSS enrichment, fragment depth and RNA UMI	BH across all retained peaks separately within each donor-cell-type ATAC model	not required for the displayed DAR count summary; peak estimates and exact FDR are supplied
ODC	chr8:104010308-104010808	0.38825082537018	4.10204266039634	21.8639002737757	1.64062681572434e-05	0.0222315095037421	ATAC_peak	14	ptdp_order+z_median_TSS+z_median_fragments+z_median_RNA_UMI	230490	edgeR robust quasi-likelihood ordinal pTDP trend adjusted for TSS enrichment, fragment depth and RNA UMI	BH across all retained peaks separately within each donor-cell-type ATAC model	not required for the displayed DAR count summary; peak estimates and exact FDR are supplied
ODC	chr8:104223057-104223557	0.719616948636837	1.71821990560487	21.7329141750146	1.69280459870546e-05	0.0222315095037421	ATAC_peak	14	ptdp_order+z_median_TSS+z_median_fragments+z_median_RNA_UMI	230490	edgeR robust quasi-likelihood ordinal pTDP trend adjusted for TSS enrichment, fragment depth and RNA UMI	BH across all retained peaks separately within each donor-cell-type ATAC model	not required for the displayed DAR count summary; peak estimates and exact FDR are supplied
ODC	chr8:135484000-135484500	2.32568990864241	-0.60523953005766	23.1122792165721	9.62338879817762e-06	0.0176777287092019	ATAC_peak	14	ptdp_order+z_median_TSS+z_median_fragments+z_median_RNA_UMI	230490	edgeR robust quasi-likelihood ordinal pTDP trend adjusted for TSS enrichment, fragment depth and RNA UMI	BH across all retained peaks separately within each donor-cell-type ATAC model	not required for the displayed DAR count summary; peak estimates and exact FDR are supplied
ODC	chr8:140479665-140480165	0.508522866646271	2.82785377093204	20.085501666769	3.27960921388169e-05	0.030116220227394	ATAC_peak	14	ptdp_order+z_median_TSS+z_median_fragments+z_median_RNA_UMI	230490	edgeR robust quasi-likelihood ordinal pTDP trend adjusted for TSS enrichment, fragment depth and RNA UMI	BH across all retained peaks separately within each donor-cell-type ATAC model	not required for the displayed DAR count summary; peak estimates and exact FDR are supplied
ODC	chr8:140480523-140481023	0.816432053165877	0.959412540310307	17.6365421986011	8.62392135098163e-05	0.0492244218615116	ATAC_peak	14	ptdp_order+z_median_TSS+z_median_fragments+z_median_RNA_UMI	230490	edgeR robust quasi-likelihood ordinal pTDP trend adjusted for TSS enrichment, fragment depth and RNA UMI	BH across all retained peaks separately within each donor-cell-type ATAC model	not required for the displayed DAR count summary; peak estimates and exact FDR are supplied
ODC	chr8:141715865-141716365	-0.884969046074771	0.872537652372934	19.1954276582828	4.41577748315751e-05	0.035587152171083	ATAC_peak	14	ptdp_order+z_median_TSS+z_median_fragments+z_median_RNA_UMI	230490	edgeR robust quasi-likelihood ordinal pTDP trend adjusted for TSS enrichment, fragment depth and RNA UMI	BH across all retained peaks separately within each donor-cell-type ATAC model	not required for the displayed DAR count summary; peak estimates and exact FDR are supplied
ODC	chr8:142513553-142514053	2.04315036243906	-0.663335048074625	18.0003082678867	7.04075299305702e-05	0.043624278423917	ATAC_peak	14	ptdp_order+z_median_TSS+z_median_fragments+z_median_RNA_UMI	230490	edgeR robust quasi-likelihood ordinal pTDP trend adjusted for TSS enrichment, fragment depth and RNA UMI	BH across all retained peaks separately within each donor-cell-type ATAC model	not required for the displayed DAR count summary; peak estimates and exact FDR are supplied
ODC	chr8:143826744-143827244	-0.428635641534109	4.13119985599195	21.0284446520429	2.26670678965048e-05	0.0257366131993369	ATAC_peak	14	ptdp_order+z_median_TSS+z_median_fragments+z_median_RNA_UMI	230490	edgeR robust quasi-likelihood ordinal pTDP trend adjusted for TSS enrichment, fragment depth and RNA UMI	BH across all retained peaks separately within each donor-cell-type ATAC model	not required for the displayed DAR count summary; peak estimates and exact FDR are supplied
ODC	chr8:144319810-144320310	-0.635984003491122	3.18646174380195	34.685225630255	1.73956546919743e-07	0.00190929735712055	ATAC_peak	14	ptdp_order+z_median_TSS+z_median_fragments+z_median_RNA_UMI	230490	edgeR robust quasi-likelihood ordinal pTDP trend adjusted for TSS enrichment, fragment depth and RNA UMI	BH across all retained peaks separately within each donor-cell-type ATAC model	not required for the displayed DAR count summary; peak estimates and exact FDR are supplied
ODC	chr9:14271012-14271512	0.547884408291549	2.72601297744483	22.2541966830297	1.41423267763527e-05	0.021030096120526	ATAC_peak	14	ptdp_order+z_median_TSS+z_median_fragments+z_median_RNA_UMI	230490	edgeR robust quasi-likelihood ordinal pTDP trend adjusted for TSS enrichment, fragment depth and RNA UMI	BH across all retained peaks separately within each donor-cell-type ATAC model	not required for the displayed DAR count summary; peak estimates and exact FDR are supplied
ODC	chr9:23412436-23412936	-1.26494818707404	0.107106129024763	27.6781676496704	1.70156106713996e-06	0.00612801266195451	ATAC_peak	14	ptdp_order+z_median_TSS+z_median_fragments+z_median_RNA_UMI	230490	edgeR robust quasi-likelihood ordinal pTDP trend adjusted for TSS enrichment, fragment depth and RNA UMI	BH across all retained peaks separately within each donor-cell-type ATAC model	not required for the displayed DAR count summary; peak estimates and exact FDR are supplied
ODC	chr9:27344744-27345244	-0.523410788953842	3.72590461423064	26.422611573958	3.00088610411506e-06	0.00898278231347376	ATAC_peak	14	ptdp_order+z_median_TSS+z_median_fragments+z_median_RNA_UMI	230490	edgeR robust quasi-likelihood ordinal pTDP trend adjusted for TSS enrichment, fragment depth and RNA UMI	BH across all retained peaks separately within each donor-cell-type ATAC model	not required for the displayed DAR count summary; peak estimates and exact FDR are supplied
ODC	chr9:27654810-27655310	-0.950621412164933	0.951017325484973	23.9224789120501	7.07380736541891e-06	0.0152377743893028	ATAC_peak	14	ptdp_order+z_median_TSS+z_median_fragments+z_median_RNA_UMI	230490	edgeR robust quasi-likelihood ordinal pTDP trend adjusted for TSS enrichment, fragment depth and RNA UMI	BH across all retained peaks separately within each donor-cell-type ATAC model	not required for the displayed DAR count summary; peak estimates and exact FDR are supplied
ODC	chr9:97833681-97834181	-1.21281128370372	0.831895595221968	25.757384055497	3.61457714519949e-06	0.0102175248531143	ATAC_peak	14	ptdp_order+z_median_TSS+z_median_fragments+z_median_RNA_UMI	230490	edgeR robust quasi-likelihood ordinal pTDP trend adjusted for TSS enrichment, fragment depth and RNA UMI	BH across all retained peaks separately within each donor-cell-type ATAC model	not required for the displayed DAR count summary; peak estimates and exact FDR are supplied
ODC	chr9:108783244-108783744	0.604290980108646	2.83464662619907	22.6110331470997	1.23402089851982e-05	0.0199647235031035	ATAC_peak	14	ptdp_order+z_median_TSS+z_median_fragments+z_median_RNA_UMI	230490	edgeR robust quasi-likelihood ordinal pTDP trend adjusted for TSS enrichment, fragment depth and RNA UMI	BH across all retained peaks separately within each donor-cell-type ATAC model	not required for the displayed DAR count summary; peak estimates and exact FDR are supplied
ODC	chr9:114156547-114157047	0.757167641187539	1.53191613165027	21.0244398722153	2.22205543777437e-05	0.0255218844751013	ATAC_peak	14	ptdp_order+z_median_TSS+z_median_fragments+z_median_RNA_UMI	230490	edgeR robust quasi-likelihood ordinal pTDP trend adjusted for TSS enrichment, fragment depth and RNA UMI	BH across all retained peaks separately within each donor-cell-type ATAC model	not required for the displayed DAR count summary; peak estimates and exact FDR are supplied
ODC	chr9:121986028-121986528	-0.829853838468127	3.23905146027511	48.8509132638591	2.26081986246034e-09	0.000173698790032828	ATAC_peak	14	ptdp_order+z_median_TSS+z_median_fragments+z_median_RNA_UMI	230490	edgeR robust quasi-likelihood ordinal pTDP trend adjusted for TSS enrichment, fragment depth and RNA UMI	BH across all retained peaks separately within each donor-cell-type ATAC model	not required for the displayed DAR count summary; peak estimates and exact FDR are supplied
ODC	chr9:126587667-126588167	-0.536009035683384	4.10525312235915	31.9590337453808	4.31913851245584e-07	0.00269153266406233	ATAC_peak	14	ptdp_order+z_median_TSS+z_median_fragments+z_median_RNA_UMI	230490	edgeR robust quasi-likelihood ordinal pTDP trend adjusted for TSS enrichment, fragment depth and RNA UMI	BH across all retained peaks separately within each donor-cell-type ATAC model	not required for the displayed DAR count summary; peak estimates and exact FDR are supplied
ODC	chr9:126682969-126683469	-0.664459953779432	1.70985659764369	18.34518666452	6.46572098711091e-05	0.0419798318399773	ATAC_peak	14	ptdp_order+z_median_TSS+z_median_fragments+z_median_RNA_UMI	230490	edgeR robust quasi-likelihood ordinal pTDP trend adjusted for TSS enrichment, fragment depth and RNA UMI	BH across all retained peaks separately within each donor-cell-type ATAC model	not required for the displayed DAR count summary; peak estimates and exact FDR are supplied
ODC	chr9:127568854-127569354	0.563624849072942	3.58860252110418	22.9111172438482	2.24939409325437e-05	0.0256664774531782	ATAC_peak	14	ptdp_order+z_median_TSS+z_median_fragments+z_median_RNA_UMI	230490	edgeR robust quasi-likelihood ordinal pTDP trend adjusted for TSS enrichment, fragment depth and RNA UMI	BH across all retained peaks separately within each donor-cell-type ATAC model	not required for the displayed DAR count summary; peak estimates and exact FDR are supplied
ODC	chr9:127771345-127771845	0.380525292939161	4.43510933871792	21.7752152816684	1.69757719322253e-05	0.0222315095037421	ATAC_peak	14	ptdp_order+z_median_TSS+z_median_fragments+z_median_RNA_UMI	230490	edgeR robust quasi-likelihood ordinal pTDP trend adjusted for TSS enrichment, fragment depth and RNA UMI	BH across all retained peaks separately within each donor-cell-type ATAC model	not required for the displayed DAR count summary; peak estimates and exact FDR are supplied
ODC	chrX:5712645-5713145	0.768971036810276	1.45140164943841	21.166867065951	2.13164688527627e-05	0.0251650040926257	ATAC_peak	14	ptdp_order+z_median_TSS+z_median_fragments+z_median_RNA_UMI	230490	edgeR robust quasi-likelihood ordinal pTDP trend adjusted for TSS enrichment, fragment depth and RNA UMI	BH across all retained peaks separately within each donor-cell-type ATAC model	not required for the displayed DAR count summary; peak estimates and exact FDR are supplied
